{"type":"FeatureCollection","features":[{"type":"Feature","properties":{"id":"F19565M","nom":"Forêt communale de Prunet","dep":"07","dom":false,"essence":"feuillu","substrat":"acide","elev":979,"slopeDeg":20,"aspect":56},"geometry":{"type":"Polygon","coordinates":[[[4.2308,44.5988],[4.2237,44.5967],[4.2253,44.5999],[4.2345,44.5999],[4.2308,44.5988]]]}},{"type":"Feature","properties":{"id":"F19566N","nom":"Forêt domaniale de Mazan","dep":"07","dom":true,"essence":"conifere","substrat":"acide","elev":1262,"slopeDeg":5.9,"aspect":347},"geometry":{"type":"MultiPolygon","coordinates":[[[[4.0342,44.7193],[4.0348,44.7205],[4.0373,44.7176],[4.045,44.7201],[4.0431,44.7258],[4.045,44.728],[4.0479,44.7283],[4.0486,44.7317],[4.0509,44.7326],[4.0525,44.73],[4.0576,44.7297],[4.0592,44.7321],[4.0631,44.7326],[4.0637,44.7292],[4.0621,44.7283],[4.0621,44.7249],[4.0603,44.724],[4.0621,44.7213],[4.0673,44.7207],[4.0618,44.7191],[4.0623,44.7127],[4.0656,44.7114],[4.069,44.714],[4.0721,44.7138],[4.0702,44.7168],[4.0709,44.7203],[4.0658,44.722],[4.0636,44.7244],[4.0661,44.7265],[4.0667,44.7293],[4.0718,44.7268],[4.0748,44.7279],[4.0797,44.7271],[4.0813,44.7241],[4.0871,44.7257],[4.0876,44.7244],[4.0904,44.7244],[4.0902,44.7263],[4.0932,44.726],[4.0955,44.7248],[4.0923,44.7238],[4.0919,44.7206],[4.0945,44.7188],[4.0934,44.7139],[4.092,44.7122],[4.0871,44.7117],[4.085,44.7128],[4.084,44.7097],[4.085,44.7066],[4.0917,44.7036],[4.0895,44.7011],[4.0937,44.6989],[4.0951,44.7036],[4.0984,44.7038],[4.0991,44.705],[4.1037,44.7042],[4.1015,44.7],[4.1026,44.6982],[4.0971,44.6948],[4.0888,44.6976],[4.08,44.6977],[4.0827,44.7013],[4.0785,44.704],[4.0643,44.6972],[4.0557,44.6994],[4.0545,44.7032],[4.0509,44.7065],[4.0536,44.7077],[4.0524,44.7113],[4.0474,44.7095],[4.0419,44.715],[4.0346,44.7168],[4.0365,44.7173],[4.036,44.719],[4.0342,44.7193]]],[[[4.0709,44.7394],[4.0651,44.7416],[4.0684,44.7451],[4.0727,44.7436],[4.0736,44.7466],[4.0766,44.7399],[4.075,44.7385],[4.0709,44.7394]]],[[[4.1543,44.7515],[4.1515,44.7533],[4.1526,44.7539],[4.1507,44.7589],[4.1567,44.7607],[4.1528,44.754],[4.1575,44.7526],[4.1609,44.7534],[4.1622,44.7499],[4.1542,44.7503],[4.1543,44.7515]]],[[[4.1007,44.7353],[4.1034,44.7387],[4.1079,44.739],[4.1058,44.7351],[4.1022,44.734],[4.1007,44.7353]]],[[[4.0728,44.7313],[4.067,44.7308],[4.0672,44.7322],[4.0728,44.7313]]]]}},{"type":"Feature","properties":{"id":"F19549W","nom":"Forêt communale de Vocance","dep":"07","dom":false,"essence":"autre","substrat":"acide","elev":676,"slopeDeg":13.5,"aspect":327},"geometry":{"type":"MultiPolygon","coordinates":[[[[4.54,45.1806],[4.5435,45.177],[4.5391,45.1777],[4.5401,45.1789],[4.5353,45.1811],[4.5372,45.1824],[4.54,45.1806]]],[[[4.5639,45.2091],[4.5615,45.2072],[4.5628,45.2091],[4.5605,45.2109],[4.5623,45.2115],[4.5639,45.2091]]]]}},{"type":"Feature","properties":{"id":"F19558F","nom":"Forêt domaniale de Pradou","dep":"07","dom":true,"essence":"conifere","substrat":"acide","elev":1267,"slopeDeg":14.3,"aspect":182},"geometry":{"type":"MultiPolygon","coordinates":[[[[4.3732,44.767],[4.3727,44.7688],[4.3754,44.7694],[4.3821,44.7681],[4.3792,44.7639],[4.3801,44.7586],[4.3768,44.7598],[4.372,44.7652],[4.3706,44.7615],[4.368,44.7623],[4.3678,44.7643],[4.3662,44.7618],[4.3666,44.766],[4.3648,44.7674],[4.3674,44.7702],[4.3663,44.77],[4.367,44.771],[4.366,44.7715],[4.3642,44.7715],[4.3638,44.765],[4.3612,44.7639],[4.3581,44.7653],[4.3588,44.7633],[4.357,44.7626],[4.3579,44.7613],[4.3565,44.7598],[4.3537,44.7602],[4.3528,44.7621],[4.3499,44.7632],[4.3524,44.7649],[4.3498,44.7645],[4.347,44.7673],[4.3436,44.7675],[4.3432,44.7725],[4.3451,44.7726],[4.3438,44.7731],[4.3444,44.7748],[4.3488,44.7791],[4.3473,44.7807],[4.3609,44.7809],[4.3655,44.7834],[4.3701,44.7797],[4.3755,44.7804],[4.3749,44.7772],[4.3723,44.7764],[4.3752,44.7718],[4.3712,44.772],[4.3692,44.7674],[4.3732,44.7659],[4.3732,44.767]]],[[[4.3848,44.7745],[4.3827,44.7784],[4.3863,44.7804],[4.3842,44.7851],[4.3903,44.7848],[4.3935,44.788],[4.3935,44.7853],[4.4007,44.7819],[4.3947,44.7832],[4.3901,44.7811],[4.388,44.78],[4.391,44.7765],[4.3886,44.7728],[4.3854,44.773],[4.3848,44.7745]]],[[[4.3544,44.7592],[4.3558,44.7575],[4.3502,44.7575],[4.3544,44.7592]]],[[[4.3924,44.7907],[4.3967,44.7913],[4.3932,44.7888],[4.392,44.7893],[4.3924,44.7907]]]]}},{"type":"Feature","properties":{"id":"F19307O","nom":"Forêt domaniale de Riouclaret","dep":"07","dom":true,"essence":"autre","substrat":"acide","elev":1394,"slopeDeg":5.9,"aspect":301},"geometry":{"type":"Polygon","coordinates":[[[4.013,44.7058],[4.0128,44.708],[4.0162,44.7139],[4.0203,44.7133],[4.0226,44.7109],[4.0316,44.7085],[4.0333,44.7068],[4.0441,44.7052],[4.0501,44.7015],[4.0494,44.7004],[4.0394,44.7038],[4.0238,44.7028],[4.013,44.7058]]]}},{"type":"Feature","properties":{"id":"F19310R","nom":"Forêt communale de Vallon-Pont-D'Arc","dep":"07","dom":false,"essence":"autre","substrat":"calcaire","elev":418,"slopeDeg":11.4,"aspect":136},"geometry":{"type":"MultiPolygon","coordinates":[[[[4.4572,44.3974],[4.4588,44.3968],[4.4577,44.3923],[4.4535,44.3888],[4.4524,44.3847],[4.442,44.3786],[4.437,44.3769],[4.4356,44.3778],[4.4398,44.383],[4.45,44.3868],[4.4545,44.3932],[4.4503,44.3894],[4.4525,44.3901],[4.4462,44.3861],[4.4382,44.3841],[4.4381,44.3819],[4.4353,44.3799],[4.4243,44.3789],[4.4249,44.3774],[4.4232,44.3765],[4.4175,44.3795],[4.4209,44.3838],[4.4359,44.3848],[4.437,44.3874],[4.4451,44.3901],[4.452,44.3954],[4.4572,44.3974]]],[[[4.4169,44.383],[4.4161,44.3822],[4.414,44.3856],[4.4171,44.3856],[4.4169,44.383]]]]}},{"type":"Feature","properties":{"id":"F19295C","nom":"Forêt communale de Banne","dep":"07","dom":false,"essence":"autre","substrat":"acide","elev":300,"slopeDeg":2,"aspect":151},"geometry":{"type":"MultiPolygon","coordinates":[[[[4.1043,44.3351],[4.0967,44.3377],[4.0952,44.3401],[4.0984,44.3426],[4.0959,44.3436],[4.0992,44.343],[4.1064,44.3456],[4.112,44.3456],[4.1072,44.3326],[4.1059,44.3341],[4.1067,44.3349],[4.1043,44.3351]]],[[[4.1223,44.3475],[4.1244,44.3423],[4.1224,44.3463],[4.1206,44.346],[4.1219,44.3468],[4.1205,44.3482],[4.1157,44.3462],[4.1135,44.3481],[4.1146,44.3491],[4.1131,44.3505],[4.1151,44.3528],[4.1189,44.3519],[4.1188,44.3538],[4.1161,44.3541],[4.1187,44.3596],[4.12,44.3593],[4.1195,44.3568],[4.121,44.3567],[4.1214,44.3585],[4.1246,44.3586],[4.1246,44.3576],[4.1213,44.3575],[4.122,44.3509],[4.1261,44.3508],[4.1252,44.3523],[4.1275,44.3522],[4.1265,44.3498],[4.1214,44.3497],[4.1223,44.3475]]],[[[4.1227,44.3395],[4.1253,44.3406],[4.1247,44.3396],[4.1271,44.3377],[4.1191,44.3325],[4.1163,44.3327],[4.1193,44.3385],[4.1227,44.3395]]],[[[4.1322,44.3688],[4.1349,44.3688],[4.1333,44.3669],[4.1305,44.3686],[4.1322,44.3688]]],[[[4.1372,44.3766],[4.1347,44.3776],[4.1349,44.3786],[4.1386,44.3782],[4.1371,44.378],[4.1372,44.3766]]],[[[4.1189,44.3433],[4.1203,44.3455],[4.1227,44.3448],[4.1189,44.3433]]]]}},{"type":"Feature","properties":{"id":"F19314V","nom":"Forêt sectionale de Chanteperdrix","dep":"07","dom":false,"essence":"mixte","substrat":"acide","elev":1106,"slopeDeg":3.1,"aspect":331},"geometry":{"type":"Polygon","coordinates":[[[3.9819,44.8244],[3.9798,44.8276],[3.981,44.8285],[3.9799,44.8302],[3.9822,44.8312],[3.982,44.8324],[3.9843,44.832],[3.9839,44.8286],[3.9819,44.8269],[3.9859,44.8231],[3.9876,44.8192],[3.9867,44.8183],[3.9819,44.8244]]]}},{"type":"Feature","properties":{"id":"F19315W","nom":"Forêt communale de Desaignes","dep":"07","dom":false,"essence":"conifere","substrat":"acide","elev":908,"slopeDeg":13.8,"aspect":7},"geometry":{"type":"MultiPolygon","coordinates":[[[[4.4749,44.973],[4.4613,44.9693],[4.4617,44.9736],[4.4675,44.9738],[4.4677,44.9754],[4.4658,44.976],[4.4678,44.9763],[4.4671,44.9799],[4.469,44.9815],[4.4706,44.9774],[4.4729,44.9765],[4.4749,44.973]]],[[[4.4538,44.9809],[4.453,44.9785],[4.4571,44.9787],[4.4558,44.9762],[4.4529,44.9755],[4.4554,44.9769],[4.454,44.9779],[4.4514,44.9758],[4.4515,44.9776],[4.4496,44.9771],[4.4465,44.9787],[4.452,44.9807],[4.4515,44.9819],[4.4538,44.9809]]],[[[4.4487,44.9836],[4.4463,44.9825],[4.4455,44.9837],[4.4497,44.9849],[4.4505,44.9837],[4.4503,44.9851],[4.4515,44.985],[4.4503,44.9827],[4.4487,44.9836]]],[[[4.4571,44.9752],[4.4582,44.9765],[4.4598,44.9758],[4.4585,44.974],[4.4564,44.9746],[4.4571,44.9752]]]]}},{"type":"Feature","properties":{"id":"F19301I","nom":"Forêt domaniale de Chap-Del-Bos","dep":"07","dom":true,"essence":"conifere","substrat":"acide","elev":1167,"slopeDeg":5.8,"aspect":210},"geometry":{"type":"Polygon","coordinates":[[[4.0063,44.5783],[4.0018,44.5861],[4.0001,44.5867],[3.9997,44.5846],[4.0028,44.5812],[4.0022,44.5728],[4.0031,44.5744],[4.0045,44.5719],[4.0037,44.5651],[4.0012,44.5633],[3.9946,44.5661],[3.993,44.5695],[3.9942,44.5701],[3.9934,44.5736],[3.9968,44.5778],[3.9967,44.5794],[4.0007,44.5826],[3.9999,44.5837],[3.9932,44.5819],[3.9866,44.5821],[3.9817,44.5937],[3.9878,44.5916],[3.9874,44.5938],[3.993,44.5909],[3.9953,44.593],[3.9972,44.5908],[4.0056,44.588],[4.0092,44.5923],[4.0114,44.592],[4.0141,44.5905],[4.0138,44.5888],[4.0156,44.587],[4.0192,44.5876],[4.0225,44.5846],[4.016,44.5789],[4.016,44.577],[4.0213,44.5731],[4.0141,44.5678],[4.0157,44.5657],[4.0113,44.5725],[4.0075,44.5745],[4.0063,44.5783]]]}},{"type":"Feature","properties":{"id":"F19316X","nom":"Forêt communale de Loubaresse","dep":"07","dom":false,"essence":"conifere","substrat":"acide","elev":1098,"slopeDeg":1.4,"aspect":236},"geometry":{"type":"MultiPolygon","coordinates":[[[[4.0571,44.5817],[4.0572,44.591],[4.063,44.59],[4.0594,44.5926],[4.0606,44.5932],[4.0708,44.5889],[4.0767,44.5889],[4.0787,44.5871],[4.078,44.5858],[4.0834,44.5825],[4.0795,44.5814],[4.0721,44.5822],[4.0688,44.5804],[4.0654,44.584],[4.0684,44.5864],[4.0659,44.5869],[4.0646,44.5853],[4.0599,44.5854],[4.0571,44.5817]]],[[[4.0382,44.5843],[4.0371,44.5863],[4.0351,44.5855],[4.035,44.5869],[4.0376,44.5899],[4.038,44.5928],[4.0372,44.5947],[4.0341,44.595],[4.0378,44.5957],[4.0389,44.5947],[4.0429,44.5969],[4.0424,44.5951],[4.0391,44.5938],[4.04,44.5912],[4.0447,44.5873],[4.0421,44.585],[4.0386,44.5861],[4.0395,44.5848],[4.0382,44.5843]]],[[[4.0448,44.5905],[4.0437,44.5908],[4.045,44.5921],[4.0431,44.5946],[4.0467,44.5919],[4.0503,44.592],[4.0484,44.5909],[4.0524,44.589],[4.0483,44.5852],[4.0486,44.583],[4.0437,44.585],[4.0458,44.586],[4.0459,44.5899],[4.0448,44.5905]]],[[[4.0311,44.5846],[4.035,44.5839],[4.0265,44.5824],[4.026,44.5843],[4.0311,44.5846]]]]}},{"type":"Feature","properties":{"id":"F19317Y","nom":"Forêt communale de Sablieres","dep":"07","dom":false,"essence":"autre","substrat":"acide","elev":598,"slopeDeg":15.2,"aspect":94},"geometry":{"type":"MultiPolygon","coordinates":[[[[4.068,44.5601],[4.0672,44.5612],[4.069,44.5644],[4.0662,44.5636],[4.0648,44.5657],[4.0655,44.568],[4.0681,44.5696],[4.0728,44.5655],[4.0741,44.5624],[4.0767,44.5632],[4.0807,44.5593],[4.083,44.5531],[4.0862,44.5539],[4.0866,44.5503],[4.0854,44.549],[4.0819,44.551],[4.0827,44.548],[4.081,44.5476],[4.081,44.5489],[4.0775,44.5491],[4.0765,44.5509],[4.0743,44.55],[4.0694,44.5561],[4.0677,44.5554],[4.0671,44.5571],[4.0691,44.5592],[4.068,44.5601]]],[[[4.0779,44.5136],[4.0821,44.512],[4.0768,44.5127],[4.0688,44.5111],[4.0734,44.5155],[4.0708,44.5159],[4.0717,44.5188],[4.0754,44.5185],[4.0779,44.5136]]],[[[4.0834,44.5076],[4.0789,44.5071],[4.0809,44.5084],[4.0813,44.5113],[4.0833,44.5098],[4.0834,44.5076]]],[[[4.0753,44.5108],[4.0773,44.5112],[4.0783,44.5085],[4.0754,44.5086],[4.0753,44.5108]]]]}},{"type":"Feature","properties":{"id":"F19318Z","nom":"Forêt communale de Labastide-De-Virac","dep":"07","dom":false,"essence":"feuillu","substrat":"calcaire","elev":262,"slopeDeg":0.3,"aspect":61},"geometry":{"type":"MultiPolygon","coordinates":[[[[4.4276,44.3578],[4.4176,44.3572],[4.4175,44.3602],[4.416,44.3585],[4.4151,44.36],[4.4128,44.3593],[4.4111,44.3626],[4.4141,44.369],[4.4182,44.3718],[4.4184,44.3708],[4.4233,44.3709],[4.4312,44.364],[4.4346,44.3638],[4.4371,44.3616],[4.4431,44.3641],[4.4447,44.3636],[4.4474,44.3617],[4.4423,44.3587],[4.4472,44.3555],[4.4533,44.3571],[4.4548,44.3612],[4.4585,44.3609],[4.4585,44.3622],[4.4652,44.3613],[4.4674,44.3593],[4.466,44.357],[4.4579,44.3518],[4.4509,44.3532],[4.4497,44.3515],[4.4515,44.3507],[4.4495,44.3496],[4.4426,44.3496],[4.4461,44.3483],[4.4422,44.3456],[4.4351,44.3352],[4.4311,44.3355],[4.4015,44.328],[4.4032,44.3341],[4.3957,44.3431],[4.3994,44.3443],[4.41,44.3422],[4.4206,44.3432],[4.4296,44.3424],[4.4323,44.3443],[4.4359,44.3436],[4.4366,44.3445],[4.4349,44.3474],[4.4361,44.3492],[4.44,44.3499],[4.4403,44.348],[4.4411,44.3497],[4.4383,44.3507],[4.4442,44.3517],[4.4434,44.3527],[4.4454,44.3534],[4.4425,44.3553],[4.4411,44.3599],[4.4444,44.3623],[4.4372,44.3603],[4.4354,44.3618],[4.4269,44.3585],[4.4276,44.3578]]],[[[4.3813,44.3644],[4.3846,44.3694],[4.39,44.3719],[4.3965,44.3681],[4.3916,44.3659],[4.3893,44.3632],[4.3843,44.3622],[4.3849,44.3634],[4.3874,44.3633],[4.3875,44.3644],[4.3857,44.3641],[4.3855,44.3664],[4.3906,44.3691],[4.3879,44.3691],[4.3876,44.3677],[4.3813,44.3644]]]]}},{"type":"Feature","properties":{"id":"F19320B","nom":"Forêt sectionale de Lalligier-Basse-Grace","dep":"07","dom":false,"essence":"autre","substrat":"acide","elev":1123,"slopeDeg":1.8,"aspect":145},"geometry":{"type":"Polygon","coordinates":[[[4.0998,44.7364],[4.0978,44.7347],[4.0943,44.7382],[4.0966,44.7385],[4.0998,44.7364]]]}},{"type":"Feature","properties":{"id":"F19304L","nom":"Forêt communale de Montpezat","dep":"07","dom":false,"essence":"conifere","substrat":"acide","elev":1306,"slopeDeg":4.3,"aspect":103},"geometry":{"type":"Polygon","coordinates":[[[4.1876,44.7348],[4.1867,44.7337],[4.1817,44.7363],[4.1836,44.742],[4.1951,44.7359],[4.1927,44.7344],[4.1876,44.7348]]]}},{"type":"Feature","properties":{"id":"F19305M","nom":"Forêt communale de Roiffieux","dep":"07","dom":false,"essence":"conifere","substrat":"acide","elev":463,"slopeDeg":5.1,"aspect":357},"geometry":{"type":"MultiPolygon","coordinates":[[[[4.6428,45.2234],[4.6425,45.2202],[4.6391,45.2199],[4.6407,45.2189],[4.6373,45.2153],[4.635,45.2173],[4.6355,45.22],[4.6377,45.2207],[4.638,45.2222],[4.6342,45.2224],[4.6351,45.2251],[4.6336,45.2269],[4.6359,45.2305],[4.6375,45.2298],[4.6392,45.2314],[4.6411,45.2364],[4.6447,45.2331],[4.6411,45.2324],[4.646,45.2307],[4.6409,45.2286],[4.6423,45.2279],[4.6408,45.2261],[4.6439,45.2271],[4.6442,45.2248],[4.6428,45.2234]]],[[[4.6143,45.2234],[4.6178,45.2255],[4.6199,45.2244],[4.618,45.2228],[4.6205,45.2236],[4.6217,45.2208],[4.6288,45.2229],[4.6285,45.2212],[4.6261,45.2199],[4.6284,45.2191],[4.628,45.2168],[4.6253,45.2176],[4.626,45.2166],[4.6229,45.2142],[4.6169,45.2158],[4.6134,45.2192],[4.6149,45.2205],[4.6123,45.2218],[4.6129,45.2231],[4.6162,45.2228],[4.6131,45.2233],[4.6143,45.2234]]],[[[4.6448,45.2088],[4.6426,45.2051],[4.6404,45.207],[4.6448,45.2088]]],[[[4.6558,45.2393],[4.6559,45.2372],[4.6542,45.2394],[4.6567,45.2413],[4.6573,45.2376],[4.6558,45.2393]]]]}},{"type":"Feature","properties":{"id":"F19306N","nom":"Forêt communale du Béage","dep":"07","dom":false,"essence":"autre","substrat":"acide","elev":1410,"slopeDeg":5.4,"aspect":292},"geometry":{"type":"Polygon","coordinates":[[[4.1592,44.8635],[4.1627,44.8607],[4.1697,44.8597],[4.1706,44.8588],[4.1693,44.8572],[4.1729,44.8558],[4.1747,44.8584],[4.1766,44.8508],[4.1602,44.8467],[4.1592,44.8448],[4.1527,44.8459],[4.155,44.8468],[4.1557,44.8486],[4.1616,44.8486],[4.1632,44.8509],[4.1583,44.8529],[4.1532,44.853],[4.1585,44.8541],[4.1541,44.8551],[4.1531,44.8572],[4.1556,44.8602],[4.1543,44.8613],[4.156,44.8626],[4.1553,44.8658],[4.1538,44.8641],[4.1502,44.8676],[4.1483,44.8662],[4.1435,44.8665],[4.1423,44.8644],[4.1457,44.861],[4.1459,44.8584],[4.1435,44.8591],[4.1443,44.8575],[4.1492,44.8587],[4.148,44.8578],[4.1432,44.8563],[4.141,44.8575],[4.1408,44.8553],[4.1387,44.8547],[4.1301,44.8587],[4.1339,44.8584],[4.1386,44.8611],[4.1402,44.8648],[4.1347,44.8666],[4.1383,44.8657],[4.1392,44.8671],[4.1379,44.8687],[4.1464,44.8668],[4.1513,44.8679],[4.1507,44.8693],[4.1529,44.8704],[4.1552,44.8702],[4.1595,44.8663],[4.1592,44.8635]]]}},{"type":"Feature","properties":{"id":"F19321C","nom":"Forêt communale de Laviolle","dep":"07","dom":false,"essence":"feuillu","substrat":"acide","elev":976,"slopeDeg":11.4,"aspect":106},"geometry":{"type":"MultiPolygon","coordinates":[[[[4.3335,44.7713],[4.334,44.7704],[4.3302,44.7701],[4.3261,44.7712],[4.3264,44.7696],[4.3225,44.7702],[4.3196,44.7716],[4.3196,44.7738],[4.3182,44.7744],[4.3189,44.7707],[4.313,44.7659],[4.3143,44.765],[4.3098,44.7655],[4.3117,44.7621],[4.3079,44.7605],[4.3076,44.7651],[4.3092,44.7672],[4.3065,44.773],[4.3201,44.7754],[4.3203,44.777],[4.3276,44.7776],[4.3313,44.7797],[4.332,44.7763],[4.3362,44.7744],[4.3353,44.7716],[4.3327,44.7722],[4.3335,44.7713]]],[[[4.3172,44.7608],[4.3146,44.7601],[4.3151,44.7588],[4.3184,44.7599],[4.3191,44.7586],[4.3222,44.7581],[4.3249,44.7594],[4.326,44.7578],[4.3276,44.759],[4.329,44.756],[4.325,44.7545],[4.3307,44.7531],[4.3305,44.7508],[4.3281,44.7512],[4.332,44.7511],[4.3331,44.7493],[4.3241,44.748],[4.3247,44.7512],[4.3233,44.7481],[4.3165,44.7476],[4.3147,44.7514],[4.3165,44.7543],[4.3196,44.7534],[4.3169,44.7526],[4.3182,44.7522],[4.3231,44.7526],[4.3197,44.7545],[4.3164,44.7545],[4.3216,44.7579],[4.3159,44.7556],[4.312,44.7565],[4.3096,44.7595],[4.3174,44.7619],[4.3172,44.7608]]]]}},{"type":"Feature","properties":{"id":"F19326H","nom":"Forêt communale de Belsentes-Saint-Julien-Labrousse","dep":"07","dom":false,"essence":"conifere","substrat":"acide","elev":803,"slopeDeg":3.2,"aspect":73},"geometry":{"type":"MultiPolygon","coordinates":[[[[4.5291,44.928],[4.526,44.9324],[4.5277,44.9346],[4.5301,44.931],[4.5317,44.9327],[4.5335,44.9322],[4.5338,44.9297],[4.5389,44.9302],[4.5408,44.9291],[4.5391,44.9281],[4.5383,44.9295],[4.5358,44.929],[4.5366,44.9278],[4.5348,44.9269],[4.5354,44.9249],[4.5327,44.9268],[4.533,44.9279],[4.5307,44.9285],[4.5304,44.9309],[4.5291,44.928]]],[[[4.5469,44.9292],[4.5497,44.929],[4.5489,44.9275],[4.5503,44.926],[4.5491,44.9248],[4.5514,44.9247],[4.549,44.9215],[4.5521,44.9204],[4.549,44.9207],[4.5492,44.9187],[4.5413,44.922],[4.5397,44.9209],[4.5384,44.9225],[4.5397,44.9235],[4.5476,44.9216],[4.5478,44.9242],[4.5462,44.9252],[4.5488,44.9259],[4.5469,44.9292]]]]}},{"type":"Feature","properties":{"id":"F19327I","nom":"Forêt communale de Cruas","dep":"07","dom":false,"essence":"conifere","substrat":"calcaire","elev":344,"slopeDeg":4.8,"aspect":128},"geometry":{"type":"Polygon","coordinates":[[[4.7233,44.6482],[4.7221,44.6469],[4.7156,44.6512],[4.7188,44.6516],[4.7211,44.6539],[4.7322,44.6553],[4.7389,44.6532],[4.7407,44.6549],[4.7424,44.6532],[4.7464,44.6542],[4.7431,44.6481],[4.7398,44.6513],[4.7357,44.6501],[4.7364,44.654],[4.735,44.654],[4.7324,44.6535],[4.7324,44.6487],[4.7241,44.65],[4.7233,44.6482]]]}},{"type":"Feature","properties":{"id":"F19330L","nom":"Forêt domaniale de Berg","dep":"07","dom":true,"essence":"mixte","substrat":"calcaire","elev":429,"slopeDeg":8.9,"aspect":251},"geometry":{"type":"MultiPolygon","coordinates":[[[[4.5498,44.525],[4.5523,44.524],[4.5512,44.5204],[4.5532,44.5197],[4.5551,44.516],[4.5571,44.5172],[4.5549,44.5233],[4.5592,44.5248],[4.5572,44.5172],[4.5655,44.516],[4.5644,44.5154],[4.5657,44.5116],[4.5633,44.5121],[4.5642,44.5099],[4.5632,44.5094],[4.5552,44.5099],[4.554,44.5132],[4.5519,44.5122],[4.5496,44.5139],[4.5461,44.5092],[4.5484,44.5069],[4.5442,44.5055],[4.5383,44.5099],[4.5369,44.5121],[4.5405,44.5124],[4.542,44.5148],[4.5445,44.5142],[4.5434,44.5121],[4.5451,44.5109],[4.5493,44.514],[4.5449,44.5161],[4.5492,44.5166],[4.5472,44.5203],[4.5498,44.5214],[4.543,44.5231],[4.5498,44.525]]],[[[4.5601,44.5457],[4.5614,44.5406],[4.5584,44.5371],[4.5562,44.5377],[4.5535,44.5473],[4.555,44.5474],[4.5528,44.5518],[4.5588,44.5532],[4.5574,44.5522],[4.5599,44.5522],[4.5579,44.5513],[4.5583,44.5502],[4.5605,44.5515],[4.5638,44.5511],[4.5605,44.5512],[4.5553,44.5471],[4.5601,44.5457]]],[[[4.509,44.5445],[4.5033,44.5444],[4.5047,44.5468],[4.5078,44.5456],[4.5079,44.5473],[4.5091,44.5471],[4.5073,44.5502],[4.51,44.5516],[4.5125,44.5518],[4.5145,44.5494],[4.5125,44.5486],[4.5172,44.5473],[4.5155,44.5476],[4.5156,44.5456],[4.5172,44.5449],[4.5155,44.5447],[4.5164,44.5442],[4.5146,44.5427],[4.5105,44.5429],[4.509,44.5445]]],[[[4.5677,44.5583],[4.5677,44.5573],[4.5641,44.5583],[4.5641,44.5602],[4.5666,44.5597],[4.57,44.5615],[4.5748,44.5603],[4.5716,44.56],[4.5724,44.5579],[4.5677,44.5583]]],[[[4.5682,44.5711],[4.5635,44.57],[4.5694,44.5739],[4.5727,44.5739],[4.5713,44.572],[4.5682,44.5711]]],[[[4.5628,44.554],[4.5607,44.5554],[4.5637,44.5562],[4.5646,44.5547],[4.5628,44.554]]],[[[4.5588,44.5263],[4.5588,44.5273],[4.5619,44.5254],[4.5592,44.5252],[4.5588,44.5263]]]]}},{"type":"Feature","properties":{"id":"F19331M","nom":"Forêt communale de Saint-Laurent-Les-Bains-Laval-D'Aurelle-Saint-Laurent-Les-Ba","dep":"07","dom":false,"essence":"feuillu","substrat":"acide","elev":1143,"slopeDeg":6.3,"aspect":164},"geometry":{"type":"MultiPolygon","coordinates":[[[[3.9703,44.6124],[3.9641,44.615],[3.9644,44.6128],[3.9627,44.6114],[3.9595,44.6128],[3.9547,44.611],[3.9584,44.6098],[3.9565,44.6088],[3.955,44.6089],[3.9544,44.6109],[3.9588,44.6168],[3.9644,44.6196],[3.9762,44.6187],[3.9764,44.617],[3.9785,44.6169],[3.9814,44.6137],[3.984,44.6122],[3.9853,44.613],[3.9851,44.6109],[3.9839,44.6114],[3.9824,44.6095],[3.9777,44.6149],[3.971,44.6137],[3.9703,44.6124]]],[[[3.9586,44.5994],[3.9513,44.6029],[3.9521,44.604],[3.9632,44.6018],[3.9661,44.6028],[3.968,44.6021],[3.9673,44.6002],[3.9699,44.5983],[3.9747,44.6004],[3.9777,44.598],[3.9754,44.5972],[3.9751,44.5925],[3.9657,44.596],[3.9667,44.5975],[3.9586,44.5994]]],[[[3.9255,44.5792],[3.9291,44.5828],[3.93,44.5823],[3.9288,44.5798],[3.9274,44.5799],[3.9297,44.5786],[3.9255,44.5792]]],[[[3.9436,44.5918],[3.9452,44.593],[3.9433,44.589],[3.9398,44.594],[3.9425,44.5912],[3.9436,44.5918]]],[[[3.9509,44.6018],[3.9532,44.5989],[3.9496,44.5999],[3.9509,44.6018]]]]}},{"type":"Feature","properties":{"id":"F19332N","nom":"Forêt sectionale des Sausses-Burzet","dep":"07","dom":false,"essence":"autre","substrat":"acide","elev":851,"slopeDeg":8.9,"aspect":263},"geometry":{"type":"Polygon","coordinates":[[[4.2712,44.7529],[4.2683,44.755],[4.2809,44.7521],[4.2704,44.7522],[4.2712,44.7529]]]}},{"type":"Feature","properties":{"id":"F19343Y","nom":"Forêt communale de Valgorge","dep":"07","dom":false,"essence":"autre","substrat":"acide","elev":563,"slopeDeg":3.9,"aspect":168},"geometry":{"type":"Polygon","coordinates":[[[4.1575,44.5808],[4.1578,44.5797],[4.1553,44.5791],[4.153,44.5807],[4.1543,44.5815],[4.1527,44.5848],[4.1576,44.5819],[4.1575,44.5808]]]}},{"type":"Feature","properties":{"id":"F19353I","nom":"Forêt communale de Vagnas","dep":"07","dom":false,"essence":"conifere","substrat":"acide","elev":216,"slopeDeg":2.3,"aspect":114},"geometry":{"type":"MultiPolygon","coordinates":[[[[4.3557,44.375],[4.3574,44.3738],[4.3601,44.3744],[4.3624,44.3724],[4.3529,44.3672],[4.3533,44.3663],[4.3465,44.3649],[4.3447,44.3666],[4.3448,44.3692],[4.3485,44.3743],[4.352,44.3755],[4.3493,44.3759],[4.3476,44.3783],[4.3406,44.3784],[4.3396,44.3767],[4.3397,44.3784],[4.3338,44.3794],[4.3384,44.3823],[4.3458,44.3831],[4.3545,44.3771],[4.3551,44.3754],[4.3526,44.3752],[4.3557,44.375]]],[[[4.3463,44.3634],[4.3475,44.3629],[4.3467,44.3607],[4.3399,44.3606],[4.3443,44.3637],[4.3463,44.3634]]],[[[4.3653,44.3557],[4.3648,44.3515],[4.3629,44.3546],[4.3653,44.3557]]]]}},{"type":"Feature","properties":{"id":"F19354J","nom":"Forêt domaniale de Saint-André-Lachamp","dep":"07","dom":true,"essence":"feuillu","substrat":"acide","elev":443,"slopeDeg":17.1,"aspect":355},"geometry":{"type":"MultiPolygon","coordinates":[[[[4.1661,44.5189],[4.1672,44.5161],[4.1684,44.5162],[4.1674,44.5153],[4.1665,44.5165],[4.1662,44.5153],[4.1667,44.5077],[4.1619,44.5072],[4.1622,44.5103],[4.1601,44.5068],[4.1622,44.5145],[4.1646,44.5144],[4.166,44.5117],[4.1633,44.5166],[4.1614,44.5133],[4.1601,44.5134],[4.1607,44.5105],[4.1562,44.5094],[4.1516,44.5104],[4.1552,44.5098],[4.1536,44.5122],[4.1517,44.5121],[4.1526,44.5145],[4.1565,44.5124],[4.153,44.5158],[4.1564,44.5151],[4.1537,44.5169],[4.1552,44.5191],[4.1574,44.5169],[4.1604,44.5179],[4.1607,44.5196],[4.1607,44.5179],[4.1627,44.5173],[4.1656,44.5189],[4.1664,44.5174],[4.1661,44.5189]]],[[[4.1726,44.5102],[4.1731,44.5083],[4.1727,44.5098],[4.1714,44.508],[4.1701,44.5093],[4.1687,44.5135],[4.1705,44.5153],[4.1696,44.5183],[4.1679,44.5187],[4.1716,44.5191],[4.1697,44.518],[4.1712,44.5165],[4.1734,44.5182],[4.1729,44.5157],[4.1739,44.5182],[4.1783,44.5199],[4.1769,44.5213],[4.1788,44.5216],[4.1806,44.5195],[4.1802,44.5183],[4.1785,44.519],[4.1784,44.5146],[4.1772,44.5154],[4.1713,44.5135],[4.1704,44.5117],[4.1726,44.5102]]],[[[4.1747,44.5132],[4.1756,44.5122],[4.1729,44.5109],[4.1722,44.5119],[4.1747,44.5132]]]]}},{"type":"Feature","properties":{"id":"F19355K","nom":"Forêt communale de Saint-André-De-Cruzières","dep":"07","dom":false,"essence":"autre","substrat":"calcaire","elev":430,"slopeDeg":3.4,"aspect":18},"geometry":{"type":"Polygon","coordinates":[[[4.2192,44.2896],[4.2181,44.292],[4.2259,44.2951],[4.2265,44.2928],[4.224,44.2928],[4.2192,44.2896]]]}},{"type":"Feature","properties":{"id":"F19491Q","nom":"Forêt communale de Saint-Sauveur-Montagut","dep":"07","dom":false,"essence":"feuillu","substrat":"acide","elev":302,"slopeDeg":3.3,"aspect":304},"geometry":{"type":"Polygon","coordinates":[[[4.6108,44.8197],[4.6082,44.816],[4.605,44.818],[4.6089,44.8216],[4.6111,44.821],[4.6108,44.8197]]]}},{"type":"Feature","properties":{"id":"F19493S","nom":"Forêt communale de Borne","dep":"07","dom":false,"essence":"autre","substrat":"acide","elev":1038,"slopeDeg":8.3,"aspect":248},"geometry":{"type":"MultiPolygon","coordinates":[[[[4.0362,44.6005],[4.0395,44.5996],[4.0293,44.5961],[4.0329,44.5927],[4.0282,44.5932],[4.0247,44.5961],[4.0296,44.6009],[4.0131,44.6007],[4.0149,44.605],[4.0193,44.6019],[4.0264,44.6035],[4.0268,44.6046],[4.0275,44.6034],[4.0359,44.6032],[4.0337,44.6011],[4.0362,44.6005]]],[[[4.0305,44.6106],[4.0248,44.6101],[4.0264,44.6136],[4.0318,44.6131],[4.0264,44.6159],[4.025,44.6187],[4.0319,44.6169],[4.0325,44.6184],[4.0372,44.6176],[4.0372,44.6153],[4.0414,44.6137],[4.0394,44.611],[4.0327,44.6108],[4.038,44.6088],[4.0454,44.6089],[4.0434,44.6077],[4.0378,44.6078],[4.0371,44.606],[4.0315,44.6091],[4.0322,44.611],[4.0305,44.6106]]],[[[4.0092,44.6104],[4.0061,44.6121],[4.0115,44.6125],[4.0132,44.6111],[4.0124,44.6094],[4.0092,44.6104]]],[[[4.0261,44.5893],[4.0231,44.5909],[4.0257,44.5923],[4.0261,44.5893]]]]}},{"type":"Feature","properties":{"id":"F19341W","nom":"Forêt communale de Villeneuve-De-Berg","dep":"07","dom":false,"essence":"conifere","substrat":"calcaire","elev":275,"slopeDeg":5.3,"aspect":329},"geometry":{"type":"Polygon","coordinates":[[[4.4853,44.5599],[4.4874,44.5633],[4.4889,44.5632],[4.4863,44.5585],[4.4853,44.5599]]]}},{"type":"Feature","properties":{"id":"F19494T","nom":"Forêt domaniale de Lavillatte","dep":"07","dom":true,"essence":"conifere","substrat":"acide","elev":1292,"slopeDeg":1.7,"aspect":333},"geometry":{"type":"MultiPolygon","coordinates":[[[[3.9281,44.7389],[3.9288,44.7402],[3.9346,44.7412],[3.9358,44.7393],[3.9501,44.738],[3.9535,44.7391],[3.9596,44.7375],[3.96,44.7307],[3.9584,44.7297],[3.9491,44.7325],[3.9469,44.7308],[3.9427,44.7306],[3.935,44.7337],[3.9281,44.7389]]],[[[3.9793,44.6781],[3.9772,44.6788],[3.9784,44.6803],[3.9732,44.689],[3.971,44.6897],[3.9759,44.6903],[3.9756,44.6926],[3.9821,44.6902],[3.981,44.6853],[3.982,44.6824],[3.993,44.6749],[3.9903,44.6731],[3.9834,44.6742],[3.9793,44.6755],[3.9793,44.6781]]],[[[3.9585,44.7121],[3.9636,44.7129],[3.9659,44.7154],[3.9745,44.7103],[3.9762,44.7076],[3.9637,44.703],[3.9585,44.7121]]]]}},{"type":"Feature","properties":{"id":"F19344Z","nom":"Forêt communale de Meysse","dep":"07","dom":false,"essence":"feuillu","substrat":"calcaire","elev":279,"slopeDeg":12.3,"aspect":208},"geometry":{"type":"Polygon","coordinates":[[[4.7027,44.6325],[4.7035,44.6362],[4.7073,44.6339],[4.7112,44.6346],[4.7104,44.631],[4.709,44.6302],[4.7098,44.6263],[4.7086,44.6246],[4.7077,44.6257],[4.7041,44.6242],[4.7047,44.6207],[4.7,44.6203],[4.7007,44.6211],[4.6975,44.6218],[4.6975,44.6229],[4.694,44.6232],[4.6952,44.629],[4.7027,44.6325]]]}},{"type":"Feature","properties":{"id":"F19345A","nom":"Forêt communale de Lanarce","dep":"07","dom":false,"essence":"conifere","substrat":"acide","elev":1272,"slopeDeg":7.4,"aspect":296},"geometry":{"type":"Polygon","coordinates":[[[3.9926,44.7127],[3.9879,44.7201],[3.9834,44.722],[3.9797,44.7277],[3.9773,44.7274],[3.9755,44.7304],[3.9766,44.7319],[3.9726,44.7335],[3.9707,44.7313],[3.971,44.7343],[3.969,44.7368],[3.9701,44.7388],[3.9791,44.7373],[3.9778,44.7345],[3.9792,44.7338],[3.9795,44.7372],[3.9844,44.7336],[3.9883,44.7328],[3.9881,44.7315],[3.9863,44.7321],[3.9831,44.73],[3.9852,44.7262],[3.9868,44.7279],[3.9864,44.7294],[3.9881,44.7301],[3.9995,44.7243],[4.0001,44.7224],[3.9975,44.7215],[4,44.7193],[3.9926,44.7127]]]}},{"type":"Feature","properties":{"id":"F19357M","nom":"Forêt sectionale d'Arcis-Et-Massibrand","dep":"07","dom":false,"essence":"conifere","substrat":"acide","elev":1167,"slopeDeg":4.1,"aspect":20},"geometry":{"type":"Polygon","coordinates":[[[4.0679,44.8592],[4.0632,44.8621],[4.0602,44.8661],[4.0634,44.8639],[4.064,44.8653],[4.0671,44.8658],[4.0668,44.8672],[4.0709,44.8666],[4.0705,44.8641],[4.0673,44.8618],[4.0687,44.8614],[4.0679,44.8592]]]}},{"type":"Feature","properties":{"id":"F19346B","nom":"Forêt communale de Issamoulenc","dep":"07","dom":false,"essence":"conifere","substrat":"acide","elev":743,"slopeDeg":9.8,"aspect":157},"geometry":{"type":"Polygon","coordinates":[[[4.4596,44.78],[4.4616,44.7805],[4.4694,44.777],[4.4668,44.7768],[4.4665,44.7745],[4.462,44.7729],[4.4613,44.7745],[4.4648,44.7747],[4.4643,44.7757],[4.4577,44.7779],[4.4534,44.7825],[4.4596,44.78]]]}},{"type":"Feature","properties":{"id":"F19358N","nom":"Forêt communale de Saint-Cirgues-Montagne ","dep":"07","dom":false,"essence":"mixte","substrat":"acide","elev":1209,"slopeDeg":3.2,"aspect":259},"geometry":{"type":"MultiPolygon","coordinates":[[[[4.1019,44.7666],[4.1031,44.7669],[4.1002,44.7647],[4.1014,44.7595],[4.0998,44.7594],[4.1003,44.7584],[4.0952,44.7587],[4.0979,44.7601],[4.0975,44.7626],[4.0988,44.7641],[4.0943,44.7683],[4.1019,44.7666]]],[[[4.1196,44.7494],[4.1159,44.7501],[4.1044,44.759],[4.1128,44.7556],[4.1181,44.7511],[4.1228,44.7514],[4.1196,44.7494]]],[[[4.0927,44.7501],[4.0938,44.7455],[4.0986,44.7497],[4.1023,44.7488],[4.1044,44.7507],[4.1068,44.7503],[4.1049,44.7502],[4.1033,44.7481],[4.0976,44.7484],[4.0974,44.7465],[4.0929,44.7446],[4.0904,44.7462],[4.0912,44.7496],[4.0927,44.7501]]],[[[4.0896,44.7725],[4.0905,44.7713],[4.0859,44.7722],[4.0852,44.7737],[4.0896,44.7725]]]]}},{"type":"Feature","properties":{"id":"F19347C","nom":"Forêt communale de Laveyrune","dep":"07","dom":false,"essence":"autre","substrat":"acide","elev":1207,"slopeDeg":2,"aspect":225},"geometry":{"type":"Polygon","coordinates":[[[3.9474,44.6136],[3.9496,44.6161],[3.9487,44.6173],[3.9544,44.6171],[3.9467,44.6188],[3.94,44.6159],[3.9386,44.6166],[3.9444,44.6196],[3.9461,44.6224],[3.9495,44.6222],[3.9569,44.6168],[3.9543,44.6135],[3.9523,44.6142],[3.9535,44.6158],[3.9495,44.6141],[3.9491,44.6119],[3.9526,44.6111],[3.9416,44.6102],[3.9403,44.6112],[3.9336,44.6088],[3.9266,44.6084],[3.9245,44.6101],[3.9194,44.61],[3.9162,44.6117],[3.9157,44.6138],[3.9163,44.6151],[3.9321,44.6112],[3.9403,44.6124],[3.9419,44.6137],[3.9441,44.6127],[3.9474,44.6136]]]}},{"type":"Feature","properties":{"id":"F19361Q","nom":"Forêt communale de Viviers","dep":"07","dom":false,"essence":"feuillu","substrat":"calcaire","elev":154,"slopeDeg":3.6,"aspect":83},"geometry":{"type":"MultiPolygon","coordinates":[[[[4.6869,44.487],[4.686,44.4869],[4.686,44.4869],[4.686,44.4869],[4.6859,44.4869],[4.6859,44.4868],[4.6857,44.4868],[4.6857,44.4868],[4.6854,44.4868],[4.6854,44.4869],[4.6854,44.4869],[4.6853,44.4871],[4.684,44.4869],[4.684,44.4867],[4.684,44.4867],[4.6837,44.4866],[4.6835,44.4871],[4.6832,44.487],[4.683,44.4869],[4.6826,44.4869],[4.6819,44.4869],[4.6819,44.4868],[4.6815,44.4867],[4.6811,44.4867],[4.6811,44.4869],[4.681,44.4872],[4.6808,44.4876],[4.6816,44.4879],[4.6817,44.4876],[4.682,44.4875],[4.6827,44.4876],[4.6829,44.4876],[4.6829,44.4876],[4.6829,44.4876],[4.683,44.4876],[4.683,44.4876],[4.683,44.4876],[4.683,44.4876],[4.6833,44.4877],[4.6834,44.4877],[4.6834,44.4877],[4.6835,44.4877],[4.6839,44.4877],[4.6839,44.4877],[4.684,44.4877],[4.684,44.4877],[4.684,44.4877],[4.6843,44.4878],[4.6843,44.4878],[4.6843,44.4878],[4.6843,44.4878],[4.6844,44.4878],[4.6845,44.4878],[4.6845,44.4878],[4.6845,44.4878],[4.6846,44.4878],[4.6848,44.4878],[4.6848,44.4878],[4.6848,44.4878],[4.6849,44.4877],[4.685,44.4877],[4.6853,44.4877],[4.6853,44.4877],[4.6853,44.4877],[4.6854,44.4877],[4.6854,44.4877],[4.6854,44.4877],[4.6854,44.4877],[4.6855,44.4877],[4.6855,44.4877],[4.6856,44.4877],[4.6856,44.4877],[4.6857,44.4877],[4.6858,44.4877],[4.6858,44.4877],[4.6858,44.4877],[4.6858,44.4877],[4.6859,44.4877],[4.6859,44.4877],[4.686,44.4876],[4.686,44.4876],[4.6861,44.4876],[4.6861,44.4876],[4.6861,44.4876],[4.6861,44.4876],[4.6861,44.4876],[4.6866,44.4877],[4.6871,44.4877],[4.6874,44.4871],[4.6874,44.4871],[4.6874,44.4871],[4.6869,44.487]]],[[[4.692,44.4727],[4.6918,44.4712],[4.6893,44.472],[4.69,44.4734],[4.692,44.4727]]]]}},{"type":"Feature","properties":{"id":"F19362R","nom":"Forêt domaniale de Pratauberat","dep":"07","dom":true,"essence":"feuillu","substrat":"acide","elev":678,"slopeDeg":16.1,"aspect":225},"geometry":{"type":"MultiPolygon","coordinates":[[[[4.0492,44.5857],[4.0524,44.589],[4.0485,44.5911],[4.0534,44.5911],[4.0541,44.5885],[4.0548,44.5906],[4.0594,44.5926],[4.063,44.59],[4.0572,44.591],[4.0562,44.5858],[4.0537,44.5839],[4.0565,44.5833],[4.057,44.5809],[4.0612,44.5843],[4.0654,44.584],[4.0688,44.5804],[4.0721,44.5822],[4.0795,44.5814],[4.0725,44.5731],[4.0757,44.568],[4.0749,44.5667],[4.0727,44.5655],[4.0712,44.5685],[4.0681,44.5696],[4.0655,44.568],[4.0655,44.5644],[4.0642,44.5631],[4.0608,44.57],[4.0517,44.57],[4.0531,44.5733],[4.0507,44.575],[4.0477,44.5748],[4.0458,44.572],[4.0473,44.575],[4.0403,44.5761],[4.0384,44.5756],[4.0395,44.5714],[4.0349,44.5727],[4.0373,44.5759],[4.0345,44.5791],[4.0403,44.5797],[4.0382,44.5832],[4.0363,44.5811],[4.0311,44.5833],[4.0303,44.581],[4.027,44.58],[4.024,44.5822],[4.0275,44.5819],[4.0316,44.5841],[4.0354,44.5835],[4.0395,44.5848],[4.0388,44.5862],[4.0421,44.585],[4.0447,44.5873],[4.0448,44.5905],[4.0459,44.5899],[4.0458,44.586],[4.0427,44.5838],[4.0425,44.5813],[4.0495,44.5807],[4.0508,44.583],[4.0491,44.5842],[4.0518,44.5877],[4.0537,44.5875],[4.0517,44.588],[4.0492,44.5857]]],[[[4.0778,44.588],[4.077,44.5896],[4.0671,44.5904],[4.0617,44.5931],[4.0623,44.5969],[4.064,44.5966],[4.0628,44.5943],[4.0669,44.5975],[4.0657,44.5961],[4.0708,44.5948],[4.0701,44.5964],[4.0896,44.5936],[4.0888,44.592],[4.0926,44.5928],[4.0927,44.5943],[4.0912,44.589],[4.0981,44.5891],[4.0974,44.5877],[4.0993,44.5868],[4.0985,44.5846],[4.0957,44.585],[4.0976,44.5841],[4.0959,44.5815],[4.09,44.5862],[4.0834,44.5825],[4.078,44.5858],[4.0778,44.588]]],[[[4.0675,44.5563],[4.0691,44.5542],[4.0674,44.5529],[4.0683,44.5524],[4.0633,44.5518],[4.0629,44.5507],[4.0656,44.5485],[4.0617,44.5475],[4.0593,44.5529],[4.0608,44.552],[4.0624,44.5534],[4.0612,44.5547],[4.0623,44.5576],[4.0604,44.5586],[4.062,44.5576],[4.0608,44.5562],[4.0579,44.5573],[4.0579,44.5636],[4.0599,44.5635],[4.0616,44.5601],[4.0657,44.5598],[4.0637,44.5583],[4.0675,44.5563]]],[[[4.076,44.5165],[4.0823,44.5176],[4.0823,44.5167],[4.084,44.5181],[4.0871,44.5158],[4.0861,44.5147],[4.084,44.5179],[4.0834,44.514],[4.0866,44.5125],[4.0953,44.5156],[4.0959,44.5134],[4.0931,44.5126],[4.0934,44.5114],[4.0856,44.5094],[4.0854,44.5113],[4.0828,44.5109],[4.0779,44.5136],[4.076,44.5165]]],[[[4.1131,44.5808],[4.1175,44.5796],[4.1154,44.5768],[4.1036,44.5823],[4.1045,44.5868],[4.1085,44.5869],[4.1097,44.5825],[4.112,44.5823],[4.1115,44.581],[4.1136,44.5816],[4.1131,44.5808]]],[[[4.0296,44.584],[4.026,44.5844],[4.0303,44.588],[4.0328,44.593],[4.038,44.5928],[4.0351,44.5855],[4.0296,44.584]]],[[[4.0902,44.5734],[4.0905,44.5723],[4.0881,44.576],[4.0894,44.5783],[4.087,44.5815],[4.0909,44.5812],[4.0886,44.5826],[4.0903,44.5832],[4.0952,44.5786],[4.093,44.5777],[4.0946,44.5742],[4.092,44.5751],[4.0902,44.5734]]],[[[4.0941,44.56],[4.0982,44.5607],[4.0927,44.556],[4.0874,44.5539],[4.0901,44.5562],[4.0896,44.5573],[4.083,44.5609],[4.0911,44.5625],[4.0897,44.5573],[4.0941,44.56]]],[[[4.0432,44.5708],[4.0399,44.5678],[4.0323,44.5684],[4.0322,44.5702],[4.0344,44.5724],[4.0393,44.571],[4.0396,44.5697],[4.0432,44.5708]]],[[[4.0907,44.5642],[4.0838,44.5619],[4.0825,44.5635],[4.0836,44.5666],[4.0907,44.5642]]],[[[4.0708,44.5161],[4.0678,44.5204],[4.0723,44.5221],[4.0704,44.521],[4.0718,44.5171],[4.0708,44.5161]]],[[[4.0688,44.5247],[4.0699,44.524],[4.0665,44.5222],[4.0652,44.5234],[4.0688,44.5247]]],[[[4.0597,44.569],[4.0597,44.569],[4.0596,44.5689],[4.0594,44.5688],[4.0593,44.5687],[4.0593,44.5687],[4.0591,44.5684],[4.059,44.5683],[4.059,44.5683],[4.059,44.5684],[4.059,44.5684],[4.059,44.5684],[4.0589,44.5685],[4.0588,44.5685],[4.0588,44.5685],[4.0587,44.5685],[4.0587,44.5685],[4.0586,44.5684],[4.0587,44.5683],[4.0542,44.5681],[4.054,44.5683],[4.059,44.5695],[4.0591,44.5693],[4.0591,44.5693],[4.0591,44.5692],[4.0592,44.5692],[4.0593,44.5691],[4.0594,44.5691],[4.0595,44.5691],[4.0596,44.5691],[4.0597,44.569],[4.0597,44.569],[4.0597,44.569]]]]}},{"type":"Feature","properties":{"id":"F19351G","nom":"Forêt communale de Saint-Paul-Le-Jeune","dep":"07","dom":false,"essence":"autre","substrat":"acide","elev":286,"slopeDeg":2.6,"aspect":86},"geometry":{"type":"MultiPolygon","coordinates":[[[[4.1126,44.3354],[4.1113,44.3344],[4.1132,44.3309],[4.1119,44.3324],[4.1072,44.3326],[4.112,44.3456],[4.1189,44.3433],[4.1224,44.3439],[4.1219,44.3421],[4.1239,44.3403],[4.1193,44.3385],[4.1163,44.3339],[4.1166,44.3306],[4.114,44.3316],[4.1143,44.3356],[4.1126,44.3354]]],[[[4.1275,44.337],[4.1264,44.339],[4.1283,44.3399],[4.1312,44.34],[4.133,44.3386],[4.1303,44.3368],[4.1275,44.337]]],[[[4.1284,44.3414],[4.1249,44.3419],[4.1287,44.3428],[4.1274,44.344],[4.131,44.3434],[4.1293,44.3417],[4.1306,44.3407],[4.1284,44.3414]]]]}},{"type":"Feature","properties":{"id":"F19366V","nom":"Forêt sectionale de La-Chaze-","dep":"07","dom":false,"essence":"conifere","substrat":"acide","elev":1176,"slopeDeg":4.7,"aspect":189},"geometry":{"type":"MultiPolygon","coordinates":[[[[4.0013,44.6581],[4.0024,44.6562],[3.9972,44.6572],[3.9962,44.659],[3.9925,44.6588],[3.9923,44.6537],[3.9849,44.6553],[3.9843,44.6571],[3.9869,44.659],[3.9866,44.6607],[3.9951,44.6662],[4.0042,44.6659],[4.0064,44.6628],[4.0109,44.6628],[4.0136,44.6605],[4.0187,44.6606],[4.018,44.656],[4.0107,44.6538],[4.0078,44.6553],[4.0114,44.6594],[4.0072,44.6597],[4.0029,44.6576],[4.0069,44.6618],[4.0053,44.6627],[4.0019,44.6602],[4.0013,44.6581]]],[[[3.9996,44.6514],[4.0133,44.6504],[4.0091,44.648],[3.991,44.646],[3.9884,44.6493],[3.9903,44.6503],[3.9929,44.6491],[3.9951,44.6502],[3.9945,44.651],[3.9996,44.6514]]]]}},{"type":"Feature","properties":{"id":"F19372B","nom":"Forêt sectionale de La-Haute-Grace-Mazan","dep":"07","dom":false,"essence":"autre","substrat":"acide","elev":1285,"slopeDeg":1.6,"aspect":54},"geometry":{"type":"Polygon","coordinates":[[[4.0944,44.7167],[4.0993,44.7144],[4.0946,44.7119],[4.0921,44.7121],[4.0944,44.7167]]]}},{"type":"Feature","properties":{"id":"F19379I","nom":"Forêt domaniale de Pratazanier","dep":"07","dom":true,"essence":"conifere","substrat":"acide","elev":1148,"slopeDeg":14.6,"aspect":154},"geometry":{"type":"MultiPolygon","coordinates":[[[[3.9807,44.6153],[3.9757,44.6178],[3.9833,44.6191],[3.984,44.6198],[3.9822,44.6219],[3.9779,44.6219],[3.9746,44.6201],[3.9736,44.6219],[3.9754,44.6262],[3.9784,44.6265],[3.9803,44.6285],[3.9821,44.6266],[3.9927,44.6248],[3.9919,44.6173],[3.994,44.6181],[3.9928,44.62],[3.9978,44.6194],[3.9949,44.6177],[3.9956,44.6156],[3.9916,44.6165],[3.9909,44.6143],[3.9882,44.6128],[3.9852,44.6122],[3.9859,44.6144],[3.9807,44.6153]]],[[[4.023,44.6185],[4.0214,44.6178],[4.0211,44.6205],[4.018,44.6222],[4.0196,44.623],[4.0166,44.6252],[4.015,44.6218],[4.0112,44.6224],[4.0122,44.626],[4.0213,44.6238],[4.0249,44.6194],[4.023,44.6185]]],[[[4.0052,44.6183],[4.0033,44.6178],[3.9989,44.6198],[3.9983,44.6221],[4.0012,44.6231],[4.0055,44.62],[4.0052,44.6183]]],[[[4.0207,44.6134],[4.0264,44.6136],[4.0256,44.6118],[4.0233,44.6117],[4.0199,44.6121],[4.0207,44.6134]]]]}},{"type":"Feature","properties":{"id":"F19382L","nom":"Forêt communale de Guilherand-Granges","dep":"07","dom":false,"essence":"autre","substrat":"neutre","elev":336,"slopeDeg":7.1,"aspect":79},"geometry":{"type":"Polygon","coordinates":[[[4.8494,44.9308],[4.8505,44.9348],[4.8528,44.9345],[4.8513,44.9302],[4.8494,44.9308]]]}},{"type":"Feature","properties":{"id":"F19385O","nom":"Forêt communale de Valvigneres","dep":"07","dom":false,"essence":"autre","substrat":"calcaire","elev":336,"slopeDeg":2.8,"aspect":56},"geometry":{"type":"MultiPolygon","coordinates":[[[[4.5682,44.4795],[4.5708,44.483],[4.5785,44.4793],[4.5737,44.4768],[4.5683,44.4776],[4.5671,44.4783],[4.5682,44.4795]]],[[[4.5639,44.4741],[4.5623,44.4746],[4.5638,44.4764],[4.5674,44.4762],[4.5665,44.4738],[4.5639,44.4741]]]]}},{"type":"Feature","properties":{"id":"F19388R","nom":"Forêt communale de Malbosc","dep":"07","dom":false,"essence":"feuillu","substrat":"acide","elev":565,"slopeDeg":8.5,"aspect":189},"geometry":{"type":"MultiPolygon","coordinates":[[[[4.0536,44.3787],[4.0631,44.3796],[4.0602,44.3773],[4.0614,44.3755],[4.0601,44.3736],[4.0586,44.3769],[4.0554,44.376],[4.0554,44.374],[4.0532,44.3747],[4.0515,44.3729],[4.0506,44.3742],[4.0518,44.3782],[4.0536,44.3787]]],[[[4.0914,44.3656],[4.0909,44.3665],[4.0938,44.3666],[4.0958,44.3647],[4.0919,44.3621],[4.0951,44.3631],[4.0935,44.3583],[4.0913,44.3594],[4.091,44.3622],[4.0929,44.3633],[4.0911,44.3637],[4.0914,44.3656]]]]}},{"type":"Feature","properties":{"id":"F19395Y","nom":"Forêt communale de Montselgues","dep":"07","dom":false,"essence":"feuillu","substrat":"acide","elev":1169,"slopeDeg":6.9,"aspect":220},"geometry":{"type":"Polygon","coordinates":[[[4.0065,44.5792],[4.0079,44.5728],[4.0045,44.5719],[4.0031,44.5744],[4.0022,44.5728],[4.0028,44.5812],[3.9997,44.5846],[4.0001,44.5867],[4.0065,44.5792]]]}},{"type":"Feature","properties":{"id":"F19399C","nom":"Forêt sectionale de La-Ribeyre","dep":"07","dom":false,"essence":"autre","substrat":"acide","elev":1264,"slopeDeg":10.4,"aspect":157},"geometry":{"type":"MultiPolygon","coordinates":[[[[4.1915,44.7456],[4.1905,44.7448],[4.1925,44.748],[4.1943,44.7486],[4.196,44.7472],[4.1975,44.7493],[4.1992,44.7482],[4.206,44.7516],[4.2064,44.7449],[4.1963,44.7429],[4.1951,44.7457],[4.1915,44.7456]]],[[[4.2103,44.7447],[4.214,44.7427],[4.2092,44.7422],[4.2088,44.7451],[4.2103,44.7447]]]]}},{"type":"Feature","properties":{"id":"F19409M","nom":"Forêt communale de Saint-Georges-Les-Bains","dep":"07","dom":false,"essence":"feuillu","substrat":"acide","elev":444,"slopeDeg":5,"aspect":66},"geometry":{"type":"Polygon","coordinates":[[[4.8067,44.8672],[4.8043,44.8672],[4.8012,44.8648],[4.803,44.8635],[4.8019,44.8622],[4.7893,44.8672],[4.7853,44.8722],[4.7942,44.8718],[4.795,44.8743],[4.8007,44.8746],[4.8024,44.8724],[4.8076,44.8705],[4.8067,44.8672]]]}},{"type":"Feature","properties":{"id":"F19410N","nom":"Forêt communale de Berzeme","dep":"07","dom":false,"essence":"conifere","substrat":"neutre","elev":773,"slopeDeg":1.4,"aspect":95},"geometry":{"type":"Polygon","coordinates":[[[4.5693,44.6537],[4.572,44.6538],[4.5708,44.6491],[4.5691,44.6492],[4.5692,44.6527],[4.5667,44.653],[4.5669,44.6545],[4.5693,44.6537]]]}},{"type":"Feature","properties":{"id":"F19423A","nom":"Forêt communale de Veyras","dep":"07","dom":false,"essence":"autre","substrat":"calcaire","elev":435,"slopeDeg":11.4,"aspect":95},"geometry":{"type":"Polygon","coordinates":[[[4.5728,44.7389],[4.5698,44.7382],[4.5703,44.7407],[4.569,44.74],[4.5671,44.742],[4.5557,44.743],[4.5592,44.7451],[4.5588,44.7466],[4.5622,44.7493],[4.5646,44.7457],[4.5686,44.7439],[4.5694,44.7453],[4.5689,44.7417],[4.5748,44.739],[4.5728,44.7389]]]}},{"type":"Feature","properties":{"id":"F19426D","nom":"Forêt communale de Grospierres","dep":"07","dom":false,"essence":"mixte","substrat":"calcaire","elev":308,"slopeDeg":2.7,"aspect":333},"geometry":{"type":"MultiPolygon","coordinates":[[[[4.3101,44.368],[4.3089,44.3673],[4.3016,44.3716],[4.303,44.3756],[4.3064,44.3788],[4.2983,44.3831],[4.3067,44.379],[4.3102,44.3809],[4.3135,44.3806],[4.3146,44.3726],[4.3101,44.368]]],[[[4.2571,44.3794],[4.2581,44.3826],[4.2606,44.3832],[4.2632,44.3825],[4.262,44.3803],[4.264,44.3799],[4.2594,44.3791],[4.2587,44.3779],[4.2568,44.378],[4.2571,44.3794]]],[[[4.2797,44.38],[4.2866,44.3746],[4.2794,44.3798],[4.2773,44.378],[4.2781,44.3807],[4.2797,44.38]]],[[[4.2765,44.371],[4.273,44.3715],[4.2742,44.3732],[4.2777,44.3712],[4.2765,44.371]]],[[[4.2581,44.3875],[4.2601,44.3869],[4.2597,44.3857],[4.2585,44.3852],[4.2569,44.3871],[4.2571,44.389],[4.2581,44.3875]]]]}},{"type":"Feature","properties":{"id":"F19429G","nom":"Forêt communale de Lesperon","dep":"07","dom":false,"essence":"conifere","substrat":"acide","elev":1313,"slopeDeg":5.9,"aspect":225},"geometry":{"type":"MultiPolygon","coordinates":[[[[3.9255,44.769],[3.9242,44.7676],[3.9261,44.7658],[3.9392,44.7582],[3.9337,44.753],[3.9318,44.7524],[3.9308,44.7553],[3.9254,44.7579],[3.9207,44.7538],[3.9174,44.756],[3.9165,44.7596],[3.9128,44.7584],[3.9116,44.7593],[3.9133,44.7588],[3.9143,44.7607],[3.9175,44.76],[3.9173,44.7614],[3.9138,44.7629],[3.9142,44.7652],[3.9158,44.766],[3.9147,44.7667],[3.9217,44.7678],[3.925,44.7699],[3.9255,44.769]]],[[[3.9101,44.7653],[3.9118,44.7634],[3.9084,44.7627],[3.9063,44.7638],[3.9049,44.762],[3.8997,44.7634],[3.9101,44.7653]]],[[[3.9313,44.747],[3.9269,44.7473],[3.9287,44.7474],[3.9278,44.7502],[3.9314,44.7485],[3.9313,44.747]]]]}},{"type":"Feature","properties":{"id":"F19411O","nom":"Forêt communale de Saint-Pierre-Sur-Doux","dep":"07","dom":false,"essence":"conifere","substrat":"acide","elev":947,"slopeDeg":2.4,"aspect":209},"geometry":{"type":"Polygon","coordinates":[[[4.4942,45.1183],[4.4947,45.1152],[4.4984,45.1157],[4.499,45.1143],[4.4934,45.1122],[4.4924,45.1178],[4.4946,45.1203],[4.4954,45.1197],[4.4942,45.1183]]]}},{"type":"Feature","properties":{"id":"F19412P","nom":"Forêt communale de Saint-Pierre-Saint-Jean","dep":"07","dom":false,"essence":"autre","substrat":"acide","elev":819,"slopeDeg":7,"aspect":161},"geometry":{"type":"MultiPolygon","coordinates":[[[[4.0973,44.504],[4.088,44.5044],[4.0933,44.5069],[4.0946,44.5051],[4.0975,44.5055],[4.0973,44.504]]],[[[4.0759,44.4954],[4.0759,44.4976],[4.0777,44.4965],[4.0771,44.4943],[4.0758,44.4941],[4.0759,44.4954]]]]}},{"type":"Feature","properties":{"id":"F19413Q","nom":"Forêt communale de Saint-Thome","dep":"07","dom":false,"essence":"autre","substrat":"calcaire","elev":140,"slopeDeg":7.9,"aspect":61},"geometry":{"type":"MultiPolygon","coordinates":[[[[4.637,44.4878],[4.6355,44.4831],[4.6324,44.4807],[4.6294,44.4807],[4.632,44.4835],[4.6321,44.4894],[4.6356,44.497],[4.6352,44.4947],[4.6373,44.4932],[4.6372,44.4915],[4.639,44.4919],[4.637,44.4878]]],[[[4.6306,44.5248],[4.6348,44.5245],[4.6353,44.5227],[4.6319,44.5187],[4.6265,44.5164],[4.6237,44.5186],[4.6276,44.5205],[4.6288,44.5249],[4.6306,44.5248]]],[[[4.6122,44.5028],[4.615,44.5005],[4.6105,44.5021],[4.6046,44.5014],[4.6033,44.5057],[4.6082,44.5087],[4.612,44.507],[4.6109,44.5031],[4.6122,44.5028]]],[[[4.642,44.4865],[4.641,44.4858],[4.6405,44.4915],[4.6418,44.4898],[4.6436,44.4905],[4.642,44.4865]]]]}},{"type":"Feature","properties":{"id":"F19414R","nom":"Forêt domaniale de Barres","dep":"07","dom":true,"essence":"conifere","substrat":"calcaire","elev":350,"slopeDeg":12.1,"aspect":84},"geometry":{"type":"MultiPolygon","coordinates":[[[[4.723,44.6474],[4.7241,44.65],[4.7324,44.6487],[4.7314,44.643],[4.7255,44.6413],[4.7246,44.6426],[4.7177,44.6413],[4.7173,44.6404],[4.723,44.6367],[4.7132,44.637],[4.7064,44.6351],[4.7036,44.6361],[4.7067,44.6415],[4.7067,44.6497],[4.7094,44.652],[4.7123,44.6523],[4.7111,44.6528],[4.7116,44.6547],[4.7152,44.654],[4.716,44.6565],[4.7186,44.6571],[4.7175,44.6583],[4.7185,44.6623],[4.7211,44.6539],[4.7188,44.6516],[4.7156,44.6512],[4.723,44.6474]]],[[[4.6639,44.5693],[4.6605,44.5701],[4.6629,44.5737],[4.6625,44.5766],[4.6719,44.5788],[4.6802,44.5756],[4.6718,44.5702],[4.6639,44.5693]]],[[[4.7337,44.6583],[4.7322,44.6553],[4.7285,44.654],[4.7304,44.6612],[4.7279,44.6634],[4.7316,44.6677],[4.7369,44.6692],[4.7381,44.6684],[4.7374,44.664],[4.7337,44.6583]]],[[[4.7313,44.6724],[4.7283,44.6722],[4.7297,44.6703],[4.7258,44.6721],[4.7273,44.6774],[4.7312,44.6777],[4.7308,44.676],[4.7322,44.6749],[4.7313,44.6724]]],[[[4.749,44.6996],[4.7482,44.6965],[4.7516,44.6954],[4.7493,44.6928],[4.7446,44.692],[4.7476,44.6949],[4.7451,44.6959],[4.7463,44.6984],[4.7454,44.7006],[4.7486,44.7004],[4.7458,44.7017],[4.7462,44.7026],[4.7492,44.7011],[4.749,44.6996]]],[[[4.727,44.6541],[4.7226,44.6541],[4.7228,44.663],[4.7255,44.6611],[4.7253,44.6568],[4.727,44.6541]]],[[[4.679,44.618],[4.6792,44.616],[4.6741,44.6156],[4.6712,44.6162],[4.6709,44.6174],[4.6725,44.618],[4.67,44.6192],[4.6738,44.6204],[4.6758,44.6183],[4.679,44.618]]],[[[4.7451,44.6758],[4.7469,44.6706],[4.7432,44.6699],[4.7423,44.6723],[4.7435,44.6764],[4.7451,44.6758]]],[[[4.7509,44.6905],[4.7552,44.6887],[4.7492,44.6874],[4.7488,44.6904],[4.7509,44.6905]]],[[[4.676,44.6222],[4.6809,44.6233],[4.6801,44.6202],[4.6767,44.6206],[4.676,44.6222]]],[[[4.7644,44.687],[4.7649,44.6915],[4.7676,44.692],[4.7675,44.6895],[4.7644,44.687]]],[[[4.668,44.5873],[4.6749,44.5885],[4.6768,44.5863],[4.668,44.5873]]]]}},{"type":"Feature","properties":{"id":"F19416T","nom":"Forêt communale de Marcols-Les-Eaux","dep":"07","dom":false,"essence":"autre","substrat":"acide","elev":1153,"slopeDeg":7.4,"aspect":287},"geometry":{"type":"Polygon","coordinates":[[[4.3956,44.7956],[4.3974,44.7975],[4.4009,44.794],[4.3972,44.7941],[4.3956,44.7956]]]}},{"type":"Feature","properties":{"id":"F19421Y","nom":"Forêt de la Fol-De-Saint-Barthélemy-Grozon","dep":"07","dom":false,"essence":"conifere","substrat":"acide","elev":716,"slopeDeg":9,"aspect":337},"geometry":{"type":"Polygon","coordinates":[[[4.6307,44.9545],[4.6311,44.9561],[4.6346,44.9574],[4.6343,44.9559],[4.6357,44.9549],[4.6313,44.9528],[4.6307,44.9545]]]}},{"type":"Feature","properties":{"id":"F19417U","nom":"Forêt communale d'Alba","dep":"07","dom":false,"essence":"mixte","substrat":"calcaire","elev":189,"slopeDeg":7,"aspect":243},"geometry":{"type":"MultiPolygon","coordinates":[[[[4.6259,44.5294],[4.6302,44.5304],[4.6345,44.5295],[4.6342,44.5273],[4.6356,44.5259],[4.6348,44.5245],[4.6288,44.5249],[4.6276,44.5205],[4.6237,44.5186],[4.6215,44.5218],[4.6259,44.5294]]],[[[4.6047,44.532],[4.6119,44.5322],[4.6135,44.528],[4.6083,44.5267],[4.6051,44.5291],[4.6022,44.5293],[4.6031,44.5321],[4.6047,44.532]]],[[[4.6304,44.5486],[4.6277,44.5508],[4.63,44.5533],[4.6382,44.5508],[4.6312,44.5498],[4.6304,44.5486]]],[[[4.6006,44.5472],[4.6024,44.5472],[4.5988,44.5449],[4.5971,44.5454],[4.5986,44.5473],[4.6006,44.5472]]]]}},{"type":"Feature","properties":{"id":"F19443U","nom":"Forêt domaniale d'Areilladou","dep":"07","dom":true,"essence":"conifere","substrat":"acide","elev":1171,"slopeDeg":1.7,"aspect":11},"geometry":{"type":"MultiPolygon","coordinates":[[[[4.3067,44.7991],[4.309,44.7995],[4.3102,44.7966],[4.3045,44.7888],[4.3025,44.7927],[4.2995,44.7936],[4.2967,44.7924],[4.2996,44.791],[4.2997,44.7889],[4.301,44.7891],[4.3003,44.7885],[4.3025,44.7865],[4.2952,44.7917],[4.2941,44.7917],[4.2974,44.7874],[4.2934,44.7866],[4.2898,44.7881],[4.2911,44.7937],[4.2935,44.7943],[4.2907,44.7958],[4.2907,44.7986],[4.3067,44.7991]]],[[[4.2621,44.8019],[4.2652,44.8005],[4.2638,44.7983],[4.2653,44.7955],[4.2585,44.798],[4.2517,44.7963],[4.2532,44.7987],[4.2561,44.7984],[4.2552,44.7998],[4.2565,44.8006],[4.2549,44.8002],[4.2542,44.8038],[4.2576,44.8012],[4.257,44.8005],[4.26,44.8011],[4.2584,44.7991],[4.2591,44.798],[4.2621,44.8019]]],[[[4.2796,44.7979],[4.281,44.7976],[4.2782,44.7959],[4.2772,44.7973],[4.27,44.7956],[4.271,44.7971],[4.2693,44.7973],[4.2711,44.7985],[4.2669,44.8005],[4.2671,44.8021],[4.2704,44.8036],[4.2706,44.8018],[4.2695,44.8017],[4.2709,44.7989],[4.2738,44.8004],[4.2729,44.7996],[4.2743,44.7987],[4.2767,44.7994],[4.2796,44.7979]]]]}},{"type":"Feature","properties":{"id":"F19432J","nom":"Forêt sectionale de Cros-De-Ligeret","dep":"07","dom":false,"essence":"autre","substrat":"acide","elev":1345,"slopeDeg":7.8,"aspect":289},"geometry":{"type":"Polygon","coordinates":[[[4.2144,44.8355],[4.2153,44.8361],[4.2177,44.8324],[4.2117,44.8352],[4.2144,44.8355]]]}},{"type":"Feature","properties":{"id":"F19433K","nom":"Forêt communale de Boulieu-Les-Annonay","dep":"07","dom":false,"essence":"conifere","substrat":"acide","elev":571,"slopeDeg":8.4,"aspect":87},"geometry":{"type":"MultiPolygon","coordinates":[[[[4.6057,45.2658],[4.6003,45.2664],[4.6008,45.2703],[4.6105,45.2652],[4.6057,45.2658]]],[[[4.6633,45.2762],[4.6654,45.2778],[4.6663,45.2768],[4.6651,45.2755],[4.6633,45.2762]]]]}},{"type":"Feature","properties":{"id":"F19435M","nom":"Forêt communale de Salavas","dep":"07","dom":false,"essence":"feuillu","substrat":"calcaire","elev":255,"slopeDeg":5.7,"aspect":107},"geometry":{"type":"MultiPolygon","coordinates":[[[[4.3512,44.4004],[4.3486,44.3987],[4.3453,44.3999],[4.3435,44.398],[4.3447,44.3972],[4.344,44.3962],[4.3409,44.395],[4.3416,44.393],[4.3397,44.3919],[4.3379,44.3872],[4.3413,44.3847],[4.3416,44.3823],[4.335,44.3805],[4.3317,44.3812],[4.3222,44.3871],[4.3253,44.3909],[4.3337,44.3928],[4.3334,44.3965],[4.3357,44.4008],[4.3415,44.4046],[4.3507,44.4068],[4.3502,44.4049],[4.3477,44.404],[4.3537,44.4025],[4.3517,44.4021],[4.3512,44.4004]]],[[[4.382,44.3658],[4.3795,44.3602],[4.3771,44.3608],[4.3765,44.3625],[4.3779,44.3655],[4.3757,44.3664],[4.3742,44.3643],[4.3727,44.3662],[4.3758,44.3694],[4.3744,44.3679],[4.3769,44.3677],[4.3786,44.3692],[4.3765,44.3693],[4.3815,44.3735],[4.3797,44.3746],[4.3819,44.3749],[4.3852,44.3786],[4.3844,44.3792],[4.388,44.3796],[4.3874,44.381],[4.3894,44.3826],[4.3854,44.3869],[4.3909,44.3869],[4.3959,44.3908],[4.4038,44.3889],[4.4028,44.388],[4.4056,44.3817],[4.3949,44.3795],[4.393,44.3826],[4.3904,44.3827],[4.3893,44.376],[4.3909,44.3736],[4.3895,44.3714],[4.381,44.3694],[4.3809,44.3679],[4.3781,44.3668],[4.382,44.3658]]],[[[4.3497,44.3811],[4.3458,44.3831],[4.3516,44.3874],[4.3532,44.3872],[4.3544,44.3896],[4.356,44.3877],[4.3589,44.3873],[4.3613,44.3914],[4.3647,44.3896],[4.3616,44.3845],[4.3609,44.3793],[4.3585,44.3766],[4.3594,44.3742],[4.3562,44.3744],[4.3543,44.3773],[4.3508,44.3793],[4.3517,44.3804],[4.3497,44.3811]]],[[[4.3712,44.3863],[4.3719,44.3855],[4.37,44.3835],[4.3663,44.3833],[4.3677,44.388],[4.3719,44.3918],[4.3733,44.3913],[4.369,44.3877],[4.3712,44.3863]]],[[[4.3686,44.3941],[4.3643,44.3934],[4.3706,44.397],[4.3743,44.3971],[4.3686,44.3941]]],[[[4.3602,44.3743],[4.3655,44.3768],[4.3654,44.3737],[4.3624,44.3724],[4.3602,44.3743]]]]}},{"type":"Feature","properties":{"id":"F19478D","nom":"Forêt communale de Cellier Du Luc","dep":"07","dom":false,"essence":"autre","substrat":"acide","elev":1001,"slopeDeg":1.2,"aspect":266},"geometry":{"type":"MultiPolygon","coordinates":[[[[3.9238,44.6755],[3.9225,44.6784],[3.9179,44.6769],[3.9215,44.6788],[3.9276,44.6779],[3.9311,44.679],[3.9363,44.6749],[3.9307,44.6737],[3.9311,44.6718],[3.9292,44.6708],[3.9244,44.6707],[3.9206,44.6729],[3.9209,44.6744],[3.9238,44.6755]]],[[[3.9026,44.6611],[3.9021,44.6627],[3.9048,44.6673],[3.9053,44.6651],[3.9037,44.6626],[3.9077,44.6645],[3.908,44.6629],[3.9108,44.6617],[3.9146,44.6629],[3.9182,44.659],[3.9092,44.659],[3.9084,44.6606],[3.9076,44.659],[3.9026,44.6611]]],[[[3.9164,44.6811],[3.9139,44.6806],[3.9163,44.6827],[3.918,44.6817],[3.9164,44.6811]]],[[[3.8813,44.6801],[3.8844,44.6818],[3.8843,44.6798],[3.8813,44.6801]]],[[[3.8896,44.6908],[3.8889,44.6882],[3.8869,44.6906],[3.8896,44.6908]]]]}},{"type":"Feature","properties":{"id":"F19440R","nom":"Forêt communale de Issirac","dep":"07","dom":false,"essence":"conifere","substrat":"calcaire","elev":377,"slopeDeg":1,"aspect":285},"geometry":{"type":"Polygon","coordinates":[[[4.4412,44.326],[4.4188,44.3265],[4.4186,44.3281],[4.4122,44.3272],[4.413,44.331],[4.4267,44.3344],[4.4281,44.3293],[4.4505,44.3274],[4.4503,44.3252],[4.4412,44.326]]]}},{"type":"Feature","properties":{"id":"F19446X","nom":"Forêt communale de Dornas","dep":"07","dom":false,"essence":"feuillu","substrat":"acide","elev":866,"slopeDeg":10.9,"aspect":313},"geometry":{"type":"Polygon","coordinates":[[[4.3305,44.8398],[4.3318,44.8415],[4.336,44.8399],[4.3342,44.8391],[4.3366,44.8398],[4.3387,44.8387],[4.3408,44.8362],[4.3375,44.8353],[4.3325,44.8366],[4.3321,44.8391],[4.3305,44.8398]]]}},{"type":"Feature","properties":{"id":"F19451C","nom":"Forêt sectionale de Le-Crouzet-Mezilhac","dep":"07","dom":false,"essence":"feuillu","substrat":"acide","elev":966,"slopeDeg":13.5,"aspect":132},"geometry":{"type":"MultiPolygon","coordinates":[[[[4.33,44.7789],[4.326,44.7772],[4.3186,44.7801],[4.3201,44.7832],[4.3246,44.7863],[4.3258,44.7895],[4.3298,44.7861],[4.3362,44.7835],[4.3307,44.7822],[4.33,44.7789]]],[[[4.3559,44.7871],[4.351,44.7863],[4.3487,44.7877],[4.3507,44.7896],[4.3555,44.7908],[4.3559,44.7871]]]]}},{"type":"Feature","properties":{"id":"F19452D","nom":"Forêt sectionale de Sagnes-Et-Goudoulet","dep":"07","dom":false,"essence":"conifere","substrat":"acide","elev":1169,"slopeDeg":1.6,"aspect":231},"geometry":{"type":"MultiPolygon","coordinates":[[[[4.1983,44.7608],[4.1898,44.7634],[4.1892,44.7672],[4.1846,44.7729],[4.1867,44.7745],[4.1906,44.7741],[4.1912,44.776],[4.1984,44.7739],[4.1983,44.7708],[4.1954,44.7695],[4.1971,44.7677],[4.1955,44.766],[4.2022,44.7669],[4.2009,44.7598],[4.1983,44.7608]]],[[[4.2152,44.7883],[4.2123,44.7863],[4.2006,44.7856],[4.2002,44.7888],[4.198,44.7898],[4.2009,44.7915],[4.212,44.7874],[4.2152,44.7883]]],[[[4.2138,44.7949],[4.2116,44.7912],[4.2058,44.7949],[4.2138,44.7949]]]]}},{"type":"Feature","properties":{"id":"F19453E","nom":"Forêt communale de Saint-Michel-D'Aurance","dep":"07","dom":false,"essence":"conifere","substrat":"acide","elev":898,"slopeDeg":10.1,"aspect":13},"geometry":{"type":"MultiPolygon","coordinates":[[[[4.4357,44.8862],[4.4351,44.887],[4.4381,44.8863],[4.4372,44.8842],[4.4354,44.8843],[4.4368,44.8819],[4.4334,44.882],[4.4343,44.8805],[4.4315,44.8791],[4.4275,44.8804],[4.431,44.8876],[4.4357,44.8862]]],[[[4.4415,44.8838],[4.4416,44.8826],[4.4399,44.8831],[4.4404,44.8864],[4.4385,44.8876],[4.4431,44.8872],[4.4415,44.8838]]]]}},{"type":"Feature","properties":{"id":"F19454F","nom":"Forêt communale du Plagnal","dep":"07","dom":false,"essence":"feuillu","substrat":"acide","elev":1250,"slopeDeg":4.1,"aspect":222},"geometry":{"type":"MultiPolygon","coordinates":[[[[3.9723,44.6799],[3.9688,44.6812],[3.9704,44.6831],[3.9701,44.6917],[3.9675,44.6903],[3.9621,44.6932],[3.9665,44.698],[3.9756,44.6926],[3.9759,44.6903],[3.971,44.6897],[3.9732,44.689],[3.9784,44.6803],[3.9763,44.6791],[3.9723,44.6799]]],[[[3.9786,44.6758],[3.9707,44.677],[3.9633,44.674],[3.9517,44.672],[3.9522,44.6762],[3.951,44.6785],[3.9621,44.6775],[3.9631,44.6781],[3.962,44.679],[3.9677,44.6803],[3.9738,44.6784],[3.9784,44.6789],[3.9794,44.678],[3.9786,44.6758]]],[[[3.9595,44.7107],[3.9629,44.7041],[3.9617,44.7034],[3.949,44.7086],[3.9478,44.7105],[3.9445,44.7104],[3.9438,44.7124],[3.946,44.7144],[3.9582,44.7122],[3.9595,44.7107]]],[[[3.95,44.6721],[3.9453,44.6755],[3.9363,44.6749],[3.9344,44.6773],[3.9356,44.6793],[3.9404,44.6809],[3.941,44.6782],[3.9458,44.6787],[3.9485,44.6774],[3.95,44.6721]]]]}},{"type":"Feature","properties":{"id":"F19647Q","nom":"Forêt communale de Saint-Clement","dep":"07","dom":false,"essence":"conifere","substrat":"acide","elev":1156,"slopeDeg":8.4,"aspect":133},"geometry":{"type":"MultiPolygon","coordinates":[[[[4.2487,44.9508],[4.2502,44.9489],[4.2477,44.9485],[4.2458,44.9498],[4.2464,44.9515],[4.2487,44.9508]]],[[[4.2458,44.9426],[4.2463,44.9434],[4.2476,44.9408],[4.2446,44.9394],[4.2442,44.9413],[4.2458,44.9426]]]]}},{"type":"Feature","properties":{"id":"F19648R","nom":"Forêt domaniale de Cuminailles","dep":"07","dom":true,"essence":"feuillu","substrat":"acide","elev":980,"slopeDeg":16.2,"aspect":6},"geometry":{"type":"MultiPolygon","coordinates":[[[[4.3549,44.8353],[4.3575,44.8343],[4.3577,44.8358],[4.3627,44.8337],[4.3631,44.8346],[4.3635,44.8333],[4.3641,44.8343],[4.3649,44.8309],[4.3581,44.8309],[4.3588,44.8284],[4.3573,44.828],[4.3571,44.8297],[4.3559,44.8297],[4.3548,44.8286],[4.357,44.8279],[4.3551,44.8272],[4.3568,44.8261],[4.3609,44.827],[4.3563,44.825],[4.3536,44.8276],[4.3533,44.825],[4.3519,44.8253],[4.3525,44.8286],[4.351,44.8255],[4.3484,44.827],[4.3491,44.8286],[4.348,44.8274],[4.3457,44.8287],[4.3455,44.8319],[4.3405,44.8364],[4.3419,44.8379],[4.3399,44.8398],[4.3422,44.8376],[4.3458,44.8396],[4.3499,44.8388],[4.3496,44.8397],[4.3536,44.8412],[4.3549,44.8407],[4.3522,44.84],[4.3511,44.8382],[4.3554,44.8389],[4.3549,44.836],[4.3536,44.8367],[4.3549,44.8353]]],[[[4.3719,44.8394],[4.369,44.8405],[4.3667,44.8389],[4.37,44.8415],[4.3731,44.8412],[4.3719,44.8394]]]]}},{"type":"Feature","properties":{"id":"F19461M","nom":"Forêt communale de Privas","dep":"07","dom":false,"essence":"autre","substrat":"calcaire","elev":276,"slopeDeg":1.9,"aspect":56},"geometry":{"type":"MultiPolygon","coordinates":[[[[4.5847,44.7063],[4.5879,44.706],[4.5862,44.7064],[4.5866,44.7087],[4.5931,44.7077],[4.5915,44.7083],[4.5904,44.7116],[4.5951,44.708],[4.5931,44.7075],[4.5923,44.7048],[4.5853,44.7038],[4.582,44.6999],[4.582,44.6974],[4.5785,44.6989],[4.5832,44.7069],[4.5847,44.7063]]],[[[4.5734,44.7393],[4.5701,44.7413],[4.5704,44.7458],[4.5721,44.743],[4.5799,44.7424],[4.583,44.74],[4.5734,44.7393]]],[[[4.6048,44.7112],[4.6048,44.7112],[4.6051,44.7116],[4.6052,44.7118],[4.6052,44.7119],[4.6053,44.7119],[4.6059,44.7119],[4.6063,44.7127],[4.6081,44.7127],[4.6077,44.7117],[4.6069,44.7118],[4.6066,44.7111],[4.6058,44.711],[4.6052,44.7111],[4.605,44.7111],[4.6048,44.7112]]]]}},{"type":"Feature","properties":{"id":"F19464P","nom":"Forêt communale de Bidon","dep":"07","dom":false,"essence":"conifere","substrat":"calcaire","elev":275,"slopeDeg":0.8,"aspect":219},"geometry":{"type":"MultiPolygon","coordinates":[[[[4.5706,44.3882],[4.5659,44.3824],[4.5679,44.3779],[4.5552,44.3834],[4.5543,44.3863],[4.5542,44.3884],[4.562,44.3883],[4.5607,44.3903],[4.5636,44.3905],[4.5637,44.3883],[4.5706,44.3882]]],[[[4.5142,44.3503],[4.5124,44.3513],[4.5129,44.3498],[4.5037,44.3542],[4.5126,44.3568],[4.5151,44.3611],[4.5165,44.3601],[4.5141,44.3554],[4.5155,44.3525],[4.5142,44.3503]]],[[[4.5188,44.343],[4.5206,44.3445],[4.5192,44.348],[4.5212,44.3457],[4.5207,44.3424],[4.5148,44.3346],[4.5135,44.3374],[4.519,44.3417],[4.5188,44.343]]]]}},{"type":"Feature","properties":{"id":"F19479E","nom":"Forêt communale de Lamastre","dep":"07","dom":false,"essence":"autre","substrat":"acide","elev":608,"slopeDeg":5,"aspect":281},"geometry":{"type":"MultiPolygon","coordinates":[[[[4.6313,44.9918],[4.634,44.9902],[4.631,44.9882],[4.6277,44.9883],[4.6266,44.9919],[4.6284,44.9912],[4.6286,44.9932],[4.6313,44.9918]]],[[[4.589,44.9967],[4.5905,44.9954],[4.589,44.9931],[4.5868,44.9961],[4.589,44.9967]]]]}},{"type":"Feature","properties":{"id":"F19465Q","nom":"Forêt communale de Jaujac","dep":"07","dom":false,"essence":"conifere","substrat":"acide","elev":404,"slopeDeg":2.6,"aspect":254},"geometry":{"type":"MultiPolygon","coordinates":[[[[4.26,44.63],[4.2649,44.6322],[4.2653,44.6306],[4.2628,44.6301],[4.2647,44.6291],[4.2647,44.6253],[4.2619,44.6256],[4.2605,44.6293],[4.2594,44.6269],[4.2563,44.6269],[4.2582,44.6292],[4.2567,44.6305],[4.2596,44.6319],[4.259,44.6298],[4.26,44.63]]],[[[4.2432,44.6378],[4.2456,44.6395],[4.2521,44.64],[4.2526,44.6381],[4.2432,44.6378]]]]}},{"type":"Feature","properties":{"id":"F19481G","nom":"Forêt domaniale de l'Ouvèze","dep":"07","dom":true,"essence":"conifere","substrat":"calcaire","elev":201,"slopeDeg":2.3,"aspect":60},"geometry":{"type":"MultiPolygon","coordinates":[[[[4.6442,44.7335],[4.6437,44.7344],[4.6457,44.7353],[4.6488,44.7346],[4.6477,44.7352],[4.6484,44.7361],[4.6518,44.7377],[4.6566,44.736],[4.6565,44.734],[4.6611,44.7344],[4.6577,44.732],[4.6512,44.7354],[4.6532,44.7302],[4.6508,44.7279],[4.644,44.7302],[4.6423,44.7271],[4.6402,44.7279],[4.6401,44.7261],[4.6397,44.7296],[4.6342,44.7326],[4.6384,44.7326],[4.6427,44.7297],[4.6436,44.7304],[4.6419,44.733],[4.6458,44.7321],[4.6442,44.7335]]],[[[4.5433,44.7238],[4.5508,44.7224],[4.551,44.7212],[4.5405,44.7222],[4.5406,44.7202],[4.5335,44.7233],[4.5405,44.7268],[4.5433,44.7238]]],[[[4.6207,44.727],[4.6229,44.7274],[4.6213,44.7291],[4.6227,44.7294],[4.6214,44.7303],[4.6225,44.732],[4.6274,44.7308],[4.625,44.7297],[4.6225,44.7312],[4.624,44.7288],[4.6272,44.7283],[4.6267,44.7273],[4.6302,44.7295],[4.6319,44.7283],[4.6305,44.7278],[4.6318,44.7269],[4.6313,44.7248],[4.6298,44.7268],[4.6255,44.7251],[4.6207,44.727]]],[[[4.7032,44.7478],[4.7046,44.75],[4.7033,44.7524],[4.7053,44.7505],[4.7068,44.751],[4.7053,44.7495],[4.7069,44.747],[4.7024,44.7467],[4.7018,44.7441],[4.7015,44.746],[4.6988,44.745],[4.6981,44.7494],[4.703,44.7475],[4.6984,44.7505],[4.7003,44.7516],[4.7032,44.7478]]],[[[4.6782,44.7465],[4.6824,44.7484],[4.6821,44.7452],[4.6784,44.7429],[4.6757,44.7435],[4.6761,44.7418],[4.6738,44.7414],[4.6719,44.743],[4.6764,44.7451],[4.6777,44.7444],[4.677,44.7456],[4.6782,44.7465]]],[[[4.696,44.7493],[4.6974,44.7444],[4.6955,44.744],[4.6927,44.7452],[4.691,44.7484],[4.696,44.7493]]],[[[4.7095,44.7499],[4.7141,44.7473],[4.7102,44.7464],[4.7087,44.748],[4.7095,44.7499]]],[[[4.5202,44.7276],[4.522,44.7272],[4.5202,44.7227],[4.5188,44.7248],[4.5202,44.7276]]],[[[4.7198,44.7571],[4.7272,44.7544],[4.7239,44.7555],[4.7221,44.7543],[4.7192,44.7562],[4.7198,44.7571]]],[[[4.5363,44.7168],[4.5344,44.7187],[4.5382,44.7187],[4.5373,44.7179],[4.539,44.7153],[4.5375,44.7149],[4.5363,44.7168]]],[[[4.7232,44.7502],[4.7224,44.7496],[4.7222,44.7522],[4.7235,44.7533],[4.7243,44.7526],[4.7232,44.7502]]]]}},{"type":"Feature","properties":{"id":"F19466R","nom":"Forêt de la Maison De Retraite De La-Louvesc","dep":"07","dom":false,"essence":"conifere","substrat":"acide","elev":837,"slopeDeg":11.7,"aspect":146},"geometry":{"type":"MultiPolygon","coordinates":[[[[4.5733,45.136],[4.5731,45.1343],[4.5707,45.1326],[4.5711,45.1274],[4.5689,45.1278],[4.5708,45.1314],[4.5673,45.1327],[4.5694,45.1356],[4.5733,45.136]]],[[[4.564,45.1293],[4.5625,45.1278],[4.559,45.1312],[4.5636,45.1324],[4.5649,45.1306],[4.564,45.1293]]],[[[4.5495,45.1353],[4.5469,45.1319],[4.5456,45.1328],[4.5506,45.1365],[4.5526,45.1357],[4.5495,45.1353]]],[[[4.572,45.1399],[4.5712,45.1382],[4.5685,45.1386],[4.5691,45.1409],[4.572,45.1399]]],[[[4.5642,45.1237],[4.5675,45.1262],[4.5642,45.1223],[4.5629,45.1226],[4.5642,45.1237]]]]}},{"type":"Feature","properties":{"id":"F19470V","nom":"Forêt communale d'Orgnac","dep":"07","dom":false,"essence":"autre","substrat":"calcaire","elev":278,"slopeDeg":2.3,"aspect":224},"geometry":{"type":"MultiPolygon","coordinates":[[[[4.4497,44.3103],[4.4439,44.3105],[4.4426,44.3089],[4.4406,44.3099],[4.4391,44.308],[4.4379,44.3084],[4.4398,44.3101],[4.4394,44.3115],[4.4359,44.3108],[4.4373,44.31],[4.4368,44.3089],[4.4346,44.3089],[4.436,44.3098],[4.4362,44.3138],[4.434,44.3158],[4.4283,44.3151],[4.4255,44.3174],[4.4234,44.314],[4.4209,44.3138],[4.4175,44.3176],[4.4149,44.3181],[4.4153,44.3198],[4.4113,44.3206],[4.4104,44.3229],[4.4119,44.3243],[4.4105,44.3261],[4.429,44.3271],[4.4505,44.3252],[4.4497,44.3103]]],[[[4.4122,44.317],[4.4135,44.3155],[4.411,44.3149],[4.4118,44.3119],[4.4108,44.3124],[4.4108,44.3102],[4.4118,44.3099],[4.4102,44.3081],[4.4122,44.3066],[4.4055,44.3089],[4.4039,44.3056],[4.4065,44.3037],[4.4082,44.3053],[4.4078,44.3035],[4.4041,44.3032],[4.4048,44.305],[4.4037,44.3055],[4.4016,44.3041],[4.4029,44.3029],[4.4017,44.3014],[4.3964,44.3029],[4.3975,44.3013],[4.3956,44.3003],[4.3974,44.3003],[4.394,44.2972],[4.3932,44.2985],[4.3947,44.2998],[4.3901,44.3004],[4.4015,44.328],[4.4054,44.3261],[4.4051,44.3231],[4.4086,44.324],[4.4074,44.3226],[4.4051,44.3228],[4.4083,44.3187],[4.4122,44.317]]]]}},{"type":"Feature","properties":{"id":"F19490P","nom":"Forêt sectionale de Châtinais","dep":"07","dom":false,"essence":"conifere","substrat":"acide","elev":615,"slopeDeg":4.9,"aspect":88},"geometry":{"type":"Polygon","coordinates":[[[4.6474,45.2577],[4.6486,45.2584],[4.6506,45.2559],[4.648,45.2539],[4.6455,45.2553],[4.6474,45.2577]]]}},{"type":"Feature","properties":{"id":"F19496V","nom":"Forêt sectionale de Sablières-Issanlas","dep":"07","dom":false,"essence":"conifere","substrat":"acide","elev":1177,"slopeDeg":1.3,"aspect":50},"geometry":{"type":"MultiPolygon","coordinates":[[[[4.0215,44.7773],[4.0254,44.7768],[4.0234,44.7803],[4.0263,44.7801],[4.026,44.7771],[4.0306,44.7764],[4.0285,44.7758],[4.0307,44.7752],[4.0325,44.7755],[4.0307,44.7764],[4.0312,44.7784],[4.0324,44.7781],[4.0342,44.774],[4.0329,44.7782],[4.0356,44.7782],[4.0386,44.7753],[4.0415,44.7756],[4.0409,44.7782],[4.0426,44.7794],[4.045,44.7767],[4.0459,44.7781],[4.0481,44.7775],[4.0501,44.7788],[4.0497,44.775],[4.0451,44.7755],[4.0416,44.7726],[4.0356,44.7736],[4.0346,44.7726],[4.0371,44.77],[4.0401,44.7699],[4.04,44.7685],[4.0297,44.7728],[4.0276,44.7764],[4.0247,44.7748],[4.0252,44.7758],[4.0215,44.7773]]],[[[4.0141,44.7796],[4.0172,44.779],[4.0192,44.7758],[4.0131,44.7776],[4.0138,44.7788],[4.0101,44.7801],[4.013,44.7819],[4.0141,44.7796]]],[[[4.0218,44.7872],[4.0244,44.7891],[4.0263,44.7883],[4.0219,44.7872],[4.0252,44.786],[4.0229,44.7837],[4.0202,44.7852],[4.0218,44.7872]]],[[[4.0479,44.7701],[4.0465,44.7683],[4.0469,44.7737],[4.0486,44.7717],[4.0479,44.7701]]]]}},{"type":"Feature","properties":{"id":"F19503C","nom":"Forêt communale de Vals-Les-Bains","dep":"07","dom":false,"essence":"conifere","substrat":"acide","elev":392,"slopeDeg":8.5,"aspect":251},"geometry":{"type":"Polygon","coordinates":[[[4.3712,44.6597],[4.3695,44.6604],[4.3713,44.6623],[4.3698,44.6634],[4.3721,44.6637],[4.3702,44.6637],[4.3709,44.6661],[4.3696,44.6683],[4.3726,44.6692],[4.3733,44.6671],[4.3754,44.6669],[4.3745,44.6702],[4.3771,44.6701],[4.3787,44.6645],[4.382,44.6649],[4.3784,44.663],[4.3798,44.663],[4.3804,44.6599],[4.3725,44.6554],[4.3717,44.6569],[4.373,44.6584],[4.3712,44.6597]]]}},{"type":"Feature","properties":{"id":"F19504D","nom":"Forêt du C.C.A.S. D'Accons","dep":"07","dom":false,"essence":"autre","substrat":"acide","elev":1057,"slopeDeg":8.9,"aspect":9},"geometry":{"type":"Polygon","coordinates":[[[4.4029,44.8724],[4.3977,44.8717],[4.3986,44.8759],[4.4044,44.8754],[4.4059,44.8738],[4.4029,44.8724]]]}},{"type":"Feature","properties":{"id":"F19505E","nom":"Forêt communale de Lachamp-Raphael","dep":"07","dom":false,"essence":"conifere","substrat":"acide","elev":1313,"slopeDeg":2.3,"aspect":299},"geometry":{"type":"MultiPolygon","coordinates":[[[[4.2964,44.8208],[4.3062,44.8195],[4.305,44.8189],[4.3066,44.8178],[4.2923,44.8147],[4.2929,44.8171],[4.2911,44.8168],[4.2922,44.8181],[4.2961,44.8177],[4.2946,44.8196],[4.2964,44.8208]]],[[[4.2824,44.7975],[4.2861,44.803],[4.2836,44.7965],[4.2786,44.7961],[4.2824,44.7975]]],[[[4.3,44.8119],[4.3045,44.8138],[4.3045,44.8118],[4.3,44.8119]]],[[[4.2959,44.8071],[4.2958,44.8073],[4.2956,44.8074],[4.2974,44.8064],[4.2975,44.8063],[4.2983,44.8047],[4.2984,44.8044],[4.2985,44.8042],[4.2987,44.804],[4.2986,44.8039],[4.2986,44.8039],[4.2985,44.8038],[4.2981,44.8041],[4.2977,44.8044],[4.2963,44.8058],[4.2962,44.806],[4.296,44.8062],[4.2957,44.8065],[4.2953,44.8068],[4.2955,44.8069],[4.2959,44.8071]]]]}},{"type":"Feature","properties":{"id":"F19509I","nom":"Forêt domaniale de Bois-Sauvage","dep":"07","dom":true,"essence":"autre","substrat":"calcaire","elev":327,"slopeDeg":4.1,"aspect":89},"geometry":{"type":"MultiPolygon","coordinates":[[[[4.4512,44.4447],[4.4643,44.4499],[4.4739,44.4495],[4.4749,44.4483],[4.4733,44.4441],[4.4752,44.4423],[4.481,44.4429],[4.4847,44.4467],[4.4884,44.4463],[4.4899,44.4475],[4.4908,44.4424],[4.4972,44.4408],[4.4999,44.4422],[4.4983,44.4395],[4.4991,44.4389],[4.5001,44.4405],[4.4996,44.4385],[4.5031,44.4344],[4.5031,44.4356],[4.5096,44.4352],[4.5042,44.4297],[4.4963,44.4327],[4.4924,44.4329],[4.4893,44.4309],[4.4856,44.4322],[4.4784,44.4309],[4.4795,44.4343],[4.4722,44.4338],[4.4676,44.4363],[4.4681,44.4389],[4.4655,44.4396],[4.4585,44.4367],[4.4545,44.4367],[4.4553,44.4378],[4.4504,44.439],[4.4538,44.4435],[4.4512,44.4447]]],[[[4.4797,44.4685],[4.4829,44.4697],[4.4855,44.4693],[4.484,44.4681],[4.4855,44.4673],[4.4896,44.4675],[4.4905,44.4702],[4.4968,44.4696],[4.4995,44.467],[4.5122,44.4625],[4.5146,44.4593],[4.5054,44.4561],[4.5003,44.4587],[4.4929,44.4594],[4.4892,44.4629],[4.4873,44.4619],[4.4858,44.4628],[4.4839,44.4664],[4.479,44.4675],[4.4797,44.4685]]],[[[4.6173,44.4404],[4.6112,44.4428],[4.6114,44.4452],[4.6181,44.4428],[4.6189,44.4414],[4.6173,44.4404]]]]}},{"type":"Feature","properties":{"id":"F19516P","nom":"Forêt du S.D.E.A Devesset","dep":"07","dom":false,"essence":"autre","substrat":"acide","elev":1073,"slopeDeg":1.3,"aspect":221},"geometry":{"type":"Polygon","coordinates":[[[4.3956,45.0577],[4.398,45.0552],[4.4026,45.0535],[4.3987,45.052],[4.3998,45.0501],[4.3984,45.0494],[4.4017,45.0459],[4.3977,45.0479],[4.3918,45.0443],[4.3918,45.0454],[4.3891,45.0452],[4.388,45.0473],[4.3901,45.0477],[4.3858,45.049],[4.3866,45.0501],[4.3839,45.0518],[4.384,45.0537],[4.387,45.0492],[4.3889,45.0504],[4.3915,45.0468],[4.3939,45.0467],[4.3942,45.0493],[4.3968,45.0497],[4.3956,45.0524],[4.3972,45.0537],[4.391,45.0556],[4.3899,45.0545],[4.3831,45.0549],[4.3956,45.0577]]]}},{"type":"Feature","properties":{"id":"F19534H","nom":"Forêt communale de Boree","dep":"07","dom":false,"essence":"conifere","substrat":"acide","elev":1263,"slopeDeg":4.9,"aspect":52},"geometry":{"type":"MultiPolygon","coordinates":[[[[4.2064,44.872],[4.2054,44.8711],[4.1989,44.8733],[4.1971,44.8795],[4.2011,44.8783],[4.2062,44.8791],[4.2076,44.8777],[4.2171,44.8808],[4.2184,44.8796],[4.2233,44.8806],[4.2255,44.8758],[4.2331,44.8779],[4.2315,44.8748],[4.224,44.8732],[4.2148,44.8747],[4.2079,44.8777],[4.2064,44.872]]],[[[4.1861,44.9095],[4.1898,44.9036],[4.1936,44.9038],[4.1869,44.9008],[4.1855,44.8961],[4.1872,44.8904],[4.1939,44.8858],[4.1895,44.8839],[4.1872,44.8884],[4.1811,44.8871],[4.1846,44.8917],[4.1827,44.8934],[4.1809,44.891],[4.1795,44.8927],[4.1826,44.9002],[4.182,44.9084],[4.1861,44.9095]]],[[[4.199,44.9111],[4.2036,44.9089],[4.2008,44.9073],[4.1952,44.9072],[4.1978,44.9119],[4.199,44.9111]]]]}},{"type":"Feature","properties":{"id":"F19537K","nom":"Forêt communale de Sampzon","dep":"07","dom":false,"essence":"autre","substrat":"calcaire","elev":230,"slopeDeg":5.7,"aspect":352},"geometry":{"type":"Polygon","coordinates":[[[4.3292,44.3918],[4.3217,44.3929],[4.3163,44.3979],[4.3178,44.3992],[4.3163,44.4018],[4.3212,44.406],[4.3207,44.4071],[4.319,44.4068],[4.3176,44.411],[4.3154,44.4129],[4.3156,44.418],[4.319,44.4174],[4.3221,44.4187],[4.321,44.4156],[4.3233,44.4168],[4.3248,44.415],[4.3252,44.4092],[4.3274,44.4079],[4.3283,44.4075],[4.3268,44.4095],[4.3278,44.4115],[4.3303,44.4112],[4.3298,44.4077],[4.3321,44.4102],[4.3353,44.4108],[4.3392,44.4089],[4.3408,44.4055],[4.3417,44.4101],[4.3406,44.4137],[4.3451,44.4169],[4.3474,44.41],[4.3507,44.4068],[4.3415,44.4046],[4.3357,44.4008],[4.3323,44.4023],[4.3319,44.3965],[4.3292,44.3918]]]}},{"type":"Feature","properties":{"id":"F19520T","nom":"Forêt communale de Saint-Montan","dep":"07","dom":false,"essence":"autre","substrat":"calcaire","elev":322,"slopeDeg":6.6,"aspect":11},"geometry":{"type":"Polygon","coordinates":[[[4.6046,44.4135],[4.5891,44.4103],[4.5595,44.4143],[4.5638,44.418],[4.5668,44.4165],[4.5702,44.4188],[4.5755,44.4188],[4.5839,44.4225],[4.5827,44.4243],[4.5894,44.4257],[4.5919,44.4245],[4.5974,44.4255],[4.5983,44.4241],[4.6098,44.4213],[4.6076,44.4186],[4.6082,44.4177],[4.6063,44.4139],[4.6046,44.4135]]]}},{"type":"Feature","properties":{"id":"F19521U","nom":"Forêt communale de Saint-Marcel-D'Ardeche","dep":"07","dom":false,"essence":"feuillu","substrat":"calcaire","elev":247,"slopeDeg":1.9,"aspect":86},"geometry":{"type":"MultiPolygon","coordinates":[[[[4.5315,44.3235],[4.5214,44.3324],[4.5168,44.3306],[4.5167,44.3334],[4.518,44.3351],[4.5269,44.3335],[4.5325,44.3361],[4.5356,44.3358],[4.5366,44.34],[4.5379,44.3402],[4.5402,44.3447],[4.54,44.3471],[4.5457,44.3493],[4.5505,44.355],[4.562,44.3536],[4.564,44.3499],[4.5695,44.3469],[4.5679,44.3441],[4.5708,44.3462],[4.572,44.3455],[4.5706,44.3388],[4.5786,44.3344],[4.5788,44.3307],[4.5766,44.33],[4.5759,44.3272],[4.5714,44.3283],[4.5682,44.3222],[4.5613,44.318],[4.5609,44.3198],[4.5527,44.321],[4.5474,44.3266],[4.5402,44.3235],[4.5315,44.3235]]],[[[4.5717,44.3699],[4.5761,44.3663],[4.5896,44.36],[4.5816,44.3596],[4.5721,44.3616],[4.5612,44.3679],[4.5598,44.3639],[4.5562,44.3637],[4.5555,44.3708],[4.5589,44.3724],[4.5599,44.3781],[4.5574,44.3781],[4.5554,44.3833],[4.5679,44.3779],[4.5717,44.3699]]]]}},{"type":"Feature","properties":{"id":"F19522V","nom":"Forêt domaniale de la Chavade","dep":"07","dom":true,"essence":"autre","substrat":"acide","elev":685,"slopeDeg":9.9,"aspect":30},"geometry":{"type":"MultiPolygon","coordinates":[[[[4.1084,44.6412],[4.0862,44.645],[4.086,44.651],[4.0887,44.6501],[4.0906,44.6512],[4.0895,44.6502],[4.0911,44.6486],[4.0984,44.655],[4.1011,44.6544],[4.1008,44.651],[4.0977,44.6487],[4.0991,44.6476],[4.1045,44.6464],[4.1051,44.6502],[4.1077,44.6476],[4.1116,44.6478],[4.1112,44.6448],[4.1127,44.6443],[4.1163,44.6445],[4.1198,44.6466],[4.1263,44.6452],[4.126,44.65],[4.131,44.651],[4.128,44.6551],[4.1308,44.659],[4.1338,44.6574],[4.1315,44.6507],[4.1336,44.6468],[4.1422,44.6493],[4.1401,44.648],[4.1478,44.6465],[4.1467,44.6452],[4.1425,44.6449],[4.1455,44.6433],[4.1411,44.6437],[4.1418,44.6429],[4.1389,44.6394],[4.1293,44.6424],[4.1195,44.6397],[4.1084,44.6412]]],[[[4.1091,44.6907],[4.1085,44.6921],[4.1117,44.6915],[4.1156,44.6883],[4.1153,44.6862],[4.1102,44.6871],[4.1089,44.6881],[4.1109,44.6891],[4.1096,44.6899],[4.1086,44.6885],[4.1057,44.6885],[4.1054,44.6869],[4.1068,44.6865],[4.1055,44.6853],[4.1076,44.6843],[4.1121,44.6857],[4.1106,44.6841],[4.1154,44.6856],[4.1166,44.6831],[4.1151,44.6789],[4.1209,44.6775],[4.123,44.6784],[4.1241,44.6779],[4.1235,44.6758],[4.1249,44.6789],[4.1262,44.6758],[4.1212,44.6745],[4.1199,44.6756],[4.1185,44.674],[4.1168,44.6761],[4.1131,44.6761],[4.1128,44.6778],[4.1105,44.6768],[4.1085,44.6783],[4.108,44.68],[4.1093,44.6811],[4.1078,44.6838],[4.1023,44.6847],[4.102,44.686],[4.1015,44.6851],[4.0973,44.6857],[4.0988,44.6832],[4.0949,44.6836],[4.0952,44.6817],[4.0913,44.6844],[4.0933,44.6825],[4.0914,44.6819],[4.0959,44.6802],[4.094,44.6804],[4.0951,44.6795],[4.0892,44.6826],[4.0895,44.6812],[4.093,44.6798],[4.0895,44.6792],[4.0878,44.6816],[4.0839,44.6817],[4.0831,44.6799],[4.0804,44.6794],[4.0786,44.68],[4.0791,44.6824],[4.0821,44.6816],[4.0835,44.6825],[4.0748,44.6834],[4.0729,44.6854],[4.0644,44.6851],[4.063,44.6858],[4.0658,44.6876],[4.0651,44.6896],[4.061,44.6884],[4.0574,44.6889],[4.0567,44.691],[4.0524,44.6911],[4.0526,44.694],[4.054,44.6933],[4.0547,44.6946],[4.0608,44.693],[4.0659,44.6943],[4.0718,44.6908],[4.0695,44.6882],[4.0807,44.6883],[4.0873,44.6854],[4.0912,44.687],[4.0902,44.6883],[4.1091,44.6907]]],[[[4.0362,44.6768],[4.027,44.6751],[4.027,44.6774],[4.0224,44.6806],[4.0198,44.6848],[4.0215,44.6887],[4.0289,44.6879],[4.0323,44.6851],[4.0321,44.681],[4.0383,44.6836],[4.0401,44.6811],[4.0409,44.6826],[4.0426,44.6824],[4.0407,44.6765],[4.0445,44.6771],[4.0467,44.6762],[4.0457,44.676],[4.0464,44.675],[4.0494,44.6745],[4.0477,44.6719],[4.045,44.6715],[4.0441,44.6686],[4.0451,44.6655],[4.0397,44.6663],[4.0355,44.6646],[4.0329,44.665],[4.0292,44.6623],[4.0343,44.6694],[4.0344,44.6721],[4.04,44.675],[4.0427,44.6733],[4.0404,44.6731],[4.0458,44.6727],[4.0423,44.6738],[4.0407,44.6765],[4.0362,44.6768]]],[[[4.0502,44.6709],[4.0511,44.6748],[4.0548,44.6762],[4.0551,44.6743],[4.0562,44.6754],[4.0598,44.6732],[4.0607,44.675],[4.0637,44.6744],[4.0633,44.6731],[4.0609,44.6737],[4.0571,44.6707],[4.059,44.6723],[4.059,44.6694],[4.0681,44.6692],[4.0658,44.668],[4.0629,44.6692],[4.0628,44.6671],[4.0575,44.6663],[4.0593,44.6651],[4.0586,44.6638],[4.0644,44.663],[4.0704,44.6663],[4.0694,44.6645],[4.0659,44.6636],[4.0672,44.663],[4.0655,44.6617],[4.0685,44.6598],[4.0662,44.6593],[4.0643,44.6566],[4.0678,44.6564],[4.0681,44.6541],[4.0735,44.6569],[4.0748,44.6546],[4.0765,44.6563],[4.0814,44.6571],[4.0813,44.6548],[4.0793,44.6539],[4.0807,44.6524],[4.0785,44.6539],[4.0734,44.6519],[4.0716,44.6535],[4.0707,44.6521],[4.0717,44.6512],[4.0681,44.6505],[4.0624,44.6537],[4.0601,44.657],[4.0613,44.6593],[4.055,44.6633],[4.057,44.6656],[4.0556,44.6684],[4.0521,44.6667],[4.0544,44.6688],[4.0502,44.6709]]],[[[4.1584,44.6493],[4.1606,44.6478],[4.1597,44.6493],[4.1618,44.6506],[4.1675,44.6504],[4.1686,44.6474],[4.1675,44.6446],[4.1626,44.646],[4.1558,44.6455],[4.1527,44.6505],[4.156,44.6484],[4.1556,44.6496],[4.1584,44.6493]]],[[[4.0521,44.6816],[4.054,44.6809],[4.0517,44.68],[4.0524,44.6785],[4.0508,44.6784],[4.0481,44.6822],[4.0456,44.6824],[4.0501,44.6835],[4.0503,44.682],[4.0521,44.6816]]]]}},{"type":"Feature","properties":{"id":"F19527A","nom":"Forêt communale de Saint-Remeze","dep":"07","dom":false,"essence":"feuillu","substrat":"calcaire","elev":327,"slopeDeg":5.8,"aspect":141},"geometry":{"type":"MultiPolygon","coordinates":[[[[4.516,44.3402],[4.5135,44.3374],[4.5095,44.3385],[4.5092,44.3432],[4.5076,44.3443],[4.5087,44.3451],[4.5021,44.3473],[4.5,44.3452],[4.5006,44.3416],[4.4993,44.3405],[4.4958,44.3412],[4.4927,44.3398],[4.4913,44.3413],[4.4888,44.3396],[4.4803,44.3385],[4.4763,44.3446],[4.4727,44.3457],[4.468,44.3447],[4.4651,44.3423],[4.4633,44.3486],[4.4587,44.3522],[4.4664,44.3567],[4.468,44.3603],[4.4646,44.3623],[4.4597,44.3625],[4.4568,44.3674],[4.4502,44.3638],[4.4495,44.3644],[4.4556,44.3699],[4.4525,44.3691],[4.4491,44.3721],[4.4562,44.3758],[4.4531,44.3777],[4.4575,44.3798],[4.4597,44.3781],[4.46,44.3755],[4.4701,44.3743],[4.4755,44.3616],[4.4777,44.3519],[4.4879,44.3508],[4.4881,44.3488],[4.4848,44.3491],[4.4837,44.3428],[4.4864,44.3444],[4.4866,44.3466],[4.4899,44.3467],[4.4889,44.3507],[4.498,44.3499],[4.497,44.3487],[4.5037,44.3542],[4.5129,44.3498],[4.5158,44.3503],[4.5194,44.3472],[4.5205,44.3442],[4.516,44.3402]]],[[[4.4845,44.4031],[4.4826,44.4038],[4.4953,44.4071],[4.4892,44.4091],[4.4992,44.4129],[4.5077,44.4093],[4.5002,44.4083],[4.4994,44.4048],[4.4977,44.405],[4.4985,44.404],[4.4952,44.4023],[4.4934,44.4045],[4.491,44.4037],[4.4915,44.4019],[4.485,44.4],[4.4845,44.4031]]],[[[4.5064,44.3893],[4.5045,44.3881],[4.503,44.3895],[4.5057,44.3906],[4.5064,44.3893]]]]}},{"type":"Feature","properties":{"id":"F19528B","nom":"Forêt domaniale de Borée","dep":"07","dom":true,"essence":"conifere","substrat":"acide","elev":985,"slopeDeg":11,"aspect":342},"geometry":{"type":"MultiPolygon","coordinates":[[[[4.1865,44.9099],[4.1918,44.9128],[4.1978,44.9119],[4.1948,44.906],[4.1965,44.9048],[4.2005,44.905],[4.201,44.9027],[4.1973,44.9011],[4.1936,44.9038],[4.1898,44.9036],[4.1865,44.9099]]],[[[4.2117,44.8915],[4.2131,44.8941],[4.2198,44.8953],[4.2214,44.893],[4.2243,44.8927],[4.223,44.8911],[4.2237,44.8871],[4.2183,44.8871],[4.2133,44.892],[4.2117,44.8915]]],[[[4.2167,44.8967],[4.2115,44.8957],[4.2109,44.8976],[4.213,44.8979],[4.2107,44.8982],[4.2093,44.9015],[4.2127,44.903],[4.2214,44.9019],[4.2161,44.8998],[4.2167,44.8967]]],[[[4.2304,44.8981],[4.2297,44.8993],[4.2319,44.9003],[4.236,44.9005],[4.2377,44.8998],[4.2365,44.8984],[4.2379,44.8949],[4.2391,44.8949],[4.2367,44.8935],[4.2332,44.8944],[4.2321,44.8974],[4.2304,44.8981]]],[[[4.2806,44.8958],[4.2745,44.8965],[4.2778,44.898],[4.2756,44.8996],[4.2868,44.9007],[4.2882,44.8988],[4.285,44.8966],[4.2822,44.899],[4.2799,44.8977],[4.2806,44.8958]]],[[[4.2792,44.9351],[4.2829,44.9357],[4.2833,44.9332],[4.2804,44.9323],[4.2807,44.9311],[4.2758,44.9301],[4.2745,44.9321],[4.2736,44.9309],[4.2741,44.9322],[4.2718,44.9327],[4.2792,44.9351]]],[[[4.2793,44.9049],[4.2802,44.904],[4.2768,44.9013],[4.2714,44.9028],[4.271,44.905],[4.2742,44.9068],[4.2789,44.9067],[4.2793,44.9049]]],[[[4.2432,44.9018],[4.2485,44.9021],[4.2461,44.9033],[4.2516,44.9049],[4.252,44.9073],[4.2538,44.9068],[4.2523,44.9053],[4.2528,44.9041],[4.2562,44.9043],[4.2534,44.904],[4.253,44.9025],[4.2504,44.9027],[4.2509,44.9019],[4.2432,44.9018]]],[[[4.2343,44.8796],[4.2356,44.8817],[4.2377,44.8802],[4.2412,44.8805],[4.2404,44.8777],[4.236,44.8777],[4.2343,44.8796]]],[[[4.21,44.8902],[4.2072,44.8878],[4.21,44.8878],[4.2094,44.8871],[4.2037,44.8856],[4.2059,44.8841],[4.2022,44.8847],[4.2013,44.8864],[4.21,44.8902]]],[[[4.2516,44.8936],[4.2515,44.8892],[4.2465,44.8915],[4.2503,44.892],[4.2493,44.8936],[4.2516,44.8936]]],[[[4.2457,44.9099],[4.2476,44.909],[4.2459,44.9078],[4.244,44.9094],[4.2457,44.9099]]]]}},{"type":"Feature","properties":{"id":"F19533G","nom":"Forêt domaniale de l'Escrinet","dep":"07","dom":true,"essence":"conifere","substrat":"calcaire","elev":627,"slopeDeg":9.6,"aspect":241},"geometry":{"type":"MultiPolygon","coordinates":[[[[4.4595,44.6519],[4.4606,44.6532],[4.4583,44.6541],[4.4612,44.6562],[4.458,44.6568],[4.4605,44.6553],[4.4548,44.6554],[4.4539,44.654],[4.4507,44.6559],[4.4526,44.6564],[4.451,44.6585],[4.4551,44.6579],[4.4542,44.6599],[4.4566,44.6588],[4.4573,44.6608],[4.4617,44.6613],[4.4559,44.6616],[4.4574,44.6635],[4.4612,44.6626],[4.4616,44.6636],[4.4574,44.6648],[4.4589,44.6657],[4.4613,44.6648],[4.4606,44.6668],[4.4636,44.6668],[4.4597,44.6673],[4.4634,44.668],[4.4629,44.6697],[4.4654,44.6697],[4.4612,44.6709],[4.4663,44.6702],[4.4668,44.6717],[4.4706,44.6717],[4.4652,44.6631],[4.4616,44.6642],[4.465,44.6628],[4.4657,44.6606],[4.4642,44.6578],[4.4601,44.6566],[4.464,44.6569],[4.463,44.6548],[4.464,44.6529],[4.4595,44.6519]]],[[[4.4901,44.7104],[4.489,44.7107],[4.4896,44.7119],[4.4919,44.7121],[4.4919,44.7133],[4.4961,44.712],[4.4968,44.7104],[4.4927,44.7105],[4.4935,44.7079],[4.4903,44.7064],[4.4947,44.7064],[4.4955,44.7046],[4.4981,44.7043],[4.4975,44.7027],[4.4883,44.704],[4.4881,44.7011],[4.4902,44.7008],[4.489,44.6991],[4.4823,44.6961],[4.4847,44.6955],[4.4822,44.6959],[4.481,44.6942],[4.4783,44.6953],[4.4786,44.6965],[4.4807,44.6965],[4.4787,44.6974],[4.4819,44.6979],[4.483,44.6989],[4.4822,44.6997],[4.4842,44.7003],[4.4841,44.7023],[4.4821,44.7025],[4.4843,44.7027],[4.4857,44.7048],[4.4846,44.7059],[4.4885,44.7068],[4.4901,44.7104]]],[[[4.4673,44.6831],[4.468,44.6852],[4.4715,44.6839],[4.4702,44.6811],[4.4677,44.6809],[4.4702,44.6805],[4.4707,44.6776],[4.4686,44.6772],[4.4679,44.6751],[4.4709,44.6762],[4.4709,44.6745],[4.4654,44.6747],[4.4683,44.6759],[4.4672,44.6755],[4.4674,44.677],[4.4649,44.6779],[4.4674,44.6815],[4.4648,44.6827],[4.4673,44.6831]]],[[[4.4823,44.6914],[4.4813,44.6925],[4.4847,44.6938],[4.4868,44.6893],[4.4841,44.6869],[4.481,44.6868],[4.4798,44.6915],[4.4823,44.6914]]],[[[4.4592,44.6481],[4.4588,44.6465],[4.4546,44.6455],[4.4518,44.6475],[4.4537,44.6511],[4.4591,44.6511],[4.4604,44.6497],[4.4592,44.6481]]],[[[4.4719,44.6842],[4.4673,44.686],[4.4726,44.6865],[4.4715,44.6875],[4.4757,44.6853],[4.4719,44.6842]]],[[[4.4891,44.7139],[4.4865,44.7138],[4.493,44.7164],[4.4891,44.7139]]]]}},{"type":"Feature","properties":{"id":"F19539M","nom":"Forêt communale de Lagorce","dep":"07","dom":false,"essence":"autre","substrat":"calcaire","elev":223,"slopeDeg":5,"aspect":234},"geometry":{"type":"Polygon","coordinates":[[[4.4201,44.4497],[4.422,44.4507],[4.4187,44.4529],[4.4251,44.4546],[4.4271,44.4512],[4.4299,44.4514],[4.4304,44.4503],[4.4231,44.446],[4.4199,44.4479],[4.4208,44.4498],[4.4191,44.4498],[4.4201,44.4497]]]}},{"type":"Feature","properties":{"id":"F19545S","nom":"Forêt sectionale de Vernazon-Lespic","dep":"07","dom":false,"essence":"autre","substrat":"acide","elev":1262,"slopeDeg":7.9,"aspect":335},"geometry":{"type":"Polygon","coordinates":[[[4.0645,44.7335],[4.0542,44.7362],[4.0591,44.7384],[4.0619,44.7363],[4.0621,44.7379],[4.0649,44.7381],[4.0659,44.7351],[4.068,44.7368],[4.0709,44.7361],[4.0645,44.7335]]]}},{"type":"Feature","properties":{"id":"F19546T","nom":"Forêt domaniale de Devesset","dep":"07","dom":true,"essence":"autre","substrat":"acide","elev":1094,"slopeDeg":7.4,"aspect":61},"geometry":{"type":"Polygon","coordinates":[[[4.4044,45.051],[4.4037,45.0528],[4.4079,45.0529],[4.4096,45.0501],[4.4081,45.0486],[4.4053,45.0516],[4.4044,45.051]]]}},{"type":"Feature","properties":{"id":"F19543Q","nom":"Forêt communale de Rochemaure","dep":"07","dom":false,"essence":"autre","substrat":"calcaire","elev":308,"slopeDeg":10.4,"aspect":117},"geometry":{"type":"Polygon","coordinates":[[[4.6674,44.5875],[4.6717,44.5908],[4.675,44.5886],[4.6674,44.5875]]]}},{"type":"Feature","properties":{"id":"F19554B","nom":"Forêt sectionale d'Issanlas","dep":"07","dom":false,"essence":"autre","substrat":"acide","elev":1247,"slopeDeg":6.5,"aspect":328},"geometry":{"type":"Polygon","coordinates":[[[4.0437,44.7196],[4.0412,44.7182],[4.0384,44.7224],[4.043,44.7259],[4.0443,44.7248],[4.045,44.7201],[4.0437,44.7196]]]}},{"type":"Feature","properties":{"id":"F19555C","nom":"Forêt communale de Saint-Martial","dep":"07","dom":false,"essence":"conifere","substrat":"acide","elev":1361,"slopeDeg":12.3,"aspect":56},"geometry":{"type":"MultiPolygon","coordinates":[[[[4.2362,44.8314],[4.2375,44.8299],[4.2416,44.8307],[4.2424,44.8291],[4.2478,44.8291],[4.2463,44.8262],[4.2412,44.8243],[4.2339,44.828],[4.2342,44.8307],[4.2362,44.8314]]],[[[4.2286,44.845],[4.2266,44.8426],[4.2205,44.8451],[4.2225,44.8473],[4.2286,44.845]]]]}},{"type":"Feature","properties":{"id":"F19561I","nom":"Forêt communale d'Issanlas-Le-Patus","dep":"07","dom":false,"essence":"conifere","substrat":"acide","elev":1273,"slopeDeg":5.7,"aspect":43},"geometry":{"type":"MultiPolygon","coordinates":[[[[4.0143,44.7392],[4.0084,44.7422],[4.0096,44.7431],[4.012,44.7412],[4.014,44.7429],[4.0128,44.7439],[4.0173,44.7449],[4.0193,44.7431],[4.0256,44.7494],[4.0266,44.7493],[4.0258,44.7471],[4.0226,44.7446],[4.027,44.7441],[4.0242,44.7418],[4.0265,44.74],[4.0305,44.7402],[4.0184,44.7338],[4.0143,44.7392]]],[[[4.0365,44.7447],[4.0391,44.7476],[4.0282,44.7501],[4.0285,44.7512],[4.0338,44.7489],[4.04,44.7499],[4.0395,44.745],[4.0332,44.7416],[4.0353,44.743],[4.0346,44.7443],[4.0281,44.7466],[4.0292,44.7481],[4.0365,44.7447]]]]}},{"type":"Feature","properties":{"id":"F19569Q","nom":"Forêt communale de Saint-Symphorien-De-Mahun","dep":"07","dom":false,"essence":"autre","substrat":"acide","elev":1064,"slopeDeg":4.9,"aspect":317},"geometry":{"type":"Polygon","coordinates":[[[4.537,45.1775],[4.5434,45.177],[4.5453,45.1756],[4.5438,45.1754],[4.5438,45.1736],[4.5379,45.1729],[4.5364,45.1741],[4.5378,45.1771],[4.537,45.1775]]]}},{"type":"Feature","properties":{"id":"F19573U","nom":"Forêt communale de Mazan","dep":"07","dom":false,"essence":"autre","substrat":"acide","elev":1295,"slopeDeg":0.6,"aspect":138},"geometry":{"type":"MultiPolygon","coordinates":[[[[4.1333,44.6963],[4.1293,44.696],[4.1281,44.6945],[4.1266,44.6962],[4.1169,44.6928],[4.1079,44.6951],[4.112,44.6992],[4.1125,44.6981],[4.115,44.6992],[4.1155,44.7007],[4.1134,44.6996],[4.1112,44.7012],[4.112,44.7023],[4.1158,44.7019],[4.1166,44.7054],[4.1231,44.7039],[4.1253,44.7057],[4.1332,44.7018],[4.1366,44.6984],[4.1358,44.6965],[4.1333,44.6963]]],[[[4.0936,44.7386],[4.0939,44.7366],[4.0878,44.736],[4.0874,44.7339],[4.0868,44.7357],[4.0849,44.7341],[4.0838,44.738],[4.0853,44.7383],[4.0832,44.7386],[4.0912,44.7406],[4.0936,44.7386]]],[[[4.1157,44.6855],[4.1215,44.6856],[4.1233,44.6812],[4.1208,44.6829],[4.1162,44.6831],[4.1157,44.6855]]],[[[4.1047,44.7046],[4.1091,44.7041],[4.108,44.7029],[4.1022,44.7048],[4.1047,44.7046]]],[[[4.1201,44.7072],[4.1177,44.7072],[4.1172,44.7087],[4.1221,44.7071],[4.1201,44.7072]]]]}},{"type":"Feature","properties":{"id":"F19574V","nom":"Forêt communale de La-Rochette","dep":"07","dom":false,"essence":"conifere","substrat":"neutre","elev":1499,"slopeDeg":12.6,"aspect":92},"geometry":{"type":"Polygon","coordinates":[[[4.1958,44.912],[4.1898,44.9141],[4.2034,44.9249],[4.2023,44.9268],[4.2138,44.9313],[4.2113,44.9267],[4.2127,44.9206],[4.2078,44.9228],[4.2032,44.9214],[4.2059,44.917],[4.2038,44.9171],[4.2025,44.9149],[4.2108,44.9132],[4.2075,44.914],[4.2049,44.9125],[4.2067,44.9111],[4.2036,44.9089],[4.1958,44.912]]]}},{"type":"Feature","properties":{"id":"F19575W","nom":"Forêt domaniale des Volcans","dep":"07","dom":true,"essence":"conifere","substrat":"acide","elev":869,"slopeDeg":17.8,"aspect":189},"geometry":{"type":"MultiPolygon","coordinates":[[[[4.2953,44.7532],[4.3024,44.756],[4.3061,44.7537],[4.3062,44.7522],[4.3147,44.7514],[4.3165,44.7476],[4.3233,44.7481],[4.3241,44.7466],[4.3206,44.7453],[4.3166,44.7474],[4.3143,44.7455],[4.3128,44.7483],[4.3125,44.747],[4.3081,44.7468],[4.3099,44.7437],[4.3158,44.7436],[4.3164,44.7398],[4.3157,44.7371],[4.3077,44.7369],[4.3012,44.7401],[4.3028,44.7415],[4.3079,44.7406],[4.3043,44.7433],[4.3059,44.7444],[4.3049,44.7456],[4.3066,44.7472],[4.3058,44.7484],[4.3073,44.7485],[4.3059,44.7507],[4.3069,44.7516],[4.3044,44.7497],[4.3024,44.7534],[4.3,44.7536],[4.3004,44.752],[4.295,44.7516],[4.2953,44.7532]]],[[[4.2884,44.7371],[4.2891,44.7365],[4.2876,44.735],[4.29,44.7344],[4.2828,44.7332],[4.2809,44.739],[4.2774,44.7435],[4.2817,44.7477],[4.2911,44.7436],[4.2976,44.7439],[4.2965,44.7425],[4.2907,44.7424],[4.2898,44.7443],[4.2876,44.7443],[4.2877,44.7431],[4.2844,44.7451],[4.2871,44.7395],[4.286,44.7379],[4.2869,44.7375],[4.2851,44.7374],[4.2884,44.7371]]],[[[4.343,44.7108],[4.3406,44.7089],[4.3387,44.7093],[4.3372,44.7111],[4.3384,44.7123],[4.3375,44.7134],[4.3403,44.7153],[4.3439,44.7146],[4.3451,44.7115],[4.343,44.7108]]]]}},{"type":"Feature","properties":{"id":"F19577Y","nom":"Forêt communale de Saint-Laurent-Les-Bains-Laval-D'Aurelle-Laval-D'Aurelle","dep":"07","dom":false,"essence":"feuillu","substrat":"acide","elev":1127,"slopeDeg":6.2,"aspect":181},"geometry":{"type":"Polygon","coordinates":[[[3.9911,44.582],[3.9999,44.5837],[4.0007,44.5816],[3.9967,44.5794],[3.9968,44.5778],[3.9934,44.5736],[3.994,44.57],[3.9893,44.569],[3.984,44.5704],[3.9823,44.5813],[3.9862,44.5843],[3.9866,44.5821],[3.9911,44.582]]]}},{"type":"Feature","properties":{"id":"F19585G","nom":"Forêt communale de Saint-Etienne-De-Lugdares","dep":"07","dom":false,"essence":"conifere","substrat":"acide","elev":1260,"slopeDeg":4.5,"aspect":161},"geometry":{"type":"MultiPolygon","coordinates":[[[[4.0327,44.6293],[4.031,44.637],[4.0336,44.6348],[4.0346,44.6372],[4.0384,44.6383],[4.0457,44.6384],[4.0472,44.6364],[4.044,44.632],[4.0344,44.6288],[4.0327,44.6293]]],[[[3.9931,44.6644],[3.9746,44.6549],[3.9674,44.6533],[3.9704,44.6566],[3.9723,44.6559],[3.9814,44.6591],[3.9831,44.6615],[3.982,44.662],[3.9835,44.6619],[3.9873,44.666],[3.9887,44.6645],[3.9929,44.667],[3.9951,44.6662],[3.9931,44.6644]]],[[[3.9748,44.6253],[3.9742,44.6271],[3.9757,44.63],[3.9745,44.6341],[3.9761,44.6341],[3.977,44.6301],[3.9803,44.6285],[3.9748,44.6253]]],[[[3.984,44.6265],[3.9855,44.6285],[3.9878,44.6254],[3.984,44.6265]]]]}},{"type":"Feature","properties":{"id":"F19590L","nom":"Forêt communale de Gras","dep":"07","dom":false,"essence":"autre","substrat":"calcaire","elev":281,"slopeDeg":3.5,"aspect":1},"geometry":{"type":"MultiPolygon","coordinates":[[[[4.5236,44.4387],[4.5206,44.4351],[4.5219,44.4339],[4.5273,44.4367],[4.5338,44.4371],[4.5371,44.4349],[4.542,44.436],[4.5466,44.4337],[4.5429,44.4324],[4.5335,44.4326],[4.5318,44.434],[4.5154,44.4291],[4.5173,44.4337],[4.5236,44.4387]]],[[[4.5359,44.4562],[4.5291,44.4612],[4.5279,44.4627],[4.5289,44.4638],[4.5335,44.4636],[4.5368,44.4618],[4.5372,44.463],[4.5395,44.4628],[4.5423,44.4578],[4.5379,44.4554],[4.5359,44.4562]]],[[[4.5633,44.3955],[4.5704,44.3954],[4.5707,44.3882],[4.5559,44.3945],[4.5633,44.3955]]],[[[4.5144,44.4835],[4.5174,44.478],[4.5171,44.4748],[4.516,44.4793],[4.5137,44.4818],[4.5133,44.4838],[4.5144,44.4835]]],[[[4.5103,44.4519],[4.5091,44.4544],[4.5127,44.453],[4.512,44.4498],[4.5103,44.4519]]]]}},{"type":"Feature","properties":{"id":"F19592N","nom":"Forêt domaniale de Beaumont","dep":"07","dom":true,"essence":"conifere","substrat":"acide","elev":730,"slopeDeg":18.1,"aspect":304},"geometry":{"type":"MultiPolygon","coordinates":[[[[4.1423,44.5404],[4.1468,44.5423],[4.1498,44.5392],[4.1458,44.5373],[4.1426,44.5392],[4.1418,44.5375],[4.141,44.5387],[4.1423,44.5404]]],[[[4.1538,44.5457],[4.1556,44.5454],[4.1536,44.5469],[4.1566,44.5468],[4.1554,44.5474],[4.1571,44.5481],[4.161,44.5458],[4.16,44.5446],[4.1567,44.5456],[4.1597,44.5443],[4.1581,44.5432],[4.1538,44.5457]]],[[[4.1506,44.5414],[4.149,44.544],[4.1527,44.5451],[4.1546,44.5419],[4.1517,44.5402],[4.1506,44.5414]]],[[[4.1569,44.549],[4.1562,44.5496],[4.1598,44.5501],[4.1629,44.5486],[4.1619,44.5475],[4.1641,44.5473],[4.1614,44.5461],[4.1569,44.549]]]]}},{"type":"Feature","properties":{"id":"F19593O","nom":"Forêt domaniale de Bonnefoi","dep":"07","dom":true,"essence":"conifere","substrat":"acide","elev":1058,"slopeDeg":10,"aspect":111},"geometry":{"type":"MultiPolygon","coordinates":[[[[4.2296,44.8501],[4.2293,44.8548],[4.2367,44.8538],[4.2397,44.8551],[4.2387,44.8572],[4.2427,44.8597],[4.244,44.8623],[4.2447,44.861],[4.2449,44.8626],[4.2467,44.8619],[4.2495,44.8635],[4.2461,44.8601],[4.2489,44.8586],[4.2519,44.8619],[4.2576,44.8614],[4.2581,44.8638],[4.2546,44.866],[4.2573,44.8673],[4.2555,44.8703],[4.26,44.8637],[4.2616,44.8629],[4.2647,44.8649],[4.2661,44.8632],[4.2634,44.8632],[4.2625,44.8617],[4.2666,44.8606],[4.2669,44.8587],[4.2603,44.8589],[4.2581,44.8613],[4.257,44.8608],[4.2585,44.8586],[4.2537,44.8575],[4.25,44.8589],[4.2427,44.8523],[4.245,44.8503],[4.2494,44.8532],[4.2516,44.8537],[4.2528,44.8525],[4.2527,44.8535],[4.2546,44.8509],[4.2541,44.8493],[4.2564,44.8491],[4.2518,44.8465],[4.2513,44.8444],[4.2443,44.8435],[4.2433,44.8455],[4.2405,44.8457],[4.2391,44.8437],[4.2335,44.8429],[4.2305,44.8454],[4.2395,44.8491],[4.2323,44.8511],[4.2296,44.8501]]],[[[4.1877,44.8693],[4.186,44.8664],[4.1771,44.8615],[4.1729,44.8558],[4.1693,44.8572],[4.1706,44.8588],[4.1697,44.8597],[4.1627,44.8607],[4.1592,44.8634],[4.1595,44.8663],[4.1564,44.8695],[4.1572,44.8728],[4.1603,44.8739],[4.1687,44.8696],[4.1704,44.871],[4.1744,44.8703],[4.1744,44.869],[4.1779,44.8695],[4.1759,44.8671],[4.1792,44.8672],[4.1831,44.8724],[4.1765,44.8718],[4.1767,44.8728],[4.1817,44.8749],[4.1866,44.8735],[4.1869,44.8753],[4.1886,44.8714],[4.1877,44.8693]]],[[[4.1787,44.8868],[4.1827,44.8934],[4.1846,44.8917],[4.1811,44.8871],[4.1827,44.8838],[4.1858,44.8845],[4.1889,44.8802],[4.196,44.8805],[4.2,44.8791],[4.1971,44.8795],[4.1978,44.8743],[4.1916,44.8731],[4.1838,44.8782],[4.1794,44.878],[4.1774,44.882],[4.1787,44.8868]]],[[[4.2041,44.8601],[4.2011,44.859],[4.2002,44.8647],[4.2013,44.8655],[4.1945,44.8667],[4.1949,44.8677],[4.2001,44.8702],[4.2051,44.8707],[4.2076,44.8739],[4.2096,44.8723],[4.2082,44.8693],[4.2096,44.8677],[4.2142,44.8697],[4.2188,44.8677],[4.2186,44.8659],[4.2145,44.8642],[4.2096,44.8647],[4.2087,44.8635],[4.2071,44.8667],[4.204,44.8661],[4.202,44.8643],[4.2054,44.8607],[4.2041,44.8601]]],[[[4.2503,44.8706],[4.2443,44.8702],[4.2376,44.8729],[4.2334,44.8721],[4.2357,44.8699],[4.2206,44.8688],[4.216,44.8706],[4.2146,44.8727],[4.2155,44.8746],[4.2222,44.8732],[4.2298,44.8745],[4.2315,44.873],[4.2422,44.8735],[4.2503,44.8706]]],[[[4.1987,44.8567],[4.2041,44.8555],[4.2053,44.854],[4.2051,44.8499],[4.2067,44.8488],[4.2058,44.8467],[4.2005,44.847],[4.1997,44.8499],[4.197,44.8502],[4.1935,44.8574],[4.1966,44.8603],[4.1967,44.858],[4.1987,44.8567]]],[[[4.302,44.8821],[4.3005,44.8834],[4.2985,44.8826],[4.3025,44.8793],[4.2956,44.8783],[4.291,44.8829],[4.2899,44.8821],[4.2888,44.8831],[4.2881,44.8859],[4.2863,44.885],[4.2849,44.8873],[4.2836,44.8869],[4.2841,44.8893],[4.2827,44.8909],[4.2906,44.8876],[4.2908,44.8852],[4.3021,44.8849],[4.3052,44.8834],[4.302,44.8821]]],[[[4.2131,44.8519],[4.211,44.8514],[4.211,44.855],[4.2167,44.8566],[4.2212,44.8509],[4.2247,44.8506],[4.226,44.8488],[4.2306,44.8494],[4.2315,44.8469],[4.2295,44.8447],[4.2225,44.8473],[4.2192,44.847],[4.2165,44.8529],[4.2131,44.8519]]],[[[4.2109,44.8393],[4.212,44.8407],[4.2217,44.8383],[4.2233,44.8325],[4.2224,44.8306],[4.2177,44.8324],[4.2153,44.8361],[4.2119,44.8352],[4.2109,44.8393]]],[[[4.1722,44.881],[4.1769,44.8788],[4.1751,44.8762],[4.1704,44.8785],[4.1722,44.881]]]]}},{"type":"Feature","properties":{"id":"F19597S","nom":"Forêt sectionale de Beauregard","dep":"07","dom":false,"essence":"autre","substrat":"acide","elev":1253,"slopeDeg":5.3,"aspect":327},"geometry":{"type":"Polygon","coordinates":[[[4.0407,44.7181],[4.0406,44.7181],[4.0406,44.7181],[4.0405,44.7181],[4.0404,44.7181],[4.0404,44.7181],[4.0377,44.7225],[4.0378,44.7225],[4.0384,44.7226],[4.0384,44.7224],[4.0385,44.7223],[4.0412,44.7182],[4.0412,44.7182],[4.041,44.7182],[4.041,44.7182],[4.0409,44.7181],[4.0409,44.7181],[4.0409,44.7181],[4.0408,44.7181],[4.0408,44.7181],[4.0407,44.7181],[4.0407,44.7181]]]}},{"type":"Feature","properties":{"id":"F24112J","nom":"Forêt de Ranc-Bardon","dep":"07","dom":false,"essence":"conifere","substrat":"acide","elev":913,"slopeDeg":17.7,"aspect":315},"geometry":{"type":"Polygon","coordinates":[[[4.3886,44.8763],[4.3887,44.879],[4.3927,44.8789],[4.3955,44.8758],[4.3961,44.8715],[4.3916,44.8704],[4.3896,44.8751],[4.3877,44.8744],[4.3909,44.8703],[4.3892,44.8703],[4.385,44.8761],[4.3862,44.8771],[4.3886,44.8763]]]}},{"type":"Feature","properties":{"id":"F19600V","nom":"Forêt communale de Saint-Sauveur-Cruzieres","dep":"07","dom":false,"essence":"feuillu","substrat":"calcaire","elev":156,"slopeDeg":2.6,"aspect":304},"geometry":{"type":"MultiPolygon","coordinates":[[[[4.2458,44.3201],[4.2477,44.3228],[4.2522,44.3224],[4.2538,44.3256],[4.2559,44.3238],[4.2633,44.3254],[4.2656,44.3224],[4.2616,44.3175],[4.2523,44.3143],[4.2448,44.3145],[4.2431,44.3175],[4.2458,44.3201]]],[[[4.2318,44.2906],[4.2218,44.2852],[4.2192,44.2896],[4.224,44.2928],[4.2265,44.2928],[4.2259,44.2951],[4.2374,44.2981],[4.2357,44.2965],[4.2386,44.2957],[4.2318,44.2906]]],[[[4.2648,44.3143],[4.2614,44.3094],[4.2588,44.3087],[4.2559,44.3056],[4.248,44.3057],[4.2528,44.3075],[4.2518,44.3101],[4.261,44.313],[4.2639,44.3158],[4.2655,44.3155],[4.2648,44.3143]]]]}},{"type":"Feature","properties":{"id":"F19601W","nom":"Forêt domaniale de Saint-Andéol-Fourchades","dep":"07","dom":true,"essence":"conifere","substrat":"acide","elev":978,"slopeDeg":4.3,"aspect":165},"geometry":{"type":"MultiPolygon","coordinates":[[[[4.2556,44.8227],[4.2604,44.8248],[4.2601,44.8219],[4.2617,44.8228],[4.2642,44.8198],[4.261,44.8202],[4.2584,44.8183],[4.2646,44.8158],[4.2674,44.8164],[4.2679,44.8198],[4.2752,44.8252],[4.2828,44.8192],[4.2875,44.8194],[4.2873,44.8173],[4.2846,44.8167],[4.2825,44.8178],[4.2827,44.8161],[4.2792,44.8142],[4.2678,44.8164],[4.2632,44.8143],[4.2548,44.8177],[4.2471,44.8165],[4.252,44.8218],[4.2556,44.8227]]],[[[4.3162,44.848],[4.3152,44.8478],[4.3163,44.8493],[4.3148,44.8502],[4.3162,44.8521],[4.3195,44.8529],[4.3223,44.8514],[4.3224,44.8531],[4.3262,44.8528],[4.327,44.8506],[4.3252,44.8486],[4.3272,44.8477],[4.323,44.8463],[4.3239,44.8443],[4.3192,44.8471],[4.3181,44.8463],[4.3178,44.8483],[4.3162,44.848]]],[[[4.2737,44.8331],[4.2741,44.8304],[4.2721,44.8292],[4.2693,44.8307],[4.2686,44.8333],[4.2727,44.8335],[4.271,44.8348],[4.2673,44.8339],[4.2694,44.8369],[4.2675,44.8374],[4.266,44.8405],[4.2669,44.8414],[4.2702,44.8399],[4.2715,44.8404],[4.2699,44.841],[4.2706,44.8429],[4.274,44.8423],[4.2747,44.8401],[4.2726,44.8398],[4.2744,44.8383],[4.2728,44.8376],[4.2741,44.8363],[4.2737,44.8331]]],[[[4.2929,44.8219],[4.2916,44.8243],[4.297,44.8247],[4.2972,44.826],[4.3015,44.8262],[4.3033,44.8245],[4.3013,44.8233],[4.3005,44.8204],[4.2968,44.8211],[4.2946,44.8199],[4.2961,44.8177],[4.2908,44.8182],[4.2929,44.8219]]],[[[4.3006,44.8124],[4.2996,44.8121],[4.2994,44.8155],[4.3016,44.817],[4.3054,44.8168],[4.3066,44.8178],[4.3057,44.8193],[4.3112,44.8198],[4.3071,44.8176],[4.31,44.8162],[4.3083,44.8166],[4.3061,44.8148],[4.3089,44.8131],[4.3077,44.8096],[4.3044,44.8112],[4.3045,44.8138],[4.3006,44.8124]]],[[[4.2914,44.8358],[4.2943,44.835],[4.2914,44.8336],[4.285,44.8366],[4.2851,44.839],[4.2924,44.8388],[4.2895,44.8364],[4.2914,44.8358]]],[[[4.3013,44.8506],[4.2998,44.8489],[4.2976,44.8498],[4.296,44.8536],[4.2927,44.8536],[4.2964,44.8573],[4.2955,44.8553],[4.2969,44.8529],[4.3007,44.8524],[4.3013,44.8506]]]]}},{"type":"Feature","properties":{"id":"F19608D","nom":"Forêt communale du Monestier","dep":"07","dom":false,"essence":"autre","substrat":"acide","elev":964,"slopeDeg":16.6,"aspect":42},"geometry":{"type":"Polygon","coordinates":[[[4.5034,45.1913],[4.4972,45.192],[4.4947,45.1904],[4.4866,45.1917],[4.4842,45.1939],[4.4852,45.1914],[4.4839,45.1902],[4.4806,45.1931],[4.4822,45.1949],[4.4784,45.1985],[4.483,45.2005],[4.4852,45.1989],[4.4839,45.1977],[4.4885,45.1974],[4.4921,45.1986],[4.492,45.2003],[4.4871,45.201],[4.4948,45.2029],[4.4962,45.2018],[4.4937,45.1987],[4.4955,45.198],[4.4994,45.1996],[4.5059,45.1953],[4.5066,45.193],[4.5034,45.1913]]]}},{"type":"Feature","properties":{"id":"F19611G","nom":"Forêt communale de Cros-De-Georand","dep":"07","dom":false,"essence":"conifere","substrat":"acide","elev":1322,"slopeDeg":1.9,"aspect":254},"geometry":{"type":"MultiPolygon","coordinates":[[[[4.1609,44.8469],[4.176,44.8509],[4.1802,44.8416],[4.1779,44.8427],[4.1714,44.8422],[4.1676,44.8442],[4.163,44.8416],[4.1658,44.8383],[4.1622,44.8371],[4.158,44.8379],[4.1574,44.8403],[4.151,44.8448],[4.1509,44.8463],[4.1556,44.8454],[4.1553,44.8433],[4.1614,44.8428],[4.1624,44.8448],[4.1609,44.8469]]],[[[4.1428,44.7669],[4.1346,44.7701],[4.134,44.7709],[4.1357,44.772],[4.1326,44.7728],[4.1327,44.7747],[4.129,44.7749],[4.127,44.7779],[4.1227,44.7786],[4.1246,44.7805],[4.1285,44.7803],[4.1321,44.7772],[4.1379,44.7775],[4.1386,44.7761],[4.1459,44.7753],[4.1428,44.7728],[4.1467,44.769],[4.1395,44.7703],[4.14,44.7681],[4.1428,44.7669]]],[[[4.1339,44.8145],[4.1349,44.8131],[4.1421,44.8124],[4.1405,44.8074],[4.1315,44.8082],[4.1325,44.8092],[4.1291,44.8108],[4.13,44.812],[4.1282,44.8116],[4.1262,44.8137],[4.1313,44.8143],[4.1325,44.8167],[4.1326,44.8146],[4.1339,44.8145]]],[[[4.1104,44.8103],[4.1056,44.8105],[4.1025,44.8138],[4.1049,44.8184],[4.1104,44.8167],[4.1117,44.818],[4.1168,44.8169],[4.1171,44.8155],[4.1118,44.8135],[4.106,44.8161],[4.1048,44.8134],[4.1104,44.8103]]],[[[4.0946,44.7909],[4.0988,44.7921],[4.0996,44.7897],[4.1019,44.7901],[4.1019,44.7889],[4.0981,44.7896],[4.0971,44.7881],[4.1016,44.7879],[4.1013,44.787],[4.0931,44.7855],[4.0961,44.7878],[4.0876,44.7903],[4.0901,44.7915],[4.0946,44.7909]]],[[[4.1454,44.7986],[4.1455,44.8006],[4.1479,44.7987],[4.1459,44.7966],[4.1427,44.7967],[4.1437,44.7985],[4.1454,44.7986]]],[[[4.1389,44.7913],[4.1409,44.7955],[4.1425,44.7938],[4.1412,44.7907],[4.1392,44.7895],[4.1389,44.7913]]]]}},{"type":"Feature","properties":{"id":"F19623S","nom":"Forêt communale de Saint-Alban D'Ay","dep":"07","dom":false,"essence":"conifere","substrat":"acide","elev":516,"slopeDeg":10.5,"aspect":137},"geometry":{"type":"MultiPolygon","coordinates":[[[[4.6412,45.2063],[4.6426,45.2051],[4.6373,45.2002],[4.6326,45.2024],[4.6381,45.2061],[4.6412,45.2063]]],[[[4.6345,45.1811],[4.6367,45.1824],[4.6378,45.179],[4.6358,45.1782],[4.6334,45.1808],[4.6345,45.1811]]]]}},{"type":"Feature","properties":{"id":"F19618N","nom":"Forêt domaniale du Tanargue","dep":"07","dom":true,"essence":"autre","substrat":"acide","elev":1385,"slopeDeg":7,"aspect":4},"geometry":{"type":"MultiPolygon","coordinates":[[[[4.1857,44.6127],[4.1959,44.6122],[4.2013,44.6142],[4.2029,44.6131],[4.1979,44.6095],[4.197,44.6123],[4.1975,44.609],[4.1956,44.609],[4.197,44.6079],[4.196,44.6074],[4.1986,44.6074],[4.1987,44.6026],[4.1957,44.6034],[4.195,44.6016],[4.1945,44.6038],[4.1941,44.602],[4.195,44.6016],[4.194,44.6005],[4.1952,44.6003],[4.1977,44.6028],[4.2018,44.6013],[4.2005,44.5998],[4.1985,44.6002],[4.1979,44.5986],[4.2009,44.597],[4.1997,44.5911],[4.1973,44.5977],[4.1978,44.5939],[4.1962,44.5966],[4.1945,44.5959],[4.1952,44.5939],[4.1943,44.5935],[4.1918,44.5951],[4.1949,44.5987],[4.1939,44.6],[4.1878,44.594],[4.1893,44.5942],[4.1895,44.5923],[4.1878,44.5922],[4.1858,44.5947],[4.1867,44.597],[4.1837,44.5957],[4.1813,44.5971],[4.1784,44.6036],[4.1764,44.6044],[4.177,44.6061],[4.1731,44.6082],[4.1713,44.6126],[4.1575,44.6121],[4.1556,44.6113],[4.1566,44.6074],[4.1539,44.6065],[4.1517,44.6074],[4.1529,44.6072],[4.1534,44.6094],[4.1506,44.6133],[4.1478,44.612],[4.1485,44.6104],[4.1509,44.6106],[4.1426,44.6085],[4.1446,44.6078],[4.1445,44.6064],[4.1448,44.6075],[4.148,44.607],[4.1438,44.6064],[4.1431,44.6043],[4.1405,44.6054],[4.1408,44.6038],[4.1385,44.6056],[4.1373,44.6044],[4.1375,44.6011],[4.1332,44.6009],[4.1326,44.6061],[4.1277,44.6028],[4.1282,44.6017],[4.1261,44.6037],[4.128,44.6019],[4.1266,44.6015],[4.128,44.6007],[4.1267,44.5995],[4.1237,44.6004],[4.1241,44.6014],[4.1229,44.601],[4.1205,44.604],[4.1198,44.6014],[4.12,44.6064],[4.1202,44.6043],[4.1229,44.6036],[4.1202,44.6055],[4.1202,44.608],[4.1241,44.6092],[4.1258,44.6126],[4.1248,44.6158],[4.1243,44.6125],[4.1233,44.6124],[4.117,44.6165],[4.1186,44.6231],[4.1226,44.6232],[4.1209,44.6213],[4.1226,44.6207],[4.1248,44.6232],[4.1253,44.6219],[4.1285,44.6232],[4.1306,44.6224],[4.1311,44.6236],[4.1311,44.6194],[4.1326,44.6193],[4.1337,44.6234],[4.137,44.6219],[4.1368,44.6239],[4.1452,44.6245],[4.1456,44.6269],[4.1478,44.6276],[4.1504,44.6275],[4.1494,44.622],[4.155,44.6218],[4.1552,44.6269],[4.1587,44.6265],[4.1625,44.6205],[4.1685,44.6237],[4.1679,44.6229],[4.1712,44.62],[4.1696,44.6187],[4.1713,44.6181],[4.1742,44.6201],[4.1697,44.6221],[4.1717,44.6248],[4.1734,44.6227],[4.172,44.6216],[4.1746,44.6216],[4.1757,44.6234],[4.1738,44.6236],[4.1753,44.6253],[4.1766,44.6252],[4.1761,44.6233],[4.1802,44.6255],[4.1831,44.6252],[4.1828,44.6244],[4.1877,44.6261],[4.1892,44.6249],[4.1824,44.6208],[4.1859,44.6208],[4.1893,44.6236],[4.1902,44.6214],[4.1888,44.6201],[4.1939,44.6208],[4.192,44.615],[4.1939,44.6135],[4.1858,44.6128],[4.1872,44.616],[4.1852,44.613],[4.1804,44.6131],[4.1835,44.6142],[4.1834,44.6156],[4.1854,44.6153],[4.1838,44.6162],[4.1866,44.6162],[4.1837,44.6168],[4.1859,44.6169],[4.1833,44.6173],[4.1838,44.619],[4.182,44.6161],[4.1791,44.6156],[4.1802,44.6122],[4.1857,44.6127]]],[[[4.0827,44.6045],[4.0806,44.6043],[4.0823,44.6002],[4.0776,44.6028],[4.0732,44.6015],[4.0713,44.6046],[4.0694,44.6011],[4.0673,44.6033],[4.0654,44.5984],[4.0645,44.6031],[4.0619,44.6033],[4.0638,44.6069],[4.0736,44.6071],[4.0782,44.6106],[4.0794,44.6091],[4.0799,44.6115],[4.0826,44.6126],[4.083,44.615],[4.0861,44.6153],[4.0842,44.6195],[4.0896,44.6258],[4.0895,44.6293],[4.0945,44.6324],[4.0984,44.6305],[4.0921,44.6301],[4.0987,44.6303],[4.1023,44.6288],[4.103,44.6309],[4.1048,44.6286],[4.1095,44.6272],[4.1144,44.6219],[4.1175,44.6214],[4.1162,44.6169],[4.1128,44.6167],[4.1203,44.6137],[4.1204,44.6107],[4.1172,44.6058],[4.1159,44.6061],[4.1148,44.6018],[4.1125,44.6041],[4.107,44.6031],[4.1065,44.6069],[4.103,44.6039],[4.1017,44.6066],[4.0999,44.6063],[4.1055,44.5998],[4.1012,44.6014],[4.0972,44.6004],[4.0951,44.6039],[4.0938,44.6017],[4.0947,44.6004],[4.0897,44.602],[4.088,44.5987],[4.0851,44.6021],[4.0864,44.6057],[4.0849,44.6061],[4.0858,44.6052],[4.0835,44.6026],[4.0827,44.6045],[4.0836,44.6036],[4.085,44.6058],[4.0827,44.6045]]],[[[4.1948,44.5836],[4.1981,44.5877],[4.2024,44.5896],[4.2037,44.5888],[4.2008,44.59],[4.2026,44.5912],[4.2069,44.5907],[4.204,44.592],[4.207,44.5967],[4.2066,44.5986],[4.2044,44.5999],[4.2042,44.5945],[4.2013,44.593],[4.204,44.6],[4.2124,44.5992],[4.2169,44.5968],[4.2148,44.5955],[4.2173,44.5938],[4.2166,44.5919],[4.2188,44.5886],[4.2055,44.5853],[4.2028,44.5833],[4.1948,44.5836]]],[[[4.1008,44.6379],[4.0998,44.6397],[4.1006,44.6423],[4.1169,44.6405],[4.1191,44.6397],[4.12,44.6344],[4.119,44.6338],[4.1187,44.6352],[4.1172,44.6339],[4.1178,44.6354],[4.1119,44.637],[4.1126,44.6363],[4.109,44.6358],[4.1078,44.6343],[4.1062,44.6364],[4.1028,44.6355],[4.1008,44.6379]]],[[[4.1278,44.6418],[4.1295,44.6423],[4.1293,44.6354],[4.1237,44.6401],[4.1262,44.6412],[4.1294,44.6387],[4.1278,44.6418]]],[[[4.1394,44.6359],[4.138,44.6394],[4.1409,44.639],[4.1407,44.6342],[4.1394,44.6359]]],[[[4.1698,44.6074],[4.1681,44.6058],[4.1644,44.6089],[4.1693,44.6086],[4.1698,44.6074]]],[[[4.0969,44.6338],[4.099,44.6335],[4.0987,44.6345],[4.1022,44.6319],[4.0984,44.6321],[4.0969,44.6338]]],[[[4.1442,44.599],[4.1433,44.5982],[4.1425,44.5998],[4.1441,44.599],[4.1435,44.6004],[4.1453,44.5998],[4.1465,44.6013],[4.1456,44.5974],[4.1436,44.5971],[4.1442,44.599]]]]}},{"type":"Feature","properties":{"id":"F19619O","nom":"Forêt communale de Saint-Martin-De-Valamas","dep":"07","dom":false,"essence":"conifere","substrat":"neutre","elev":894,"slopeDeg":4.8,"aspect":160},"geometry":{"type":"Polygon","coordinates":[[[4.288,44.8986],[4.2868,44.9007],[4.2813,44.9001],[4.2827,44.9016],[4.281,44.9064],[4.282,44.9055],[4.2856,44.9065],[4.2862,44.9053],[4.286,44.9066],[4.2874,44.907],[4.2886,44.904],[4.2908,44.9044],[4.2904,44.9029],[4.2884,44.9031],[4.2883,44.9013],[4.2897,44.9006],[4.2881,44.899],[4.2901,44.8967],[4.2881,44.8961],[4.2882,44.894],[4.2854,44.8939],[4.2853,44.8973],[4.2866,44.8969],[4.288,44.8986]]]}},{"type":"Feature","properties":{"id":"F19626V","nom":"Forêt communale d'Ucel","dep":"07","dom":false,"essence":"feuillu","substrat":"calcaire","elev":321,"slopeDeg":2.7,"aspect":160},"geometry":{"type":"Polygon","coordinates":[[[4.3949,44.6575],[4.3925,44.6542],[4.3895,44.6561],[4.3924,44.659],[4.3949,44.6575]]]}},{"type":"Feature","properties":{"id":"F19627W","nom":"Forêt domaniale de la Fontaulière","dep":"07","dom":true,"essence":"mixte","substrat":"acide","elev":889,"slopeDeg":11.7,"aspect":144},"geometry":{"type":"MultiPolygon","coordinates":[[[[4.2094,44.7],[4.2088,44.7015],[4.2128,44.7032],[4.2137,44.7008],[4.2148,44.7024],[4.2167,44.7019],[4.2175,44.7037],[4.217,44.701],[4.2209,44.7005],[4.2233,44.6976],[4.2207,44.6965],[4.2238,44.6964],[4.2238,44.6946],[4.221,44.6936],[4.219,44.6893],[4.2188,44.6922],[4.2175,44.6922],[4.2176,44.6906],[4.2158,44.6916],[4.2162,44.6933],[4.2135,44.6922],[4.2145,44.6937],[4.2128,44.6965],[4.2116,44.695],[4.2068,44.6952],[4.2094,44.7]]],[[[4.1575,44.7237],[4.1651,44.7265],[4.1655,44.7244],[4.1687,44.7228],[4.1683,44.7208],[4.1712,44.7191],[4.1714,44.7171],[4.1699,44.7146],[4.1682,44.715],[4.1691,44.7141],[4.1663,44.711],[4.1648,44.7133],[4.167,44.7145],[4.1647,44.7167],[4.1655,44.718],[4.1644,44.7205],[4.1643,44.7191],[4.1623,44.7204],[4.1615,44.7174],[4.1595,44.7191],[4.1563,44.7176],[4.1519,44.7199],[4.1571,44.7219],[4.1575,44.7237]]],[[[4.1817,44.7363],[4.1774,44.7343],[4.177,44.7315],[4.1796,44.7295],[4.1826,44.7299],[4.1866,44.7338],[4.1856,44.7318],[4.1889,44.7312],[4.1882,44.7281],[4.1918,44.7277],[4.1903,44.7268],[4.1909,44.7257],[4.1877,44.7254],[4.1892,44.7221],[4.1849,44.7256],[4.1813,44.7252],[4.1794,44.728],[4.1758,44.7286],[4.1755,44.7325],[4.1715,44.7314],[4.1735,44.7301],[4.1703,44.7309],[4.1729,44.7335],[4.1707,44.7347],[4.1713,44.737],[4.1737,44.7358],[4.1817,44.7373],[4.1817,44.7363]]]]}},{"type":"Feature","properties":{"id":"F19637G","nom":"Forêt communale de Saint-Paul-De-Tartas","dep":"07","dom":false,"essence":"feuillu","substrat":"acide","elev":1147,"slopeDeg":6,"aspect":132},"geometry":{"type":"MultiPolygon","coordinates":[[[[4.0113,44.6744],[4.0238,44.6791],[4.0262,44.6763],[4.0213,44.6672],[4.0152,44.6685],[4.0121,44.6712],[4.0113,44.6744]]],[[[4.0338,44.7164],[4.0451,44.7108],[4.0393,44.7108],[4.0373,44.7083],[4.0347,44.7077],[4.0354,44.7087],[4.0302,44.7125],[4.0338,44.7164]]]]}},{"type":"Feature","properties":{"id":"F19638H","nom":"Forêt communale de Saint-Andeol-De-Berg","dep":"07","dom":false,"essence":"feuillu","substrat":"calcaire","elev":506,"slopeDeg":6,"aspect":247},"geometry":{"type":"MultiPolygon","coordinates":[[[[4.5546,44.5485],[4.5549,44.5471],[4.5535,44.5473],[4.5547,44.5432],[4.5405,44.538],[4.5353,44.5386],[4.5348,44.5402],[4.5362,44.5417],[4.5418,44.5438],[4.5404,44.5463],[4.5434,44.5511],[4.5453,44.5502],[4.5528,44.5518],[4.5546,44.5485]]],[[[4.5415,44.5352],[4.5344,44.5281],[4.5309,44.5266],[4.5298,44.5312],[4.5335,44.5359],[4.5427,44.5382],[4.5415,44.5352]]]]}},{"type":"Feature","properties":{"id":"F19639I","nom":"Forêt domaniale des Gravières","dep":"07","dom":true,"essence":"mixte","substrat":"acide","elev":633,"slopeDeg":20,"aspect":71},"geometry":{"type":"MultiPolygon","coordinates":[[[[4.0516,44.4162],[4.0505,44.4167],[4.0519,44.4209],[4.0541,44.4214],[4.0559,44.4196],[4.0579,44.4204],[4.0541,44.415],[4.055,44.4197],[4.0516,44.4162]]],[[[4.0865,44.4044],[4.0863,44.4062],[4.0876,44.4068],[4.0891,44.4063],[4.0876,44.4036],[4.0901,44.4033],[4.0874,44.4028],[4.0832,44.397],[4.0854,44.4019],[4.0867,44.4021],[4.0865,44.4044]]],[[[4.0468,44.422],[4.0463,44.4216],[4.0455,44.421],[4.0456,44.421],[4.0449,44.4202],[4.044,44.4193],[4.0438,44.419],[4.0433,44.4185],[4.0428,44.4185],[4.0423,44.4183],[4.0438,44.4204],[4.0438,44.4204],[4.0446,44.4213],[4.0463,44.4222],[4.0463,44.4222],[4.0463,44.4223],[4.0469,44.4225],[4.0469,44.4226],[4.0469,44.4226],[4.047,44.4224],[4.0466,44.4222],[4.0465,44.4222],[4.0467,44.4221],[4.0468,44.422]]]]}},{"type":"Feature","properties":{"id":"F19640J","nom":"Forêt domaniale des Chambons","dep":"07","dom":true,"essence":"conifere","substrat":"acide","elev":1217,"slopeDeg":10.5,"aspect":332},"geometry":{"type":"MultiPolygon","coordinates":[[[[4.0883,44.6304],[4.086,44.626],[4.0888,44.6262],[4.0891,44.6249],[4.0842,44.6195],[4.0764,44.6222],[4.0769,44.6152],[4.0752,44.616],[4.0755,44.6144],[4.072,44.6121],[4.0731,44.6095],[4.0714,44.6077],[4.0682,44.6071],[4.0582,44.611],[4.0504,44.6084],[4.0498,44.6103],[4.0394,44.611],[4.0414,44.6137],[4.037,44.6156],[4.0388,44.6197],[4.0408,44.6192],[4.0472,44.6229],[4.0493,44.6222],[4.0498,44.6238],[4.047,44.6252],[4.0384,44.625],[4.0364,44.6272],[4.0472,44.6284],[4.0477,44.627],[4.0533,44.6254],[4.0541,44.6234],[4.0576,44.6247],[4.0571,44.6266],[4.0548,44.6278],[4.0566,44.6288],[4.0565,44.6302],[4.0537,44.6313],[4.0531,44.6301],[4.0502,44.6341],[4.0586,44.6335],[4.0628,44.6357],[4.0677,44.6358],[4.0878,44.6355],[4.0941,44.6336],[4.0888,44.6309],[4.0881,44.6325],[4.0883,44.6304]]],[[[4.0377,44.6463],[4.0392,44.646],[4.0409,44.6495],[4.0439,44.6499],[4.0429,44.6505],[4.0466,44.6516],[4.0484,44.65],[4.0606,44.653],[4.0654,44.6518],[4.0677,44.6496],[4.0668,44.647],[4.0701,44.6433],[4.083,44.6438],[4.0873,44.6432],[4.0887,44.6415],[4.085,44.6385],[4.0783,44.6376],[4.0761,44.6356],[4.075,44.6381],[4.0726,44.637],[4.0713,44.6409],[4.069,44.6399],[4.0672,44.6409],[4.0662,44.6444],[4.059,44.6423],[4.0587,44.6403],[4.052,44.6426],[4.0483,44.6487],[4.0469,44.6473],[4.044,44.6494],[4.0453,44.6466],[4.0403,44.6448],[4.0378,44.6446],[4.0377,44.6463]]],[[[4.0341,44.6457],[4.0364,44.6461],[4.0365,44.6445],[4.0319,44.6448],[4.0341,44.6457]]]]}},{"type":"Feature","properties":{"id":"F19643M","nom":"Forêt communale de Bourg-Saint-Andeol","dep":"07","dom":false,"essence":"feuillu","substrat":"calcaire","elev":351,"slopeDeg":4.6,"aspect":109},"geometry":{"type":"Polygon","coordinates":[[[4.5996,44.4122],[4.6056,44.4139],[4.6125,44.4106],[4.614,44.408],[4.6173,44.4075],[4.6211,44.4096],[4.6276,44.4086],[4.6269,44.4059],[4.6292,44.4038],[4.6226,44.405],[4.6168,44.3997],[4.6116,44.3986],[4.6129,44.3962],[4.6118,44.3961],[4.6175,44.3902],[4.6098,44.3888],[4.614,44.3833],[4.6148,44.3754],[4.6127,44.3765],[4.6135,44.374],[4.6089,44.3733],[4.617,44.3669],[4.6135,44.3676],[4.6115,44.3651],[4.6136,44.3641],[4.6044,44.3594],[4.5975,44.3603],[4.5918,44.3588],[4.5761,44.3663],[4.5709,44.371],[4.5659,44.3822],[4.5707,44.3882],[4.5704,44.3954],[4.5679,44.3958],[4.5655,44.3985],[4.5633,44.4059],[4.5594,44.411],[4.5594,44.4135],[4.5616,44.4146],[4.5686,44.4124],[4.5891,44.4103],[4.5996,44.4122]]]}},{"type":"Feature","properties":{"id":"F24628F","nom":"Forêt communale de Saint-Jean-Chambre","dep":"07","dom":false,"essence":"conifere","substrat":"acide","elev":812,"slopeDeg":1.4,"aspect":119},"geometry":{"type":"MultiPolygon","coordinates":[[[[4.5512,44.9095],[4.55,44.9097],[4.551,44.9075],[4.549,44.9081],[4.5478,44.907],[4.5452,44.9076],[4.5447,44.9102],[4.5475,44.9115],[4.5512,44.9095]]],[[[4.5546,44.9081],[4.5561,44.9066],[4.5551,44.9055],[4.552,44.9081],[4.5546,44.9081]]]]}},{"type":"Feature","properties":{"id":"F20831E","nom":"Forêt du C.C.A.S. De Saint-Agrève","dep":"07","dom":false,"essence":"conifere","substrat":"acide","elev":931,"slopeDeg":3,"aspect":58},"geometry":{"type":"MultiPolygon","coordinates":[[[[4.4175,44.992],[4.4203,44.9914],[4.4214,44.9885],[4.4195,44.9884],[4.4204,44.9894],[4.419,44.99],[4.4178,44.9884],[4.4144,44.9929],[4.4175,44.992]]],[[[4.4146,45.0065],[4.4136,45.0072],[4.4174,45.008],[4.4189,45.0055],[4.4146,45.0065]]]]}},{"type":"Feature","properties":{"id":"F28961W","nom":"Forêt communale de Lentillères","dep":"07","dom":false,"essence":"autre","substrat":"acide","elev":685,"slopeDeg":6.8,"aspect":69},"geometry":{"type":"MultiPolygon","coordinates":[[[[4.2741,44.612],[4.2757,44.6091],[4.2701,44.611],[4.2741,44.612]]],[[[4.2681,44.6099],[4.2694,44.6097],[4.2663,44.6094],[4.2658,44.6118],[4.2679,44.6123],[4.2693,44.611],[4.267,44.6097],[4.2681,44.6099]]]]}},{"type":"Feature","properties":{"id":"F30641M","nom":"Forêt départementale de Gombert","dep":"07","dom":false,"essence":"autre","substrat":"acide","elev":1070,"slopeDeg":7.5,"aspect":32},"geometry":{"type":"Polygon","coordinates":[[[4.2555,44.8293],[4.2532,44.8311],[4.2479,44.8308],[4.251,44.8347],[4.2564,44.8346],[4.2534,44.837],[4.2564,44.8346],[4.2581,44.8354],[4.2544,44.8375],[4.26,44.8343],[4.2555,44.8293]]]}},{"type":"Feature","properties":{"id":"F28962X","nom":"Forêt communale d'Ajoux","dep":"07","dom":false,"essence":"autre","substrat":"acide","elev":833,"slopeDeg":5.4,"aspect":42},"geometry":{"type":"MultiPolygon","coordinates":[[[[4.4592,44.7574],[4.4601,44.759],[4.469,44.7606],[4.4652,44.7558],[4.4592,44.7574]]],[[[4.4725,44.7508],[4.4662,44.7501],[4.4674,44.752],[4.4725,44.7508]]]]}},{"type":"Feature","properties":{"id":"F29128H","nom":"Forêt du Parc D'Issamoulenc","dep":"07","dom":false,"essence":"autre","substrat":"acide","elev":725,"slopeDeg":7.9,"aspect":165},"geometry":{"type":"MultiPolygon","coordinates":[[[[4.4789,44.7799],[4.4776,44.7799],[4.4788,44.7788],[4.4772,44.7783],[4.4738,44.7829],[4.4741,44.7814],[4.4722,44.7808],[4.467,44.7817],[4.4644,44.7806],[4.4616,44.7813],[4.4611,44.783],[4.4629,44.7819],[4.4633,44.7844],[4.4663,44.7855],[4.4653,44.7837],[4.469,44.7846],[4.474,44.7836],[4.477,44.7812],[4.4779,44.7823],[4.476,44.7831],[4.4786,44.7829],[4.4782,44.7809],[4.4799,44.7802],[4.4789,44.7799]]],[[[4.4663,44.7976],[4.464,44.7981],[4.4649,44.7985],[4.464,44.7999],[4.47,44.7988],[4.4674,44.795],[4.4663,44.7976]]]]}},{"type":"Feature","properties":{"id":"F31136N","nom":"Forêt communale de Coucouron","dep":"07","dom":false,"essence":"conifere","substrat":"neutre","elev":1122,"slopeDeg":2.8,"aspect":347},"geometry":{"type":"MultiPolygon","coordinates":[[[[3.9439,44.8048],[3.9436,44.806],[3.9455,44.8057],[3.9455,44.8013],[3.9478,44.7993],[3.9464,44.7989],[3.9477,44.7977],[3.946,44.7966],[3.9414,44.8],[3.9416,44.8031],[3.9423,44.8044],[3.945,44.8041],[3.9439,44.8048]]],[[[3.9394,44.7994],[3.9414,44.7994],[3.939,44.7977],[3.9425,44.7968],[3.9411,44.7966],[3.9422,44.7938],[3.9386,44.7942],[3.9373,44.7975],[3.9394,44.7994]]],[[[3.9682,44.8092],[3.9689,44.8075],[3.9657,44.8069],[3.9635,44.8091],[3.9682,44.8092]]],[[[3.9614,44.797],[3.9639,44.7979],[3.9669,44.7964],[3.9629,44.7959],[3.9614,44.797]]]]}},{"type":"Feature","properties":{"id":"F49233O","nom":"Forêt communale de Le Roux","dep":"07","dom":false,"essence":"conifere","substrat":"acide","elev":923,"slopeDeg":9.6,"aspect":327},"geometry":{"type":"Polygon","coordinates":[[[4.1347,44.7039],[4.1338,44.7045],[4.1325,44.702],[4.1239,44.706],[4.1196,44.71],[4.1238,44.7099],[4.1257,44.7073],[4.1266,44.7098],[4.1279,44.7096],[4.1269,44.7086],[4.1283,44.7076],[4.1313,44.7091],[4.1325,44.7075],[4.1322,44.7097],[4.1333,44.7071],[4.1381,44.7037],[4.1388,44.7008],[4.1368,44.7001],[4.1347,44.7039]]]}},{"type":"Feature","properties":{"id":"F49234P","nom":"Forêt sectionale de L'Herm","dep":"07","dom":false,"essence":"autre","substrat":"acide","elev":1121,"slopeDeg":11.7,"aspect":33},"geometry":{"type":"Polygon","coordinates":[[[4.1511,44.7077],[4.1564,44.7055],[4.1525,44.7014],[4.1467,44.7006],[4.1436,44.6981],[4.1461,44.7083],[4.1511,44.7077]]]}},{"type":"Feature","properties":{"id":"F99564J","nom":"Forêt communale de Le Chambon","dep":"07","dom":false,"essence":"autre","substrat":"acide","elev":1100,"slopeDeg":14.9,"aspect":351},"geometry":{"type":"MultiPolygon","coordinates":[[[[4.3081,44.8218],[4.3097,44.8228],[4.3112,44.8198],[4.301,44.8202],[4.3043,44.8212],[4.3047,44.8199],[4.3081,44.8218]]],[[[4.2957,44.8263],[4.2977,44.8285],[4.297,44.8247],[4.2916,44.8243],[4.292,44.8256],[4.2957,44.8263]]]]}},{"type":"Feature","properties":{"id":"F58280N","nom":"Forêt communale d'Ailhon","dep":"07","dom":false,"essence":"feuillu","substrat":"calcaire","elev":475,"slopeDeg":3.5,"aspect":280},"geometry":{"type":"MultiPolygon","coordinates":[[[[4.318,44.5869],[4.3218,44.5869],[4.3208,44.5888],[4.3238,44.5874],[4.3239,44.5889],[4.3288,44.586],[4.3282,44.5841],[4.3257,44.583],[4.3311,44.5842],[4.3314,44.583],[4.3261,44.5816],[4.3262,44.5797],[4.3244,44.5819],[4.3215,44.5813],[4.322,44.584],[4.3261,44.5867],[4.3212,44.5846],[4.3199,44.5855],[4.3217,44.5867],[4.319,44.5858],[4.318,44.5869]]],[[[4.3481,44.6048],[4.3449,44.6062],[4.348,44.6071],[4.3494,44.6037],[4.3474,44.6034],[4.347,44.6006],[4.3451,44.5997],[4.3443,44.6004],[4.3457,44.6027],[4.3428,44.6024],[4.3419,44.6036],[4.3481,44.6048]]],[[[4.3426,44.5901],[4.3408,44.5895],[4.3387,44.5914],[4.3404,44.5915],[4.3396,44.5923],[4.342,44.5938],[4.3406,44.5941],[4.3401,44.5929],[4.3402,44.5949],[4.3421,44.5946],[4.3424,44.5929],[4.3405,44.5922],[4.3413,44.5911],[4.3424,44.5926],[4.3435,44.5903],[4.3426,44.5901]]],[[[4.3324,44.59],[4.3308,44.5885],[4.3282,44.5894],[4.3303,44.5927],[4.3324,44.59]]],[[[4.3349,44.5796],[4.3322,44.5774],[4.3325,44.579],[4.329,44.5789],[4.3327,44.5801],[4.3327,44.5814],[4.3349,44.5796]]],[[[4.3361,44.6009],[4.341,44.6009],[4.3396,44.5995],[4.3403,44.5982],[4.3393,44.5992],[4.3385,44.5978],[4.3397,44.5969],[4.3375,44.5955],[4.3391,44.5996],[4.3361,44.6009]]],[[[4.3402,44.6043],[4.3384,44.606],[4.3422,44.6059],[4.3419,44.6071],[4.3427,44.606],[4.3402,44.6043]]],[[[4.3304,44.5995],[4.3323,44.5985],[4.3311,44.597],[4.3292,44.5983],[4.3304,44.5995]]]]}},{"type":"Feature","properties":{"id":"F58396Z","nom":"Forêt départementale du Bois D'Abeau","dep":"07","dom":false,"essence":"conifere","substrat":"acide","elev":285,"slopeDeg":4.3,"aspect":89},"geometry":{"type":"MultiPolygon","coordinates":[[[[4.0992,44.3435],[4.0961,44.3436],[4.0988,44.3442],[4.0961,44.3447],[4.0921,44.3434],[4.0908,44.3426],[4.0922,44.3393],[4.0865,44.3372],[4.0852,44.3347],[4.0792,44.3372],[4.0821,44.3368],[4.0818,44.3379],[4.0755,44.337],[4.0748,44.3379],[4.0795,44.3414],[4.0831,44.34],[4.0853,44.3401],[4.0851,44.3411],[4.0877,44.3405],[4.0842,44.3446],[4.0835,44.3484],[4.0811,44.3478],[4.0836,44.3487],[4.083,44.3497],[4.0853,44.3494],[4.0868,44.3453],[4.0902,44.3455],[4.0901,44.3471],[4.0952,44.3495],[4.1,44.3499],[4.1023,44.3484],[4.0992,44.3435]]],[[[4.081,44.3524],[4.081,44.3541],[4.0831,44.3545],[4.0854,44.353],[4.086,44.3552],[4.0891,44.3534],[4.0891,44.3516],[4.081,44.3524]]],[[[4.0855,44.3343],[4.0862,44.335],[4.088,44.3325],[4.0861,44.3325],[4.0855,44.3343]]]]}},{"type":"Feature","properties":{"id":"F17728V","nom":"Forêt sectionale de Favier-Lacan-Raunier","dep":"12","dom":false,"essence":"feuillu","substrat":"acide","elev":1011,"slopeDeg":2.2,"aspect":160},"geometry":{"type":"Polygon","coordinates":[[[3.0083,43.7018],[3.0067,43.7025],[3.0088,43.7038],[3.0069,43.7062],[3.0106,43.7057],[3.0126,43.7033],[3.0083,43.7018]]]}},{"type":"Feature","properties":{"id":"F17763E","nom":"Forêt sectionale de Rayssac","dep":"12","dom":false,"essence":"conifere","substrat":"acide","elev":468,"slopeDeg":5.1,"aspect":290},"geometry":{"type":"Polygon","coordinates":[[[2.8645,43.9075],[2.8555,43.9054],[2.8486,43.9066],[2.8513,43.9096],[2.8643,43.9119],[2.8659,43.9087],[2.8645,43.9075]]]}},{"type":"Feature","properties":{"id":"F17696P","nom":"Forêt sectionale de Viala-De-Vitrac","dep":"12","dom":false,"essence":"mixte","substrat":"neutre","elev":1012,"slopeDeg":3,"aspect":20},"geometry":{"type":"Polygon","coordinates":[[[2.8769,44.8089],[2.8773,44.8069],[2.8623,44.8062],[2.8617,44.8105],[2.8729,44.8108],[2.8738,44.8095],[2.8745,44.8108],[2.8772,44.8108],[2.8769,44.8089]]]}},{"type":"Feature","properties":{"id":"F17705Y","nom":"Forêt sectionale de Lacalm-Trucadoux","dep":"12","dom":false,"essence":"conifere","substrat":"neutre","elev":1231,"slopeDeg":4.7,"aspect":42},"geometry":{"type":"Polygon","coordinates":[[[2.9273,44.7465],[2.9299,44.749],[2.931,44.7484],[2.9339,44.7457],[2.9332,44.7411],[2.9273,44.7465]]]}},{"type":"Feature","properties":{"id":"F58298F","nom":"Forêt sectionale de Saint Yves","dep":"12","dom":false,"essence":"mixte","substrat":"acide","elev":781,"slopeDeg":3.5,"aspect":273},"geometry":{"type":"Polygon","coordinates":[[[2.7213,44.8003],[2.7251,44.8004],[2.7226,44.7966],[2.7186,44.7979],[2.7213,44.8003]]]}},{"type":"Feature","properties":{"id":"F58299G","nom":"Forêt sectionale de Rouchaudy","dep":"12","dom":false,"essence":"autre","substrat":"acide","elev":803,"slopeDeg":3.4,"aspect":264},"geometry":{"type":"Polygon","coordinates":[[[2.7242,44.7578],[2.7232,44.7584],[2.7262,44.7611],[2.7279,44.7591],[2.7242,44.7578]]]}},{"type":"Feature","properties":{"id":"F58300H","nom":"Forêt sectionale de Gardière","dep":"12","dom":false,"essence":"feuillu","substrat":"acide","elev":723,"slopeDeg":13.9,"aspect":291},"geometry":{"type":"Polygon","coordinates":[[[2.7157,44.7887],[2.7163,44.788],[2.7148,44.7875],[2.7135,44.7884],[2.7135,44.7915],[2.7156,44.7903],[2.7157,44.7887]]]}},{"type":"Feature","properties":{"id":"F58301I","nom":"Forêt sectionale de Carmensac","dep":"12","dom":false,"essence":"mixte","substrat":"acide","elev":771,"slopeDeg":2.8,"aspect":220},"geometry":{"type":"Polygon","coordinates":[[[2.7256,44.7814],[2.7274,44.7821],[2.727,44.7792],[2.7244,44.7805],[2.7256,44.7814]]]}},{"type":"Feature","properties":{"id":"F58302J","nom":"Forêt sectionale de Benaven Et Mazets","dep":"12","dom":false,"essence":"conifere","substrat":"acide","elev":788,"slopeDeg":4.8,"aspect":283},"geometry":{"type":"Polygon","coordinates":[[[2.7238,44.759],[2.7195,44.7593],[2.7193,44.7615],[2.7248,44.7631],[2.7268,44.7616],[2.7238,44.759]]]}},{"type":"Feature","properties":{"id":"F17788D","nom":"Forêt sectionale de Segonzac","dep":"12","dom":false,"essence":"autre","substrat":"acide","elev":463,"slopeDeg":5.1,"aspect":124},"geometry":{"type":"Polygon","coordinates":[[[2.8022,43.924],[2.7975,43.9249],[2.7949,43.931],[2.8003,43.9278],[2.8033,43.9243],[2.8022,43.924]]]}},{"type":"Feature","properties":{"id":"F17734B","nom":"Forêt sectionale de Pontiès-Bélières","dep":"12","dom":false,"essence":"mixte","substrat":"acide","elev":580,"slopeDeg":19.5,"aspect":296},"geometry":{"type":"MultiPolygon","coordinates":[[[[2.7313,44.5906],[2.7316,44.5917],[2.7364,44.5917],[2.7378,44.5889],[2.7334,44.5877],[2.7295,44.5903],[2.7313,44.5906]]],[[[2.7448,44.597],[2.7469,44.5959],[2.7477,44.5918],[2.7439,44.593],[2.7448,44.597]]]]}},{"type":"Feature","properties":{"id":"F17735C","nom":"Forêt domaniale de Camarès","dep":"12","dom":true,"essence":"conifere","substrat":"acide","elev":499,"slopeDeg":6.3,"aspect":331},"geometry":{"type":"Polygon","coordinates":[[[2.9158,43.8199],[2.9134,43.8187],[2.9179,43.8155],[2.9134,43.8142],[2.9094,43.8155],[2.9092,43.821],[2.9112,43.8226],[2.9148,43.8227],[2.9158,43.8199]]]}},{"type":"Feature","properties":{"id":"F17737E","nom":"Forêt communale de Saint-Beaulize","dep":"12","dom":false,"essence":"conifere","substrat":"calcaire","elev":778,"slopeDeg":0.6,"aspect":216},"geometry":{"type":"Polygon","coordinates":[[[3.1181,43.9199],[3.1137,43.9219],[3.1168,43.9255],[3.1257,43.9206],[3.1325,43.9195],[3.1323,43.9174],[3.1244,43.9173],[3.1181,43.9199]]]}},{"type":"Feature","properties":{"id":"F17794J","nom":"Forêt sectionale de Mélac","dep":"12","dom":false,"essence":"mixte","substrat":"calcaire","elev":745,"slopeDeg":5.4,"aspect":188},"geometry":{"type":"Polygon","coordinates":[[[3.0123,44.028],[3.0125,44.0259],[3.0166,44.0216],[3.0078,44.0267],[3.0098,44.0275],[3.0099,44.0294],[3.0064,44.0303],[3.0095,44.0321],[3.0094,44.0337],[3.0123,44.0333],[3.0123,44.028]]]}},{"type":"Feature","properties":{"id":"F17801Q","nom":"Forêt communale de Saint-Léons","dep":"12","dom":false,"essence":"feuillu","substrat":"calcaire","elev":760,"slopeDeg":18.4,"aspect":53},"geometry":{"type":"MultiPolygon","coordinates":[[[[3.0142,44.2224],[3.0111,44.2238],[3.0121,44.2249],[3.0155,44.2232],[3.0159,44.2213],[3.0199,44.2202],[3.0175,44.2194],[3.0219,44.2162],[3.014,44.2162],[3.0142,44.218],[3.011,44.2201],[3.0146,44.2214],[3.0142,44.2224]]],[[[3.0238,44.2102],[3.0236,44.2113],[3.0258,44.2109],[3.0252,44.2122],[3.0285,44.2129],[3.0317,44.2115],[3.0279,44.2085],[3.0238,44.2102]]]]}},{"type":"Feature","properties":{"id":"F17808X","nom":"Forêt sectionale de Mélagues","dep":"12","dom":false,"essence":"autre","substrat":"acide","elev":879,"slopeDeg":4.8,"aspect":311},"geometry":{"type":"Polygon","coordinates":[[[3.0236,43.7237],[3.0196,43.7259],[3.0247,43.7235],[3.0245,43.7207],[3.0217,43.7188],[3.0237,43.7214],[3.0236,43.7237]]]}},{"type":"Feature","properties":{"id":"F17813C","nom":"Forêt communale de Saint-Jean","dep":"12","dom":false,"essence":"mixte","substrat":"calcaire","elev":510,"slopeDeg":3,"aspect":107},"geometry":{"type":"Polygon","coordinates":[[[2.9608,43.9516],[2.9629,43.9514],[2.9593,43.9498],[2.9464,43.954],[2.9506,43.9545],[2.9608,43.9516]]]}},{"type":"Feature","properties":{"id":"F17693M","nom":"Forêt communale d'Estaing","dep":"12","dom":false,"essence":"conifere","substrat":"acide","elev":488,"slopeDeg":7.8,"aspect":121},"geometry":{"type":"Polygon","coordinates":[[[2.6966,44.5658],[2.6957,44.5651],[2.6984,44.5655],[2.6989,44.5678],[2.702,44.5652],[2.6956,44.5623],[2.6943,44.565],[2.6966,44.5658]]]}},{"type":"Feature","properties":{"id":"F17694N","nom":"Forêt sectionale de Cribas","dep":"12","dom":false,"essence":"autre","substrat":"acide","elev":922,"slopeDeg":23.3,"aspect":101},"geometry":{"type":"Polygon","coordinates":[[[2.9056,43.7616],[2.9044,43.7621],[2.9059,43.7629],[2.9055,43.7639],[2.91,43.7632],[2.9056,43.7616]]]}},{"type":"Feature","properties":{"id":"F17698R","nom":"Forêt sectionale de Bré-Luc-Et-Moulin","dep":"12","dom":false,"essence":"mixte","substrat":"calcaire","elev":848,"slopeDeg":9.1,"aspect":327},"geometry":{"type":"Polygon","coordinates":[[[3.359,44.201],[3.3608,44.1991],[3.3588,44.1974],[3.3577,44.1982],[3.3553,44.1959],[3.3499,44.1946],[3.3514,44.1952],[3.3517,44.2012],[3.359,44.201]]]}},{"type":"Feature","properties":{"id":"F17814D","nom":"Forêt sectionale de La-Lavagne","dep":"12","dom":false,"essence":"mixte","substrat":"acide","elev":704,"slopeDeg":10.6,"aspect":102},"geometry":{"type":"Polygon","coordinates":[[[3.0528,43.7706],[3.0562,43.7715],[3.0492,43.7689],[3.049,43.7618],[3.0477,43.7647],[3.0455,43.7633],[3.0442,43.7682],[3.0468,43.7698],[3.0474,43.7683],[3.0528,43.7706]]]}},{"type":"Feature","properties":{"id":"F17699S","nom":"Forêt sectionale de Comps-La-Grandville","dep":"12","dom":false,"essence":"conifere","substrat":"acide","elev":614,"slopeDeg":12,"aspect":308},"geometry":{"type":"Polygon","coordinates":[[[2.5519,44.2381],[2.5571,44.238],[2.5613,44.2337],[2.5506,44.2339],[2.55,44.2375],[2.5519,44.2381]]]}},{"type":"Feature","properties":{"id":"F17701U","nom":"Forêt sectionale de Belcastel","dep":"12","dom":false,"essence":"conifere","substrat":"acide","elev":640,"slopeDeg":1.8,"aspect":180},"geometry":{"type":"Polygon","coordinates":[[[2.3559,44.4172],[2.359,44.4167],[2.3621,44.4137],[2.3561,44.4127],[2.3475,44.4158],[2.3484,44.4172],[2.3559,44.4172]]]}},{"type":"Feature","properties":{"id":"F17702V","nom":"Forêt communale de Saint-Félix-De-Sorgues","dep":"12","dom":false,"essence":"feuillu","substrat":"acide","elev":539,"slopeDeg":3.2,"aspect":14},"geometry":{"type":"Polygon","coordinates":[[[3.0108,43.8599],[3.0056,43.8592],[2.9942,43.8663],[2.994,43.8697],[2.9986,43.8768],[3.0024,43.8757],[3.0026,43.8768],[3.0101,43.8773],[3.012,43.876],[3.0108,43.8599]]]}},{"type":"Feature","properties":{"id":"F17710D","nom":"Forêt sectionale de Blanc","dep":"12","dom":false,"essence":"feuillu","substrat":"acide","elev":971,"slopeDeg":8.2,"aspect":224},"geometry":{"type":"MultiPolygon","coordinates":[[[[2.8983,43.7504],[2.8999,43.7491],[2.8986,43.7478],[2.8965,43.7507],[2.8989,43.7524],[2.8977,43.7543],[2.899,43.7583],[2.9035,43.7522],[2.901,43.7502],[2.8983,43.7504]]],[[[2.8888,43.7565],[2.8947,43.759],[2.8951,43.7567],[2.8905,43.7546],[2.8773,43.7527],[2.8888,43.7565]]]]}},{"type":"Feature","properties":{"id":"F17708B","nom":"Forêt départementale de Sénergues","dep":"12","dom":false,"essence":"conifere","substrat":"acide","elev":625,"slopeDeg":1.7,"aspect":75},"geometry":{"type":"MultiPolygon","coordinates":[[[[2.4787,44.6014],[2.4696,44.5992],[2.4699,44.6023],[2.4715,44.6031],[2.4694,44.6056],[2.4792,44.6058],[2.4803,44.6015],[2.4818,44.6016],[2.4818,44.6033],[2.4829,44.6023],[2.4812,44.6004],[2.4787,44.6014]]],[[[2.4747,44.6189],[2.4778,44.6183],[2.4792,44.6169],[2.4775,44.6163],[2.4793,44.615],[2.4766,44.6142],[2.4751,44.6153],[2.4767,44.6177],[2.4747,44.6189]]],[[[2.437,44.6205],[2.4371,44.6216],[2.4399,44.6214],[2.4389,44.6185],[2.437,44.6205]]]]}},{"type":"Feature","properties":{"id":"F17712F","nom":"Forêt sectionale de Cantoin","dep":"12","dom":false,"essence":"conifere","substrat":"neutre","elev":668,"slopeDeg":1.1,"aspect":352},"geometry":{"type":"Polygon","coordinates":[[[2.8574,44.8741],[2.8551,44.8687],[2.8463,44.8653],[2.838,44.8649],[2.8415,44.8702],[2.8445,44.8687],[2.8491,44.8693],[2.8574,44.8741]]]}},{"type":"Feature","properties":{"id":"F17715I","nom":"Forêt communale de Coubisou","dep":"12","dom":false,"essence":"autre","substrat":"acide","elev":700,"slopeDeg":12.8,"aspect":258},"geometry":{"type":"Polygon","coordinates":[[[2.7552,44.5608],[2.7524,44.562],[2.7522,44.5609],[2.7499,44.5612],[2.7521,44.5634],[2.7518,44.5655],[2.7545,44.5663],[2.7534,44.5669],[2.7545,44.5677],[2.7627,44.5692],[2.7664,44.5683],[2.7654,44.5661],[2.765,44.5671],[2.7552,44.5637],[2.7545,44.5615],[2.7562,44.5612],[2.7552,44.5608]]]}},{"type":"Feature","properties":{"id":"F17713G","nom":"Forêt sectionale de Séverac","dep":"12","dom":false,"essence":"autre","substrat":"neutre","elev":893,"slopeDeg":6.3,"aspect":52},"geometry":{"type":"Polygon","coordinates":[[[2.8633,44.8424],[2.8597,44.8424],[2.8599,44.8389],[2.8583,44.8384],[2.8561,44.8425],[2.8627,44.845],[2.8603,44.8452],[2.8597,44.8466],[2.856,44.8456],[2.857,44.8487],[2.8593,44.8492],[2.8599,44.8508],[2.8617,44.8499],[2.8623,44.8475],[2.8658,44.8468],[2.8654,44.8435],[2.8633,44.8424]]]}},{"type":"Feature","properties":{"id":"F17717K","nom":"Forêt communale de Fondamente","dep":"12","dom":false,"essence":"feuillu","substrat":"calcaire","elev":696,"slopeDeg":2.6,"aspect":355},"geometry":{"type":"MultiPolygon","coordinates":[[[[3.143,43.8554],[3.1445,43.8537],[3.1425,43.8489],[3.1456,43.8463],[3.1484,43.8465],[3.1476,43.8451],[3.1326,43.849],[3.132,43.8503],[3.1338,43.8536],[3.143,43.8554]]],[[[3.1095,43.8612],[3.1106,43.8605],[3.1072,43.857],[3.1045,43.8566],[3.105,43.8638],[3.1072,43.8641],[3.1087,43.8625],[3.1098,43.8633],[3.1095,43.8612]]],[[[3.1547,43.882],[3.1514,43.8823],[3.1531,43.8814],[3.1515,43.8803],[3.1526,43.8792],[3.1482,43.8796],[3.1479,43.8818],[3.1508,43.8839],[3.154,43.8838],[3.1545,43.8865],[3.1568,43.882],[3.1547,43.882]]],[[[3.1163,43.8611],[3.1173,43.8621],[3.1216,43.8607],[3.123,43.858],[3.1215,43.8569],[3.1176,43.8578],[3.1163,43.8611]]]]}},{"type":"Feature","properties":{"id":"F17719M","nom":"Forêt communale de La-Couvertoirade","dep":"12","dom":false,"essence":"feuillu","substrat":"calcaire","elev":726,"slopeDeg":1.9,"aspect":62},"geometry":{"type":"Polygon","coordinates":[[[3.3416,43.9283],[3.3407,43.9331],[3.3417,43.9358],[3.3514,43.9375],[3.3526,43.9356],[3.3505,43.9343],[3.3505,43.9322],[3.354,43.9304],[3.3516,43.9291],[3.3543,43.9246],[3.3527,43.9226],[3.3573,43.9204],[3.355,43.9188],[3.3454,43.9187],[3.3483,43.9195],[3.3475,43.9233],[3.3452,43.9237],[3.3416,43.9283]]]}},{"type":"Feature","properties":{"id":"F17722P","nom":"Forêt domaniale de Brunes","dep":"12","dom":true,"essence":"mixte","substrat":"acide","elev":636,"slopeDeg":4.3,"aspect":341},"geometry":{"type":"Polygon","coordinates":[[[2.581,44.2536],[2.5797,44.2574],[2.5819,44.2608],[2.5863,44.26],[2.5891,44.2577],[2.587,44.2519],[2.581,44.2526],[2.581,44.2536]]]}},{"type":"Feature","properties":{"id":"F17720N","nom":"Forêt sectionale de Saint-Chély-D'Aubrac","dep":"12","dom":false,"essence":"feuillu","substrat":"neutre","elev":1007,"slopeDeg":9.7,"aspect":286},"geometry":{"type":"Polygon","coordinates":[[[2.9501,44.5935],[2.9491,44.5923],[2.9479,44.594],[2.947,44.5922],[2.9442,44.5919],[2.9439,44.5937],[2.9413,44.5941],[2.9452,44.5938],[2.9537,44.597],[2.9625,44.5959],[2.9555,44.5944],[2.955,44.5956],[2.9501,44.5935]]]}},{"type":"Feature","properties":{"id":"F17721O","nom":"Forêt sectionale de Vailhauzy","dep":"12","dom":false,"essence":"autre","substrat":"calcaire","elev":593,"slopeDeg":15.1,"aspect":317},"geometry":{"type":"Polygon","coordinates":[[[2.9332,43.9479],[2.9233,43.945],[2.9222,43.9468],[2.9312,43.9507],[2.9303,43.9523],[2.933,43.952],[2.936,43.9487],[2.9332,43.9479]]]}},{"type":"Feature","properties":{"id":"F17726T","nom":"Forêt sectionale de Gissac","dep":"12","dom":false,"essence":"autre","substrat":"acide","elev":458,"slopeDeg":3.5,"aspect":244},"geometry":{"type":"Polygon","coordinates":[[[2.929,43.8336],[2.9305,43.837],[2.9374,43.8337],[2.9338,43.832],[2.929,43.8336]]]}},{"type":"Feature","properties":{"id":"F17723Q","nom":"Forêt communale de Campagnac","dep":"12","dom":false,"essence":"conifere","substrat":"calcaire","elev":747,"slopeDeg":8.2,"aspect":302},"geometry":{"type":"MultiPolygon","coordinates":[[[[3.1019,44.3891],[3.0947,44.3893],[3.0877,44.3956],[3.0878,44.3998],[3.0963,44.3974],[3.0951,44.3929],[3.0998,44.3917],[3.1019,44.3891]]],[[[3.1061,44.4265],[3.1039,44.4276],[3.1012,44.4322],[3.1093,44.428],[3.1096,44.4264],[3.1061,44.4265]]]]}},{"type":"Feature","properties":{"id":"F17724R","nom":"Forêt communale de Saint-Laurent-Du Lévezou","dep":"12","dom":false,"essence":"autre","substrat":"calcaire","elev":688,"slopeDeg":17.4,"aspect":67},"geometry":{"type":"Polygon","coordinates":[[[3.0297,44.2124],[3.0219,44.214],[3.0238,44.215],[3.0365,44.2136],[3.0317,44.2115],[3.0297,44.2124]]]}},{"type":"Feature","properties":{"id":"F17730X","nom":"Forêt sectionale de Roqueplane","dep":"12","dom":false,"essence":"autre","substrat":"acide","elev":834,"slopeDeg":12.8,"aspect":254},"geometry":{"type":"MultiPolygon","coordinates":[[[[2.7883,44.855],[2.7866,44.8538],[2.787,44.856],[2.7855,44.858],[2.7879,44.8576],[2.7883,44.855]]],[[[2.7941,44.8557],[2.7908,44.8559],[2.7939,44.8571],[2.7951,44.8567],[2.7941,44.8557]]]]}},{"type":"Feature","properties":{"id":"F17731Y","nom":"Forêt sectionale de Durenque","dep":"12","dom":false,"essence":"mixte","substrat":"acide","elev":708,"slopeDeg":2.6,"aspect":250},"geometry":{"type":"Polygon","coordinates":[[[2.616,44.1028],[2.6185,44.104],[2.6216,44.1018],[2.6213,44.0995],[2.6196,44.0986],[2.6148,44.1002],[2.616,44.1028]]]}},{"type":"Feature","properties":{"id":"F17732Z","nom":"Forêt communale de Laguiole","dep":"12","dom":false,"essence":"feuillu","substrat":"neutre","elev":1257,"slopeDeg":4.2,"aspect":241},"geometry":{"type":"MultiPolygon","coordinates":[[[[2.9142,44.6657],[2.9057,44.6675],[2.8958,44.6723],[2.8875,44.6714],[2.8892,44.6737],[2.892,44.6744],[2.8915,44.6765],[2.8968,44.6773],[2.8993,44.6786],[2.8985,44.6793],[2.9021,44.6794],[2.9023,44.6779],[2.908,44.6797],[2.9078,44.6816],[2.8981,44.6814],[2.8935,44.6841],[2.8931,44.6824],[2.89,44.6831],[2.8893,44.6844],[2.8922,44.6869],[2.8935,44.6852],[2.8953,44.6854],[2.8951,44.6878],[2.8886,44.689],[2.8886,44.6911],[2.8957,44.6906],[2.9,44.6881],[2.8982,44.6905],[2.9001,44.6926],[2.9064,44.6934],[2.9048,44.6961],[2.9064,44.6978],[2.9042,44.6994],[2.9066,44.7003],[2.9137,44.6971],[2.9305,44.6939],[2.9328,44.6889],[2.931,44.684],[2.9249,44.684],[2.9282,44.6821],[2.9311,44.6828],[2.9311,44.6786],[2.9287,44.6786],[2.9289,44.676],[2.9271,44.6765],[2.9265,44.6741],[2.9235,44.6746],[2.9217,44.6731],[2.9237,44.6711],[2.9142,44.6657]]],[[[2.9039,44.7075],[2.9081,44.7074],[2.9126,44.7051],[2.9131,44.7069],[2.9116,44.7086],[2.9126,44.709],[2.9149,44.7046],[2.9123,44.7029],[2.9098,44.7044],[2.9046,44.7046],[2.903,44.7063],[2.8971,44.7067],[2.9011,44.7086],[2.9039,44.7075]]],[[[2.9115,44.7145],[2.9167,44.7122],[2.9112,44.7119],[2.9109,44.7096],[2.9098,44.7132],[2.9084,44.7134],[2.9115,44.7145]]]]}},{"type":"Feature","properties":{"id":"F17733A","nom":"Forêt sectionale de Frejamayoux","dep":"12","dom":false,"essence":"feuillu","substrat":"acide","elev":673,"slopeDeg":6.5,"aspect":341},"geometry":{"type":"Polygon","coordinates":[[[2.5888,44.2526],[2.587,44.2534],[2.5901,44.2577],[2.5931,44.2541],[2.5936,44.2505],[2.5922,44.2524],[2.5888,44.2526]]]}},{"type":"Feature","properties":{"id":"F17742J","nom":"Forêt sectionale de Castelet-Le-Bosc","dep":"12","dom":false,"essence":"conifere","substrat":"acide","elev":727,"slopeDeg":7,"aspect":276},"geometry":{"type":"Polygon","coordinates":[[[2.6236,44.798],[2.6289,44.7974],[2.6287,44.7885],[2.6266,44.7901],[2.627,44.7954],[2.6246,44.7959],[2.6194,44.7931],[2.6158,44.7937],[2.6172,44.7947],[2.6167,44.7962],[2.6236,44.798]]]}},{"type":"Feature","properties":{"id":"F17743K","nom":"Forêt domaniale de Roquette-Bonneval","dep":"12","dom":true,"essence":"feuillu","substrat":"neutre","elev":1243,"slopeDeg":7.5,"aspect":237},"geometry":{"type":"Polygon","coordinates":[[[2.9279,44.6709],[2.9302,44.6676],[2.9291,44.6629],[2.9337,44.6597],[2.9332,44.6568],[2.9354,44.6533],[2.9347,44.6506],[2.9236,44.6445],[2.9233,44.6405],[2.9201,44.6382],[2.9173,44.6385],[2.9179,44.6398],[2.9161,44.6411],[2.9108,44.6414],[2.9085,44.6431],[2.9098,44.6437],[2.9009,44.6456],[2.902,44.6475],[2.9084,44.6507],[2.9124,44.6508],[2.9189,44.6485],[2.9228,44.6524],[2.9219,44.6536],[2.9146,44.6542],[2.9124,44.6571],[2.9008,44.6581],[2.9101,44.6624],[2.9196,44.6698],[2.9245,44.6714],[2.9279,44.6709]]]}},{"type":"Feature","properties":{"id":"F17746N","nom":"Forêt communale de Fayet","dep":"12","dom":false,"essence":"conifere","substrat":"acide","elev":785,"slopeDeg":8,"aspect":318},"geometry":{"type":"Polygon","coordinates":[[[2.965,43.7841],[2.9723,43.7895],[2.9724,43.7913],[2.9848,43.7891],[2.983,43.7875],[2.9772,43.7883],[2.9648,43.782],[2.965,43.7841]]]}},{"type":"Feature","properties":{"id":"F17747O","nom":"Forêt sectionale de Regaussou-La-Plagne","dep":"12","dom":false,"essence":"conifere","substrat":"acide","elev":790,"slopeDeg":6.4,"aspect":141},"geometry":{"type":"Polygon","coordinates":[[[2.8885,44.5752],[2.8899,44.579],[2.8936,44.5805],[2.894,44.582],[2.8943,44.5811],[2.895,44.5824],[2.8964,44.5818],[2.8954,44.5825],[2.8977,44.5855],[2.9035,44.584],[2.9035,44.5815],[2.9002,44.5812],[2.8929,44.5743],[2.888,44.5719],[2.8864,44.5726],[2.8885,44.5752]]]}},{"type":"Feature","properties":{"id":"F17749Q","nom":"Forêt communale de Viala-Du-Tarn","dep":"12","dom":false,"essence":"conifere","substrat":"acide","elev":636,"slopeDeg":7.3,"aspect":142},"geometry":{"type":"MultiPolygon","coordinates":[[[[2.8933,44.0756],[2.893,44.0717],[2.8896,44.0682],[2.8896,44.0659],[2.8836,44.0602],[2.8827,44.0612],[2.8838,44.0637],[2.8817,44.0641],[2.8838,44.0638],[2.8866,44.0667],[2.8878,44.0711],[2.8909,44.0722],[2.8895,44.0756],[2.8901,44.0779],[2.897,44.0829],[2.8972,44.0815],[2.8928,44.0771],[2.8933,44.0756]]],[[[2.852,44.1132],[2.8527,44.1158],[2.8555,44.1141],[2.8553,44.1089],[2.8512,44.109],[2.852,44.1132]]],[[[2.8727,44.0752],[2.8714,44.077],[2.8738,44.0762],[2.8756,44.0733],[2.873,44.0728],[2.8727,44.0752]]]]}},{"type":"Feature","properties":{"id":"F17751S","nom":"Forêt sectionale de Saint-Geniez-De-Bertrand","dep":"12","dom":false,"essence":"autre","substrat":"calcaire","elev":664,"slopeDeg":14.9,"aspect":286},"geometry":{"type":"MultiPolygon","coordinates":[[[[3.0239,44.0476],[3.0193,44.0461],[3.014,44.0465],[3.0163,44.0481],[3.0235,44.0488],[3.0239,44.0508],[3.0253,44.0484],[3.0239,44.0476]]],[[[3.0279,44.0268],[3.0315,44.0237],[3.0263,44.0265],[3.0249,44.0253],[3.0256,44.0236],[3.023,44.0245],[3.0249,44.027],[3.0279,44.0268]]]]}},{"type":"Feature","properties":{"id":"F17754V","nom":"Forêt communale de Camarès","dep":"12","dom":false,"essence":"conifere","substrat":"acide","elev":466,"slopeDeg":5.7,"aspect":336},"geometry":{"type":"Polygon","coordinates":[[[2.9324,43.8321],[2.9265,43.8241],[2.9307,43.8217],[2.9309,43.8182],[2.9268,43.8172],[2.9227,43.8207],[2.9217,43.8181],[2.9157,43.82],[2.9148,43.8227],[2.9183,43.8243],[2.9215,43.8231],[2.9236,43.826],[2.9197,43.8278],[2.9136,43.828],[2.9143,43.83],[2.9234,43.8326],[2.9324,43.8321]]]}},{"type":"Feature","properties":{"id":"F17758Z","nom":"Forêt domaniale de Rebouisses","dep":"12","dom":true,"essence":"conifere","substrat":"acide","elev":532,"slopeDeg":3.9,"aspect":31},"geometry":{"type":"MultiPolygon","coordinates":[[[[3.0238,43.8621],[3.0257,43.8641],[3.0277,43.8627],[3.032,43.8633],[3.0407,43.8608],[3.0419,43.8625],[3.0462,43.8632],[3.0452,43.864],[3.0459,43.865],[3.049,43.864],[3.0483,43.8654],[3.0494,43.8661],[3.0567,43.8633],[3.0543,43.862],[3.0525,43.8627],[3.0528,43.8597],[3.05,43.8587],[3.0511,43.8571],[3.0517,43.8581],[3.0535,43.8574],[3.0502,43.8524],[3.0457,43.8524],[3.0461,43.8505],[3.0405,43.8483],[3.0395,43.8506],[3.0405,43.853],[3.0385,43.8556],[3.0195,43.8537],[3.0183,43.8515],[3.0108,43.8563],[3.0134,43.8565],[3.0152,43.859],[3.0108,43.8599],[3.0112,43.8647],[3.0143,43.8656],[3.0155,43.8631],[3.0207,43.8636],[3.0204,43.8607],[3.0233,43.8616],[3.026,43.8604],[3.0238,43.8621]]],[[[2.9843,43.8513],[2.9859,43.8482],[2.9852,43.8457],[2.9798,43.8448],[2.9802,43.8479],[2.9843,43.8513]]],[[[3.0113,43.8722],[3.0116,43.8737],[3.0151,43.8735],[3.0138,43.8722],[3.0161,43.8724],[3.0167,43.8693],[3.0107,43.8695],[3.0109,43.8716],[3.0138,43.8722],[3.0113,43.8722]]],[[[3.0151,43.8816],[3.0088,43.8797],[3.0116,43.8812],[3.0117,43.8844],[3.0151,43.8831],[3.0151,43.8816]]],[[[3.0107,43.8689],[3.0168,43.8683],[3.0125,43.8668],[3.0107,43.8689]]]]}},{"type":"Feature","properties":{"id":"F17759A","nom":"Forêt communale de Najac","dep":"12","dom":false,"essence":"feuillu","substrat":"acide","elev":329,"slopeDeg":11,"aspect":107},"geometry":{"type":"MultiPolygon","coordinates":[[[[1.9798,44.1935],[1.9811,44.1963],[1.9844,44.1954],[1.9847,44.194],[1.9818,44.1925],[1.9827,44.1901],[1.9835,44.1917],[1.9853,44.1918],[1.9878,44.1874],[1.984,44.1869],[1.9848,44.188],[1.983,44.1885],[1.981,44.187],[1.9794,44.1883],[1.9742,44.1868],[1.9736,44.1895],[1.966,44.1921],[1.9621,44.1946],[1.9634,44.1963],[1.9615,44.1963],[1.9672,44.1984],[1.9798,44.1935]]],[[[1.9761,44.2112],[1.9798,44.2115],[1.9799,44.209],[1.9824,44.2106],[1.9765,44.2065],[1.9755,44.2047],[1.9765,44.2044],[1.9771,44.2066],[1.9821,44.209],[1.9845,44.2127],[1.9823,44.2152],[1.9809,44.2143],[1.9771,44.2155],[1.9812,44.2159],[1.9763,44.2167],[1.9791,44.2183],[1.9829,44.217],[1.9823,44.2189],[1.9854,44.2198],[1.9873,44.2173],[1.9854,44.2181],[1.9851,44.2161],[1.9883,44.2164],[1.9884,44.2178],[1.9906,44.2187],[1.9915,44.218],[1.9903,44.2157],[1.9925,44.214],[1.988,44.2142],[1.9901,44.2117],[1.9922,44.2123],[1.9894,44.2112],[1.9885,44.2129],[1.9867,44.2121],[1.9863,44.2084],[1.9828,44.2086],[1.983,44.2062],[1.9809,44.2064],[1.982,44.2053],[1.9807,44.2045],[1.977,44.2057],[1.9754,44.2012],[1.9779,44.2007],[1.9747,44.1975],[1.9725,44.1982],[1.9743,44.1985],[1.972,44.1987],[1.9715,44.2003],[1.9744,44.2006],[1.9732,44.2007],[1.9748,44.204],[1.9735,44.2054],[1.9761,44.2112]]],[[[1.9539,44.2163],[1.9518,44.2157],[1.9514,44.214],[1.9481,44.2144],[1.9495,44.2156],[1.9515,44.2149],[1.9525,44.2176],[1.9541,44.2175],[1.9539,44.2163]]],[[[1.9506,44.2095],[1.9526,44.2115],[1.9537,44.2108],[1.9529,44.2125],[1.9543,44.213],[1.9547,44.2111],[1.9506,44.2095]]]]}},{"type":"Feature","properties":{"id":"F17766H","nom":"Forêt domaniale d'Aubrac","dep":"12","dom":true,"essence":"feuillu","substrat":"acide","elev":1291,"slopeDeg":10.8,"aspect":283},"geometry":{"type":"MultiPolygon","coordinates":[[[[2.9855,44.5738],[2.9819,44.5714],[2.9793,44.5728],[2.9776,44.5765],[2.9791,44.5773],[2.9691,44.5764],[2.965,44.5786],[2.9649,44.5811],[2.973,44.5801],[2.9777,44.5816],[2.9814,44.5852],[2.9772,44.5873],[2.9728,44.5876],[2.9726,44.5918],[2.9669,44.5908],[2.9645,44.5927],[2.9745,44.5966],[2.9773,44.5995],[2.9778,44.6032],[2.9872,44.6106],[2.9808,44.6119],[2.9731,44.6092],[2.9713,44.61],[2.9711,44.6122],[2.9668,44.612],[2.9672,44.6142],[2.9726,44.6155],[2.9758,44.6137],[2.9841,44.6143],[2.9893,44.6126],[2.9872,44.611],[2.9905,44.6086],[2.9955,44.6082],[2.999,44.6061],[3.0008,44.6016],[3.0106,44.6],[3.0122,44.5973],[3.0167,44.5987],[3.0264,44.5945],[3.0303,44.5954],[3.0349,44.5903],[3.0309,44.5845],[3.038,44.5816],[3.0366,44.5768],[3.0398,44.5751],[3.0337,44.5695],[3.0274,44.5745],[3.0221,44.5719],[3.0212,44.5646],[3.0169,44.5616],[3.0132,44.5644],[3.0102,44.5631],[3.0122,44.5685],[3.0045,44.5719],[2.9925,44.5705],[2.988,44.5683],[2.9863,44.5693],[2.9907,44.575],[2.9855,44.5738]]],[[[2.9391,44.6172],[2.9301,44.6199],[2.9494,44.626],[2.9532,44.6302],[2.9585,44.6474],[2.9577,44.6503],[2.9541,44.6537],[2.9555,44.6548],[2.9589,44.6536],[2.9632,44.6548],[2.9697,44.6487],[2.9647,44.6459],[2.9637,44.6436],[2.9651,44.6409],[2.9769,44.6326],[2.9702,44.6234],[2.9507,44.6195],[2.9519,44.6202],[2.9483,44.6211],[2.9422,44.6174],[2.9391,44.6172]]],[[[2.9489,44.5579],[2.9463,44.5573],[2.9446,44.5513],[2.9381,44.5476],[2.9376,44.5454],[2.9334,44.5438],[2.9315,44.5454],[2.932,44.5473],[2.928,44.5471],[2.9358,44.5528],[2.9396,44.5536],[2.9454,44.5649],[2.9481,44.5612],[2.95,44.5622],[2.9504,44.568],[2.9554,44.5713],[2.953,44.5666],[2.955,44.5659],[2.9571,44.562],[2.9609,44.5633],[2.9628,44.5619],[2.9616,44.5596],[2.9537,44.5603],[2.9489,44.5579]]],[[[2.9336,44.6498],[2.9354,44.6515],[2.9346,44.6549],[2.9397,44.6505],[2.9447,44.6519],[2.9443,44.6545],[2.9519,44.6525],[2.9386,44.6443],[2.9217,44.639],[2.9238,44.642],[2.9236,44.6445],[2.9276,44.6477],[2.9336,44.6498]]],[[[2.924,44.5532],[2.9223,44.5537],[2.9239,44.5561],[2.9312,44.558],[2.9311,44.5558],[2.924,44.5532]]],[[[2.9696,44.6164],[2.9683,44.6166],[2.9688,44.6178],[2.9718,44.6184],[2.9702,44.6207],[2.9789,44.6193],[2.9752,44.617],[2.9696,44.6164]]],[[[2.921,44.5482],[2.9263,44.5487],[2.9229,44.5465],[2.9226,44.545],[2.9247,44.544],[2.9238,44.5434],[2.9194,44.5449],[2.921,44.5482]]]]}},{"type":"Feature","properties":{"id":"F17779U","nom":"Forêt communale de Viala-Du-Pas-De-Jaux","dep":"12","dom":false,"essence":"feuillu","substrat":"calcaire","elev":833,"slopeDeg":3.7,"aspect":251},"geometry":{"type":"MultiPolygon","coordinates":[[[[3.0624,43.9753],[3.0663,43.9759],[3.0664,43.9727],[3.0736,43.9744],[3.0727,43.968],[3.0697,43.9668],[3.0633,43.9671],[3.0614,43.9718],[3.0624,43.9753]]],[[[3.0872,43.9138],[3.0746,43.9182],[3.0768,43.9227],[3.0836,43.9194],[3.0852,43.9249],[3.0864,43.9242],[3.084,43.9167],[3.0927,43.9139],[3.0872,43.9138]]],[[[3.0398,43.9738],[3.0416,43.9774],[3.0445,43.9772],[3.0468,43.9731],[3.0426,43.9711],[3.0398,43.9738]]],[[[3.083,43.9577],[3.0825,43.9533],[3.0782,43.953],[3.0782,43.958],[3.083,43.9577]]]]}},{"type":"Feature","properties":{"id":"F17767I","nom":"Forêt domaniale de Pommiers","dep":"12","dom":true,"essence":"autre","substrat":"acide","elev":820,"slopeDeg":7.7,"aspect":280},"geometry":{"type":"Polygon","coordinates":[[[2.8428,44.6056],[2.8346,44.605],[2.8319,44.6026],[2.8276,44.6026],[2.8316,44.608],[2.829,44.6095],[2.8326,44.6097],[2.8384,44.6131],[2.8402,44.6117],[2.8391,44.6108],[2.841,44.611],[2.8391,44.6089],[2.8413,44.6092],[2.8411,44.611],[2.8455,44.609],[2.8444,44.6058],[2.8428,44.6056]]]}},{"type":"Feature","properties":{"id":"F17768J","nom":"Forêt sectionale de Maussac","dep":"12","dom":false,"essence":"autre","substrat":"acide","elev":770,"slopeDeg":15.9,"aspect":223},"geometry":{"type":"Polygon","coordinates":[[[3.0149,43.7631],[3.0162,43.764],[3.0195,43.7613],[3.0166,43.7621],[3.0154,43.761],[3.0142,43.7618],[3.0149,43.7631]]]}},{"type":"Feature","properties":{"id":"F17771M","nom":"Forêt sectionale de Fayet-La-Roque","dep":"12","dom":false,"essence":"conifere","substrat":"acide","elev":530,"slopeDeg":5.9,"aspect":196},"geometry":{"type":"MultiPolygon","coordinates":[[[[2.9946,43.8066],[2.9961,43.8061],[2.9915,43.8053],[2.9912,43.8071],[2.9889,43.8075],[2.9863,43.8039],[2.9822,43.8029],[2.9815,43.8046],[2.9789,43.8042],[2.9864,43.8064],[2.9842,43.8078],[2.9788,43.805],[2.9762,43.8057],[2.9767,43.8077],[2.9743,43.8075],[2.9703,43.8044],[2.97,43.8018],[2.9616,43.8046],[2.9586,43.8112],[2.9631,43.8119],[2.9684,43.8157],[2.9683,43.8145],[2.9735,43.8137],[2.9793,43.8148],[2.9797,43.8132],[2.978,43.814],[2.9801,43.8122],[2.9859,43.8112],[2.9847,43.8149],[2.9863,43.8148],[2.9885,43.8132],[2.9877,43.8106],[2.9921,43.8084],[2.9908,43.8074],[2.9946,43.8066]]],[[[2.9971,43.8113],[2.9966,43.8101],[2.9951,43.8135],[2.9983,43.8133],[2.9988,43.8154],[2.9944,43.8161],[2.9931,43.8151],[2.9937,43.8138],[2.9892,43.814],[2.9912,43.816],[2.9885,43.8194],[2.9926,43.8183],[2.9911,43.8172],[2.9917,43.8162],[2.994,43.8168],[2.9931,43.8185],[2.9958,43.8185],[2.997,43.817],[2.9982,43.8185],[3.0036,43.8169],[3.0044,43.8143],[3.0031,43.8134],[3.0079,43.8152],[3.0091,43.8147],[3.008,43.8136],[3.0117,43.8139],[3.0091,43.8089],[3.0031,43.8106],[2.9983,43.8087],[2.9976,43.8109],[3.0016,43.8134],[2.9971,43.8113]]],[[[2.9605,43.7898],[2.9593,43.7894],[2.9572,43.7942],[2.9608,43.796],[2.9619,43.793],[2.9605,43.7898]]],[[[3.0041,43.8022],[3.0055,43.8028],[3.005,43.8039],[3.0098,43.8041],[3.0094,43.8012],[3.0112,43.7998],[3.0055,43.8006],[3.0041,43.8022]]]]}},{"type":"Feature","properties":{"id":"F17780V","nom":"Forêt sectionale de Montlaur","dep":"12","dom":false,"essence":"autre","substrat":"acide","elev":424,"slopeDeg":4.1,"aspect":166},"geometry":{"type":"Polygon","coordinates":[[[2.81,43.8986],[2.8123,43.8988],[2.816,43.8935],[2.8123,43.894],[2.8123,43.8971],[2.8096,43.8972],[2.8025,43.893],[2.7983,43.8933],[2.8032,43.8956],[2.8045,43.8979],[2.81,43.8986]]]}},{"type":"Feature","properties":{"id":"F17775Q","nom":"Forêt communale de Lapanouse-De-Cernon","dep":"12","dom":false,"essence":"feuillu","substrat":"calcaire","elev":766,"slopeDeg":8.3,"aspect":51},"geometry":{"type":"MultiPolygon","coordinates":[[[[3.0671,43.9886],[3.0674,43.9865],[3.0706,43.9843],[3.0644,43.9845],[3.0635,43.9856],[3.0638,43.9892],[3.067,43.9921],[3.0632,43.9969],[3.0735,43.9975],[3.0757,43.9957],[3.0816,43.9955],[3.0865,43.9934],[3.0894,43.9955],[3.0903,43.9946],[3.0872,43.9915],[3.0792,43.9938],[3.0675,43.9945],[3.0691,43.9913],[3.0671,43.9886]]],[[[3.0705,43.9777],[3.0697,43.9797],[3.0709,43.9815],[3.0758,43.9794],[3.0759,43.977],[3.0705,43.9777]]]]}},{"type":"Feature","properties":{"id":"F17777S","nom":"Forêt sectionale de Reilhac","dep":"12","dom":false,"essence":"feuillu","substrat":"acide","elev":857,"slopeDeg":0.8,"aspect":259},"geometry":{"type":"Polygon","coordinates":[[[2.7547,44.355],[2.7508,44.3528],[2.7499,44.3552],[2.7527,44.3679],[2.7521,44.3716],[2.7543,44.3668],[2.7596,44.3625],[2.7547,44.355]]]}},{"type":"Feature","properties":{"id":"F17783Y","nom":"Forêt sectionale de Saint-Martin-De-Lenne","dep":"12","dom":false,"essence":"feuillu","substrat":"calcaire","elev":691,"slopeDeg":10.5,"aspect":47},"geometry":{"type":"Polygon","coordinates":[[[2.9446,44.4286],[2.9484,44.4271],[2.9473,44.4237],[2.9506,44.4247],[2.9556,44.4237],[2.952,44.4206],[2.9396,44.4244],[2.9446,44.4286]]]}},{"type":"Feature","properties":{"id":"F17784Z","nom":"Forêt sectionale de Pressouyres","dep":"12","dom":false,"essence":"feuillu","substrat":"acide","elev":777,"slopeDeg":4.6,"aspect":3},"geometry":{"type":"Polygon","coordinates":[[[2.9245,43.7396],[2.9293,43.7385],[2.9269,43.7358],[2.9242,43.7356],[2.9216,43.7376],[2.9245,43.7396]]]}},{"type":"Feature","properties":{"id":"F17789E","nom":"Forêt domaniale de Murasson","dep":"12","dom":true,"essence":"conifere","substrat":"acide","elev":844,"slopeDeg":14.6,"aspect":286},"geometry":{"type":"Polygon","coordinates":[[[2.7759,43.7424],[2.7782,43.7415],[2.7722,43.7443],[2.7715,43.7479],[2.7785,43.7465],[2.7787,43.7494],[2.7769,43.7511],[2.7855,43.7491],[2.7825,43.7439],[2.7839,43.7408],[2.7824,43.7376],[2.7759,43.7424]]]}},{"type":"Feature","properties":{"id":"F17792H","nom":"Forêt sectionale de Latour","dep":"12","dom":false,"essence":"feuillu","substrat":"acide","elev":535,"slopeDeg":4.4,"aspect":49},"geometry":{"type":"Polygon","coordinates":[[[3.0204,43.8616],[3.0208,43.8634],[3.0188,43.864],[3.0191,43.8655],[3.0245,43.868],[3.0258,43.8642],[3.022,43.8606],[3.0204,43.8616]]]}},{"type":"Feature","properties":{"id":"F17793I","nom":"Forêt sectionale de Tauriac","dep":"12","dom":false,"essence":"conifere","substrat":"acide","elev":742,"slopeDeg":3.8,"aspect":257},"geometry":{"type":"MultiPolygon","coordinates":[[[[3.0378,43.7706],[3.0365,43.772],[3.0368,43.7743],[3.0383,43.7755],[3.0431,43.7745],[3.0414,43.7762],[3.0454,43.7781],[3.0389,43.7773],[3.0417,43.7807],[3.0408,43.7809],[3.0487,43.7797],[3.0437,43.7762],[3.0445,43.7743],[3.0427,43.7699],[3.0378,43.7706]]],[[[3.0453,43.7872],[3.0385,43.7865],[3.0377,43.7896],[3.0352,43.7901],[3.0351,43.7915],[3.0379,43.7934],[3.0401,43.793],[3.0422,43.789],[3.0428,43.7906],[3.046,43.7911],[3.0503,43.788],[3.0453,43.7872]]]]}},{"type":"Feature","properties":{"id":"F17796L","nom":"Forêt sectionale de Bonnefon","dep":"12","dom":false,"essence":"conifere","substrat":"acide","elev":934,"slopeDeg":6.6,"aspect":244},"geometry":{"type":"MultiPolygon","coordinates":[[[[2.9242,44.5474],[2.9271,44.5491],[2.9229,44.5528],[2.9251,44.5537],[2.9267,44.5505],[2.9314,44.5515],[2.928,44.5471],[2.9318,44.5468],[2.926,44.5467],[2.9285,44.5458],[2.9238,44.543],[2.9247,44.544],[2.9226,44.5453],[2.9242,44.5474]]],[[[2.9311,44.5611],[2.9315,44.5588],[2.936,44.5558],[2.9313,44.5559],[2.9312,44.558],[2.9301,44.5581],[2.9311,44.5611]]]]}},{"type":"Feature","properties":{"id":"F17797M","nom":"Forêt sectionale de Saint-Etienne-Du-Causse","dep":"12","dom":false,"essence":"conifere","substrat":"acide","elev":617,"slopeDeg":5.2,"aspect":293},"geometry":{"type":"Polygon","coordinates":[[[2.9159,43.9307],[2.9156,43.933],[2.9222,43.931],[2.9168,43.9284],[2.9159,43.9307]]]}},{"type":"Feature","properties":{"id":"F17798N","nom":"Forêt sectionale de Saint-Méen","dep":"12","dom":false,"essence":"feuillu","substrat":"acide","elev":938,"slopeDeg":6.3,"aspect":344},"geometry":{"type":"Polygon","coordinates":[[[2.8642,43.7527],[2.8592,43.7524],[2.8633,43.7557],[2.8661,43.7537],[2.8642,43.7527]]]}},{"type":"Feature","properties":{"id":"F17803S","nom":"Forêt communale de Marnhagues-Et-Latour","dep":"12","dom":false,"essence":"conifere","substrat":"acide","elev":481,"slopeDeg":0.9,"aspect":246},"geometry":{"type":"MultiPolygon","coordinates":[[[[3.0402,43.8609],[3.032,43.8633],[3.0274,43.8628],[3.0241,43.8684],[3.0269,43.8709],[3.0384,43.8657],[3.0413,43.8667],[3.045,43.8656],[3.0437,43.8622],[3.0419,43.8625],[3.0402,43.8609]]],[[[3.0479,43.8696],[3.0516,43.8727],[3.0473,43.8735],[3.0444,43.8724],[3.0466,43.8783],[3.0501,43.8772],[3.0504,43.8757],[3.0541,43.8765],[3.0553,43.8716],[3.0529,43.8695],[3.0464,43.8684],[3.0432,43.8717],[3.0486,43.869],[3.0479,43.8696]]],[[[3.0402,43.8809],[3.0402,43.8837],[3.0432,43.8815],[3.0429,43.8804],[3.0402,43.8809]]]]}},{"type":"Feature","properties":{"id":"F17806V","nom":"Forêt communale de Sainte-Eulalie-De-Cernon","dep":"12","dom":false,"essence":"conifere","substrat":"calcaire","elev":778,"slopeDeg":12,"aspect":250},"geometry":{"type":"MultiPolygon","coordinates":[[[[3.1609,43.9772],[3.159,43.9813],[3.1557,43.9802],[3.1582,43.982],[3.1574,43.9835],[3.1532,43.985],[3.1514,43.9873],[3.1371,43.9907],[3.1402,43.9929],[3.1396,43.9918],[3.1443,43.9894],[3.1539,43.9889],[3.1539,43.9867],[3.1566,43.9846],[3.1636,43.9815],[3.1666,43.9816],[3.1623,43.9757],[3.1626,43.9738],[3.1642,43.9731],[3.1644,43.9691],[3.1602,43.9729],[3.1609,43.9772]]],[[[3.182,43.9788],[3.1826,43.978],[3.1777,43.9764],[3.1773,43.9751],[3.1739,43.9753],[3.1728,43.9768],[3.182,43.9788]]]]}},{"type":"Feature","properties":{"id":"F17810Z","nom":"Forêt communale de Murasson","dep":"12","dom":false,"essence":"conifere","substrat":"acide","elev":714,"slopeDeg":11.4,"aspect":273},"geometry":{"type":"MultiPolygon","coordinates":[[[[2.7719,43.7448],[2.7726,43.742],[2.7699,43.7425],[2.7687,43.7445],[2.7641,43.7441],[2.7625,43.7468],[2.7648,43.7515],[2.763,43.7488],[2.7602,43.7475],[2.7599,43.7486],[2.7647,43.752],[2.7702,43.7507],[2.769,43.7527],[2.7698,43.7539],[2.7665,43.7544],[2.7666,43.7565],[2.772,43.7549],[2.7712,43.7526],[2.7786,43.7495],[2.7785,43.7465],[2.7715,43.7479],[2.7719,43.7448]]],[[[2.737,43.7395],[2.7366,43.738],[2.7397,43.7398],[2.7403,43.737],[2.7367,43.7367],[2.736,43.7391],[2.737,43.7395]]],[[[2.7933,43.7581],[2.7935,43.7609],[2.7977,43.7577],[2.7933,43.7581]]],[[[2.8111,43.7683],[2.8163,43.7658],[2.8139,43.7655],[2.8111,43.7683]]],[[[2.7324,43.7405],[2.7332,43.7391],[2.7297,43.739],[2.7271,43.7411],[2.7324,43.7405]]]]}},{"type":"Feature","properties":{"id":"F17811A","nom":"Forêt communale de Salles-Curan","dep":"12","dom":false,"essence":"conifere","substrat":"acide","elev":937,"slopeDeg":1.2,"aspect":159},"geometry":{"type":"Polygon","coordinates":[[[2.7857,44.1535],[2.7794,44.1509],[2.7739,44.1435],[2.7668,44.147],[2.7718,44.15],[2.7857,44.1535]]]}},{"type":"Feature","properties":{"id":"F17812B","nom":"Forêt domaniale du Haut-Dourdou","dep":"12","dom":true,"essence":"conifere","substrat":"acide","elev":817,"slopeDeg":14.5,"aspect":314},"geometry":{"type":"MultiPolygon","coordinates":[[[[2.969,43.7318],[2.978,43.734],[2.9777,43.7357],[2.9734,43.7353],[2.9744,43.738],[2.9773,43.7417],[2.9859,43.7473],[2.9882,43.751],[2.9917,43.7497],[2.9906,43.7481],[2.9888,43.7484],[2.9904,43.7478],[2.9866,43.7439],[2.9871,43.7415],[2.9928,43.7487],[2.9943,43.7479],[2.9934,43.7503],[2.9968,43.753],[3.0007,43.7505],[3.0082,43.7532],[3.0045,43.7547],[3.0076,43.7551],[3.0092,43.7571],[3.0114,43.757],[3.01,43.7553],[3.0113,43.7543],[3.0128,43.756],[3.0156,43.7549],[3.0175,43.7563],[3.0179,43.7533],[3.0238,43.7566],[3.0258,43.7545],[3.0293,43.7557],[3.0339,43.7547],[3.0329,43.7491],[3.0253,43.7498],[3.0192,43.7412],[3.0129,43.7434],[3.0133,43.7459],[3.0148,43.7469],[3.0134,43.7455],[3.0154,43.7452],[3.0173,43.7469],[3.0164,43.7492],[3.0114,43.7443],[3.0057,43.7426],[3.002,43.7444],[3.0022,43.7474],[2.9969,43.7478],[2.997,43.7465],[2.9949,43.7467],[2.9958,43.7419],[2.9916,43.7411],[2.9952,43.737],[2.9747,43.7272],[2.9761,43.7258],[2.9734,43.7229],[2.9751,43.7216],[2.9799,43.7216],[2.9793,43.7185],[2.9761,43.717],[2.9778,43.7151],[2.9759,43.7143],[2.9741,43.7156],[2.9735,43.7141],[2.9753,43.7089],[2.9782,43.7065],[2.9679,43.7036],[2.9638,43.7008],[2.9582,43.7006],[2.959,43.702],[2.9575,43.7061],[2.9557,43.7056],[2.9566,43.7077],[2.9474,43.7123],[2.9453,43.7152],[2.948,43.7163],[2.9563,43.7147],[2.9595,43.7119],[2.9662,43.7132],[2.9653,43.7155],[2.9668,43.7182],[2.9645,43.7193],[2.9722,43.7209],[2.9654,43.7229],[2.9646,43.7204],[2.9595,43.7216],[2.9603,43.724],[2.9642,43.7253],[2.962,43.7257],[2.9629,43.7268],[2.9585,43.7272],[2.9616,43.7289],[2.9601,43.729],[2.96,43.7309],[2.964,43.7299],[2.9636,43.7278],[2.9685,43.7259],[2.9696,43.7291],[2.9663,43.7311],[2.969,43.7318]]],[[[3.0745,43.7698],[3.0716,43.7693],[3.076,43.7685],[3.0692,43.762],[3.0658,43.7644],[3.0628,43.7648],[3.0612,43.7628],[3.0574,43.7651],[3.057,43.7665],[3.06,43.7691],[3.0579,43.7686],[3.0582,43.7703],[3.0569,43.7689],[3.0563,43.7703],[3.0552,43.7696],[3.0547,43.7705],[3.0562,43.7715],[3.0546,43.7718],[3.0475,43.7702],[3.0442,43.7682],[3.0448,43.7667],[3.0375,43.7625],[3.0282,43.7629],[3.0198,43.7607],[3.0152,43.7642],[3.0142,43.7618],[3.0158,43.7608],[3.0145,43.7601],[3.0105,43.7604],[3.013,43.7619],[3.0025,43.7642],[2.9996,43.7668],[3.0066,43.7663],[3.0055,43.7669],[3.006,43.7692],[3.0076,43.7686],[3.0099,43.7706],[3.0071,43.7694],[3.0061,43.7709],[3.0087,43.7722],[3.0112,43.771],[3.0112,43.7726],[3.0134,43.7725],[3.0122,43.7731],[3.0134,43.7747],[3.0167,43.7741],[3.0159,43.7753],[3.0181,43.7737],[3.025,43.7737],[3.0261,43.7702],[3.0234,43.7656],[3.0251,43.7688],[3.0275,43.7698],[3.0263,43.7718],[3.0289,43.77],[3.0344,43.7732],[3.0396,43.7696],[3.0427,43.7699],[3.0445,43.7743],[3.0437,43.7762],[3.0488,43.7795],[3.0436,43.7808],[3.0418,43.7842],[3.0453,43.787],[3.0563,43.7901],[3.0584,43.7858],[3.057,43.7828],[3.0589,43.7795],[3.0644,43.7768],[3.0637,43.775],[3.0655,43.7762],[3.0653,43.7729],[3.0667,43.772],[3.0745,43.7698]]],[[[3.011,43.7048],[3.0069,43.7062],[3.0088,43.7038],[3.0067,43.7025],[3.0021,43.705],[2.9961,43.7055],[2.9932,43.7087],[2.989,43.7062],[2.985,43.709],[2.9896,43.7127],[2.9892,43.7189],[2.9929,43.7159],[3.0001,43.7184],[3.0037,43.7163],[2.9991,43.7142],[2.9981,43.712],[2.9998,43.7109],[3,43.7122],[3.0028,43.7126],[3.0043,43.7171],[3.0077,43.7178],[3.0086,43.7202],[3.0056,43.721],[3.007,43.7239],[3.0011,43.7251],[3.0026,43.7262],[3.0013,43.7269],[3.004,43.728],[3.0029,43.7295],[3.0059,43.7311],[3.0057,43.7324],[3.0179,43.7378],[3.0205,43.7334],[3.0195,43.726],[3.0238,43.7234],[3.0217,43.7188],[3.0247,43.7215],[3.0229,43.7254],[3.0244,43.724],[3.0271,43.7244],[3.0308,43.7193],[3.0308,43.7169],[3.0282,43.7145],[3.0243,43.7143],[3.0252,43.7118],[3.023,43.7102],[3.0222,43.7117],[3.018,43.71],[3.0166,43.7069],[3.0123,43.7035],[3.011,43.7048]]],[[[2.9396,43.7489],[2.9277,43.7532],[2.9267,43.756],[2.9226,43.7557],[2.9209,43.7604],[2.9227,43.7592],[2.9243,43.761],[2.9247,43.7581],[2.926,43.7604],[2.9256,43.7579],[2.9278,43.7579],[2.9311,43.7594],[2.9289,43.7611],[2.9261,43.7611],[2.9278,43.7618],[2.9366,43.7635],[2.9421,43.7631],[2.9448,43.762],[2.9435,43.7607],[2.9458,43.7573],[2.9481,43.7572],[2.9481,43.7585],[2.9523,43.7603],[2.9514,43.7575],[2.9558,43.7564],[2.9549,43.7553],[2.9564,43.7529],[2.9601,43.7513],[2.9586,43.7495],[2.9594,43.7476],[2.9557,43.7464],[2.9573,43.7442],[2.9555,43.7448],[2.9533,43.7425],[2.953,43.7401],[2.9514,43.7442],[2.9455,43.7484],[2.9416,43.7471],[2.9408,43.744],[2.9389,43.7434],[2.9396,43.7489]]],[[[3.0645,43.7041],[3.0611,43.6999],[3.0623,43.6944],[3.0609,43.6929],[3.0468,43.6972],[3.044,43.6967],[3.0438,43.6952],[3.0441,43.6986],[3.0382,43.7003],[3.0441,43.7034],[3.0478,43.7105],[3.0503,43.7088],[3.0495,43.7071],[3.0534,43.707],[3.0518,43.7085],[3.0543,43.7086],[3.0507,43.7097],[3.0504,43.7128],[3.0476,43.7117],[3.0533,43.7169],[3.0554,43.7145],[3.0568,43.7141],[3.0576,43.7159],[3.0599,43.7136],[3.0624,43.714],[3.0626,43.7117],[3.0688,43.7082],[3.0693,43.7068],[3.0645,43.7041]]],[[[2.9367,43.6961],[2.9366,43.6981],[2.933,43.6985],[2.9362,43.7003],[2.9347,43.7041],[2.9316,43.7049],[2.9321,43.706],[2.9305,43.707],[2.9325,43.7102],[2.9363,43.708],[2.9363,43.7106],[2.9382,43.7098],[2.9482,43.7023],[2.9494,43.7027],[2.9452,43.7082],[2.9505,43.7032],[2.9467,43.709],[2.9485,43.7099],[2.9493,43.7083],[2.9476,43.7089],[2.9487,43.7055],[2.9515,43.7035],[2.9556,43.697],[2.9511,43.6948],[2.9501,43.6967],[2.9456,43.6958],[2.9462,43.6931],[2.9381,43.6906],[2.9353,43.6941],[2.9367,43.6961]]],[[[3.0532,43.7441],[3.0535,43.7424],[3.0593,43.7381],[3.0569,43.7359],[3.0532,43.738],[3.0524,43.7404],[3.048,43.7391],[3.0464,43.7404],[3.0488,43.7441],[3.0485,43.7473],[3.0503,43.7475],[3.0495,43.7503],[3.0461,43.7508],[3.0452,43.7488],[3.0436,43.75],[3.045,43.7476],[3.036,43.7457],[3.0386,43.7521],[3.0415,43.753],[3.0442,43.7511],[3.0513,43.7548],[3.052,43.7528],[3.0565,43.753],[3.0525,43.7458],[3.0532,43.7441]]],[[[2.9639,43.7524],[2.96,43.7537],[2.9569,43.7596],[2.9591,43.7608],[2.9627,43.7605],[2.9644,43.7584],[2.9705,43.7573],[2.9744,43.7535],[2.9673,43.7511],[2.9637,43.7512],[2.9639,43.7524]]],[[[3.0081,43.7382],[3.0097,43.7419],[3.0074,43.7405],[3.0059,43.7422],[3.0088,43.7433],[3.0117,43.7433],[3.0112,43.7425],[3.0161,43.7398],[3.0157,43.7385],[3.0107,43.7379],[3.0044,43.7351],[3.0037,43.7331],[3.0002,43.7324],[2.9997,43.728],[2.9963,43.7295],[2.9975,43.7312],[2.995,43.7338],[2.9975,43.7332],[2.9991,43.7357],[3.0081,43.7382]]],[[[2.9617,43.7922],[2.9631,43.7967],[2.9642,43.7968],[2.9696,43.7918],[2.9686,43.7933],[2.9715,43.794],[2.9724,43.7897],[2.9672,43.7866],[2.9654,43.7891],[2.9598,43.7893],[2.9617,43.7922]]],[[[2.9915,43.766],[2.9945,43.7616],[2.99,43.7635],[2.9879,43.7617],[2.9883,43.7593],[2.9863,43.7586],[2.9847,43.7605],[2.9871,43.7636],[2.9844,43.7633],[2.9836,43.7604],[2.9788,43.7641],[2.9811,43.7629],[2.982,43.7661],[2.9787,43.7652],[2.9845,43.7681],[2.9892,43.7684],[2.9915,43.766]]],[[[2.9202,43.7697],[2.9199,43.7708],[2.9224,43.771],[2.9203,43.7697],[2.9237,43.7672],[2.9245,43.7688],[2.9251,43.7668],[2.9217,43.7644],[2.9205,43.7656],[2.919,43.7627],[2.9135,43.7611],[2.912,43.7617],[2.9147,43.7627],[2.9078,43.7658],[2.9106,43.7681],[2.9211,43.7676],[2.9202,43.7697]]],[[[3.0537,43.7288],[3.0583,43.7274],[3.0578,43.7239],[3.0552,43.7229],[3.0497,43.7246],[3.0529,43.7274],[3.0498,43.7317],[3.0517,43.7324],[3.0489,43.7355],[3.0547,43.7359],[3.052,43.7324],[3.0549,43.7297],[3.0526,43.7296],[3.0537,43.7288]]],[[[2.9238,43.7523],[2.9254,43.7516],[2.9236,43.7506],[2.9242,43.749],[2.926,43.7507],[2.9271,43.7485],[2.9227,43.7466],[2.923,43.7483],[2.914,43.7472],[2.9184,43.7505],[2.9166,43.7519],[2.9173,43.7531],[2.9199,43.7518],[2.9238,43.7523]]],[[[2.9813,43.7879],[2.9822,43.7878],[2.9812,43.7867],[2.9791,43.7875],[2.9763,43.7861],[2.977,43.7831],[2.9735,43.783],[2.9695,43.7805],[2.9674,43.7808],[2.9696,43.7827],[2.9665,43.7823],[2.9772,43.7883],[2.9813,43.7879]]],[[[2.9441,43.7154],[2.9381,43.7146],[2.9357,43.7172],[2.9377,43.7185],[2.9363,43.7204],[2.9406,43.7209],[2.9403,43.7193],[2.944,43.7182],[2.9441,43.7154]]],[[[3.0223,43.7343],[3.0188,43.738],[3.023,43.7382],[3.0223,43.7364],[3.0237,43.7349],[3.0223,43.7343]]],[[[2.9422,43.71],[2.9386,43.7141],[2.9402,43.7146],[2.9448,43.7084],[2.9391,43.7142],[2.9422,43.71]]],[[[3.0323,43.7746],[3.0331,43.7737],[3.0317,43.7732],[3.0297,43.7747],[3.0303,43.7758],[3.0323,43.7746]]]]}},{"type":"Feature","properties":{"id":"F17820J","nom":"Forêt sectionale de Saint-Germain","dep":"12","dom":false,"essence":"conifere","substrat":"calcaire","elev":661,"slopeDeg":1.5,"aspect":157},"geometry":{"type":"MultiPolygon","coordinates":[[[[3.0217,44.1627],[3.0183,44.1635],[3.0141,44.1674],[3.0122,44.1716],[3.0166,44.172],[3.0201,44.1703],[3.0274,44.1638],[3.0255,44.1619],[3.0217,44.1627]]],[[[3.0338,44.1604],[3.0343,44.159],[3.0296,44.1593],[3.0266,44.1579],[3.0294,44.1607],[3.0269,44.1625],[3.0279,44.1637],[3.0338,44.1604]]],[[[3.0111,44.1746],[3.0102,44.1761],[3.0123,44.1759],[3.0117,44.1769],[3.0146,44.1745],[3.0111,44.1746]]]]}},{"type":"Feature","properties":{"id":"F17832V","nom":"Forêt sectionale de Peux","dep":"12","dom":false,"essence":"feuillu","substrat":"acide","elev":911,"slopeDeg":10.3,"aspect":17},"geometry":{"type":"Polygon","coordinates":[[[2.8606,43.757],[2.8559,43.7537],[2.854,43.756],[2.8555,43.7553],[2.8586,43.7588],[2.8628,43.7584],[2.8606,43.757]]]}},{"type":"Feature","properties":{"id":"F17821K","nom":"Forêt communale indivise de Brusque-Et-Fayet","dep":"12","dom":false,"essence":"feuillu","substrat":"acide","elev":679,"slopeDeg":17.4,"aspect":297},"geometry":{"type":"Polygon","coordinates":[[[2.9687,43.7316],[2.9609,43.7322],[2.9567,43.7345],[2.9546,43.7368],[2.9569,43.7372],[2.9555,43.7405],[2.9612,43.7427],[2.9603,43.7454],[2.9649,43.7458],[2.9608,43.748],[2.9606,43.7506],[2.9751,43.7534],[2.9801,43.7474],[2.9798,43.7428],[2.9771,43.7415],[2.9735,43.7353],[2.9687,43.7316]]]}},{"type":"Feature","properties":{"id":"F17823M","nom":"Forêt communale de L'Hospitalet-Du-Larzac","dep":"12","dom":false,"essence":"autre","substrat":"calcaire","elev":826,"slopeDeg":3.2,"aspect":114},"geometry":{"type":"Polygon","coordinates":[[[3.179,43.977],[3.1825,43.9778],[3.1809,43.9754],[3.1781,43.9753],[3.179,43.977]]]}},{"type":"Feature","properties":{"id":"F17825O","nom":"Forêt communale de La-Bastide-Pradines","dep":"12","dom":false,"essence":"mixte","substrat":"calcaire","elev":663,"slopeDeg":12.2,"aspect":350},"geometry":{"type":"MultiPolygon","coordinates":[[[[3.0644,43.9898],[3.0633,43.9852],[3.0451,43.9864],[3.0432,43.9889],[3.0546,43.9892],[3.0609,43.9878],[3.0615,43.9899],[3.0665,43.9923],[3.0616,43.9949],[3.0553,43.994],[3.055,43.9967],[3.0569,43.9973],[3.0576,43.9962],[3.0627,43.9967],[3.067,43.9923],[3.0644,43.9898]]],[[[3.0334,43.9961],[3.0359,43.9944],[3.0371,43.9897],[3.039,43.9894],[3.0383,43.9867],[3.0309,43.9876],[3.0318,43.9952],[3.0332,43.9972],[3.0334,43.9961]]]]}},{"type":"Feature","properties":{"id":"F17828R","nom":"Forêt domaniale de Masclat","dep":"12","dom":true,"essence":"conifere","substrat":"acide","elev":721,"slopeDeg":2.1,"aspect":278},"geometry":{"type":"Polygon","coordinates":[[[2.6385,44.8014],[2.6362,44.7986],[2.6338,44.7983],[2.6336,44.8011],[2.6301,44.801],[2.6317,44.8023],[2.6299,44.8035],[2.6242,44.8014],[2.6264,44.7985],[2.6167,44.7962],[2.6182,44.7985],[2.6185,44.8031],[2.6225,44.8053],[2.6257,44.805],[2.6254,44.8064],[2.6322,44.8069],[2.6385,44.8014]]]}},{"type":"Feature","properties":{"id":"F17841E","nom":"Forêt sectionale de Lestrade","dep":"12","dom":false,"essence":"conifere","substrat":"acide","elev":702,"slopeDeg":14.1,"aspect":277},"geometry":{"type":"Polygon","coordinates":[[[2.8552,44.5529],[2.8563,44.5575],[2.8672,44.5629],[2.8686,44.5651],[2.8679,44.5661],[2.8727,44.5646],[2.8713,44.5604],[2.8671,44.5585],[2.8626,44.5538],[2.8553,44.5518],[2.8552,44.5529]]]}},{"type":"Feature","properties":{"id":"F17842F","nom":"Forêt domaniale de la Croix-De-La-Guérite","dep":"12","dom":true,"essence":"conifere","substrat":"acide","elev":930,"slopeDeg":5.4,"aspect":9},"geometry":{"type":"MultiPolygon","coordinates":[[[[3.4472,44.024],[3.4518,44.0218],[3.4484,44.0196],[3.4495,44.0118],[3.4468,44.0094],[3.446,44.0048],[3.4403,43.9982],[3.4359,43.9976],[3.4355,43.9989],[3.4381,44.0001],[3.4395,44.0035],[3.4382,44.004],[3.439,44.0066],[3.4348,44.0084],[3.4351,44.0148],[3.437,44.0158],[3.4378,44.0193],[3.44,44.0215],[3.4376,44.0239],[3.438,44.0257],[3.4361,44.0266],[3.4372,44.0273],[3.4356,44.0298],[3.4432,44.0246],[3.4472,44.024]]],[[[3.4171,44.0416],[3.4209,44.039],[3.4224,44.036],[3.429,44.035],[3.4325,44.0319],[3.4196,44.0305],[3.4201,44.0332],[3.418,44.0345],[3.4185,44.0359],[3.4147,44.0365],[3.4151,44.0378],[3.4132,44.0392],[3.4106,44.0394],[3.4059,44.036],[3.4022,44.0411],[3.4041,44.0426],[3.4113,44.0407],[3.4171,44.0416]]],[[[3.4145,44.0098],[3.4112,44.0119],[3.4184,44.0149],[3.4257,44.0131],[3.428,44.0106],[3.4179,44.0089],[3.4205,44.0137],[3.4145,44.0098]]],[[[3.3737,44.0418],[3.3777,44.0396],[3.3734,44.0392],[3.3708,44.0417],[3.3737,44.0418]]],[[[3.3685,44.0469],[3.3714,44.0493],[3.372,44.0471],[3.3685,44.0469]]]]}},{"type":"Feature","properties":{"id":"F17844H","nom":"Forêt communale de Millau","dep":"12","dom":false,"essence":"feuillu","substrat":"calcaire","elev":797,"slopeDeg":2,"aspect":338},"geometry":{"type":"MultiPolygon","coordinates":[[[[3.1317,44.1008],[3.1347,44.1015],[3.133,44.1042],[3.1351,44.1064],[3.1448,44.1016],[3.145,44.1061],[3.1492,44.1051],[3.1587,44.1072],[3.1491,44.0997],[3.1445,44.0989],[3.1418,44.0996],[3.1403,44.1019],[3.139,44.1014],[3.1356,44.0967],[3.1346,44.0927],[3.1371,44.0913],[3.1317,44.085],[3.1315,44.083],[3.1368,44.0807],[3.13,44.083],[3.1296,44.0942],[3.1275,44.0966],[3.1285,44.0978],[3.1273,44.1007],[3.1317,44.1008]]],[[[3.1683,44.0818],[3.1656,44.0858],[3.174,44.0901],[3.1756,44.0897],[3.1773,44.0855],[3.1799,44.0843],[3.1721,44.0814],[3.1683,44.0818]]],[[[3.1196,44.0312],[3.1308,44.0344],[3.1327,44.03],[3.126,44.0285],[3.1193,44.0303],[3.1196,44.0312]]],[[[3.126,44.0397],[3.1284,44.0406],[3.1232,44.0426],[3.1244,44.0442],[3.1304,44.0417],[3.1304,44.0399],[3.1224,44.0366],[3.1227,44.0331],[3.1194,44.0336],[3.1221,44.0411],[3.1245,44.04],[3.1231,44.0381],[3.126,44.0397]]],[[[3.0903,44.0808],[3.0922,44.0789],[3.0794,44.0822],[3.079,44.085],[3.0851,44.0847],[3.0903,44.0808]]]]}},{"type":"Feature","properties":{"id":"F17859W","nom":"Forêt sectionale de La-Roque","dep":"12","dom":false,"essence":"feuillu","substrat":"acide","elev":629,"slopeDeg":7.1,"aspect":329},"geometry":{"type":"Polygon","coordinates":[[[3.0113,43.7986],[3.0001,43.793],[3.0007,43.7952],[3.0066,43.7993],[3.0112,43.7998],[3.0113,43.7986]]]}},{"type":"Feature","properties":{"id":"F17831U","nom":"Forêt sectionale de Bré-Et-Moulin-De-Gayraud","dep":"12","dom":false,"essence":"mixte","substrat":"calcaire","elev":777,"slopeDeg":15.8,"aspect":59},"geometry":{"type":"Polygon","coordinates":[[[3.3514,44.1992],[3.3514,44.1952],[3.3498,44.1947],[3.3484,44.1963],[3.3441,44.1951],[3.3343,44.1997],[3.335,44.2022],[3.329,44.2032],[3.3356,44.2042],[3.3458,44.2008],[3.3496,44.202],[3.3515,44.2008],[3.3514,44.1992]]]}},{"type":"Feature","properties":{"id":"F17833W","nom":"Forêt sectionale de La-Roquette","dep":"12","dom":false,"essence":"feuillu","substrat":"neutre","elev":1352,"slopeDeg":1.1,"aspect":51},"geometry":{"type":"MultiPolygon","coordinates":[[[[2.9332,44.6578],[2.9335,44.6591],[2.9357,44.6589],[2.936,44.6616],[2.9385,44.6625],[2.9371,44.661],[2.9379,44.6602],[2.9382,44.6615],[2.9405,44.6614],[2.9425,44.6607],[2.9413,44.6594],[2.9441,44.6589],[2.9453,44.6601],[2.9476,44.6578],[2.9438,44.6575],[2.945,44.6569],[2.9414,44.6553],[2.9404,44.6541],[2.9413,44.6522],[2.9394,44.6512],[2.9353,44.6554],[2.9391,44.6586],[2.9373,44.6586],[2.9355,44.656],[2.9332,44.6578]]],[[[2.9353,44.6674],[2.9295,44.67],[2.9326,44.6712],[2.9368,44.6678],[2.9395,44.6737],[2.9396,44.6673],[2.9376,44.6677],[2.9398,44.6665],[2.9367,44.665],[2.9353,44.6674]]],[[[2.9326,44.6654],[2.9316,44.6681],[2.9361,44.6649],[2.9348,44.6645],[2.9337,44.6664],[2.9326,44.6654]]],[[[2.9492,44.6538],[2.9482,44.6534],[2.9499,44.6525],[2.9465,44.6543],[2.9465,44.6555],[2.9492,44.6559],[2.9485,44.6577],[2.9512,44.6556],[2.9474,44.6544],[2.9492,44.6538]]]]}},{"type":"Feature","properties":{"id":"F17834X","nom":"Forêt communale de Mostuejouls","dep":"12","dom":false,"essence":"conifere","substrat":"calcaire","elev":575,"slopeDeg":18.8,"aspect":228},"geometry":{"type":"MultiPolygon","coordinates":[[[[3.2026,44.2096],[3.2024,44.2054],[3.2062,44.2029],[3.2089,44.2049],[3.2104,44.2036],[3.2096,44.1995],[3.2024,44.1986],[3.2032,44.1995],[3.2006,44.2032],[3.1964,44.2034],[3.1967,44.2048],[3.1988,44.2053],[3.1981,44.2074],[3.1953,44.2087],[3.1978,44.2142],[3.2027,44.2136],[3.2026,44.2096]]],[[[3.1776,44.1966],[3.1814,44.1949],[3.18,44.1929],[3.1813,44.1925],[3.1809,44.191],[3.1791,44.1921],[3.1779,44.1906],[3.174,44.1937],[3.1733,44.19],[3.1703,44.1926],[3.1679,44.1977],[3.1701,44.2],[3.1712,44.1983],[3.1759,44.1987],[3.1752,44.1973],[3.1776,44.1966]]],[[[3.1789,44.2449],[3.1729,44.2426],[3.1799,44.2341],[3.18,44.2328],[3.1786,44.2338],[3.1798,44.2308],[3.176,44.2371],[3.1705,44.2411],[3.1685,44.2449],[3.165,44.2435],[3.1627,44.2445],[3.1671,44.2468],[3.1717,44.2441],[3.1831,44.2466],[3.1837,44.245],[3.1789,44.2449]]],[[[3.172,44.2306],[3.1726,44.2322],[3.1673,44.2387],[3.1754,44.2355],[3.1745,44.2334],[3.1768,44.2304],[3.1766,44.2284],[3.1725,44.2278],[3.1733,44.2292],[3.1718,44.229],[3.172,44.2306]]],[[[3.1999,44.2287],[3.2026,44.232],[3.2043,44.2278],[3.2025,44.223],[3.1989,44.2226],[3.198,44.2239],[3.1972,44.2285],[3.1999,44.2287]]],[[[3.1829,44.2335],[3.1845,44.2325],[3.1866,44.2347],[3.189,44.2332],[3.1862,44.2317],[3.1847,44.2289],[3.182,44.2292],[3.1805,44.2324],[3.1808,44.2343],[3.1829,44.2335]]]]}},{"type":"Feature","properties":{"id":"F17835Y","nom":"Forêt communale d'Argences En Aubrac - Sainte-Geneviève","dep":"12","dom":false,"essence":"feuillu","substrat":"acide","elev":644,"slopeDeg":11,"aspect":319},"geometry":{"type":"Polygon","coordinates":[[[2.7142,44.7914],[2.7117,44.7881],[2.7129,44.7835],[2.7107,44.7835],[2.7127,44.7823],[2.7101,44.7804],[2.7098,44.7784],[2.706,44.7796],[2.708,44.7803],[2.7055,44.7813],[2.7086,44.7833],[2.7072,44.7887],[2.7123,44.7939],[2.7112,44.798],[2.7151,44.8025],[2.7168,44.8001],[2.7157,44.7976],[2.7178,44.7954],[2.7156,44.7922],[2.7163,44.7916],[2.7142,44.7914]]]}},{"type":"Feature","properties":{"id":"F17846J","nom":"Forêt sectionale d'Alpuech","dep":"12","dom":false,"essence":"feuillu","substrat":"neutre","elev":1132,"slopeDeg":3,"aspect":20},"geometry":{"type":"Polygon","coordinates":[[[2.8601,44.7539],[2.8581,44.7529],[2.8584,44.7502],[2.8557,44.7485],[2.8534,44.7505],[2.8563,44.7524],[2.853,44.7544],[2.8563,44.7549],[2.8488,44.756],[2.8581,44.7557],[2.8591,44.7551],[2.8572,44.7538],[2.8601,44.7539]]]}},{"type":"Feature","properties":{"id":"F17847K","nom":"Forêt sectionale de Maury","dep":"12","dom":false,"essence":"feuillu","substrat":"acide","elev":440,"slopeDeg":0.8,"aspect":269},"geometry":{"type":"Polygon","coordinates":[[[2.413,44.172],[2.4095,44.1695],[2.4082,44.172],[2.4047,44.1696],[2.3984,44.1704],[2.3968,44.1721],[2.4033,44.1723],[2.4091,44.1746],[2.4117,44.1744],[2.413,44.172]]]}},{"type":"Feature","properties":{"id":"F17905Q","nom":"Forêt sectionale de Cantoinet","dep":"12","dom":false,"essence":"autre","substrat":"acide","elev":764,"slopeDeg":12.3,"aspect":324},"geometry":{"type":"Polygon","coordinates":[[[2.7819,44.846],[2.7802,44.8469],[2.783,44.85],[2.7873,44.8499],[2.7894,44.8467],[2.7876,44.8451],[2.7866,44.8469],[2.7819,44.846]]]}},{"type":"Feature","properties":{"id":"F17849M","nom":"Forêt sectionale de Vignac","dep":"12","dom":false,"essence":"conifere","substrat":"acide","elev":719,"slopeDeg":9.4,"aspect":174},"geometry":{"type":"Polygon","coordinates":[[[2.9114,44.5399],[2.9133,44.5435],[2.9161,44.5458],[2.9176,44.5453],[2.9181,44.5411],[2.9145,44.5381],[2.9151,44.5366],[2.9135,44.5345],[2.9049,44.5317],[2.9073,44.5348],[2.9123,44.5367],[2.9094,44.5399],[2.9114,44.5399]]]}},{"type":"Feature","properties":{"id":"F17854R","nom":"Forêt sectionale de Vines","dep":"12","dom":false,"essence":"feuillu","substrat":"acide","elev":799,"slopeDeg":10.9,"aspect":4},"geometry":{"type":"Polygon","coordinates":[[[2.7906,44.8657],[2.7955,44.8679],[2.7984,44.8665],[2.8024,44.8723],[2.8056,44.8734],[2.8074,44.8734],[2.8105,44.8682],[2.8115,44.8693],[2.8163,44.8683],[2.8204,44.8711],[2.8247,44.8684],[2.8222,44.8609],[2.82,44.862],[2.8215,44.8626],[2.8196,44.8646],[2.8178,44.8637],[2.8145,44.8651],[2.8134,44.8631],[2.8119,44.8651],[2.8099,44.863],[2.8072,44.8641],[2.8018,44.8635],[2.7969,44.8616],[2.7963,44.8598],[2.7946,44.8603],[2.7958,44.8614],[2.7947,44.8615],[2.795,44.8634],[2.7905,44.8645],[2.7906,44.8657]]]}},{"type":"Feature","properties":{"id":"F17857U","nom":"Forêt communale de Brusque","dep":"12","dom":false,"essence":"conifere","substrat":"acide","elev":858,"slopeDeg":15.6,"aspect":117},"geometry":{"type":"Polygon","coordinates":[[[2.9195,43.7674],[2.9145,43.7676],[2.9121,43.7704],[2.911,43.7746],[2.9178,43.7789],[2.919,43.7864],[2.9241,43.7884],[2.9261,43.7865],[2.9261,43.7841],[2.9242,43.7833],[2.926,43.7819],[2.9252,43.7802],[2.923,43.7797],[2.9242,43.7783],[2.922,43.7776],[2.9215,43.7759],[2.9252,43.7744],[2.9185,43.7723],[2.9184,43.7706],[2.9203,43.7696],[2.9205,43.7675],[2.9195,43.7674]]]}},{"type":"Feature","properties":{"id":"F17911W","nom":"Forêt sectionale de Lasbiras","dep":"12","dom":false,"essence":"autre","substrat":"acide","elev":726,"slopeDeg":4.5,"aspect":94},"geometry":{"type":"Polygon","coordinates":[[[2.9919,43.7521],[2.9936,43.752],[2.9913,43.7503],[2.9879,43.751],[2.9919,43.7521]]]}},{"type":"Feature","properties":{"id":"F17860X","nom":"Forêt communale du Bureau D'Action Sociale De Campagnac","dep":"12","dom":false,"essence":"mixte","substrat":"calcaire","elev":608,"slopeDeg":8.9,"aspect":52},"geometry":{"type":"MultiPolygon","coordinates":[[[[3.1006,44.4261],[3.1024,44.4277],[3.1048,44.4268],[3.107,44.422],[3.1051,44.4213],[3.1046,44.4234],[3.1022,44.4248],[3.1,44.4237],[3.1006,44.4261]]],[[[3.0664,44.4341],[3.0688,44.4337],[3.0684,44.4312],[3.0653,44.4315],[3.0664,44.4341]]]]}},{"type":"Feature","properties":{"id":"F17862Z","nom":"Forêt communale de Montrozier","dep":"12","dom":false,"essence":"mixte","substrat":"acide","elev":582,"slopeDeg":4.6,"aspect":293},"geometry":{"type":"MultiPolygon","coordinates":[[[[2.6787,44.4033],[2.6778,44.4048],[2.6834,44.4039],[2.6813,44.4058],[2.6819,44.4045],[2.6775,44.4051],[2.6774,44.4075],[2.6709,44.4071],[2.6735,44.4135],[2.664,44.4141],[2.6662,44.4157],[2.683,44.4166],[2.686,44.4157],[2.6878,44.4135],[2.6879,44.4157],[2.6945,44.4124],[2.6953,44.4106],[2.6905,44.4055],[2.688,44.4058],[2.6867,44.4032],[2.6787,44.4033]]],[[[2.711,44.3725],[2.7031,44.3755],[2.7022,44.3791],[2.7046,44.3784],[2.7184,44.3837],[2.7224,44.3823],[2.7273,44.3757],[2.7213,44.3677],[2.711,44.3725]]],[[[2.7521,44.3782],[2.7535,44.3828],[2.7528,44.3881],[2.7542,44.3908],[2.7589,44.3862],[2.7561,44.3854],[2.7548,44.3826],[2.7588,44.3795],[2.76,44.3759],[2.7516,44.3743],[2.7508,44.376],[2.7521,44.3782]]]]}},{"type":"Feature","properties":{"id":"F17863A","nom":"Forêt communale de Roquefort","dep":"12","dom":false,"essence":"autre","substrat":"calcaire","elev":529,"slopeDeg":9.8,"aspect":12},"geometry":{"type":"MultiPolygon","coordinates":[[[[2.9981,43.9702],[2.9904,43.9724],[2.985,43.9679],[2.9852,43.9717],[2.9884,43.974],[2.977,43.9782],[2.9752,43.9771],[2.9763,43.979],[2.9827,43.9784],[2.9866,43.9773],[2.9899,43.9736],[2.9961,43.9744],[2.9991,43.9732],[3.0023,43.9685],[3.0013,43.9671],[2.9969,43.9677],[3.0004,43.9676],[2.9981,43.9702]]],[[[3.0115,43.9819],[3.0091,43.9797],[3.0018,43.9808],[3.0032,43.9848],[3.0069,43.9822],[3.0116,43.9832],[3.0115,43.9819]]],[[[3.0176,43.9797],[3.0172,43.9779],[3.0153,43.9806],[3.0197,43.9812],[3.0176,43.9797]]]]}},{"type":"Feature","properties":{"id":"F17865C","nom":"Forêt sectionale de Cenomes","dep":"12","dom":false,"essence":"autre","substrat":"acide","elev":559,"slopeDeg":6.5,"aspect":74},"geometry":{"type":"Polygon","coordinates":[[[3.0102,43.8002],[3.0101,43.8047],[3.0141,43.8035],[3.0175,43.8049],[3.0135,43.7997],[3.0118,43.799],[3.0102,43.8002]]]}},{"type":"Feature","properties":{"id":"F17912X","nom":"Forêt sectionale de Saint-Michel-Et-La-Beaurette","dep":"12","dom":false,"essence":"autre","substrat":"calcaire","elev":748,"slopeDeg":11.4,"aspect":251},"geometry":{"type":"Polygon","coordinates":[[[3.3241,43.9892],[3.3259,43.9905],[3.33,43.9889],[3.3275,43.9883],[3.3293,43.9868],[3.3266,43.9864],[3.3241,43.9892]]]}},{"type":"Feature","properties":{"id":"F17867E","nom":"Forêt sectionale de La Bastide Des Fonts","dep":"12","dom":false,"essence":"conifere","substrat":"calcaire","elev":781,"slopeDeg":2.4,"aspect":8},"geometry":{"type":"MultiPolygon","coordinates":[[[[3.2419,43.8412],[3.2456,43.844],[3.2514,43.8438],[3.2493,43.8391],[3.2493,43.8363],[3.2509,43.8351],[3.2414,43.8366],[3.2419,43.8412]]],[[[3.182,43.8634],[3.1845,43.859],[3.177,43.8603],[3.175,43.8614],[3.1745,43.8645],[3.182,43.8634]]]]}},{"type":"Feature","properties":{"id":"F17877O","nom":"Forêt communale de Montézic","dep":"12","dom":false,"essence":"conifere","substrat":"acide","elev":641,"slopeDeg":4.5,"aspect":205},"geometry":{"type":"MultiPolygon","coordinates":[[[[2.6501,44.6962],[2.6494,44.6977],[2.648,44.6966],[2.6482,44.698],[2.6448,44.6983],[2.6462,44.7018],[2.6489,44.7029],[2.6503,44.701],[2.649,44.7],[2.6512,44.6992],[2.6526,44.6967],[2.6501,44.6962]]],[[[2.6247,44.7175],[2.6227,44.7139],[2.62,44.7131],[2.622,44.7182],[2.6247,44.7175]]]]}},{"type":"Feature","properties":{"id":"F17868F","nom":"Forêt sectionale de Montclarat","dep":"12","dom":false,"essence":"feuillu","substrat":"calcaire","elev":593,"slopeDeg":6.4,"aspect":238},"geometry":{"type":"MultiPolygon","coordinates":[[[[3.0186,43.9901],[3.0204,43.9874],[3.0102,43.9894],[3.0115,43.9876],[3.0072,43.9868],[3.0064,43.9826],[3.0041,43.9847],[2.9958,43.9863],[3.003,43.9905],[3.0089,43.9896],[3.0092,43.9919],[3.0069,43.9925],[3.0084,43.9933],[3.0042,43.9968],[3.004,43.9987],[3.0108,43.9979],[3.0123,43.9957],[3.0143,43.9968],[3.0163,43.9961],[3.0186,43.9901]]],[[[2.9937,43.9988],[3.0037,43.9991],[3.0024,43.9973],[3.0031,43.9952],[2.9944,43.9962],[2.9937,43.9988]]],[[[3.0303,44.0225],[3.0325,44.0212],[3.0318,44.0201],[3.0282,44.0215],[3.0303,44.0225]]]]}},{"type":"Feature","properties":{"id":"F17878P","nom":"Forêt communale de Naucelle","dep":"12","dom":false,"essence":"feuillu","substrat":"acide","elev":483,"slopeDeg":0.4,"aspect":274},"geometry":{"type":"Polygon","coordinates":[[[2.3476,44.1804],[2.3521,44.1812],[2.3535,44.1776],[2.3447,44.1767],[2.3445,44.1786],[2.3476,44.1804]]]}},{"type":"Feature","properties":{"id":"F17880R","nom":"Forêt communale d'Argences En Aubrac - Lacalm-Guirande","dep":"12","dom":false,"essence":"conifere","substrat":"neutre","elev":1045,"slopeDeg":5.5,"aspect":36},"geometry":{"type":"MultiPolygon","coordinates":[[[[2.8959,44.7771],[2.8925,44.7778],[2.8917,44.7798],[2.8895,44.779],[2.888,44.78],[2.8903,44.7846],[2.8938,44.7834],[2.8977,44.7772],[2.8959,44.7771]]],[[[2.877,44.7766],[2.874,44.7795],[2.8771,44.7782],[2.8797,44.7791],[2.877,44.7766]]]]}},{"type":"Feature","properties":{"id":"F17890B","nom":"Forêt communale de Tournemire","dep":"12","dom":false,"essence":"feuillu","substrat":"calcaire","elev":714,"slopeDeg":8.5,"aspect":9},"geometry":{"type":"Polygon","coordinates":[[[3.0386,43.988],[3.039,43.9894],[3.0432,43.9889],[3.0451,43.9864],[3.0383,43.9867],[3.0386,43.988]]]}},{"type":"Feature","properties":{"id":"F17872J","nom":"Forêt communale de Bournazel","dep":"12","dom":false,"essence":"conifere","substrat":"calcaire","elev":568,"slopeDeg":4.2,"aspect":282},"geometry":{"type":"MultiPolygon","coordinates":[[[[2.3075,44.474],[2.3084,44.4706],[2.3067,44.4688],[2.2988,44.4685],[2.3027,44.4721],[2.3048,44.4695],[2.3074,44.47],[2.3043,44.4734],[2.3075,44.474]]],[[[2.3134,44.4623],[2.3116,44.4635],[2.3123,44.4649],[2.3141,44.4651],[2.3138,44.4637],[2.3157,44.4633],[2.319,44.4647],[2.3159,44.4668],[2.32,44.4658],[2.319,44.4651],[2.3207,44.4638],[2.3192,44.4616],[2.3134,44.4623]]]]}},{"type":"Feature","properties":{"id":"F17876N","nom":"Forêt communale de Laissac-Severac L'Eglise","dep":"12","dom":false,"essence":"mixte","substrat":"acide","elev":791,"slopeDeg":10.1,"aspect":310},"geometry":{"type":"MultiPolygon","coordinates":[[[[2.7777,44.359],[2.7787,44.3625],[2.7869,44.3609],[2.7875,44.3627],[2.7905,44.3646],[2.7903,44.3665],[2.7948,44.3665],[2.7926,44.3622],[2.7938,44.3619],[2.7917,44.3609],[2.7944,44.3586],[2.797,44.3587],[2.7961,44.3578],[2.7977,44.3557],[2.7903,44.3545],[2.7879,44.3566],[2.7867,44.3557],[2.7831,44.3573],[2.779,44.3554],[2.7777,44.359]]],[[[2.8165,44.3569],[2.819,44.3553],[2.8152,44.3537],[2.8148,44.3517],[2.8108,44.3547],[2.8084,44.3589],[2.8163,44.361],[2.8148,44.3583],[2.8165,44.3569]]],[[[2.795,44.3691],[2.7922,44.3698],[2.7921,44.3717],[2.7937,44.372],[2.7966,44.3695],[2.795,44.3691]]]]}},{"type":"Feature","properties":{"id":"F17881S","nom":"Forêt communale de Nant","dep":"12","dom":false,"essence":"mixte","substrat":"calcaire","elev":774,"slopeDeg":13.2,"aspect":138},"geometry":{"type":"MultiPolygon","coordinates":[[[[3.2557,44.0021],[3.2554,44.0048],[3.2574,44.0043],[3.2628,43.997],[3.2544,43.9969],[3.2527,43.9956],[3.2553,43.9978],[3.2557,44.0021]]],[[[3.2688,44.0037],[3.271,44.0024],[3.2732,44.0038],[3.2771,44.0013],[3.2832,44.0028],[3.282,44.0008],[3.2773,43.9994],[3.2699,44.0009],[3.2668,44.0036],[3.2688,44.0037]]]]}},{"type":"Feature","properties":{"id":"F17884V","nom":"Forêt sectionale de Cayrac-La-Gourde","dep":"12","dom":false,"essence":"autre","substrat":"acide","elev":748,"slopeDeg":3.6,"aspect":296},"geometry":{"type":"Polygon","coordinates":[[[2.6369,44.7984],[2.6377,44.801],[2.6401,44.8025],[2.6424,44.802],[2.6443,44.8005],[2.6409,44.8015],[2.6385,44.7987],[2.6448,44.7953],[2.6411,44.7951],[2.6369,44.7984]]]}},{"type":"Feature","properties":{"id":"F17885W","nom":"Forêt sectionale de Mels Et Bedet","dep":"12","dom":false,"essence":"conifere","substrat":"neutre","elev":784,"slopeDeg":12.1,"aspect":284},"geometry":{"type":"MultiPolygon","coordinates":[[[[2.7233,44.8135],[2.7266,44.8099],[2.7209,44.8104],[2.7165,44.8168],[2.7205,44.8186],[2.7241,44.8256],[2.7276,44.8236],[2.7295,44.8254],[2.7338,44.8255],[2.731,44.8198],[2.7295,44.8197],[2.7317,44.8213],[2.7253,44.8234],[2.7209,44.816],[2.7233,44.8135]]],[[[2.7331,44.8119],[2.7334,44.8134],[2.7351,44.8127],[2.7327,44.8103],[2.7293,44.8107],[2.7331,44.8119]]]]}},{"type":"Feature","properties":{"id":"F17886X","nom":"Forêt domaniale du Lagast","dep":"12","dom":true,"essence":"feuillu","substrat":"acide","elev":866,"slopeDeg":6.1,"aspect":22},"geometry":{"type":"Polygon","coordinates":[[[2.6428,44.1396],[2.6462,44.1321],[2.6444,44.1314],[2.6392,44.1327],[2.6376,44.1345],[2.6388,44.1371],[2.6337,44.1403],[2.6281,44.1415],[2.6299,44.1428],[2.6292,44.1441],[2.634,44.1456],[2.6428,44.1396]]]}},{"type":"Feature","properties":{"id":"F17898J","nom":"Forêt sectionale de Mayrinhac","dep":"12","dom":false,"essence":"feuillu","substrat":"neutre","elev":704,"slopeDeg":7.5,"aspect":80},"geometry":{"type":"Polygon","coordinates":[[[2.7153,44.8196],[2.7204,44.8261],[2.7162,44.8269],[2.7163,44.8283],[2.7229,44.8272],[2.7189,44.8188],[2.7156,44.817],[2.7127,44.8172],[2.7127,44.819],[2.7153,44.8196]]]}},{"type":"Feature","properties":{"id":"F17901M","nom":"Forêt communale de Condom-D'Aubrac","dep":"12","dom":false,"essence":"feuillu","substrat":"neutre","elev":1093,"slopeDeg":2.5,"aspect":197},"geometry":{"type":"MultiPolygon","coordinates":[[[[2.944,44.6244],[2.931,44.6201],[2.9295,44.623],[2.9255,44.6235],[2.9296,44.6287],[2.9303,44.6262],[2.9323,44.6252],[2.9408,44.6277],[2.9439,44.6331],[2.9423,44.6385],[2.9369,44.6387],[2.9273,44.6357],[2.9212,44.631],[2.9065,44.6294],[2.9123,44.6341],[2.9127,44.6353],[2.9105,44.635],[2.9102,44.6368],[2.9208,44.6383],[2.9386,44.6443],[2.9545,44.6536],[2.9577,44.6503],[2.9585,44.6474],[2.9532,44.6302],[2.9494,44.626],[2.944,44.6244]]],[[[2.8738,44.6006],[2.8713,44.6],[2.8681,44.5955],[2.8591,44.5927],[2.8552,44.5883],[2.8506,44.5905],[2.8503,44.5928],[2.8482,44.5908],[2.8496,44.5891],[2.8474,44.5877],[2.8404,44.5915],[2.8382,44.5915],[2.8371,44.5932],[2.8421,44.5966],[2.845,44.5934],[2.8467,44.5937],[2.8469,44.5922],[2.8496,44.5943],[2.8523,44.5926],[2.8554,44.593],[2.856,44.5952],[2.8663,44.5977],[2.871,44.6026],[2.8813,44.6025],[2.8829,44.6034],[2.8826,44.6053],[2.884,44.6043],[2.884,44.6027],[2.8816,44.6015],[2.8738,44.6006]]],[[[2.827,44.6017],[2.8296,44.6015],[2.8346,44.605],[2.8444,44.6058],[2.8455,44.609],[2.8494,44.612],[2.8515,44.6121],[2.8523,44.6105],[2.8472,44.6084],[2.8484,44.6079],[2.847,44.6062],[2.8485,44.6039],[2.8431,44.6024],[2.8424,44.6035],[2.839,44.6032],[2.8378,44.6026],[2.8392,44.6012],[2.836,44.6011],[2.8332,44.5984],[2.838,44.5975],[2.84,44.5948],[2.8375,44.5958],[2.8349,44.5939],[2.8316,44.5942],[2.827,44.5979],[2.827,44.6017]]],[[[2.8671,44.6259],[2.8678,44.6275],[2.8734,44.6285],[2.8755,44.6258],[2.8731,44.6274],[2.8715,44.626],[2.8693,44.627],[2.8664,44.6233],[2.8685,44.6224],[2.863,44.6203],[2.8622,44.6195],[2.8635,44.6187],[2.8581,44.6148],[2.8619,44.6154],[2.8626,44.6141],[2.8527,44.6128],[2.8671,44.6259]]]]}},{"type":"Feature","properties":{"id":"F17903O","nom":"Forêt communale de Cantoin","dep":"12","dom":false,"essence":"conifere","substrat":"neutre","elev":999,"slopeDeg":0.6,"aspect":329},"geometry":{"type":"MultiPolygon","coordinates":[[[[2.8656,44.8305],[2.8666,44.8316],[2.8686,44.8268],[2.8639,44.8275],[2.8646,44.8243],[2.862,44.8246],[2.8609,44.8281],[2.8631,44.8304],[2.8656,44.8305]]],[[[2.8582,44.8743],[2.8576,44.8709],[2.8599,44.8676],[2.8571,44.8668],[2.8551,44.8687],[2.8582,44.8743]]],[[[2.7849,44.8545],[2.7854,44.856],[2.7834,44.8581],[2.7855,44.858],[2.787,44.8561],[2.7862,44.8515],[2.7842,44.8521],[2.7849,44.8545]]],[[[2.8415,44.8702],[2.8408,44.8714],[2.8482,44.8698],[2.845,44.8686],[2.8415,44.8702]]],[[[2.8525,44.8675],[2.8536,44.8664],[2.8531,44.8676],[2.8552,44.8678],[2.8554,44.8668],[2.8522,44.8656],[2.8528,44.8665],[2.8506,44.867],[2.8525,44.8675]]]]}},{"type":"Feature","properties":{"id":"F17888Z","nom":"Forêt sectionale de Laval","dep":"12","dom":false,"essence":"conifere","substrat":"acide","elev":569,"slopeDeg":7.6,"aspect":220},"geometry":{"type":"Polygon","coordinates":[[[3.0468,43.8201],[3.0488,43.8229],[3.0518,43.8195],[3.0537,43.8239],[3.0574,43.8248],[3.0582,43.819],[3.0513,43.8176],[3.0499,43.8199],[3.0468,43.8201]]]}},{"type":"Feature","properties":{"id":"F17891C","nom":"Forêt communale de Bertholène","dep":"12","dom":false,"essence":"feuillu","substrat":"acide","elev":818,"slopeDeg":5.2,"aspect":315},"geometry":{"type":"MultiPolygon","coordinates":[[[[2.7523,44.3744],[2.76,44.3759],[2.7605,44.3739],[2.7625,44.3748],[2.7644,44.3798],[2.7637,44.3816],[2.7666,44.386],[2.768,44.3831],[2.7752,44.3802],[2.7737,44.3779],[2.7705,44.3778],[2.7677,44.3755],[2.7673,44.3745],[2.7708,44.3737],[2.7684,44.3713],[2.7715,44.3702],[2.7742,44.3669],[2.7679,44.3643],[2.7698,44.3599],[2.7652,44.358],[2.7542,44.3669],[2.7517,44.3726],[2.7523,44.3744]]],[[[2.7588,44.3862],[2.7563,44.3889],[2.7608,44.3875],[2.7588,44.3862]]]]}},{"type":"Feature","properties":{"id":"F17892D","nom":"Forêt sectionale de La-Barthe","dep":"12","dom":false,"essence":"conifere","substrat":"neutre","elev":965,"slopeDeg":2.6,"aspect":12},"geometry":{"type":"Polygon","coordinates":[[[2.8543,44.8126],[2.8542,44.8144],[2.8571,44.814],[2.8594,44.8106],[2.8585,44.8082],[2.8551,44.8096],[2.8543,44.8126]]]}},{"type":"Feature","properties":{"id":"F17893E","nom":"Forêt sectionale de Labastide","dep":"12","dom":false,"essence":"feuillu","substrat":"neutre","elev":727,"slopeDeg":7,"aspect":90},"geometry":{"type":"Polygon","coordinates":[[[2.851,44.8512],[2.8525,44.855],[2.8507,44.8609],[2.8534,44.862],[2.8542,44.8647],[2.8567,44.8622],[2.8559,44.8545],[2.8547,44.8534],[2.8563,44.8521],[2.8547,44.8508],[2.851,44.8512]]]}},{"type":"Feature","properties":{"id":"F17895G","nom":"Forêt sectionale d'Ajas","dep":"12","dom":false,"essence":"feuillu","substrat":"calcaire","elev":648,"slopeDeg":3.6,"aspect":316},"geometry":{"type":"Polygon","coordinates":[[[3.1069,44.4232],[3.1052,44.4265],[3.1097,44.4264],[3.1086,44.4213],[3.1074,44.4209],[3.1069,44.4232]]]}},{"type":"Feature","properties":{"id":"F17896H","nom":"Forêt sectionale de Prades-D'Aubrac","dep":"12","dom":false,"essence":"conifere","substrat":"acide","elev":920,"slopeDeg":15.4,"aspect":290},"geometry":{"type":"MultiPolygon","coordinates":[[[[2.9361,44.5456],[2.9376,44.5454],[2.9381,44.5476],[2.9446,44.5516],[2.9475,44.55],[2.9525,44.5502],[2.9447,44.5466],[2.9414,44.5424],[2.9371,44.543],[2.9358,44.5426],[2.937,44.5415],[2.934,44.541],[2.9326,44.5423],[2.9278,44.5398],[2.9289,44.5375],[2.928,44.5363],[2.9322,44.536],[2.9283,44.535],[2.925,44.5364],[2.9267,44.5368],[2.9257,44.5378],[2.9239,44.5379],[2.9247,44.5402],[2.9303,44.5415],[2.9316,44.5423],[2.9306,44.5433],[2.9361,44.5456]]],[[[2.9508,44.5549],[2.9534,44.5513],[2.9528,44.5526],[2.9496,44.5514],[2.9451,44.5539],[2.9465,44.5574],[2.9537,44.5603],[2.9616,44.5596],[2.9644,44.5579],[2.9638,44.5567],[2.9661,44.5569],[2.9673,44.5551],[2.9629,44.554],[2.9636,44.555],[2.9609,44.5563],[2.9543,44.5574],[2.9508,44.5549]]]]}},{"type":"Feature","properties":{"id":"F17910V","nom":"Forêt communale de Palmas D'Aveyron","dep":"12","dom":false,"essence":"mixte","substrat":"calcaire","elev":738,"slopeDeg":5.3,"aspect":190},"geometry":{"type":"Polygon","coordinates":[[[2.8984,44.4408],[2.8954,44.4397],[2.8945,44.4445],[2.8988,44.4486],[2.9023,44.4473],[2.9037,44.4436],[2.8984,44.4408]]]}},{"type":"Feature","properties":{"id":"F17913Y","nom":"Forêt sectionale de Orlhaguet","dep":"12","dom":false,"essence":"mixte","substrat":"acide","elev":729,"slopeDeg":1.7,"aspect":66},"geometry":{"type":"Polygon","coordinates":[[[2.7504,44.8201],[2.7497,44.819],[2.7431,44.8214],[2.7429,44.8237],[2.7506,44.8213],[2.7504,44.8201]]]}},{"type":"Feature","properties":{"id":"F25362L","nom":"Forêt sectionale d'Ambernaux","dep":"12","dom":false,"essence":"conifere","substrat":"acide","elev":790,"slopeDeg":8.4,"aspect":131},"geometry":{"type":"Polygon","coordinates":[[[2.7456,44.6294],[2.7441,44.6288],[2.7424,44.6305],[2.7469,44.6307],[2.7521,44.6272],[2.7491,44.6266],[2.7485,44.6282],[2.7456,44.6294]]]}},{"type":"Feature","properties":{"id":"F17917C","nom":"Forêt communale d'Entraygues-Sur-Truyère","dep":"12","dom":false,"essence":"conifere","substrat":"acide","elev":510,"slopeDeg":19.2,"aspect":20},"geometry":{"type":"Polygon","coordinates":[[[2.5621,44.6298],[2.5582,44.6299],[2.5573,44.6311],[2.5623,44.6335],[2.5624,44.6356],[2.5648,44.6335],[2.563,44.6331],[2.5621,44.6298]]]}},{"type":"Feature","properties":{"id":"F23595M","nom":"Forêt domaniale des Grands Causses","dep":"12","dom":true,"essence":"conifere","substrat":"calcaire","elev":778,"slopeDeg":1.5,"aspect":6},"geometry":{"type":"MultiPolygon","coordinates":[[[[3.1513,44.1485],[3.1444,44.1325],[3.1389,44.1251],[3.1401,44.1234],[3.1392,44.121],[3.1335,44.1184],[3.1301,44.1111],[3.1293,44.1133],[3.1277,44.1134],[3.1261,44.1106],[3.1237,44.1112],[3.1253,44.1068],[3.1152,44.1058],[3.113,44.1092],[3.1099,44.107],[3.0992,44.1086],[3.0997,44.1119],[3.1052,44.1171],[3.1076,44.1217],[3.1105,44.1229],[3.1096,44.1259],[3.1156,44.129],[3.1154,44.1356],[3.1172,44.1361],[3.122,44.1335],[3.1234,44.1359],[3.1248,44.1353],[3.1254,44.1391],[3.1343,44.1406],[3.1353,44.1442],[3.1493,44.1497],[3.1518,44.1495],[3.1513,44.1485]]],[[[3.2276,44.1865],[3.2337,44.1871],[3.2345,44.1819],[3.2416,44.1804],[3.2469,44.1829],[3.2462,44.1851],[3.2425,44.1864],[3.2423,44.1884],[3.2485,44.1862],[3.2513,44.1888],[3.2519,44.1858],[3.254,44.1864],[3.2573,44.1843],[3.2592,44.1755],[3.2475,44.1744],[3.2442,44.1703],[3.2399,44.1692],[3.2378,44.1705],[3.2299,44.1671],[3.2282,44.1681],[3.2315,44.1684],[3.231,44.1698],[3.2256,44.172],[3.227,44.1748],[3.2197,44.1751],[3.2189,44.1816],[3.2171,44.1838],[3.2244,44.1826],[3.2276,44.1865]]],[[[3.2622,43.9676],[3.2603,43.9657],[3.2578,43.9669],[3.2537,43.9721],[3.2536,43.9776],[3.2551,43.9807],[3.2602,43.9852],[3.2584,43.9849],[3.2579,43.9885],[3.2595,43.9884],[3.2604,43.9858],[3.2602,43.9877],[3.2639,43.9875],[3.2645,43.9861],[3.2666,43.9858],[3.271,43.9876],[3.2791,43.9848],[3.2797,43.9814],[3.2828,43.9783],[3.2798,43.9731],[3.2798,43.9706],[3.2817,43.9698],[3.2769,43.9682],[3.2678,43.9707],[3.2622,43.9676]]],[[[2.9658,43.8916],[2.9664,43.8967],[2.9644,43.8959],[2.9623,43.8971],[2.9647,43.9003],[2.9629,43.9043],[2.9642,43.902],[2.9653,43.9022],[2.964,43.9042],[2.9672,43.9044],[2.9752,43.8999],[2.982,43.9036],[2.9873,43.9037],[2.9882,43.9009],[2.989,43.9027],[2.9975,43.9048],[2.9984,43.9063],[2.9987,43.9049],[3.0007,43.9056],[2.9991,43.9037],[2.9998,43.9017],[2.9974,43.9002],[2.9992,43.8975],[2.9937,43.8986],[2.9866,43.8931],[2.9801,43.8932],[2.9727,43.8893],[2.9686,43.8889],[2.9697,43.8911],[2.966,43.8904],[2.9658,43.8916]]],[[[3.0832,43.8355],[3.0773,43.8344],[3.0654,43.8354],[3.0638,43.836],[3.0632,43.8383],[3.0676,43.8415],[3.0829,43.8396],[3.088,43.842],[3.0899,43.8445],[3.0929,43.8451],[3.1002,43.8416],[3.1051,43.8409],[3.1045,43.8379],[3.1074,43.8363],[3.1031,43.8306],[3.0863,43.8359],[3.0832,43.8355]]],[[[3.1421,43.8725],[3.1417,43.8735],[3.1457,43.8741],[3.1477,43.8765],[3.1493,43.8757],[3.1553,43.8774],[3.1593,43.8756],[3.1622,43.8701],[3.1564,43.8665],[3.1572,43.865],[3.1556,43.8635],[3.1569,43.8629],[3.1553,43.8627],[3.151,43.8581],[3.145,43.8606],[3.1473,43.866],[3.1424,43.8689],[3.1421,43.8725]]],[[[3.1142,43.8308],[3.1177,43.8309],[3.1214,43.8352],[3.1252,43.8313],[3.1265,43.8308],[3.1257,43.8322],[3.1272,43.8328],[3.1299,43.8289],[3.1362,43.8253],[3.1251,43.8179],[3.1123,43.8275],[3.1088,43.8286],[3.1142,43.8308]]],[[[3.0249,44.1888],[3.0206,44.1864],[3.0179,44.1883],[3.0151,44.187],[3.0149,44.1803],[3.0107,44.1782],[3.0091,44.1799],[3.0134,44.1945],[3.0093,44.1967],[3.0094,44.1981],[3.0104,44.1997],[3.0127,44.1994],[3.0148,44.2024],[3.0172,44.1992],[3.0168,44.2003],[3.0196,44.2016],[3.0249,44.1888]]],[[[3.173,44.1145],[3.1747,44.1153],[3.1728,44.1186],[3.1787,44.1234],[3.173,44.1276],[3.1769,44.1281],[3.1728,44.1298],[3.1737,44.1315],[3.1709,44.1341],[3.1727,44.136],[3.1753,44.1371],[3.1773,44.1314],[3.1835,44.1326],[3.1899,44.1316],[3.1905,44.1307],[3.1876,44.1304],[3.1869,44.1254],[3.1788,44.1233],[3.1822,44.1188],[3.173,44.1145]]],[[[3.144,44.2049],[3.1473,44.195],[3.1349,44.2004],[3.128,44.2088],[3.1452,44.2084],[3.147,44.2056],[3.144,44.2049]]],[[[3.1509,43.9424],[3.1567,43.9384],[3.153,43.9305],[3.1573,43.9254],[3.152,43.9213],[3.1462,43.921],[3.1496,43.9428],[3.1509,43.9424]]],[[[3.0348,43.9959],[3.0335,43.9955],[3.0332,43.9972],[3.0318,43.9952],[3.0309,43.9877],[3.027,43.9876],[3.0237,43.9933],[3.0215,43.9921],[3.0238,43.9875],[3.0204,43.9874],[3.0169,43.9931],[3.0158,43.9988],[3.0251,43.9972],[3.036,43.9978],[3.037,43.9962],[3.0355,43.9947],[3.0348,43.9959]]],[[[2.9789,43.907],[2.9714,43.9088],[2.9716,43.9114],[2.9748,43.9136],[2.9828,43.9133],[2.9903,43.9155],[2.9921,43.9135],[2.9963,43.9123],[2.9887,43.9078],[2.9828,43.9095],[2.9762,43.9088],[2.9789,43.907]]],[[[3.1811,43.9407],[3.1699,43.9414],[3.1676,43.9467],[3.1813,43.9495],[3.1824,43.9439],[3.1811,43.9407]]],[[[3.1527,44.1252],[3.1468,44.1112],[3.1451,44.1165],[3.1436,44.1172],[3.1446,44.1178],[3.1433,44.1221],[3.1463,44.1231],[3.1455,44.1249],[3.1475,44.1265],[3.1527,44.1252]]],[[[3.2843,44.1015],[3.2812,44.1009],[3.2784,44.1046],[3.2731,44.104],[3.276,44.1071],[3.272,44.1098],[3.2809,44.1119],[3.2827,44.11],[3.2794,44.1085],[3.2843,44.1065],[3.2825,44.1061],[3.2834,44.105],[3.2863,44.1044],[3.2868,44.1029],[3.2843,44.1015]]],[[[3.1558,44.1104],[3.1532,44.1099],[3.1517,44.1124],[3.1552,44.1128],[3.1553,44.1162],[3.1574,44.1176],[3.156,44.1205],[3.1562,44.1263],[3.1574,44.1267],[3.1586,44.1261],[3.1588,44.121],[3.1619,44.1177],[3.1577,44.1177],[3.1586,44.1109],[3.1558,44.1104]]],[[[3.1085,44.2026],[3.1055,44.2038],[3.1089,44.2054],[3.1121,44.2041],[3.1126,44.2022],[3.1105,44.2006],[3.1085,44.2026]]],[[[3.0151,44.1739],[3.0165,44.172],[3.0121,44.1716],[3.0102,44.1736],[3.0151,44.1739]]],[[[3.1206,44.1982],[3.1193,44.1968],[3.1166,44.1993],[3.1189,44.1998],[3.1206,44.1982]]],[[[3.2362,44.1873],[3.2384,44.1882],[3.2389,44.186],[3.2359,44.1854],[3.2362,44.1873]]]]}},{"type":"Feature","properties":{"id":"F25422T","nom":"Forêt sectionale de Bousquet-Coussounous-Jonquet","dep":"12","dom":false,"essence":"autre","substrat":"acide","elev":866,"slopeDeg":5.6,"aspect":286},"geometry":{"type":"MultiPolygon","coordinates":[[[[2.8026,44.6538],[2.8032,44.6515],[2.7983,44.6523],[2.801,44.6536],[2.8022,44.6526],[2.8026,44.6538]]],[[[2.7968,44.6456],[2.7973,44.6446],[2.7938,44.6498],[2.7971,44.647],[2.7968,44.6456]]]]}},{"type":"Feature","properties":{"id":"F25425W","nom":"Forêt sectionale de Cros-Et-Bellouet","dep":"12","dom":false,"essence":"conifere","substrat":"acide","elev":879,"slopeDeg":2.8,"aspect":198},"geometry":{"type":"Polygon","coordinates":[[[2.7859,44.6463],[2.7875,44.6458],[2.7841,44.6444],[2.7832,44.6452],[2.7831,44.6467],[2.7859,44.6463]]]}},{"type":"Feature","properties":{"id":"F25423U","nom":"Forêt sectionale de Montpeyroux","dep":"12","dom":false,"essence":"conifere","substrat":"acide","elev":849,"slopeDeg":3.4,"aspect":270},"geometry":{"type":"Polygon","coordinates":[[[2.7916,44.6371],[2.7925,44.6363],[2.7995,44.6428],[2.8027,44.6432],[2.8043,44.6417],[2.8054,44.6427],[2.8044,44.643],[2.8059,44.6429],[2.805,44.641],[2.8023,44.6412],[2.8034,44.6394],[2.8014,44.6388],[2.8012,44.6369],[2.7996,44.6397],[2.8009,44.6412],[2.7929,44.636],[2.7884,44.6358],[2.7867,44.6336],[2.7833,44.6343],[2.7833,44.6354],[2.7875,44.6372],[2.7896,44.6415],[2.792,44.642],[2.788,44.6365],[2.7916,44.6371]]]}},{"type":"Feature","properties":{"id":"F25424V","nom":"Forêt sectionale de Cuzuel","dep":"12","dom":false,"essence":"feuillu","substrat":"acide","elev":760,"slopeDeg":0.7,"aspect":179},"geometry":{"type":"Polygon","coordinates":[[[2.7457,44.5961],[2.7514,44.5985],[2.7534,44.602],[2.7576,44.6041],[2.7602,44.6072],[2.7718,44.6118],[2.7715,44.608],[2.7697,44.6084],[2.7679,44.6067],[2.7667,44.6076],[2.7653,44.6059],[2.7607,44.6046],[2.7595,44.6018],[2.7565,44.6012],[2.7534,44.5981],[2.7528,44.5954],[2.7457,44.5961]]]}},{"type":"Feature","properties":{"id":"F25427Y","nom":"Forêt sectionale d'Ambernaux-Plaissade","dep":"12","dom":false,"essence":"autre","substrat":"acide","elev":737,"slopeDeg":10.2,"aspect":129},"geometry":{"type":"Polygon","coordinates":[[[2.7405,44.6226],[2.7435,44.6222],[2.745,44.6229],[2.7437,44.6241],[2.7475,44.6256],[2.7502,44.6232],[2.7455,44.6226],[2.7407,44.6186],[2.7408,44.622],[2.7427,44.6216],[2.7405,44.6226]]]}},{"type":"Feature","properties":{"id":"F28871K","nom":"Forêt communale d'Agen-D'Aveyron","dep":"12","dom":false,"essence":"mixte","substrat":"acide","elev":751,"slopeDeg":1.3,"aspect":161},"geometry":{"type":"Polygon","coordinates":[[[2.7123,44.3632],[2.7061,44.3641],[2.7091,44.3667],[2.7068,44.3674],[2.7098,44.373],[2.7214,44.3678],[2.7359,44.3522],[2.7302,44.3444],[2.7223,44.3451],[2.7199,44.344],[2.7099,44.3469],[2.7121,44.3494],[2.7181,44.347],[2.7185,44.3512],[2.7239,44.3516],[2.7243,44.3534],[2.7219,44.355],[2.7199,44.3561],[2.7178,44.3546],[2.7062,44.3532],[2.6951,44.3573],[2.6971,44.3582],[2.6965,44.3617],[2.7008,44.3634],[2.7007,44.3612],[2.7023,44.3605],[2.7074,44.3621],[2.7166,44.3594],[2.7175,44.3645],[2.7123,44.3632]]]}},{"type":"Feature","properties":{"id":"F28936X","nom":"Forêt communale de Brommat","dep":"12","dom":false,"essence":"feuillu","substrat":"neutre","elev":820,"slopeDeg":5.4,"aspect":58},"geometry":{"type":"MultiPolygon","coordinates":[[[[2.6691,44.828],[2.6679,44.8295],[2.6751,44.8282],[2.6733,44.825],[2.6747,44.8245],[2.6741,44.8229],[2.6722,44.8234],[2.6737,44.8243],[2.6722,44.8247],[2.6731,44.828],[2.6691,44.828]]],[[[2.6707,44.8312],[2.6741,44.8319],[2.6749,44.8306],[2.6711,44.8299],[2.6707,44.8312]]]]}},{"type":"Feature","properties":{"id":"F30353K","nom":"Forêt sectionale d'Agen D'Aveyron","dep":"12","dom":false,"essence":"mixte","substrat":"acide","elev":751,"slopeDeg":5.2,"aspect":298},"geometry":{"type":"MultiPolygon","coordinates":[[[[2.7089,44.3714],[2.7073,44.3685],[2.7043,44.3699],[2.7055,44.3706],[2.704,44.3717],[2.7071,44.374],[2.7098,44.373],[2.7091,44.3717],[2.7053,44.3722],[2.7089,44.3714]]],[[[2.7091,44.3667],[2.7027,44.3655],[2.7024,44.3684],[2.7091,44.3667]]],[[[2.7131,44.3609],[2.7132,44.3628],[2.7146,44.3618],[2.7176,44.3628],[2.7166,44.3594],[2.7131,44.3609]]],[[[2.7011,44.364],[2.7026,44.3621],[2.7011,44.361],[2.7012,44.3631],[2.699,44.363],[2.6983,44.3642],[2.6991,44.3652],[2.7011,44.364]]],[[[2.7074,44.3637],[2.7046,44.3612],[2.7053,44.3623],[2.7038,44.3636],[2.7074,44.3637]]]]}},{"type":"Feature","properties":{"id":"F30354L","nom":"Forêt sectionale de Campagnac","dep":"12","dom":false,"essence":"autre","substrat":"calcaire","elev":882,"slopeDeg":6,"aspect":253},"geometry":{"type":"Polygon","coordinates":[[[3.1331,44.3945],[3.1356,44.3949],[3.138,44.3916],[3.1349,44.3909],[3.1331,44.3945]]]}},{"type":"Feature","properties":{"id":"F30355M","nom":"Forêt sectionale de Curvalle-Plancelle-Sturbain","dep":"12","dom":false,"essence":"conifere","substrat":"calcaire","elev":864,"slopeDeg":1.9,"aspect":296},"geometry":{"type":"MultiPolygon","coordinates":[[[[3.1337,44.3991],[3.1313,44.401],[3.1351,44.4014],[3.1342,44.4042],[3.1327,44.4044],[3.1343,44.407],[3.1377,44.4072],[3.1387,44.3972],[3.1337,44.3991]]],[[[3.1105,44.4122],[3.1133,44.4114],[3.1124,44.4089],[3.1102,44.4088],[3.1105,44.4122]]],[[[3.1344,44.3909],[3.1342,44.3908],[3.1341,44.3908],[3.134,44.3911],[3.1339,44.3914],[3.1338,44.3916],[3.1337,44.392],[3.1335,44.3923],[3.1333,44.3926],[3.133,44.393],[3.1326,44.3936],[3.1325,44.3937],[3.1324,44.3939],[3.1321,44.3943],[3.1326,44.3945],[3.1328,44.3945],[3.1331,44.3945],[3.1338,44.3931],[3.1349,44.3909],[3.1348,44.3909],[3.1344,44.3909]]]]}},{"type":"Feature","properties":{"id":"F31134L","nom":"Forêt communale d'Alrance","dep":"12","dom":false,"essence":"mixte","substrat":"acide","elev":899,"slopeDeg":6.5,"aspect":274},"geometry":{"type":"Polygon","coordinates":[[[2.6989,44.1303],[2.6962,44.1289],[2.6944,44.1296],[2.6971,44.1309],[2.6957,44.1347],[2.6985,44.1366],[2.7022,44.1364],[2.7033,44.134],[2.7024,44.1329],[2.6983,44.1319],[2.6978,44.1329],[2.6989,44.1303]]]}},{"type":"Feature","properties":{"id":"F31176B","nom":"Forêt sectionale de Mostuéjouls","dep":"12","dom":false,"essence":"autre","substrat":"calcaire","elev":891,"slopeDeg":2.6,"aspect":224},"geometry":{"type":"MultiPolygon","coordinates":[[[[3.1986,44.2143],[3.1965,44.2111],[3.1944,44.2107],[3.1918,44.2152],[3.187,44.2177],[3.1893,44.2193],[3.1888,44.2242],[3.1855,44.2265],[3.1859,44.2253],[3.1842,44.2242],[3.1827,44.2273],[3.1862,44.2317],[3.1902,44.2323],[3.1937,44.231],[3.1926,44.2298],[3.194,44.2268],[3.1948,44.2298],[3.1964,44.2298],[3.198,44.2239],[3.2032,44.2183],[3.2016,44.2139],[3.2007,44.2155],[3.1986,44.2143]]],[[[3.2062,44.2029],[3.2024,44.2054],[3.2022,44.2089],[3.203,44.2101],[3.2052,44.2092],[3.2057,44.2109],[3.2098,44.2121],[3.2116,44.2153],[3.2142,44.2144],[3.2151,44.2158],[3.2047,44.221],[3.2041,44.223],[3.2087,44.2246],[3.2095,44.2228],[3.2129,44.2228],[3.2156,44.2198],[3.2218,44.2204],[3.2208,44.2189],[3.2232,44.2172],[3.2238,44.2142],[3.2189,44.2145],[3.2168,44.2104],[3.2132,44.211],[3.2124,44.2087],[3.2099,44.2075],[3.2136,44.2064],[3.2092,44.2063],[3.2106,44.2046],[3.2061,44.2054],[3.2062,44.2029]]],[[[3.1883,44.2482],[3.1886,44.2501],[3.1927,44.2405],[3.1915,44.2396],[3.187,44.2401],[3.1843,44.2428],[3.1831,44.2466],[3.1883,44.2482]]]]}},{"type":"Feature","properties":{"id":"F31177C","nom":"Forêt sectionale de Liaucous","dep":"12","dom":false,"essence":"conifere","substrat":"calcaire","elev":821,"slopeDeg":5.3,"aspect":119},"geometry":{"type":"MultiPolygon","coordinates":[[[[3.1869,44.2401],[3.1881,44.2374],[3.1869,44.2353],[3.1849,44.2363],[3.181,44.2349],[3.1797,44.2374],[3.1729,44.2427],[3.1778,44.2447],[3.1837,44.245],[3.1869,44.2401]]],[[[3.172,44.2304],[3.1718,44.229],[3.1733,44.2292],[3.1725,44.2278],[3.1714,44.2289],[3.1682,44.2274],[3.1644,44.2316],[3.168,44.2381],[3.1726,44.2322],[3.1713,44.2314],[3.1689,44.2344],[3.1674,44.2335],[3.1698,44.2308],[3.172,44.2304]]],[[[3.1721,44.2166],[3.1743,44.2133],[3.168,44.2141],[3.1689,44.2166],[3.1721,44.2166]]]]}},{"type":"Feature","properties":{"id":"F31366J","nom":"Forêt communale de Sauclières","dep":"12","dom":false,"essence":"autre","substrat":"calcaire","elev":871,"slopeDeg":5.1,"aspect":282},"geometry":{"type":"Polygon","coordinates":[[[3.3366,43.9777],[3.3363,43.9804],[3.3406,43.9827],[3.3457,43.982],[3.3454,43.9795],[3.3408,43.9751],[3.3366,43.9777]]]}},{"type":"Feature","properties":{"id":"F31379W","nom":"Forêt sectionale de Saint-Felix De Sorgues","dep":"12","dom":false,"essence":"autre","substrat":"acide","elev":636,"slopeDeg":6.9,"aspect":213},"geometry":{"type":"Polygon","coordinates":[[[2.9955,43.8978],[3.002,43.8978],[3.0025,43.8967],[2.9976,43.8947],[2.9942,43.8947],[2.9941,43.8923],[3.0035,43.8922],[3.0059,43.8891],[3.0075,43.8891],[3.0068,43.8851],[2.9978,43.8836],[2.9942,43.8852],[2.9964,43.8883],[2.9933,43.8867],[2.9818,43.8877],[2.9819,43.8916],[2.9877,43.8925],[2.9866,43.8931],[2.9924,43.8982],[2.9955,43.8978]]]}},{"type":"Feature","properties":{"id":"F31381Y","nom":"Forêt sectionale des Villages Des Crozes-Hautes","dep":"12","dom":false,"essence":"autre","substrat":"acide","elev":1121,"slopeDeg":7.9,"aspect":345},"geometry":{"type":"Polygon","coordinates":[[[3.421,44.0225],[3.4232,44.0243],[3.4263,44.0185],[3.4312,44.0229],[3.4364,44.0153],[3.4274,44.0157],[3.4231,44.0138],[3.4183,44.0149],[3.4219,44.0168],[3.421,44.0225]]]}},{"type":"Feature","properties":{"id":"F31392J","nom":"Forêt sectionale de Missou","dep":"12","dom":false,"essence":"mixte","substrat":"acide","elev":653,"slopeDeg":6.5,"aspect":323},"geometry":{"type":"Polygon","coordinates":[[[2.696,44.7559],[2.6949,44.7566],[2.6945,44.7544],[2.6888,44.7534],[2.6884,44.7546],[2.6949,44.7593],[2.6994,44.7557],[2.6971,44.7535],[2.696,44.7559]]]}},{"type":"Feature","properties":{"id":"F31403U","nom":"Forêt sectionale de Rives","dep":"12","dom":false,"essence":"feuillu","substrat":"acide","elev":807,"slopeDeg":2.9,"aspect":253},"geometry":{"type":"MultiPolygon","coordinates":[[[[2.7275,44.7726],[2.733,44.7745],[2.7318,44.7735],[2.7342,44.7726],[2.7348,44.7704],[2.7302,44.7683],[2.7256,44.7712],[2.7275,44.7726]]],[[[2.7505,44.7818],[2.7506,44.7793],[2.7496,44.7792],[2.7441,44.7801],[2.7434,44.7821],[2.7457,44.7821],[2.748,44.7849],[2.7509,44.7849],[2.7524,44.7864],[2.7505,44.7818]]]]}},{"type":"Feature","properties":{"id":"F31412D","nom":"Forêt communale de Sylvanes","dep":"12","dom":false,"essence":"mixte","substrat":"acide","elev":574,"slopeDeg":15,"aspect":286},"geometry":{"type":"MultiPolygon","coordinates":[[[[2.959,43.8325],[2.9682,43.8368],[2.9738,43.8342],[2.9719,43.8323],[2.9693,43.833],[2.9685,43.8312],[2.9621,43.8277],[2.9632,43.8263],[2.9622,43.8239],[2.9562,43.825],[2.959,43.8325]]],[[[2.9527,43.8341],[2.9528,43.8365],[2.9552,43.8329],[2.957,43.8329],[2.9551,43.8325],[2.9559,43.8314],[2.9547,43.8304],[2.9518,43.832],[2.9527,43.8341]]]]}},{"type":"Feature","properties":{"id":"F48697Y","nom":"Forêt communale de Peux Et Couffouleux","dep":"12","dom":false,"essence":"conifere","substrat":"acide","elev":997,"slopeDeg":12.8,"aspect":331},"geometry":{"type":"MultiPolygon","coordinates":[[[[2.8908,43.7569],[2.8767,43.7551],[2.8728,43.7522],[2.8696,43.753],[2.8731,43.7562],[2.8715,43.7593],[2.8759,43.7607],[2.8764,43.7622],[2.8788,43.7616],[2.8785,43.763],[2.8808,43.7632],[2.8807,43.7646],[2.8868,43.7657],[2.8911,43.7643],[2.8924,43.7666],[2.895,43.7669],[2.8952,43.7696],[2.8968,43.7682],[2.8991,43.7704],[2.9032,43.7687],[2.9011,43.7717],[2.9066,43.7689],[2.9035,43.7656],[2.9023,43.7609],[2.8908,43.7569]]],[[[2.9015,43.7734],[2.9018,43.7736],[2.902,43.7737],[2.9026,43.7738],[2.9027,43.7739],[2.9029,43.7734],[2.9029,43.7734],[2.9032,43.7733],[2.9043,43.7736],[2.9049,43.7735],[2.905,43.7736],[2.905,43.7737],[2.9054,43.7735],[2.9058,43.7734],[2.9063,43.7732],[2.9063,43.7731],[2.9054,43.773],[2.9052,43.773],[2.9043,43.7728],[2.9042,43.7727],[2.9038,43.7725],[2.9038,43.7724],[2.9033,43.7726],[2.9032,43.7726],[2.903,43.7727],[2.9025,43.7729],[2.9018,43.7732],[2.9014,43.7733],[2.9015,43.7734]]]]}},{"type":"Feature","properties":{"id":"F48877W","nom":"Forêt communale d'Olemps","dep":"12","dom":false,"essence":"feuillu","substrat":"acide","elev":535,"slopeDeg":3,"aspect":221},"geometry":{"type":"Polygon","coordinates":[[[2.5263,44.3352],[2.5253,44.335],[2.5256,44.3362],[2.5307,44.3352],[2.536,44.3372],[2.5398,44.3359],[2.5442,44.337],[2.5406,44.3341],[2.5344,44.3331],[2.5263,44.3352]]]}},{"type":"Feature","properties":{"id":"F49244Z","nom":"Forêt du Conservatoire Du Littoral","dep":"12","dom":false,"essence":"autre","substrat":"acide","elev":821,"slopeDeg":1,"aspect":230},"geometry":{"type":"Polygon","coordinates":[[[2.7478,44.1923],[2.7459,44.1908],[2.7444,44.1934],[2.7474,44.1948],[2.7478,44.1923]]]}},{"type":"Feature","properties":{"id":"F49435I","nom":"Forêt sectionale d'Annat","dep":"12","dom":false,"essence":"conifere","substrat":"acide","elev":545,"slopeDeg":1.1,"aspect":128},"geometry":{"type":"Polygon","coordinates":[[[2.6932,44.5856],[2.6934,44.587],[2.6982,44.5837],[2.6952,44.5834],[2.6932,44.5856]]]}},{"type":"Feature","properties":{"id":"F49437K","nom":"Forêt sectionale de Cauvin Et La Coursière","dep":"12","dom":false,"essence":"conifere","substrat":"acide","elev":444,"slopeDeg":2.8,"aspect":191},"geometry":{"type":"Polygon","coordinates":[[[2.702,44.5915],[2.6976,44.5879],[2.6982,44.5837],[2.6934,44.587],[2.6944,44.5907],[2.6991,44.5925],[2.702,44.5915]]]}},{"type":"Feature","properties":{"id":"F49451Y","nom":"Forêt sectionale des Mazes","dep":"12","dom":false,"essence":"mixte","substrat":"acide","elev":779,"slopeDeg":9.3,"aspect":283},"geometry":{"type":"Polygon","coordinates":[[[2.736,44.6124],[2.7346,44.6099],[2.7293,44.6067],[2.7293,44.6053],[2.7253,44.6034],[2.7246,44.6014],[2.7241,44.6033],[2.7219,44.6042],[2.7284,44.6102],[2.736,44.6124]]]}},{"type":"Feature","properties":{"id":"F49444R","nom":"Forêt de Millau Grands Causses","dep":"12","dom":false,"essence":"conifere","substrat":"calcaire","elev":611,"slopeDeg":14.7,"aspect":145},"geometry":{"type":"MultiPolygon","coordinates":[[[[3.0058,44.1103],[3.0059,44.1092],[3.0033,44.109],[2.9947,44.1098],[3.0025,44.1143],[3.0075,44.1127],[3.0058,44.1103]]],[[[3.2192,44.2267],[3.2178,44.2243],[3.2116,44.2223],[3.21,44.2229],[3.2081,44.2279],[3.2163,44.2261],[3.2174,44.2276],[3.216,44.2282],[3.2172,44.2281],[3.2192,44.2267]]],[[[3.2158,44.23],[3.2159,44.2288],[3.211,44.2293],[3.2097,44.2337],[3.2053,44.2352],[3.208,44.2359],[3.2157,44.2342],[3.2152,44.2327],[3.217,44.2313],[3.2158,44.23]]]]}},{"type":"Feature","properties":{"id":"F49452Z","nom":"Forêt sectionale de Cabrespine","dep":"12","dom":false,"essence":"conifere","substrat":"acide","elev":688,"slopeDeg":7.6,"aspect":269},"geometry":{"type":"MultiPolygon","coordinates":[[[[2.7044,44.5889],[2.7022,44.5912],[2.7063,44.5934],[2.7063,44.5955],[2.71,44.5941],[2.7129,44.5971],[2.7155,44.5953],[2.7159,44.5939],[2.7118,44.5947],[2.7092,44.5911],[2.7086,44.5881],[2.71,44.5852],[2.7044,44.5889]]],[[[2.7178,44.5995],[2.717,44.5946],[2.7152,44.5987],[2.7111,44.5995],[2.7133,44.6013],[2.7152,44.6007],[2.7167,44.6029],[2.7219,44.6042],[2.7241,44.6033],[2.7238,44.6008],[2.7178,44.5995]]]]}},{"type":"Feature","properties":{"id":"F49491M","nom":"Forêt communale de Cornus","dep":"12","dom":false,"essence":"mixte","substrat":"calcaire","elev":572,"slopeDeg":5.5,"aspect":214},"geometry":{"type":"MultiPolygon","coordinates":[[[[3.17,43.8862],[3.1707,43.8887],[3.1772,43.8797],[3.1755,43.8765],[3.1706,43.8786],[3.1598,43.88],[3.1566,43.8822],[3.1551,43.8856],[3.1646,43.8832],[3.17,43.8862]]],[[[3.1748,43.9038],[3.176,43.9016],[3.1734,43.9019],[3.1748,43.906],[3.1748,43.9038]]]]}},{"type":"Feature","properties":{"id":"F49536F","nom":"Forêt du Bassin Minier","dep":"12","dom":false,"essence":"feuillu","substrat":"acide","elev":337,"slopeDeg":5.5,"aspect":319},"geometry":{"type":"MultiPolygon","coordinates":[[[[2.269,44.5283],[2.2698,44.5293],[2.2675,44.531],[2.2731,44.5302],[2.2688,44.5339],[2.2694,44.5388],[2.2769,44.5416],[2.2829,44.5392],[2.2826,44.5375],[2.285,44.5386],[2.2852,44.5365],[2.286,44.5388],[2.2881,44.5355],[2.29,44.5368],[2.2884,44.5336],[2.2954,44.5286],[2.2941,44.5291],[2.2934,44.5267],[2.2953,44.5274],[2.2956,44.526],[2.2924,44.5255],[2.2926,44.5268],[2.2895,44.5272],[2.2914,44.53],[2.2857,44.5328],[2.2882,44.5301],[2.2864,44.5282],[2.2843,44.5293],[2.2817,44.5286],[2.2825,44.5317],[2.2789,44.5326],[2.2763,44.5319],[2.2774,44.5302],[2.2748,44.5288],[2.269,44.5283]]],[[[2.2799,44.5498],[2.2796,44.5482],[2.2823,44.5455],[2.2804,44.544],[2.2755,44.5447],[2.2753,44.5431],[2.2731,44.543],[2.2737,44.5444],[2.2699,44.5461],[2.2682,44.5426],[2.2657,44.5419],[2.2711,44.5471],[2.2706,44.5492],[2.269,44.5488],[2.2663,44.5508],[2.2727,44.554],[2.2702,44.5558],[2.2772,44.5561],[2.2785,44.555],[2.2779,44.5533],[2.2799,44.5529],[2.2797,44.5512],[2.2817,44.5527],[2.2799,44.5498]]],[[[2.267,44.5358],[2.2672,44.5368],[2.2683,44.5361],[2.2648,44.5311],[2.2639,44.5323],[2.2591,44.5322],[2.255,44.536],[2.2616,44.5383],[2.2618,44.5359],[2.2624,44.5382],[2.2664,44.5371],[2.2662,44.5347],[2.267,44.5358]]],[[[2.3172,44.5315],[2.313,44.5312],[2.3113,44.533],[2.3121,44.5349],[2.3172,44.5363],[2.3172,44.5315]]],[[[2.2527,44.5448],[2.2516,44.5467],[2.2544,44.5497],[2.2538,44.5451],[2.2549,44.5433],[2.2533,44.5432],[2.2543,44.5411],[2.2531,44.5405],[2.2515,44.5417],[2.2527,44.5448]]]]}},{"type":"Feature","properties":{"id":"F58297E","nom":"Forêt sectionale du Bosc Du Mas De Rigoulac Et Des Vines","dep":"12","dom":false,"essence":"autre","substrat":"acide","elev":949,"slopeDeg":1.8,"aspect":142},"geometry":{"type":"Polygon","coordinates":[[[2.7955,44.7295],[2.8049,44.7319],[2.8055,44.7309],[2.8027,44.7287],[2.7955,44.7295]]]}},{"type":"Feature","properties":{"id":"F58457I","nom":"Forêt sectionale de Mounes","dep":"12","dom":false,"essence":"feuillu","substrat":"acide","elev":647,"slopeDeg":6.1,"aspect":33},"geometry":{"type":"MultiPolygon","coordinates":[[[[2.8594,43.7758],[2.8545,43.7786],[2.8605,43.7793],[2.8632,43.7778],[2.8594,43.7758]]],[[[2.8403,43.7942],[2.8415,43.7936],[2.8365,43.7941],[2.8377,43.7958],[2.8403,43.7942]]],[[[2.8375,43.7908],[2.8403,43.7919],[2.8408,43.7908],[2.8371,43.7891],[2.8375,43.7908]]]]}},{"type":"Feature","properties":{"id":"F58460L","nom":"Forêt sectionale de Falgous-Haut","dep":"12","dom":false,"essence":"autre","substrat":"acide","elev":688,"slopeDeg":5.6,"aspect":264},"geometry":{"type":"Polygon","coordinates":[[[2.8488,43.7949],[2.8523,43.7961],[2.8538,43.7921],[2.8495,43.7933],[2.8488,43.7949]]]}},{"type":"Feature","properties":{"id":"F58616L","nom":"Forêt sectionale du Vialaret","dep":"12","dom":false,"essence":"autre","substrat":"acide","elev":1027,"slopeDeg":7.2,"aspect":287},"geometry":{"type":"Polygon","coordinates":[[[2.9881,44.5752],[2.9907,44.575],[2.9875,44.5703],[2.9823,44.5717],[2.9881,44.5752]]]}},{"type":"Feature","properties":{"id":"F98892N","nom":"Forêt sectionale de Saupiac","dep":"12","dom":false,"essence":"conifere","substrat":"calcaire","elev":550,"slopeDeg":8.5,"aspect":167},"geometry":{"type":"Polygon","coordinates":[[[2.8135,44.541],[2.8102,44.5351],[2.8068,44.533],[2.8106,44.5436],[2.8135,44.541]]]}},{"type":"Feature","properties":{"id":"F98893O","nom":"Forêt sectionale de Ruols","dep":"12","dom":false,"essence":"autre","substrat":"calcaire","elev":606,"slopeDeg":8.8,"aspect":158},"geometry":{"type":"Polygon","coordinates":[[[2.8108,44.5446],[2.8152,44.5473],[2.8169,44.5443],[2.8135,44.541],[2.8108,44.5446]]]}},{"type":"Feature","properties":{"id":"F98894P","nom":"Forêt sectionale de la Roziere","dep":"12","dom":false,"essence":"conifere","substrat":"calcaire","elev":644,"slopeDeg":15.6,"aspect":101},"geometry":{"type":"Polygon","coordinates":[[[2.8387,44.5414],[2.8409,44.5409],[2.8412,44.5433],[2.8394,44.5434],[2.8355,44.5488],[2.8478,44.5432],[2.8452,44.5411],[2.844,44.5431],[2.8418,44.5435],[2.8406,44.5401],[2.8387,44.5414]]]}},{"type":"Feature","properties":{"id":"F98895Q","nom":"Forêt sectionale de Bans Et Banquets","dep":"12","dom":false,"essence":"autre","substrat":"calcaire","elev":667,"slopeDeg":5.2,"aspect":272},"geometry":{"type":"Polygon","coordinates":[[[2.8231,44.5454],[2.8201,44.5453],[2.8208,44.5478],[2.824,44.549],[2.8248,44.5468],[2.8234,44.5463],[2.8247,44.5461],[2.8231,44.5454]]]}},{"type":"Feature","properties":{"id":"F99032X","nom":"Forêt communale de Saint Geniez D'Olt Et D'Aubrac","dep":"12","dom":false,"essence":"feuillu","substrat":"acide","elev":985,"slopeDeg":8.6,"aspect":276},"geometry":{"type":"Polygon","coordinates":[[[3.0109,44.5482],[3.0086,44.5474],[3.0089,44.5449],[2.999,44.536],[2.9982,44.5347],[3.0009,44.5348],[2.9984,44.5316],[2.9968,44.5319],[2.9985,44.5342],[2.9928,44.5362],[2.9946,44.539],[2.9971,44.5395],[3.008,44.5493],[3.0117,44.5557],[3.0156,44.5566],[3.017,44.5543],[3.0142,44.5548],[3.0133,44.5518],[3.0108,44.551],[3.0118,44.5495],[3.0109,44.5482]]]}},{"type":"Feature","properties":{"id":"F99033Y","nom":"Forêt sectionale d'Aurelle","dep":"12","dom":false,"essence":"mixte","substrat":"acide","elev":890,"slopeDeg":9.8,"aspect":287},"geometry":{"type":"Polygon","coordinates":[[[2.9916,44.5245],[2.9923,44.5256],[2.9958,44.5251],[2.9975,44.5214],[2.9922,44.5227],[2.9916,44.5245]]]}},{"type":"Feature","properties":{"id":"F15627A","nom":"Forêt communale de Boisset Et Gaujac","dep":"30","dom":false,"essence":"autre","substrat":"calcaire","elev":313,"slopeDeg":6.6,"aspect":147},"geometry":{"type":"Polygon","coordinates":[[[4.0148,44.0771],[4.0205,44.0726],[4.0182,44.0713],[4.0149,44.072],[4.0146,44.0747],[4.0116,44.0741],[4.0104,44.0786],[4.0148,44.0771]]]}},{"type":"Feature","properties":{"id":"F15628B","nom":"Forêt communale de Saint-Victor De Malcap","dep":"30","dom":false,"essence":"conifere","substrat":"acide","elev":125,"slopeDeg":0.9,"aspect":275},"geometry":{"type":"MultiPolygon","coordinates":[[[[4.2285,44.2684],[4.2285,44.263],[4.2256,44.2632],[4.2259,44.2611],[4.2278,44.2612],[4.2275,44.2594],[4.2257,44.2597],[4.2224,44.2565],[4.2231,44.2577],[4.2213,44.2585],[4.2217,44.2615],[4.2206,44.2619],[4.2217,44.2631],[4.2151,44.2657],[4.2185,44.2678],[4.2227,44.2663],[4.222,44.269],[4.2264,44.2696],[4.2285,44.2684]]],[[[4.2349,44.2736],[4.2397,44.2709],[4.2364,44.2673],[4.2383,44.2658],[4.236,44.264],[4.2312,44.2669],[4.232,44.2696],[4.2302,44.2715],[4.2349,44.2736]]],[[[4.1999,44.2462],[4.2024,44.2443],[4.2018,44.2397],[4.1979,44.2433],[4.1999,44.2462]]]]}},{"type":"Feature","properties":{"id":"F15629C","nom":"Forêt domaniale de Valbonne","dep":"30","dom":true,"essence":"feuillu","substrat":"calcaire","elev":342,"slopeDeg":4.1,"aspect":319},"geometry":{"type":"MultiPolygon","coordinates":[[[[4.544,44.2231],[4.5432,44.2301],[4.5351,44.2286],[4.5409,44.2342],[4.5394,44.2363],[4.5419,44.2378],[4.5424,44.2399],[4.5463,44.2411],[4.5493,44.2501],[4.5497,44.2586],[4.5517,44.2603],[4.5573,44.2594],[4.553,44.2526],[4.5554,44.2523],[4.5593,44.2545],[4.562,44.2536],[4.5707,44.2564],[4.5703,44.253],[4.5632,44.2486],[4.567,44.2467],[4.5716,44.2511],[4.574,44.2508],[4.5704,44.2456],[4.5674,44.2442],[4.5756,44.2409],[4.5752,44.2384],[4.5766,44.2377],[4.5715,44.2331],[4.5717,44.2253],[4.5743,44.2245],[4.5735,44.2214],[4.5684,44.2221],[4.5652,44.2211],[4.5738,44.2196],[4.5739,44.2184],[4.5652,44.2201],[4.5655,44.2188],[4.5622,44.2195],[4.5623,44.2179],[4.5651,44.2175],[4.5652,44.2161],[4.569,44.2162],[4.5659,44.2086],[4.5639,44.2094],[4.5651,44.2162],[4.563,44.2145],[4.5594,44.2161],[4.5548,44.2162],[4.5546,44.2148],[4.553,44.2163],[4.5503,44.2148],[4.5514,44.2181],[4.5497,44.2183],[4.5499,44.2217],[4.544,44.2231]]],[[[4.5027,44.2328],[4.5038,44.2342],[4.5012,44.2365],[4.5035,44.2384],[4.5051,44.247],[4.5138,44.2497],[4.5164,44.2454],[4.5155,44.2424],[4.5218,44.2443],[4.5351,44.2424],[4.5332,44.2405],[4.5206,44.2413],[4.5206,44.2382],[4.5246,44.2379],[4.5283,44.232],[4.5307,44.2328],[4.5278,44.2296],[4.5235,44.2283],[4.5306,44.2256],[4.5291,44.2244],[4.5241,44.2246],[4.5215,44.2221],[4.5159,44.2238],[4.5135,44.2263],[4.5135,44.2283],[4.5161,44.2295],[4.5181,44.2349],[4.5175,44.238],[4.5143,44.2377],[4.5143,44.2354],[4.5107,44.2358],[4.51,44.2313],[4.5113,44.2273],[4.5027,44.2328]]],[[[4.5805,44.1981],[4.5859,44.2127],[4.601,44.2127],[4.5918,44.2037],[4.5867,44.2032],[4.5856,44.2011],[4.5984,44.1969],[4.5793,44.1952],[4.5805,44.1981]]],[[[4.5542,44.265],[4.5529,44.2638],[4.5489,44.2653],[4.5561,44.2726],[4.5583,44.273],[4.5586,44.2702],[4.5542,44.265]]]]}},{"type":"Feature","properties":{"id":"F15631E","nom":"Forêt communale de Bordezac","dep":"30","dom":false,"essence":"autre","substrat":"acide","elev":266,"slopeDeg":2.9,"aspect":228},"geometry":{"type":"MultiPolygon","coordinates":[[[[4.0908,44.3304],[4.0936,44.3282],[4.094,44.3294],[4.0971,44.3264],[4.0974,44.3275],[4.1041,44.3262],[4.1005,44.3186],[4.0922,44.3189],[4.0947,44.3165],[4.0944,44.3143],[4.092,44.3122],[4.0877,44.3176],[4.0895,44.3208],[4.0867,44.318],[4.0851,44.3197],[4.0806,44.3191],[4.0844,44.3209],[4.0838,44.3236],[4.0871,44.3237],[4.0875,44.3297],[4.0908,44.3304]]],[[[4.075,44.3112],[4.0785,44.3093],[4.0765,44.3071],[4.077,44.3043],[4.0741,44.308],[4.0735,44.3114],[4.075,44.3112]]]]}},{"type":"Feature","properties":{"id":"F15632F","nom":"Forêt communale de Connaux","dep":"30","dom":false,"essence":"feuillu","substrat":"calcaire","elev":115,"slopeDeg":2.6,"aspect":20},"geometry":{"type":"MultiPolygon","coordinates":[[[[4.6053,44.049],[4.6051,44.0475],[4.5858,44.054],[4.5854,44.0611],[4.5922,44.0691],[4.5953,44.0676],[4.6042,44.0676],[4.6068,44.0664],[4.6061,44.0655],[4.6093,44.0652],[4.6045,44.0504],[4.6053,44.049]]],[[[4.6086,44.0853],[4.6043,44.0854],[4.6049,44.0871],[4.6068,44.0874],[4.6082,44.0916],[4.6063,44.0922],[4.6088,44.0944],[4.6106,44.0926],[4.6097,44.0855],[4.6086,44.0853]]],[[[4.5866,44.09],[4.5886,44.0902],[4.5885,44.0886],[4.584,44.089],[4.5846,44.0908],[4.5866,44.09]]]]}},{"type":"Feature","properties":{"id":"F15474D","nom":"Forêt communale de Saint-Paulet De Caisson","dep":"30","dom":false,"essence":"autre","substrat":"calcaire","elev":199,"slopeDeg":4.3,"aspect":60},"geometry":{"type":"Polygon","coordinates":[[[4.5648,44.2497],[4.569,44.2522],[4.5711,44.2507],[4.567,44.2467],[4.5632,44.2486],[4.5648,44.2497]]]}},{"type":"Feature","properties":{"id":"F15475E","nom":"Forêt communale de Gagnières","dep":"30","dom":false,"essence":"conifere","substrat":"acide","elev":265,"slopeDeg":6,"aspect":120},"geometry":{"type":"MultiPolygon","coordinates":[[[[4.0957,44.318],[4.1005,44.3186],[4.1022,44.3214],[4.11,44.3188],[4.113,44.3194],[4.1097,44.3206],[4.112,44.3216],[4.1143,44.3202],[4.113,44.3231],[4.1154,44.3223],[4.1193,44.3167],[4.1176,44.3144],[4.1151,44.3146],[4.1162,44.3134],[4.1154,44.3117],[4.1142,44.3121],[4.1144,44.314],[4.1108,44.3099],[4.1073,44.3114],[4.1033,44.3107],[4.1024,44.315],[4.0947,44.3165],[4.0922,44.3189],[4.0957,44.318]]],[[[4.1175,44.3052],[4.1154,44.3052],[4.1132,44.3077],[4.1106,44.3067],[4.1141,44.3115],[4.1152,44.3112],[4.1134,44.3078],[4.1177,44.3068],[4.1175,44.3052]]],[[[4.1091,44.3099],[4.1094,44.3085],[4.1072,44.3089],[4.1072,44.311],[4.1091,44.3099]]]]}},{"type":"Feature","properties":{"id":"F15476F","nom":"Forêt communale de Saint-Laurent Des Arbres","dep":"30","dom":false,"essence":"conifere","substrat":"calcaire","elev":126,"slopeDeg":2.1,"aspect":53},"geometry":{"type":"MultiPolygon","coordinates":[[[[4.665,44.0497],[4.6672,44.0525],[4.6735,44.0524],[4.6748,44.0561],[4.689,44.055],[4.6784,44.0494],[4.6747,44.0493],[4.6863,44.0471],[4.6812,44.0447],[4.6819,44.044],[4.6805,44.0431],[4.6833,44.0418],[4.6833,44.04],[4.676,44.039],[4.6678,44.0337],[4.6622,44.0329],[4.6589,44.0348],[4.6618,44.0326],[4.6606,44.0313],[4.6515,44.034],[4.6536,44.0355],[4.6574,44.0348],[4.6584,44.0379],[4.6652,44.043],[4.6678,44.0432],[4.665,44.0497]]],[[[4.7141,44.0497],[4.7134,44.0511],[4.7199,44.045],[4.7146,44.0399],[4.714,44.0461],[4.7108,44.0466],[4.7105,44.0443],[4.7079,44.0465],[4.7071,44.0501],[4.7141,44.0497]]]]}},{"type":"Feature","properties":{"id":"F15477G","nom":"Forêt communale d'Euzet-Les-Bains","dep":"30","dom":false,"essence":"mixte","substrat":"calcaire","elev":243,"slopeDeg":6.3,"aspect":246},"geometry":{"type":"Polygon","coordinates":[[[4.2589,44.0733],[4.2524,44.0649],[4.2511,44.065],[4.2502,44.0665],[4.2517,44.068],[4.2488,44.0694],[4.2428,44.0684],[4.2383,44.0714],[4.2388,44.0728],[4.2365,44.0744],[4.236,44.0779],[4.2313,44.0809],[4.2288,44.0848],[4.2261,44.0842],[4.2368,44.0867],[4.2381,44.0884],[4.2501,44.085],[4.2514,44.0879],[4.2561,44.0872],[4.257,44.0858],[4.2549,44.0848],[4.2412,44.0861],[4.2383,44.0841],[4.2602,44.0759],[4.2589,44.0733]]]}},{"type":"Feature","properties":{"id":"F15478H","nom":"Forêt communale de Pujaut","dep":"30","dom":false,"essence":"autre","substrat":"calcaire","elev":78,"slopeDeg":3.9,"aspect":238},"geometry":{"type":"MultiPolygon","coordinates":[[[[4.7455,44.0107],[4.7415,44.0076],[4.7399,44.0108],[4.7426,44.0148],[4.7626,44.0231],[4.7685,44.0236],[4.7671,44.0209],[4.7642,44.0224],[4.7548,44.015],[4.7455,44.0107]]],[[[4.7719,44.0169],[4.7735,44.0077],[4.7752,44.0059],[4.7711,44.0071],[4.773,44.0083],[4.7708,44.0156],[4.7719,44.0182],[4.7719,44.0169]]],[[[4.7956,44.0146],[4.7875,44.0163],[4.7892,44.0169],[4.7906,44.0152],[4.7925,44.0158],[4.7912,44.0167],[4.7943,44.0167],[4.7956,44.0146]]]]}},{"type":"Feature","properties":{"id":"F15479I","nom":"Forêt communale de Calvisson","dep":"30","dom":false,"essence":"autre","substrat":"calcaire","elev":100,"slopeDeg":2.1,"aspect":127},"geometry":{"type":"MultiPolygon","coordinates":[[[[4.1629,43.8026],[4.161,43.8032],[4.1599,43.8064],[4.1568,43.8063],[4.1574,43.8032],[4.1515,43.8066],[4.1511,43.8115],[4.1522,43.8112],[4.1528,43.8128],[4.1512,43.8139],[4.1543,43.8126],[4.1521,43.8146],[4.1574,43.816],[4.1578,43.8208],[4.1699,43.8195],[4.1699,43.8184],[4.1718,43.8193],[4.1735,43.8171],[4.1718,43.8169],[4.173,43.8148],[4.1713,43.814],[4.1811,43.8138],[4.1808,43.8118],[4.1853,43.8079],[4.1808,43.8029],[4.1755,43.8031],[4.1769,43.8013],[4.1747,43.8033],[4.1781,43.7978],[4.1773,43.7954],[4.1727,43.7983],[4.1721,43.7971],[4.1639,43.7985],[4.1626,43.8],[4.1647,43.8017],[4.1649,43.805],[4.1629,43.8026]]],[[[4.1488,43.8056],[4.1599,43.8],[4.1614,43.7972],[4.1606,43.7959],[4.165,43.7912],[4.1694,43.7888],[4.1691,43.7876],[4.1591,43.794],[4.1558,43.7995],[4.1524,43.798],[4.1449,43.8006],[4.1442,43.8024],[4.151,43.8011],[4.1453,43.8049],[4.1488,43.8056]]],[[[4.185,43.7813],[4.1792,43.7815],[4.179,43.7855],[4.1842,43.7853],[4.1839,43.7834],[4.1858,43.7851],[4.185,43.7813]]],[[[4.183,43.7627],[4.1763,43.762],[4.1787,43.7628],[4.1767,43.7627],[4.1782,43.7639],[4.1854,43.7639],[4.191,43.7624],[4.1911,43.7599],[4.1906,43.759],[4.1864,43.7619],[4.1871,43.7625],[4.183,43.7627]]],[[[4.1437,43.7996],[4.1474,43.7976],[4.1514,43.7921],[4.147,43.7933],[4.1437,43.7996]]]]}},{"type":"Feature","properties":{"id":"F21344X","nom":"Forêt communale de Cendras","dep":"30","dom":false,"essence":"conifere","substrat":"acide","elev":247,"slopeDeg":6,"aspect":52},"geometry":{"type":"MultiPolygon","coordinates":[[[[4.0428,44.142],[4.0438,44.1386],[4.0395,44.1385],[4.0363,44.1355],[4.0334,44.1356],[4.0342,44.1415],[4.0316,44.1424],[4.0341,44.1443],[4.0377,44.1441],[4.0394,44.1464],[4.0467,44.1438],[4.0431,44.1422],[4.0407,44.1433],[4.0428,44.142]]],[[[4.0502,44.1394],[4.0503,44.141],[4.0527,44.141],[4.0524,44.1398],[4.0549,44.1398],[4.0544,44.1381],[4.055,44.1404],[4.0586,44.1392],[4.0597,44.1401],[4.0581,44.1408],[4.0605,44.1404],[4.0601,44.1388],[4.0588,44.1389],[4.0585,44.1358],[4.0557,44.135],[4.0519,44.1355],[4.0521,44.1373],[4.0502,44.1394]]]]}},{"type":"Feature","properties":{"id":"F21345Y","nom":"Forêt communale d'Aramon","dep":"30","dom":false,"essence":"autre","substrat":"calcaire","elev":91,"slopeDeg":0.7,"aspect":41},"geometry":{"type":"Polygon","coordinates":[[[4.7053,43.9228],[4.7074,43.9226],[4.7134,43.9176],[4.7127,43.9212],[4.7139,43.9246],[4.7118,43.9272],[4.7151,43.9289],[4.7171,43.9283],[4.7197,43.9302],[4.7181,43.931],[4.7168,43.9297],[4.716,43.9317],[4.7257,43.9309],[4.7283,43.9289],[4.7325,43.9298],[4.734,43.9252],[4.7288,43.9218],[4.7292,43.9245],[4.7282,43.9246],[4.728,43.9219],[4.7212,43.92],[4.7206,43.9212],[4.7188,43.9197],[4.7201,43.9181],[4.7192,43.9172],[4.7109,43.9121],[4.7082,43.9128],[4.7075,43.9109],[4.7061,43.9138],[4.7055,43.9111],[4.7042,43.9108],[4.7027,43.9138],[4.7013,43.9125],[4.703,43.9102],[4.7008,43.9096],[4.6992,43.9123],[4.6978,43.9112],[4.6993,43.9114],[4.698,43.9106],[4.6988,43.9095],[4.6974,43.9097],[4.6977,43.9119],[4.6956,43.9114],[4.6969,43.9106],[4.6962,43.9077],[4.6922,43.9076],[4.6918,43.9056],[4.6877,43.9056],[4.6863,43.9026],[4.6824,43.9012],[4.6786,43.9017],[4.6792,43.9034],[4.6774,43.902],[4.6771,43.9036],[4.681,43.9046],[4.686,43.9029],[4.6865,43.905],[4.6846,43.904],[4.6859,43.9055],[4.6836,43.9093],[4.6814,43.9099],[4.6825,43.9114],[4.6788,43.9111],[4.6798,43.9124],[4.6775,43.9123],[4.678,43.9151],[4.6767,43.9143],[4.6716,43.9176],[4.6694,43.9175],[4.6693,43.9198],[4.6685,43.9171],[4.6606,43.9177],[4.6635,43.9199],[4.6648,43.918],[4.6708,43.9214],[4.6703,43.923],[4.6717,43.9242],[4.6824,43.9279],[4.6909,43.9297],[4.6881,43.9271],[4.6908,43.9287],[4.6924,43.9277],[4.6921,43.9261],[4.694,43.9276],[4.6946,43.9299],[4.6932,43.9303],[4.6949,43.9305],[4.6948,43.9285],[4.6961,43.9282],[4.6953,43.9277],[4.7011,43.9289],[4.7008,43.9256],[4.703,43.9265],[4.7053,43.9228]]]}},{"type":"Feature","properties":{"id":"F27689Y","nom":"Forêt communale de Vergèze","dep":"30","dom":false,"essence":"conifere","substrat":"neutre","elev":48,"slopeDeg":1,"aspect":210},"geometry":{"type":"MultiPolygon","coordinates":[[[[4.2311,43.7525],[4.2309,43.7502],[4.2288,43.7532],[4.2265,43.7533],[4.2251,43.7515],[4.2218,43.752],[4.2235,43.7539],[4.2246,43.7536],[4.2235,43.7528],[4.2262,43.7526],[4.2266,43.7549],[4.2293,43.756],[4.2282,43.7547],[4.2301,43.755],[4.2288,43.7543],[4.2297,43.7534],[4.2312,43.7547],[4.2302,43.7563],[4.2314,43.7568],[4.2321,43.7552],[4.2329,43.7575],[4.2356,43.758],[4.2334,43.7548],[4.2314,43.7548],[4.2311,43.7525]]],[[[4.2111,43.7482],[4.2153,43.7483],[4.2143,43.7502],[4.2169,43.7506],[4.2192,43.7495],[4.2197,43.7475],[4.2162,43.7468],[4.2168,43.7482],[4.2133,43.7482],[4.2138,43.747],[4.2111,43.7482]]],[[[4.2392,43.7534],[4.237,43.7559],[4.2391,43.7581],[4.242,43.7555],[4.2392,43.7534]]],[[[4.2324,43.7534],[4.2336,43.7541],[4.2348,43.7525],[4.2352,43.7536],[4.2357,43.7516],[4.2375,43.7535],[4.2365,43.7499],[4.2395,43.7504],[4.2398,43.7491],[4.2339,43.7498],[4.2359,43.7513],[4.2324,43.7534]]],[[[4.2358,43.7463],[4.2356,43.7482],[4.238,43.7486],[4.2388,43.7455],[4.2373,43.7457],[4.2376,43.7476],[4.2358,43.7463]]]]}},{"type":"Feature","properties":{"id":"F15486P","nom":"Forêt communale de Collorgues","dep":"30","dom":false,"essence":"feuillu","substrat":"calcaire","elev":200,"slopeDeg":2.1,"aspect":131},"geometry":{"type":"MultiPolygon","coordinates":[[[[4.2784,44.0261],[4.2719,44.018],[4.2716,44.0209],[4.274,44.0272],[4.2816,44.0262],[4.2784,44.0261]]],[[[4.2859,43.997],[4.2856,43.9957],[4.2879,43.9957],[4.2874,43.9945],[4.2844,43.9943],[4.2836,43.9968],[4.282,43.9973],[4.2849,43.9984],[4.2859,43.997]]]]}},{"type":"Feature","properties":{"id":"F15487Q","nom":"Forêt communale de Castillon-Du-Gard","dep":"30","dom":false,"essence":"autre","substrat":"calcaire","elev":143,"slopeDeg":2.5,"aspect":245},"geometry":{"type":"MultiPolygon","coordinates":[[[[4.5405,44.0076],[4.5608,43.9978],[4.573,43.9947],[4.574,43.9907],[4.5775,43.9887],[4.5778,43.9871],[4.5829,43.9905],[4.5872,43.991],[4.5866,43.9885],[4.5787,43.979],[4.5799,43.982],[4.5776,43.9802],[4.5773,43.9813],[4.5753,43.9788],[4.5692,43.9767],[4.5634,43.9762],[4.5558,43.978],[4.5556,43.9822],[4.5567,43.9823],[4.5541,43.982],[4.5542,43.9871],[4.5511,43.992],[4.5492,43.9919],[4.5536,43.9869],[4.553,43.9813],[4.5556,43.9795],[4.5542,43.9789],[4.5544,43.9774],[4.5452,43.9789],[4.5437,43.9795],[4.5442,43.981],[4.5426,43.9802],[4.543,43.9817],[4.5393,43.9808],[4.5387,43.9831],[4.536,43.9821],[4.5367,43.9881],[4.5329,43.9932],[4.5333,43.9961],[4.5357,43.9974],[4.5333,44.0064],[4.5361,44.0051],[4.5373,44.0063],[4.5329,44.0086],[4.5325,44.0106],[4.5382,44.0094],[4.5389,44.0071],[4.541,44.0061],[4.5393,44.0075],[4.5405,44.0076]]],[[[4.5451,43.9661],[4.5433,43.9643],[4.5435,43.9658],[4.5411,43.9665],[4.5408,43.9684],[4.5406,43.9667],[4.5359,43.9699],[4.5414,43.9715],[4.5451,43.9661]]],[[[4.5337,43.9793],[4.535,43.983],[4.535,43.9802],[4.5384,43.9758],[4.536,43.9775],[4.5344,43.9748],[4.5337,43.9793]]],[[[4.5428,43.9604],[4.5434,43.9634],[4.546,43.9662],[4.5503,43.9664],[4.545,43.9639],[4.5428,43.9604]]]]}},{"type":"Feature","properties":{"id":"F28867G","nom":"Forêt de Marcoule","dep":"30","dom":false,"essence":"mixte","substrat":"neutre","elev":109,"slopeDeg":4,"aspect":134},"geometry":{"type":"Polygon","coordinates":[[[4.7125,44.1528],[4.7105,44.1482],[4.7041,44.1484],[4.7031,44.1564],[4.7101,44.1565],[4.7117,44.1557],[4.7125,44.1528]]]}},{"type":"Feature","properties":{"id":"F15502F","nom":"Forêt communale indivise de Brouzet-Lès-Quissac Et Liouc","dep":"30","dom":false,"essence":"autre","substrat":"calcaire","elev":247,"slopeDeg":4.1,"aspect":138},"geometry":{"type":"Polygon","coordinates":[[[3.9557,43.8872],[3.9486,43.8918],[3.9584,43.9015],[3.9638,43.9017],[3.9678,43.8967],[3.9667,43.8893],[3.9649,43.887],[3.9676,43.8877],[3.9693,43.8904],[3.9737,43.8892],[3.9693,43.885],[3.9708,43.884],[3.9689,43.8833],[3.9643,43.8872],[3.9578,43.8847],[3.9557,43.8872]]]}},{"type":"Feature","properties":{"id":"F15503G","nom":"Forêt communale de La Bruguière","dep":"30","dom":false,"essence":"feuillu","substrat":"calcaire","elev":272,"slopeDeg":0.2,"aspect":170},"geometry":{"type":"MultiPolygon","coordinates":[[[[4.3975,44.0929],[4.3919,44.0909],[4.3735,44.1063],[4.3737,44.116],[4.3766,44.116],[4.3735,44.1172],[4.3834,44.1164],[4.3868,44.1193],[4.3908,44.1202],[4.396,44.1183],[4.396,44.1158],[4.3905,44.1139],[4.3905,44.1129],[4.3926,44.1105],[4.3911,44.1096],[4.3924,44.1078],[4.396,44.106],[4.395,44.1042],[4.401,44.099],[4.3975,44.0929]]],[[[4.42,44.0825],[4.4102,44.0767],[4.4046,44.0791],[4.3961,44.0802],[4.395,44.0865],[4.4049,44.0859],[4.4046,44.0844],[4.4078,44.0879],[4.4067,44.09],[4.4084,44.0938],[4.4144,44.0983],[4.4233,44.0978],[4.4237,44.0988],[4.4281,44.0976],[4.4272,44.0873],[4.42,44.0825]]]]}},{"type":"Feature","properties":{"id":"F15528F","nom":"Forêt communale de Saint-Maurice De Cazevieille","dep":"30","dom":false,"essence":"autre","substrat":"calcaire","elev":175,"slopeDeg":4,"aspect":253},"geometry":{"type":"Polygon","coordinates":[[[4.2618,44.0473],[4.2629,44.0499],[4.2673,44.0401],[4.2632,44.0391],[4.2606,44.045],[4.2623,44.0462],[4.2618,44.0473]]]}},{"type":"Feature","properties":{"id":"F15529G","nom":"Forêt communale de Saint-Clément","dep":"30","dom":false,"essence":"mixte","substrat":"calcaire","elev":101,"slopeDeg":6.8,"aspect":33},"geometry":{"type":"MultiPolygon","coordinates":[[[[4.0208,43.8252],[4.0211,43.8205],[4.0163,43.816],[4.0087,43.8178],[4.0121,43.8245],[4.017,43.8279],[4.0156,43.8293],[4.0175,43.8324],[4.0233,43.8271],[4.0207,43.8271],[4.022,43.8265],[4.0208,43.8252]]],[[[4.0243,43.841],[4.0237,43.8332],[4.0211,43.8341],[4.0197,43.833],[4.0213,43.8334],[4.0221,43.8321],[4.0196,43.8322],[4.0131,43.8365],[4.0232,43.842],[4.0243,43.841]]]]}},{"type":"Feature","properties":{"id":"F15530H","nom":"Forêt communale de Uzès","dep":"30","dom":false,"essence":"mixte","substrat":"acide","elev":155,"slopeDeg":3.6,"aspect":234},"geometry":{"type":"Polygon","coordinates":[[[4.43,44.0155],[4.4253,44.0146],[4.4254,44.0115],[4.4284,44.0141],[4.4313,44.0115],[4.4334,44.012],[4.4321,44.0144],[4.436,44.0145],[4.436,44.0174],[4.4428,44.0171],[4.4431,44.0131],[4.4447,44.0129],[4.4455,44.011],[4.4415,44.0094],[4.4416,44.0114],[4.4401,44.0121],[4.4409,44.0115],[4.4394,44.0107],[4.4383,44.0129],[4.4371,44.0107],[4.4374,44.008],[4.4408,44.007],[4.4405,44.0057],[4.442,44.0056],[4.4428,44.009],[4.4422,44.0062],[4.4435,44.0047],[4.4436,44.0062],[4.4448,44.0054],[4.4416,43.9968],[4.4401,43.9967],[4.4409,43.9957],[4.4398,43.996],[4.4403,43.9981],[4.4392,43.9963],[4.4377,43.9975],[4.4384,43.9993],[4.4364,43.9982],[4.4358,43.9999],[4.4338,44.0001],[4.4341,44.0018],[4.431,44.0023],[4.4334,44.003],[4.4299,44.003],[4.4311,44.0043],[4.4302,44.0083],[4.4308,44.0068],[4.4325,44.0092],[4.4312,44.0079],[4.4316,44.0095],[4.4274,44.0102],[4.4259,44.0076],[4.4243,44.0077],[4.4256,44.0104],[4.4238,44.01],[4.424,44.0146],[4.4288,44.0183],[4.4299,44.0182],[4.43,44.0155]]]}},{"type":"Feature","properties":{"id":"F15531I","nom":"Forêt communale de Générac","dep":"30","dom":false,"essence":"autre","substrat":"neutre","elev":88,"slopeDeg":2.5,"aspect":179},"geometry":{"type":"Polygon","coordinates":[[[4.3732,43.7071],[4.3718,43.7114],[4.3685,43.7109],[4.3678,43.7141],[4.3729,43.7172],[4.3733,43.7158],[4.379,43.7157],[4.38,43.7148],[4.3778,43.7126],[4.3781,43.7066],[4.3755,43.7068],[4.3741,43.7045],[4.3725,43.706],[4.3732,43.7071]]]}},{"type":"Feature","properties":{"id":"F15533K","nom":"Forêt communale d'Aspères","dep":"30","dom":false,"essence":"autre","substrat":"calcaire","elev":91,"slopeDeg":0.4,"aspect":59},"geometry":{"type":"MultiPolygon","coordinates":[[[[4.0138,43.8131],[4.0071,43.8166],[4.0085,43.8178],[4.0128,43.8177],[4.0186,43.8137],[4.0269,43.817],[4.0279,43.8189],[4.0381,43.8224],[4.0402,43.8213],[4.0405,43.8173],[4.0432,43.8169],[4.0401,43.8159],[4.0387,43.8173],[4.0374,43.8168],[4.0341,43.8119],[4.0377,43.8109],[4.0349,43.8099],[4.0338,43.8109],[4.0316,43.8097],[4.0324,43.8083],[4.029,43.8078],[4.0302,43.8053],[4.0293,43.8058],[4.0296,43.8043],[4.0284,43.8052],[4.0291,43.8042],[4.0276,43.8061],[4.0241,43.8055],[4.0239,43.8042],[4.0215,43.8045],[4.0184,43.8076],[4.0124,43.8078],[4.0127,43.8107],[4.0143,43.8098],[4.0178,43.8124],[4.0138,43.8131]]],[[[4.0311,43.7993],[4.0373,43.7993],[4.0344,43.7985],[4.0356,43.7967],[4.0311,43.7993]]]]}},{"type":"Feature","properties":{"id":"F15469Y","nom":"Forêt communale de Saint-Just Et Vacquières","dep":"30","dom":false,"essence":"feuillu","substrat":"calcaire","elev":187,"slopeDeg":2.9,"aspect":341},"geometry":{"type":"MultiPolygon","coordinates":[[[[4.2712,44.0802],[4.2667,44.0748],[4.261,44.0776],[4.2658,44.076],[4.2663,44.0798],[4.265,44.0819],[4.2676,44.0837],[4.2583,44.087],[4.2611,44.0901],[4.2587,44.092],[4.2597,44.0942],[4.2549,44.095],[4.2512,44.0917],[4.2449,44.0961],[4.2473,44.0963],[4.2453,44.0973],[4.2467,44.0985],[4.244,44.1005],[4.2397,44.0984],[4.2391,44.1003],[4.2389,44.0989],[4.2358,44.0997],[4.235,44.1008],[4.2362,44.1014],[4.2341,44.1013],[4.2288,44.1055],[4.232,44.1108],[4.2429,44.1066],[4.2415,44.106],[4.2457,44.1047],[4.2463,44.1033],[4.2473,44.1043],[4.2476,44.103],[4.2502,44.1035],[4.2472,44.0989],[4.2607,44.1007],[4.2725,44.0971],[4.2733,44.0861],[4.271,44.0837],[4.2721,44.0816],[4.2712,44.0802]]],[[[4.2167,44.1009],[4.2188,44.1003],[4.219,44.1016],[4.2236,44.0997],[4.2195,44.09],[4.2172,44.0922],[4.2182,44.0935],[4.2159,44.0923],[4.2169,44.0901],[4.216,44.0918],[4.2135,44.0918],[4.2107,44.0973],[4.2094,44.0972],[4.2098,44.0941],[4.2022,44.0954],[4.202,44.0994],[4.2033,44.1002],[4.2011,44.1011],[4.2002,44.0958],[4.1992,44.1008],[4.198,44.1004],[4.1977,44.1019],[4.2048,44.1017],[4.2124,44.1057],[4.2124,44.1038],[4.2198,44.1051],[4.2244,44.1019],[4.2183,44.1043],[4.2167,44.1009]]],[[[4.2202,44.09],[4.22,44.092],[4.2259,44.1024],[4.2266,44.0998],[4.223,44.0944],[4.225,44.0938],[4.2228,44.0915],[4.2265,44.0931],[4.2256,44.0936],[4.2274,44.0979],[4.2287,44.0952],[4.2274,44.0932],[4.2316,44.0957],[4.2365,44.0937],[4.2379,44.095],[4.244,44.0943],[4.2452,44.0937],[4.2445,44.0922],[4.2459,44.093],[4.2465,44.0911],[4.2482,44.091],[4.2474,44.0896],[4.2354,44.0939],[4.2343,44.0929],[4.2379,44.092],[4.2383,44.0899],[4.2417,44.0888],[4.2379,44.0885],[4.234,44.091],[4.2319,44.0897],[4.2269,44.091],[4.2216,44.0898],[4.2223,44.0917],[4.2202,44.09]]],[[[4.2493,44.1122],[4.2474,44.113],[4.249,44.1155],[4.2528,44.1148],[4.2537,44.112],[4.2653,44.1082],[4.2674,44.1089],[4.2699,44.1064],[4.2655,44.1052],[4.2568,44.1087],[4.2552,44.1078],[4.2556,44.1089],[4.2533,44.1104],[4.2513,44.1098],[4.2515,44.1116],[4.2493,44.1122]]],[[[4.2633,44.1042],[4.2628,44.1053],[4.2725,44.1026],[4.2688,44.1021],[4.2633,44.1042]]],[[[4.2113,44.0893],[4.2108,44.0877],[4.2098,44.0918],[4.2115,44.0913],[4.2113,44.0893]]]]}},{"type":"Feature","properties":{"id":"F15470Z","nom":"Forêt communale de Baron","dep":"30","dom":false,"essence":"feuillu","substrat":"calcaire","elev":189,"slopeDeg":1.4,"aspect":94},"geometry":{"type":"MultiPolygon","coordinates":[[[[4.2697,44.0652],[4.2633,44.0682],[4.2595,44.0629],[4.2524,44.065],[4.2602,44.0759],[4.2838,44.0697],[4.2837,44.0668],[4.2867,44.0668],[4.2903,44.0626],[4.2844,44.0638],[4.283,44.0575],[4.2762,44.0618],[4.2748,44.0646],[4.2697,44.0652]]],[[[4.2637,44.0505],[4.2653,44.053],[4.273,44.0512],[4.2753,44.0552],[4.2767,44.0551],[4.2729,44.0476],[4.2742,44.0432],[4.2736,44.0371],[4.269,44.0372],[4.2629,44.0499],[4.2637,44.0505]]]]}},{"type":"Feature","properties":{"id":"F15471A","nom":"Forêt communale de Domessargues","dep":"30","dom":false,"essence":"feuillu","substrat":"calcaire","elev":117,"slopeDeg":1.1,"aspect":30},"geometry":{"type":"MultiPolygon","coordinates":[[[[4.1724,43.9647],[4.1757,43.9652],[4.1751,43.9627],[4.1774,43.9687],[4.1775,43.9668],[4.1804,43.9662],[4.1818,43.9681],[4.1837,43.9676],[4.1837,43.9652],[4.1872,43.964],[4.1837,43.9591],[4.1724,43.9614],[4.1714,43.9637],[4.1724,43.9647]]],[[[4.1589,43.9832],[4.1552,43.9831],[4.1528,43.9852],[4.1515,43.9844],[4.1494,43.9871],[4.1515,43.988],[4.1518,43.9866],[4.1517,43.9881],[4.1583,43.9904],[4.1634,43.9879],[4.1589,43.9832]]],[[[4.18,43.9777],[4.1787,43.9773],[4.1792,43.9761],[4.1813,43.9758],[4.1784,43.9753],[4.1768,43.9797],[4.1807,43.9791],[4.1816,43.9761],[4.18,43.9777]]]]}},{"type":"Feature","properties":{"id":"F15472B","nom":"Forêt communale de Montclus","dep":"30","dom":false,"essence":"feuillu","substrat":"calcaire","elev":124,"slopeDeg":3.2,"aspect":55},"geometry":{"type":"MultiPolygon","coordinates":[[[[4.3977,44.2633],[4.3972,44.2619],[4.3925,44.2613],[4.3916,44.2648],[4.4004,44.2804],[4.4032,44.2793],[4.4028,44.281],[4.3999,44.2813],[4.4015,44.2828],[4.4037,44.2828],[4.4023,44.2816],[4.4065,44.2766],[4.4039,44.2764],[4.4059,44.2755],[4.4078,44.2771],[4.4134,44.274],[4.4097,44.2733],[4.408,44.2682],[4.4051,44.2673],[4.4153,44.269],[4.4196,44.2682],[4.42,44.2668],[4.4179,44.2655],[4.4136,44.2671],[4.4136,44.266],[4.4109,44.2658],[4.4104,44.2637],[4.4116,44.2633],[4.4176,44.2632],[4.4159,44.2617],[4.4194,44.2583],[4.4174,44.2567],[4.4167,44.2586],[4.4155,44.2585],[4.4163,44.2569],[4.4147,44.2544],[4.4121,44.2541],[4.4114,44.2521],[4.4158,44.2523],[4.4173,44.2504],[4.407,44.2396],[4.4002,44.2387],[4.4012,44.246],[4.3985,44.2493],[4.3972,44.2573],[4.4003,44.2598],[4.4013,44.2627],[4.3994,44.2657],[4.3955,44.2676],[4.3951,44.2654],[4.3977,44.2633]]],[[[4.4438,44.2604],[4.4489,44.2623],[4.45,44.2616],[4.4476,44.2602],[4.454,44.2617],[4.448,44.25],[4.4447,44.2522],[4.4435,44.2587],[4.4414,44.2569],[4.4423,44.2587],[4.441,44.2573],[4.4394,44.2615],[4.4372,44.2631],[4.4293,44.2651],[4.432,44.2659],[4.4318,44.267],[4.4355,44.2695],[4.4342,44.2681],[4.436,44.2668],[4.433,44.2674],[4.4329,44.2658],[4.4383,44.2645],[4.4424,44.259],[4.4438,44.2604]]],[[[4.4259,44.2555],[4.4302,44.2572],[4.4309,44.2615],[4.4311,44.26],[4.437,44.2592],[4.4409,44.252],[4.4454,44.2495],[4.445,44.2486],[4.4386,44.2513],[4.4347,44.2513],[4.4378,44.2524],[4.4327,44.2542],[4.4364,44.2548],[4.437,44.2565],[4.4346,44.2565],[4.4362,44.2585],[4.4328,44.2594],[4.4268,44.2537],[4.423,44.2544],[4.4225,44.2532],[4.4175,44.2524],[4.4214,44.2554],[4.4224,44.2541],[4.4259,44.2555]]],[[[4.4279,44.2599],[4.4247,44.2597],[4.4241,44.2608],[4.4272,44.2597],[4.4277,44.2612],[4.426,44.2617],[4.4288,44.2641],[4.4293,44.2618],[4.4279,44.2599]]],[[[4.4409,44.2714],[4.4423,44.2693],[4.4409,44.266],[4.4398,44.2692],[4.4409,44.2714]]],[[[4.4249,44.2627],[4.4236,44.2612],[4.4248,44.265],[4.427,44.2653],[4.4249,44.2627]]]]}},{"type":"Feature","properties":{"id":"F15473C","nom":"Forêt communale de Rochegude","dep":"30","dom":false,"essence":"feuillu","substrat":"calcaire","elev":339,"slopeDeg":7.1,"aspect":282},"geometry":{"type":"Polygon","coordinates":[[[4.2947,44.2228],[4.2982,44.2265],[4.3015,44.2256],[4.3033,44.2304],[4.3054,44.2308],[4.3054,44.2292],[4.3065,44.2303],[4.3051,44.2317],[4.3059,44.2326],[4.3079,44.2291],[4.3142,44.2246],[4.3163,44.2202],[4.3134,44.2133],[4.2953,44.2205],[4.2966,44.2209],[4.2947,44.2228]]]}},{"type":"Feature","properties":{"id":"F15480J","nom":"Forêt communale d'Orsan","dep":"30","dom":false,"essence":"autre","substrat":"calcaire","elev":115,"slopeDeg":3.8,"aspect":329},"geometry":{"type":"MultiPolygon","coordinates":[[[[4.6494,44.1275],[4.6466,44.1306],[4.6475,44.1324],[4.6455,44.1333],[4.6502,44.1394],[4.6533,44.1369],[4.6546,44.1384],[4.655,44.1317],[4.6521,44.1264],[4.6494,44.1275]]],[[[4.64,44.1354],[4.6436,44.1345],[4.6425,44.1326],[4.6349,44.1288],[4.64,44.1354]]],[[[4.6424,44.1375],[4.6443,44.1393],[4.6472,44.1397],[4.6446,44.136],[4.6424,44.1375]]]]}},{"type":"Feature","properties":{"id":"F15481K","nom":"Forêt communale de Saint-Come Et Maruéjols","dep":"30","dom":false,"essence":"autre","substrat":"calcaire","elev":179,"slopeDeg":0.7,"aspect":169},"geometry":{"type":"Polygon","coordinates":[[[4.1791,43.8384],[4.1829,43.8365],[4.1793,43.8353],[4.1776,43.8391],[4.174,43.8375],[4.1743,43.8389],[4.1764,43.8393],[4.1744,43.8397],[4.1686,43.8373],[4.17,43.8371],[4.1687,43.8353],[4.1702,43.8353],[4.1681,43.8307],[4.1633,43.8301],[4.1627,43.832],[4.1608,43.8325],[4.1757,43.8428],[4.1791,43.8414],[4.1792,43.8427],[4.1759,43.843],[4.1804,43.8464],[4.1795,43.8487],[4.1826,43.8486],[4.1838,43.8517],[4.1857,43.8495],[4.1884,43.8511],[4.1893,43.8497],[4.1875,43.8497],[4.1888,43.849],[4.1882,43.8479],[4.1872,43.8494],[4.1856,43.8489],[4.1881,43.8471],[4.1896,43.8492],[4.1909,43.8368],[4.1848,43.8408],[4.1791,43.8384]]]}},{"type":"Feature","properties":{"id":"F15482L","nom":"Forêt communale de Saint-Siffret","dep":"30","dom":false,"essence":"conifere","substrat":"calcaire","elev":193,"slopeDeg":2.2,"aspect":276},"geometry":{"type":"MultiPolygon","coordinates":[[[[4.4925,43.9999],[4.4917,43.9981],[4.487,43.9959],[4.4779,43.9946],[4.474,43.9981],[4.457,44.0061],[4.459,44.0071],[4.4581,44.0091],[4.4613,44.0093],[4.461,44.0079],[4.4646,44.0076],[4.4624,44.0063],[4.4635,44.006],[4.4621,44.004],[4.4634,44.0035],[4.4657,44.0046],[4.4689,44.0033],[4.4729,44.0038],[4.4768,44.0057],[4.4809,44.0028],[4.4833,44.0039],[4.4828,44.0053],[4.4847,44.0072],[4.4837,44.0053],[4.4849,44.0039],[4.4873,44.0061],[4.4905,44.0057],[4.4892,44.0054],[4.4902,44.0045],[4.4889,44.0029],[4.4901,44.0015],[4.4875,44.0005],[4.4863,43.9981],[4.4909,44.0005],[4.4925,43.9999]]],[[[4.4736,44.0139],[4.473,44.0165],[4.4742,44.0155],[4.4743,44.0166],[4.4844,44.0163],[4.4893,44.014],[4.4902,44.0102],[4.4852,44.0092],[4.486,44.0106],[4.484,44.0108],[4.4843,44.0093],[4.4832,44.0094],[4.4833,44.0113],[4.4827,44.0095],[4.4797,44.0096],[4.4805,44.0117],[4.4794,44.0129],[4.4736,44.0139]]],[[[4.452,44.0124],[4.4518,44.0172],[4.4533,44.017],[4.4533,44.0156],[4.4538,44.0172],[4.4551,44.0169],[4.4539,44.0121],[4.452,44.0124]]],[[[4.4484,44.0117],[4.4474,44.0106],[4.4461,44.0139],[4.4467,44.0171],[4.4489,44.0152],[4.4484,44.0117]]]]}},{"type":"Feature","properties":{"id":"F15483M","nom":"Forêt communale de Fontarèches","dep":"30","dom":false,"essence":"conifere","substrat":"calcaire","elev":284,"slopeDeg":1.1,"aspect":257},"geometry":{"type":"MultiPolygon","coordinates":[[[[4.4164,44.1434],[4.4163,44.1445],[4.419,44.1447],[4.4219,44.1429],[4.4299,44.1465],[4.4352,44.1465],[4.4356,44.1455],[4.4334,44.1432],[4.4327,44.1365],[4.4404,44.1353],[4.4427,44.1191],[4.4389,44.1201],[4.4365,44.1252],[4.437,44.1282],[4.4333,44.1263],[4.4344,44.1299],[4.4179,44.1291],[4.4099,44.1346],[4.4088,44.1383],[4.414,44.1406],[4.4143,44.1426],[4.4164,44.1434]]],[[[4.4119,44.1186],[4.4118,44.1203],[4.4226,44.1209],[4.4234,44.1192],[4.4226,44.1178],[4.4144,44.1168],[4.4119,44.1186]]]]}},{"type":"Feature","properties":{"id":"F15484N","nom":"Forêt communale de Montpezat","dep":"30","dom":false,"essence":"conifere","substrat":"calcaire","elev":152,"slopeDeg":0.3,"aspect":139},"geometry":{"type":"MultiPolygon","coordinates":[[[[4.1583,43.8661],[4.1565,43.8653],[4.1558,43.8671],[4.1544,43.8657],[4.1526,43.8667],[4.1496,43.8616],[4.147,43.8641],[4.1444,43.8618],[4.1464,43.8654],[4.1436,43.8654],[4.1441,43.8633],[4.1438,43.8825],[4.151,43.8775],[4.1502,43.8767],[4.1606,43.8708],[4.159,43.8691],[4.1557,43.87],[4.1527,43.868],[4.1541,43.8671],[4.1558,43.8685],[4.1562,43.8668],[4.1589,43.867],[4.1583,43.8661]]],[[[4.1762,43.8463],[4.1766,43.8476],[4.1752,43.8478],[4.1794,43.8488],[4.1755,43.8488],[4.1757,43.8532],[4.1742,43.8489],[4.1728,43.8492],[4.173,43.8505],[4.1714,43.8499],[4.172,43.8538],[4.1856,43.8558],[4.1848,43.8537],[4.1807,43.8538],[4.1814,43.852],[4.1847,43.8534],[4.1826,43.8486],[4.1795,43.8487],[4.1804,43.8464],[4.1765,43.8432],[4.1729,43.8456],[4.1692,43.8466],[4.1676,43.8456],[4.1661,43.8472],[4.1673,43.8473],[4.167,43.8462],[4.1692,43.8479],[4.1699,43.8467],[4.1694,43.8479],[4.1706,43.848],[4.1697,43.8475],[4.174,43.8466],[4.1735,43.848],[4.175,43.848],[4.1762,43.8463]]]]}},{"type":"Feature","properties":{"id":"F15485O","nom":"Forêt communale de Belvezet","dep":"30","dom":false,"essence":"feuillu","substrat":"calcaire","elev":202,"slopeDeg":2.2,"aspect":124},"geometry":{"type":"MultiPolygon","coordinates":[[[[4.366,44.1105],[4.3766,44.1044],[4.3887,44.0928],[4.3893,44.0897],[4.3744,44.0948],[4.3689,44.0983],[4.3639,44.0986],[4.3623,44.1015],[4.3632,44.0974],[4.3592,44.099],[4.3592,44.1012],[4.3568,44.1022],[4.3588,44.1062],[4.3567,44.1073],[4.3563,44.1055],[4.3543,44.1056],[4.353,44.1011],[4.3539,44.0994],[4.3551,44.1008],[4.3555,44.0967],[4.351,44.0963],[4.3482,44.1005],[4.3476,44.0973],[4.3423,44.0992],[4.3439,44.0968],[4.3425,44.0949],[4.3399,44.0954],[4.3404,44.0928],[4.3351,44.0936],[4.3381,44.0915],[4.3337,44.0919],[4.3335,44.0937],[4.333,44.0928],[4.3277,44.0939],[4.3294,44.094],[4.3298,44.0973],[4.3311,44.0957],[4.3375,44.095],[4.342,44.0969],[4.3407,44.1036],[4.3338,44.1143],[4.3472,44.1143],[4.3622,44.112],[4.3645,44.1111],[4.363,44.1069],[4.3699,44.1017],[4.3715,44.1032],[4.3703,44.1064],[4.366,44.1105]]],[[[4.3452,44.0704],[4.347,44.0702],[4.3451,44.0706],[4.341,44.0751],[4.3445,44.0791],[4.3459,44.0761],[4.349,44.0757],[4.3528,44.0732],[4.3514,44.0709],[4.3514,44.0724],[4.3499,44.0726],[4.3468,44.0714],[4.3473,44.0703],[4.3611,44.0716],[4.3551,44.0703],[4.3603,44.0698],[4.3621,44.0668],[4.3632,44.0692],[4.3625,44.071],[4.3706,44.071],[4.3725,44.0739],[4.3739,44.0728],[4.3737,44.0741],[4.376,44.0738],[4.3754,44.0751],[4.3773,44.0737],[4.3779,44.0757],[4.3864,44.0803],[4.3876,44.0841],[4.3879,44.0806],[4.3902,44.0839],[4.3921,44.0804],[4.3878,44.0742],[4.3816,44.0712],[4.363,44.0661],[4.3473,44.0665],[4.3452,44.0704]]],[[[4.3331,44.0814],[4.3344,44.0826],[4.3335,44.0843],[4.3302,44.0861],[4.3241,44.0867],[4.3145,44.0926],[4.3181,44.0951],[4.3201,44.0926],[4.3251,44.0923],[4.3263,44.0937],[4.3284,44.0925],[4.3252,44.0897],[4.3262,44.0892],[4.3271,44.0906],[4.3319,44.0913],[4.3365,44.0901],[4.3357,44.0893],[4.3376,44.0889],[4.3344,44.0886],[4.3383,44.0874],[4.3349,44.0843],[4.3388,44.08],[4.3423,44.0794],[4.3388,44.0774],[4.3348,44.0805],[4.3359,44.0817],[4.3331,44.0814]]],[[[4.3309,44.083],[4.3251,44.0861],[4.3276,44.0861],[4.3309,44.083]]]]}},{"type":"Feature","properties":{"id":"F15488R","nom":"Forêt communale de Serviers Et Labaume","dep":"30","dom":false,"essence":"mixte","substrat":"calcaire","elev":130,"slopeDeg":2.7,"aspect":95},"geometry":{"type":"MultiPolygon","coordinates":[[[[4.3175,44.0299],[4.3226,44.0344],[4.3255,44.0347],[4.3269,44.0374],[4.3336,44.0394],[4.3325,44.0349],[4.3331,44.0335],[4.3352,44.0336],[4.3345,44.0319],[4.3361,44.0298],[4.3341,44.0292],[4.3355,44.0281],[4.3323,44.0254],[4.3175,44.0299]]],[[[4.3665,44.0387],[4.3693,44.0392],[4.3694,44.0376],[4.3667,44.0381],[4.3661,44.037],[4.3621,44.0385],[4.3665,44.0387]]]]}},{"type":"Feature","properties":{"id":"F15489S","nom":"Forêt communale de Sainte-Anastasie","dep":"30","dom":false,"essence":"autre","substrat":"calcaire","elev":73,"slopeDeg":4.8,"aspect":223},"geometry":{"type":"MultiPolygon","coordinates":[[[[4.3482,43.9397],[4.3582,43.9393],[4.3584,43.9406],[4.3675,43.9425],[4.3672,43.94],[4.3658,43.9395],[4.3681,43.9389],[4.3683,43.9413],[4.3703,43.9398],[4.369,43.9427],[4.3765,43.9441],[4.3757,43.9406],[4.3724,43.9375],[4.3682,43.9291],[4.3663,43.9283],[4.3636,43.9301],[4.3625,43.9267],[4.3635,43.9262],[4.3728,43.9258],[4.3682,43.9211],[4.3601,43.9154],[4.3588,43.9165],[4.3623,43.9178],[4.3602,43.9176],[4.3612,43.9191],[4.3594,43.9203],[4.3573,43.921],[4.3582,43.9202],[4.3573,43.9183],[4.3521,43.9199],[4.3531,43.9146],[4.3583,43.9138],[4.3601,43.9154],[4.3582,43.9134],[4.3581,43.9079],[4.3529,43.9092],[4.351,43.9079],[4.3446,43.9085],[4.3356,43.9109],[4.3413,43.9115],[4.3447,43.91],[4.3439,43.9109],[4.3466,43.9116],[4.3382,43.9119],[4.3289,43.9146],[4.3341,43.9146],[4.3375,43.9162],[4.3394,43.9201],[4.3372,43.9234],[4.3357,43.9221],[4.3367,43.9216],[4.3357,43.9203],[4.3373,43.9199],[4.3363,43.9172],[4.3327,43.9169],[4.3314,43.9198],[4.3328,43.9216],[4.3318,43.9213],[4.3298,43.9201],[4.3304,43.9165],[4.3273,43.9135],[4.3212,43.9146],[4.3215,43.9171],[4.3204,43.9175],[4.3205,43.9147],[4.3075,43.9169],[4.3071,43.9186],[4.3129,43.9179],[4.3145,43.9201],[4.3117,43.922],[4.3097,43.9207],[4.3073,43.9217],[4.3087,43.9211],[4.3082,43.9223],[4.3104,43.9237],[4.3123,43.923],[4.3117,43.9248],[4.3074,43.9257],[4.3085,43.9267],[4.3075,43.9343],[4.3121,43.9332],[4.3134,43.9306],[4.3133,43.9323],[4.3149,43.9329],[4.3209,43.9314],[4.3192,43.9299],[4.321,43.9288],[4.3193,43.9271],[4.3227,43.925],[4.3301,43.9298],[4.3296,43.9326],[4.3322,43.9334],[4.3326,43.9356],[4.341,43.9379],[4.3411,43.9396],[4.3482,43.9397]]],[[[4.3056,43.9143],[4.3056,43.9146],[4.3056,43.9147],[4.3056,43.9148],[4.3058,43.9148],[4.3059,43.9148],[4.3059,43.9148],[4.3059,43.9147],[4.307,43.9146],[4.307,43.9146],[4.307,43.9146],[4.3072,43.9146],[4.3076,43.9146],[4.3077,43.9146],[4.3082,43.9146],[4.3083,43.9146],[4.3083,43.9145],[4.3085,43.9145],[4.3097,43.9144],[4.3099,43.9141],[4.3099,43.9139],[4.31,43.9139],[4.31,43.9138],[4.31,43.9136],[4.31,43.9135],[4.3098,43.9134],[4.3095,43.9134],[4.3093,43.9134],[4.3092,43.9133],[4.3088,43.9132],[4.3088,43.9133],[4.3088,43.9133],[4.3084,43.9133],[4.3083,43.9134],[4.3081,43.9134],[4.308,43.9134],[4.3076,43.9135],[4.3076,43.9135],[4.3082,43.9134],[4.3082,43.9136],[4.3082,43.9136],[4.3084,43.9137],[4.3079,43.914],[4.3068,43.9142],[4.3068,43.9141],[4.3066,43.9141],[4.3064,43.9141],[4.3064,43.9139],[4.3064,43.9139],[4.3078,43.9138],[4.3078,43.9137],[4.3069,43.9138],[4.3067,43.9138],[4.3065,43.9138],[4.306,43.9139],[4.3059,43.9139],[4.3057,43.914],[4.3056,43.914],[4.3056,43.9143]]]]}},{"type":"Feature","properties":{"id":"F15490T","nom":"Forêt communale de Clarensac","dep":"30","dom":false,"essence":"feuillu","substrat":"calcaire","elev":168,"slopeDeg":1,"aspect":298},"geometry":{"type":"MultiPolygon","coordinates":[[[[4.2428,43.8479],[4.2406,43.8478],[4.2402,43.8459],[4.2431,43.8468],[4.2438,43.8453],[4.2365,43.8436],[4.2344,43.8447],[4.2343,43.8433],[4.2319,43.8448],[4.2338,43.8451],[4.2335,43.8477],[4.2314,43.8469],[4.2284,43.8493],[4.2288,43.8457],[4.227,43.8466],[4.2296,43.8452],[4.2273,43.8447],[4.2274,43.8459],[4.2251,43.8464],[4.226,43.8473],[4.2234,43.8482],[4.2231,43.8514],[4.2221,43.8512],[4.2224,43.8491],[4.2201,43.849],[4.2168,43.8522],[4.2097,43.8521],[4.2115,43.8574],[4.2097,43.8591],[4.2135,43.861],[4.2273,43.8599],[4.2391,43.857],[4.2415,43.8522],[4.2392,43.8511],[4.242,43.8503],[4.24,43.8496],[4.2428,43.8479]]],[[[4.2305,43.835],[4.2155,43.8363],[4.2128,43.8377],[4.2083,43.8367],[4.2112,43.8346],[4.2086,43.8357],[4.2099,43.834],[4.2087,43.8339],[4.2019,43.8413],[4.2118,43.8422],[4.2244,43.8378],[4.2413,43.84],[4.2465,43.837],[4.2492,43.8324],[4.247,43.8323],[4.2473,43.8336],[4.243,43.8348],[4.242,43.8365],[4.2406,43.8351],[4.2389,43.8362],[4.2395,43.835],[4.2368,43.8341],[4.2305,43.835]]]]}},{"type":"Feature","properties":{"id":"F15491U","nom":"Forêt communale de Saint-André-De-Roquepertuis","dep":"30","dom":false,"essence":"feuillu","substrat":"calcaire","elev":87,"slopeDeg":2.8,"aspect":137},"geometry":{"type":"MultiPolygon","coordinates":[[[[4.438,44.251],[4.4366,44.2505],[4.4433,44.249],[4.4423,44.2479],[4.4434,44.2473],[4.4396,44.2461],[4.4381,44.2485],[4.4369,44.2483],[4.4368,44.2465],[4.4353,44.2469],[4.4394,44.245],[4.4365,44.2448],[4.4353,44.2431],[4.4365,44.2419],[4.4353,44.2398],[4.4372,44.2395],[4.4349,44.2389],[4.436,44.2369],[4.4309,44.2365],[4.4269,44.2384],[4.4233,44.2365],[4.4201,44.232],[4.4115,44.232],[4.4085,44.2307],[4.4054,44.235],[4.4003,44.2384],[4.4084,44.2403],[4.4131,44.2471],[4.4167,44.2493],[4.4181,44.2485],[4.4233,44.2512],[4.4249,44.2496],[4.4283,44.2522],[4.4272,44.25],[4.4284,44.2485],[4.4283,44.2498],[4.4315,44.2498],[4.4291,44.2528],[4.4307,44.2511],[4.4322,44.252],[4.438,44.251]]],[[[4.4597,44.2534],[4.4693,44.2489],[4.4892,44.2429],[4.4869,44.2417],[4.4843,44.2426],[4.4801,44.2402],[4.4817,44.2424],[4.4794,44.2402],[4.477,44.2405],[4.4775,44.2415],[4.4764,44.2406],[4.4755,44.2418],[4.4725,44.2413],[4.4709,44.2428],[4.466,44.2431],[4.4647,44.2445],[4.4616,44.2438],[4.4604,44.2458],[4.4557,44.2447],[4.4543,44.2457],[4.455,44.2474],[4.4518,44.2468],[4.448,44.25],[4.4544,44.2533],[4.4597,44.2534]]]]}},{"type":"Feature","properties":{"id":"F15492V","nom":"Forêt communale du Pin","dep":"30","dom":false,"essence":"feuillu","substrat":"calcaire","elev":223,"slopeDeg":1.4,"aspect":161},"geometry":{"type":"Polygon","coordinates":[[[4.5408,44.0736],[4.5363,44.0752],[4.5367,44.0787],[4.5356,44.075],[4.5303,44.0731],[4.5309,44.0751],[4.5267,44.0785],[4.5243,44.0775],[4.524,44.0789],[4.5236,44.0762],[4.5195,44.0761],[4.5189,44.0772],[4.5222,44.0786],[4.5239,44.0848],[4.5258,44.0821],[4.5277,44.0853],[4.5337,44.0847],[4.5448,44.0805],[4.5408,44.0736]]]}},{"type":"Feature","properties":{"id":"F15493W","nom":"Forêt communale de Saint-Hilaire D'Ozilhan","dep":"30","dom":false,"essence":"feuillu","substrat":"calcaire","elev":100,"slopeDeg":2.3,"aspect":211},"geometry":{"type":"Polygon","coordinates":[[[4.6025,43.9642],[4.6005,43.9661],[4.6012,43.9673],[4.6074,43.9703],[4.598,43.9715],[4.5975,43.9729],[4.6009,43.9764],[4.5917,43.9763],[4.5961,43.9798],[4.5788,43.9791],[4.5865,43.9884],[4.5877,43.9942],[4.6055,43.9948],[4.6336,43.9903],[4.631,43.9853],[4.6297,43.9736],[4.6237,43.9711],[4.6154,43.9725],[4.6121,43.9646],[4.6079,43.9597],[4.6055,43.9489],[4.6056,43.9504],[4.5944,43.9588],[4.5968,43.9592],[4.5956,43.9606],[4.5986,43.961],[4.5986,43.9622],[4.6031,43.9626],[4.6025,43.9642]]]}},{"type":"Feature","properties":{"id":"F15494X","nom":"Forêt communale de Saint-Maximin","dep":"30","dom":false,"essence":"feuillu","substrat":"neutre","elev":83,"slopeDeg":2.6,"aspect":228},"geometry":{"type":"MultiPolygon","coordinates":[[[[4.4606,44.0045],[4.4703,43.9998],[4.4696,43.9972],[4.4704,43.9998],[4.4785,43.9938],[4.4758,43.9855],[4.4729,43.9877],[4.4725,43.9856],[4.4714,43.9868],[4.468,43.9865],[4.457,43.9919],[4.4552,43.991],[4.4544,43.9927],[4.4553,43.9936],[4.4514,43.9959],[4.4528,43.9958],[4.454,43.9994],[4.4535,44.0023],[4.4521,44.0028],[4.4494,43.9963],[4.4441,43.9984],[4.4415,43.996],[4.4461,44.008],[4.4514,44.008],[4.4531,44.0065],[4.4529,44.0077],[4.4602,44.0047],[4.4586,44.0016],[4.4606,44.0045]]],[[[4.4399,43.9753],[4.4407,43.9773],[4.4417,43.9756],[4.4426,43.9768],[4.4423,43.9751],[4.444,43.9762],[4.4468,43.9735],[4.4481,43.9739],[4.4489,43.9722],[4.4473,43.9711],[4.4482,43.971],[4.447,43.9684],[4.4371,43.9712],[4.4399,43.9753]]]]}},{"type":"Feature","properties":{"id":"F15495Y","nom":"Forêt communale de Tavel","dep":"30","dom":false,"essence":"feuillu","substrat":"calcaire","elev":124,"slopeDeg":2,"aspect":29},"geometry":{"type":"MultiPolygon","coordinates":[[[[4.691,44.0172],[4.6838,44.0186],[4.6774,44.0171],[4.6749,44.018],[4.6751,44.0151],[4.6736,44.0147],[4.668,44.0177],[4.6668,44.0144],[4.6654,44.0173],[4.665,44.0147],[4.6582,44.0134],[4.6626,44.0113],[4.6604,44.0082],[4.6611,44.0048],[4.6625,44.0037],[4.6642,44.0065],[4.6651,44.0058],[4.6639,44.0043],[4.6651,44.0029],[4.6669,44.0041],[4.6665,44.0032],[4.6693,44.0012],[4.6711,44.0026],[4.6792,44.0028],[4.6807,44.0005],[4.6819,44.002],[4.6833,44.0006],[4.6836,44.0022],[4.6897,44.0026],[4.6938,44.0065],[4.6935,44.0055],[4.6955,44.0062],[4.6967,44.0051],[4.6991,44.0064],[4.6994,44.0053],[4.7016,44.0058],[4.6978,44.0022],[4.6978,43.9996],[4.6934,43.9971],[4.6768,43.9996],[4.6671,43.9994],[4.662,44.0025],[4.6493,44.0064],[4.6366,44.0068],[4.637,44.0121],[4.643,44.0122],[4.643,44.0106],[4.6457,44.0105],[4.6458,44.0122],[4.648,44.0122],[4.6475,44.0149],[4.6486,44.0152],[4.6472,44.0169],[4.6505,44.0198],[4.6494,44.0209],[4.6455,44.0175],[4.642,44.0187],[4.6384,44.0184],[4.637,44.0165],[4.6327,44.017],[4.6466,44.0213],[4.652,44.0202],[4.6507,44.0194],[4.6532,44.0191],[4.6523,44.0203],[4.6628,44.0191],[4.6668,44.0211],[4.6698,44.0197],[4.6781,44.0197],[4.6809,44.0215],[4.6845,44.0194],[4.6956,44.0239],[4.6949,44.0199],[4.6933,44.0185],[4.6939,44.0168],[4.691,44.0172]]],[[[4.6997,43.995],[4.6946,43.9967],[4.6979,43.9985],[4.7023,43.998],[4.7051,44.0002],[4.7056,44.0025],[4.7065,43.9956],[4.7125,43.9937],[4.7147,43.9913],[4.6997,43.995]]],[[[4.7387,44.0134],[4.7378,44.0084],[4.7348,44.0085],[4.7351,44.0117],[4.7387,44.0134]]]]}},{"type":"Feature","properties":{"id":"F15496Z","nom":"Forêt communale d'Argilliers","dep":"30","dom":false,"essence":"autre","substrat":"neutre","elev":165,"slopeDeg":3.3,"aspect":145},"geometry":{"type":"Polygon","coordinates":[[[4.4852,43.9854],[4.4855,43.9871],[4.4815,43.9892],[4.4801,43.995],[4.487,43.9959],[4.4917,43.9981],[4.5033,43.9924],[4.5025,43.9838],[4.4953,43.9823],[4.4902,43.9836],[4.4862,43.9829],[4.4852,43.9854]]]}},{"type":"Feature","properties":{"id":"F15497A","nom":"Forêt communale de Pompignan","dep":"30","dom":false,"essence":"autre","substrat":"calcaire","elev":181,"slopeDeg":1.6,"aspect":73},"geometry":{"type":"MultiPolygon","coordinates":[[[[3.8015,43.8858],[3.7995,43.8911],[3.8202,43.9112],[3.8237,43.9175],[3.8265,43.9162],[3.828,43.9175],[3.8268,43.9184],[3.8297,43.9209],[3.8327,43.9194],[3.8379,43.9194],[3.8343,43.911],[3.8349,43.9088],[3.8303,43.9077],[3.8305,43.9056],[3.8273,43.9028],[3.8284,43.9024],[3.8278,43.9013],[3.8216,43.8953],[3.8069,43.8871],[3.8015,43.8858]]],[[[3.9311,43.8954],[3.9321,43.8945],[3.9252,43.8887],[3.9196,43.8813],[3.9169,43.8878],[3.9189,43.8886],[3.9195,43.8919],[3.9175,43.8956],[3.9232,43.8955],[3.9209,43.8994],[3.9151,43.9002],[3.9191,43.9021],[3.9223,43.9016],[3.9266,43.8998],[3.9311,43.8954]]]]}},{"type":"Feature","properties":{"id":"F15544V","nom":"Forêt communale de Montfrin","dep":"30","dom":false,"essence":"feuillu","substrat":"neutre","elev":11,"slopeDeg":0,"aspect":9},"geometry":{"type":"MultiPolygon","coordinates":[[[[4.6021,43.8735],[4.6091,43.8748],[4.61,43.8739],[4.6078,43.8715],[4.6085,43.8725],[4.6052,43.8717],[4.6021,43.8735]]],[[[4.6094,43.8665],[4.6082,43.8681],[4.6117,43.866],[4.6117,43.867],[4.6154,43.8661],[4.6122,43.8654],[4.6117,43.864],[4.6091,43.8642],[4.6094,43.8665]]]]}},{"type":"Feature","properties":{"id":"F15498B","nom":"Forêt communale de Saint-Paul Les Fonts","dep":"30","dom":false,"essence":"conifere","substrat":"calcaire","elev":222,"slopeDeg":1.8,"aspect":252},"geometry":{"type":"Polygon","coordinates":[[[4.6056,44.0473],[4.6049,44.0507],[4.6093,44.0652],[4.6165,44.0642],[4.6112,44.0467],[4.6056,44.0473]]]}},{"type":"Feature","properties":{"id":"F15499C","nom":"Forêt communale de Corconne","dep":"30","dom":false,"essence":"autre","substrat":"calcaire","elev":225,"slopeDeg":9.1,"aspect":152},"geometry":{"type":"Polygon","coordinates":[[[3.925,43.8885],[3.9322,43.8946],[3.9473,43.8926],[3.9576,43.8861],[3.9582,43.8834],[3.953,43.8797],[3.9512,43.8809],[3.95,43.8785],[3.9456,43.8761],[3.9407,43.8749],[3.937,43.8766],[3.9384,43.8738],[3.9332,43.8718],[3.9357,43.871],[3.9354,43.8696],[3.932,43.8668],[3.9308,43.8675],[3.9315,43.8661],[3.93,43.8607],[3.9221,43.8606],[3.9173,43.8714],[3.9196,43.8813],[3.925,43.8885]]]}},{"type":"Feature","properties":{"id":"F15500D","nom":"Forêt communale des Plantiers","dep":"30","dom":false,"essence":"autre","substrat":"acide","elev":509,"slopeDeg":2.9,"aspect":308},"geometry":{"type":"MultiPolygon","coordinates":[[[[3.6909,44.108],[3.6962,44.1078],[3.6972,44.1045],[3.6989,44.1047],[3.699,44.1061],[3.7015,44.1059],[3.7035,44.1043],[3.7022,44.1035],[3.7032,44.1022],[3.6991,44.1028],[3.6995,44.1012],[3.6957,44.1005],[3.6931,44.0975],[3.6916,44.0999],[3.69,44.0985],[3.6899,44.1004],[3.6882,44.0989],[3.6861,44.1001],[3.6861,44.1026],[3.6885,44.1021],[3.6887,44.1036],[3.6908,44.1039],[3.692,44.1013],[3.6952,44.1032],[3.6902,44.1071],[3.693,44.1054],[3.6909,44.108]]],[[[3.733,44.092],[3.7317,44.0886],[3.7299,44.0886],[3.7299,44.0898],[3.7277,44.0888],[3.7282,44.0913],[3.7317,44.0951],[3.733,44.092]]],[[[3.6905,44.1051],[3.6883,44.1043],[3.6874,44.1082],[3.6903,44.1081],[3.6883,44.1069],[3.6899,44.1069],[3.6905,44.1051]]]]}},{"type":"Feature","properties":{"id":"F15545W","nom":"Forêt communale de Portes","dep":"30","dom":false,"essence":"conifere","substrat":"acide","elev":637,"slopeDeg":13.1,"aspect":45},"geometry":{"type":"Polygon","coordinates":[[[4.0088,44.2676],[4.0012,44.2732],[4.0022,44.2754],[4.0146,44.2714],[4.0167,44.2692],[4.0155,44.2682],[4.0208,44.2693],[4.0238,44.268],[4.0125,44.2657],[4.0088,44.2676]]]}},{"type":"Feature","properties":{"id":"F15546X","nom":"Forêt communale de Rivières","dep":"30","dom":false,"essence":"feuillu","substrat":"calcaire","elev":245,"slopeDeg":3.8,"aspect":6},"geometry":{"type":"Polygon","coordinates":[[[4.3079,44.209],[4.2992,44.2075],[4.3006,44.2051],[4.3032,44.2046],[4.301,44.1976],[4.2904,44.1959],[4.2775,44.2072],[4.2765,44.209],[4.2781,44.2106],[4.2766,44.2118],[4.2792,44.2114],[4.2808,44.2134],[4.2793,44.2164],[4.2767,44.2137],[4.277,44.2163],[4.2873,44.2162],[4.2895,44.2144],[4.2907,44.2184],[4.2865,44.22],[4.2932,44.2215],[4.3134,44.2133],[4.313,44.2099],[4.3079,44.209]]]}},{"type":"Feature","properties":{"id":"F15547Y","nom":"Forêt de l'Espiguette - Site 30-028","dep":"30","dom":false,"essence":"conifere","substrat":"neutre","elev":0,"slopeDeg":0,"aspect":223},"geometry":{"type":"MultiPolygon","coordinates":[[[[4.1043,43.5556],[4.1019,43.5563],[4.1117,43.563],[4.1208,43.5565],[4.1285,43.5592],[4.133,43.5579],[4.1429,43.5597],[4.1318,43.555],[4.1322,43.5529],[4.1291,43.5534],[4.121,43.5504],[4.1043,43.5556]]],[[[4.1195,43.5673],[4.1164,43.5683],[4.1236,43.5653],[4.1416,43.5613],[4.1325,43.5626],[4.1269,43.5618],[4.1195,43.5673]]],[[[4.1388,43.4902],[4.1351,43.4932],[4.141,43.4944],[4.1444,43.4896],[4.1388,43.4902]]]]}},{"type":"Feature","properties":{"id":"F15504H","nom":"Forêt communale de Saint-Sauveur Camprieu","dep":"30","dom":false,"essence":"conifere","substrat":"acide","elev":1261,"slopeDeg":9.4,"aspect":189},"geometry":{"type":"Polygon","coordinates":[[[3.4992,44.1152],[3.5009,44.1209],[3.4988,44.1251],[3.5049,44.1263],[3.5041,44.1195],[3.5012,44.115],[3.4992,44.1152]]]}},{"type":"Feature","properties":{"id":"F15505I","nom":"Forêt communale d'Anduze","dep":"30","dom":false,"essence":"feuillu","substrat":"calcaire","elev":131,"slopeDeg":3.8,"aspect":13},"geometry":{"type":"MultiPolygon","coordinates":[[[[3.9991,44.0591],[3.9908,44.0571],[3.9878,44.0575],[3.9849,44.0605],[3.9872,44.0656],[3.9904,44.068],[3.996,44.0712],[3.9964,44.07],[4.0045,44.0761],[4.0104,44.0786],[4.0116,44.0741],[4.0071,44.0691],[4.0053,44.0631],[4.0032,44.0602],[3.9991,44.0591]]],[[[3.9621,44.0453],[3.9585,44.042],[3.9554,44.0412],[3.9531,44.0428],[3.9553,44.0449],[3.9534,44.0465],[3.9575,44.0465],[3.9578,44.0501],[3.9604,44.0522],[3.9657,44.0494],[3.9634,44.0479],[3.9603,44.0481],[3.961,44.0456],[3.9573,44.0451],[3.9583,44.044],[3.9621,44.0453]]],[[[3.966,44.0666],[3.9647,44.0646],[3.9588,44.0665],[3.9603,44.0685],[3.966,44.0666]]],[[[3.9524,44.0499],[3.947,44.0522],[3.9476,44.0534],[3.9539,44.0514],[3.9524,44.0499]]]]}},{"type":"Feature","properties":{"id":"F15507K","nom":"Forêt communale de Moulezan","dep":"30","dom":false,"essence":"autre","substrat":"calcaire","elev":222,"slopeDeg":2.2,"aspect":315},"geometry":{"type":"MultiPolygon","coordinates":[[[[4.1418,43.9171],[4.1368,43.9097],[4.1359,43.9047],[4.1237,43.9144],[4.1264,43.9187],[4.1289,43.9176],[4.1309,43.9184],[4.1326,43.9149],[4.1315,43.9136],[4.1337,43.913],[4.1328,43.9145],[4.1359,43.9151],[4.1346,43.9164],[4.1376,43.9175],[4.1354,43.9189],[4.1331,43.9176],[4.1308,43.9185],[4.1331,43.9195],[4.1313,43.9201],[4.1293,43.9194],[4.1316,43.922],[4.1348,43.9223],[4.1358,43.925],[4.1368,43.9223],[4.1366,43.9253],[4.1456,43.9206],[4.1418,43.9171]]],[[[4.1404,43.925],[4.1397,43.9263],[4.1439,43.9285],[4.1449,43.927],[4.1459,43.9275],[4.1471,43.9218],[4.1404,43.925]]]]}},{"type":"Feature","properties":{"id":"F15508L","nom":"Forêt communale de Saint-Quentin La Poterie","dep":"30","dom":false,"essence":"feuillu","substrat":"calcaire","elev":143,"slopeDeg":4.8,"aspect":132},"geometry":{"type":"MultiPolygon","coordinates":[[[[4.4685,44.0708],[4.4682,44.0692],[4.4622,44.0698],[4.4616,44.0686],[4.4558,44.0685],[4.4557,44.0701],[4.455,44.0682],[4.4457,44.0678],[4.4378,44.065],[4.4362,44.0709],[4.4299,44.0646],[4.4291,44.0631],[4.4303,44.0612],[4.4284,44.0619],[4.4253,44.0591],[4.4235,44.062],[4.4179,44.059],[4.4166,44.062],[4.415,44.0624],[4.414,44.0595],[4.4121,44.0655],[4.4058,44.0671],[4.4078,44.0742],[4.4102,44.0767],[4.4271,44.0871],[4.4365,44.0796],[4.4381,44.0767],[4.4386,44.0777],[4.4498,44.0785],[4.4698,44.0777],[4.4685,44.0708]]],[[[4.4731,44.052],[4.4746,44.0525],[4.4759,44.0494],[4.4701,44.0459],[4.4697,44.0493],[4.4745,44.0513],[4.471,44.0526],[4.4731,44.052]]]]}},{"type":"Feature","properties":{"id":"F15509M","nom":"Forêt communale de Salinelles","dep":"30","dom":false,"essence":"autre","substrat":"calcaire","elev":217,"slopeDeg":4.4,"aspect":135},"geometry":{"type":"Polygon","coordinates":[[[4.0118,43.8083],[4.0011,43.8132],[4.0071,43.8166],[4.0138,43.8131],[4.0118,43.8083]]]}},{"type":"Feature","properties":{"id":"F15510N","nom":"Forêt communale de Laudun","dep":"30","dom":false,"essence":"autre","substrat":"calcaire","elev":259,"slopeDeg":3.5,"aspect":3},"geometry":{"type":"Polygon","coordinates":[[[4.6441,44.1188],[4.6401,44.1169],[4.6388,44.1196],[4.6339,44.1203],[4.6348,44.1215],[4.632,44.1219],[4.628,44.1195],[4.6317,44.1239],[4.6307,44.1263],[4.6319,44.1265],[4.6315,44.1298],[4.6327,44.1321],[4.6341,44.1317],[4.6343,44.1283],[4.6426,44.1327],[4.6414,44.1305],[4.6432,44.1286],[4.6458,44.1296],[4.6522,44.1264],[4.6476,44.1188],[4.6441,44.1188]]]}},{"type":"Feature","properties":{"id":"F15511O","nom":"Forêt communale de Saint-Martin D'Ardèche","dep":"30","dom":false,"essence":"feuillu","substrat":"calcaire","elev":281,"slopeDeg":9.8,"aspect":18},"geometry":{"type":"Polygon","coordinates":[[[4.4685,44.3272],[4.467,44.3294],[4.4737,44.331],[4.4785,44.3381],[4.4814,44.3367],[4.4885,44.3388],[4.4977,44.3382],[4.4966,44.3361],[4.4992,44.3327],[4.4938,44.328],[4.4985,44.3223],[4.5017,44.3239],[4.5046,44.3231],[4.5042,44.33],[4.5071,44.3332],[4.5126,44.333],[4.5115,44.331],[4.5129,44.328],[4.5216,44.3305],[4.5247,44.3298],[4.5327,44.3227],[4.5402,44.3235],[4.5474,44.3266],[4.5492,44.3236],[4.5447,44.3207],[4.5532,44.309],[4.5387,44.3224],[4.5296,44.3228],[4.5215,44.3289],[4.497,44.3194],[4.489,44.3205],[4.4829,44.3177],[4.4728,44.3214],[4.4685,44.3272]]]}},{"type":"Feature","properties":{"id":"F15512P","nom":"Forêt communale de Fontanès","dep":"30","dom":false,"essence":"autre","substrat":"calcaire","elev":84,"slopeDeg":3.8,"aspect":222},"geometry":{"type":"Polygon","coordinates":[[[4.0878,43.8498],[4.0901,43.8502],[4.0935,43.8415],[4.089,43.8421],[4.0871,43.8414],[4.0894,43.8398],[4.0839,43.8396],[4.0827,43.8408],[4.084,43.8425],[4.0815,43.8428],[4.0799,43.8471],[4.0856,43.848],[4.0855,43.8501],[4.0878,43.8498]]]}},{"type":"Feature","properties":{"id":"F15513Q","nom":"Forêt communale de Sanilhac Et Sagriès","dep":"30","dom":false,"essence":"autre","substrat":"calcaire","elev":99,"slopeDeg":3.7,"aspect":319},"geometry":{"type":"MultiPolygon","coordinates":[[[[4.4118,43.9499],[4.4268,43.9494],[4.4282,43.9472],[4.4274,43.9494],[4.4337,43.9498],[4.4349,43.9487],[4.4363,43.9499],[4.4357,43.948],[4.4373,43.9501],[4.4434,43.9503],[4.4424,43.9449],[4.4363,43.941],[4.4345,43.9449],[4.4229,43.9458],[4.4161,43.9383],[4.419,43.9366],[4.4159,43.9319],[4.4026,43.9341],[4.39,43.9323],[4.3834,43.9388],[4.3843,43.9443],[4.3864,43.9448],[4.3979,43.9428],[4.4008,43.9449],[4.4017,43.9426],[4.4108,43.9455],[4.4131,43.943],[4.4107,43.946],[4.4102,43.9494],[4.4118,43.9499]]],[[[4.3973,43.962],[4.4009,43.9639],[4.4052,43.9634],[4.4057,43.9647],[4.4082,43.9633],[4.4093,43.9656],[4.4162,43.9663],[4.4168,43.9676],[4.4258,43.9705],[4.4371,43.9712],[4.4522,43.9673],[4.4542,43.9648],[4.4466,43.9604],[4.4457,43.9562],[4.4418,43.9553],[4.4431,43.9577],[4.4411,43.9586],[4.4431,43.9606],[4.4423,43.9632],[4.4439,43.9637],[4.4443,43.9621],[4.4449,43.9636],[4.4465,43.9621],[4.4492,43.963],[4.4497,43.9669],[4.445,43.9672],[4.4424,43.9656],[4.4411,43.9673],[4.4406,43.9635],[4.4393,43.9648],[4.4406,43.9623],[4.4355,43.9591],[4.4331,43.964],[4.4301,43.9649],[4.4291,43.9669],[4.4309,43.9683],[4.4296,43.9694],[4.4291,43.9672],[4.4268,43.9683],[4.4277,43.9661],[4.4268,43.9637],[4.4189,43.9652],[4.4191,43.9616],[4.4168,43.9609],[4.4161,43.9585],[4.4138,43.9588],[4.4141,43.9604],[4.4134,43.959],[4.405,43.9568],[4.4039,43.9577],[4.4039,43.9566],[4.4001,43.9565],[4.3999,43.9581],[4.3993,43.9565],[4.3959,43.9565],[4.3973,43.962]]]]}},{"type":"Feature","properties":{"id":"F15514R","nom":"Forêt communale de Bagard","dep":"30","dom":false,"essence":"autre","substrat":"calcaire","elev":296,"slopeDeg":5.4,"aspect":188},"geometry":{"type":"Polygon","coordinates":[[[4.0303,44.0731],[4.0286,44.0734],[4.0239,44.0695],[4.0161,44.0764],[4.0111,44.0787],[4.0195,44.0793],[4.0357,44.0751],[4.0303,44.0731]]]}},{"type":"Feature","properties":{"id":"F15548Z","nom":"Forêt communale de Maruèjols-Lès-Gardon","dep":"30","dom":false,"essence":"feuillu","substrat":"calcaire","elev":128,"slopeDeg":0.6,"aspect":240},"geometry":{"type":"Polygon","coordinates":[[[4.1489,44.0003],[4.148,44.0019],[4.149,44.0034],[4.1519,44.0042],[4.1527,44.0008],[4.1489,44.0003]]]}},{"type":"Feature","properties":{"id":"F15549A","nom":"Forêt domaniale de Malmontet","dep":"30","dom":true,"essence":"feuillu","substrat":"acide","elev":1168,"slopeDeg":20.9,"aspect":80},"geometry":{"type":"MultiPolygon","coordinates":[[[[3.9134,44.3853],[3.9071,44.3838],[3.9071,44.3871],[3.9006,44.3925],[3.9026,44.3974],[3.9077,44.4025],[3.9174,44.4054],[3.9186,44.4042],[3.9264,44.4058],[3.9298,44.4038],[3.9297,44.4015],[3.9327,44.402],[3.931,44.3986],[3.9323,44.3976],[3.9302,44.3963],[3.9189,44.3966],[3.9323,44.3952],[3.9347,44.3924],[3.9336,44.3922],[3.9336,44.3896],[3.9375,44.3868],[3.9234,44.3883],[3.9221,44.3878],[3.9224,44.3863],[3.9213,44.3872],[3.9196,44.3856],[3.9175,44.3867],[3.9134,44.3853]]],[[[3.898,44.3797],[3.9038,44.3804],[3.905,44.3793],[3.9082,44.3808],[3.9115,44.377],[3.9187,44.375],[3.9244,44.3708],[3.9361,44.3714],[3.9393,44.3696],[3.9371,44.372],[3.938,44.3725],[3.9392,44.37],[3.9408,44.372],[3.9434,44.3704],[3.9424,44.3689],[3.9459,44.3666],[3.9453,44.365],[3.9443,44.366],[3.9422,44.3643],[3.9394,44.3687],[3.9359,44.3676],[3.9331,44.3641],[3.9369,44.3606],[3.9278,44.363],[3.9285,44.3609],[3.9262,44.3586],[3.9288,44.3569],[3.9269,44.3568],[3.9269,44.3549],[3.9238,44.3554],[3.9286,44.3517],[3.9358,44.3547],[3.9377,44.3539],[3.9404,44.3515],[3.9385,44.3497],[3.9399,44.3501],[3.9397,44.3478],[3.9352,44.3489],[3.9301,44.3462],[3.928,44.3487],[3.9252,44.3482],[3.9271,44.3504],[3.9173,44.3588],[3.9126,44.369],[3.9065,44.3754],[3.9015,44.3762],[3.898,44.3797]]],[[[3.9177,44.3759],[3.9149,44.3806],[3.921,44.3836],[3.922,44.3858],[3.9277,44.3851],[3.9281,44.3833],[3.9304,44.3828],[3.934,44.3838],[3.9288,44.3791],[3.9331,44.3795],[3.9343,44.3774],[3.9323,44.3761],[3.9356,44.3737],[3.9242,44.3715],[3.9177,44.3759]]],[[[3.9131,44.3803],[3.915,44.3776],[3.9113,44.3788],[3.9084,44.3826],[3.9131,44.3803]]],[[[3.8995,44.3807],[3.8995,44.3805],[3.8994,44.3805],[3.8994,44.3805],[3.8992,44.3805],[3.8988,44.381],[3.8986,44.3812],[3.8985,44.3815],[3.8981,44.3818],[3.898,44.382],[3.898,44.382],[3.8978,44.3822],[3.8977,44.3828],[3.8975,44.3831],[3.8973,44.3839],[3.8972,44.3842],[3.8972,44.3848],[3.8968,44.386],[3.8966,44.3866],[3.8966,44.3866],[3.8965,44.3868],[3.8965,44.3869],[3.8966,44.387],[3.8969,44.3871],[3.897,44.387],[3.8976,44.3859],[3.8977,44.3857],[3.8978,44.3856],[3.8984,44.3843],[3.8984,44.3843],[3.8986,44.3839],[3.8989,44.3831],[3.8992,44.3826],[3.8993,44.3824],[3.8992,44.3823],[3.8993,44.3822],[3.8993,44.3821],[3.8995,44.3814],[3.8996,44.3809],[3.8995,44.3807]]]]}},{"type":"Feature","properties":{"id":"F15550B","nom":"Forêt communale de Barjac","dep":"30","dom":false,"essence":"feuillu","substrat":"calcaire","elev":296,"slopeDeg":3.3,"aspect":259},"geometry":{"type":"Polygon","coordinates":[[[4.3654,44.3331],[4.3683,44.3396],[4.3706,44.3376],[4.3745,44.3398],[4.3761,44.337],[4.38,44.3365],[4.3792,44.3408],[4.3818,44.3421],[4.3835,44.3403],[4.3831,44.3384],[4.3857,44.3393],[4.3881,44.3366],[4.3915,44.3381],[4.392,44.3358],[4.3921,44.3377],[4.3944,44.3382],[4.3906,44.3419],[4.3918,44.3436],[4.3946,44.3438],[4.4032,44.3341],[4.3888,44.2992],[4.3835,44.2995],[4.3851,44.303],[4.378,44.3021],[4.3784,44.3035],[4.3753,44.3035],[4.3777,44.3084],[4.3766,44.3104],[4.3736,44.3087],[4.3732,44.3105],[4.3698,44.3119],[4.3662,44.3115],[4.3665,44.3139],[4.372,44.3181],[4.3714,44.3194],[4.379,44.3238],[4.3778,44.3245],[4.3782,44.328],[4.3805,44.3331],[4.3763,44.331],[4.3749,44.3323],[4.3696,44.3296],[4.3652,44.3301],[4.3644,44.3289],[4.3654,44.3331]]]}},{"type":"Feature","properties":{"id":"F15551C","nom":"Forêt communale du Garn","dep":"30","dom":false,"essence":"feuillu","substrat":"calcaire","elev":361,"slopeDeg":1.9,"aspect":114},"geometry":{"type":"MultiPolygon","coordinates":[[[[4.4587,44.3169],[4.4595,44.3198],[4.4555,44.3233],[4.464,44.3369],[4.4636,44.3343],[4.4728,44.3214],[4.4828,44.3177],[4.4821,44.3127],[4.4856,44.3093],[4.4847,44.3054],[4.4879,44.3026],[4.4879,44.3008],[4.4808,44.3008],[4.4799,44.3031],[4.4817,44.3047],[4.4803,44.3057],[4.483,44.3067],[4.4802,44.3066],[4.4816,44.3085],[4.479,44.3088],[4.4786,44.3101],[4.4739,44.3084],[4.475,44.3109],[4.4765,44.3104],[4.4752,44.3141],[4.4733,44.3141],[4.4732,44.3119],[4.47,44.3141],[4.4663,44.3132],[4.4632,44.3186],[4.4574,44.3109],[4.4508,44.3108],[4.4571,44.3112],[4.4566,44.3153],[4.4587,44.3169]]],[[[4.4969,44.3306],[4.4992,44.3328],[4.4968,44.3368],[4.5038,44.3399],[4.5024,44.3432],[4.5036,44.3442],[4.5067,44.3428],[4.5068,44.3372],[4.5131,44.3343],[4.5122,44.333],[4.5056,44.3323],[4.5038,44.3271],[4.5044,44.3229],[4.5017,44.3239],[4.4985,44.3223],[4.4938,44.328],[4.4969,44.3306]]]]}},{"type":"Feature","properties":{"id":"F15552D","nom":"Forêt communale de Nîmes","dep":"30","dom":false,"essence":"feuillu","substrat":"calcaire","elev":178,"slopeDeg":0.8,"aspect":62},"geometry":{"type":"MultiPolygon","coordinates":[[[[4.2857,43.8662],[4.2824,43.8652],[4.2834,43.8638],[4.2825,43.8642],[4.2823,43.8627],[4.2877,43.8596],[4.2811,43.8593],[4.2829,43.8618],[4.2743,43.865],[4.2675,43.8721],[4.2638,43.8736],[4.266,43.8671],[4.2643,43.8684],[4.2588,43.867],[4.256,43.8645],[4.2576,43.8626],[4.2539,43.8632],[4.247,43.8693],[4.2548,43.8751],[4.2523,43.8807],[4.2487,43.8822],[4.2497,43.8806],[4.2469,43.8789],[4.2489,43.8782],[4.2468,43.8749],[4.2451,43.8757],[4.244,43.8745],[4.2439,43.8723],[4.2382,43.8749],[4.242,43.877],[4.2426,43.8806],[4.2478,43.8868],[4.2579,43.878],[4.2639,43.8749],[4.2637,43.8762],[4.2821,43.8686],[4.2919,43.8673],[4.2918,43.8659],[4.2857,43.8662]]],[[[4.2867,43.9001],[4.2885,43.8984],[4.2894,43.8938],[4.2882,43.8928],[4.2826,43.8936],[4.2791,43.8918],[4.2814,43.8917],[4.2782,43.8885],[4.2746,43.8883],[4.2743,43.8861],[4.2694,43.8868],[4.268,43.8834],[4.2539,43.8898],[4.2602,43.8905],[4.2593,43.892],[4.2617,43.8936],[4.2575,43.8945],[4.2603,43.8954],[4.2623,43.8934],[4.2634,43.8955],[4.2643,43.8939],[4.2656,43.8985],[4.2638,43.9001],[4.2667,43.8997],[4.2696,43.9025],[4.2689,43.9016],[4.2718,43.9011],[4.2699,43.8992],[4.2728,43.8975],[4.2751,43.8981],[4.2745,43.8991],[4.2771,43.8987],[4.2819,43.9025],[4.2847,43.9017],[4.2857,43.904],[4.2852,43.9026],[4.2878,43.9026],[4.2867,43.9001]]],[[[4.3868,43.8797],[4.3826,43.8802],[4.3823,43.8835],[4.4024,43.8818],[4.4022,43.8796],[4.4035,43.879],[4.4022,43.8788],[4.4028,43.8764],[4.4009,43.8766],[4.4009,43.8754],[4.4055,43.8727],[4.4055,43.871],[4.4005,43.8709],[4.3995,43.8692],[4.397,43.8699],[4.3987,43.8707],[4.3965,43.8743],[4.3901,43.8739],[4.3909,43.8756],[4.3892,43.8782],[4.3902,43.8788],[4.3887,43.8802],[4.3868,43.8797]]],[[[4.4073,43.882],[4.4167,43.8817],[4.4168,43.8801],[4.4151,43.8789],[4.4167,43.8791],[4.4136,43.8742],[4.4052,43.8763],[4.4048,43.8791],[4.406,43.879],[4.4039,43.8798],[4.4042,43.8814],[4.4073,43.882]]],[[[4.4205,43.8821],[4.4218,43.8858],[4.4167,43.8842],[4.4188,43.8852],[4.4178,43.8866],[4.4237,43.8865],[4.4213,43.8804],[4.4205,43.8821]]],[[[4.4149,43.8719],[4.4102,43.8721],[4.4135,43.8736],[4.4152,43.8731],[4.4149,43.8719]]]]}},{"type":"Feature","properties":{"id":"F15515S","nom":"Forêt communale de La-Cadière-Et-Cambo","dep":"30","dom":false,"essence":"autre","substrat":"calcaire","elev":282,"slopeDeg":3.7,"aspect":232},"geometry":{"type":"Polygon","coordinates":[[[3.8183,43.9498],[3.8243,43.9469],[3.8215,43.9457],[3.8204,43.9424],[3.8117,43.9411],[3.811,43.9445],[3.8091,43.9458],[3.8096,43.9476],[3.8137,43.9469],[3.8147,43.9491],[3.8183,43.9498]]]}},{"type":"Feature","properties":{"id":"F15516T","nom":"Forêt communale de Marguerittes","dep":"30","dom":false,"essence":"conifere","substrat":"calcaire","elev":108,"slopeDeg":1.2,"aspect":113},"geometry":{"type":"MultiPolygon","coordinates":[[[[4.4265,43.8859],[4.4283,43.883],[4.4248,43.883],[4.4215,43.8808],[4.4254,43.8907],[4.4334,43.8902],[4.4346,43.8888],[4.4366,43.8926],[4.4402,43.8934],[4.4467,43.8895],[4.4462,43.8912],[4.4509,43.8901],[4.4506,43.8847],[4.4493,43.8855],[4.4502,43.8875],[4.4478,43.889],[4.447,43.8883],[4.4488,43.8862],[4.4472,43.8856],[4.4452,43.8869],[4.4467,43.8859],[4.4456,43.8852],[4.4468,43.8852],[4.4446,43.8843],[4.4438,43.8866],[4.4439,43.8847],[4.441,43.8856],[4.4438,43.8888],[4.4414,43.8877],[4.4408,43.8891],[4.4407,43.8878],[4.4394,43.8878],[4.4406,43.8846],[4.4379,43.8846],[4.4375,43.8876],[4.4351,43.8885],[4.4318,43.8872],[4.4358,43.8869],[4.4357,43.8851],[4.4318,43.8857],[4.4295,43.888],[4.429,43.8865],[4.4315,43.8848],[4.4351,43.8847],[4.4324,43.8834],[4.4289,43.8832],[4.4289,43.8845],[4.4282,43.8834],[4.4266,43.8871],[4.4265,43.8859]]],[[[4.4376,43.8812],[4.4397,43.8798],[4.4379,43.8779],[4.4352,43.877],[4.4321,43.8782],[4.4306,43.876],[4.4286,43.8764],[4.4218,43.873],[4.4217,43.8718],[4.4234,43.8722],[4.4223,43.8696],[4.4201,43.8701],[4.4218,43.8717],[4.4183,43.8716],[4.4194,43.8758],[4.4229,43.8765],[4.4231,43.8755],[4.4279,43.8779],[4.4198,43.8771],[4.4223,43.8786],[4.4208,43.879],[4.4261,43.8795],[4.428,43.881],[4.4322,43.8783],[4.4324,43.8803],[4.4311,43.8797],[4.4307,43.8811],[4.4357,43.8824],[4.4376,43.8812]]],[[[4.4276,43.8737],[4.4267,43.8743],[4.4284,43.8731],[4.4337,43.8757],[4.4359,43.8739],[4.4327,43.8738],[4.4309,43.8701],[4.4292,43.8706],[4.4297,43.8693],[4.4331,43.8684],[4.4314,43.8687],[4.4316,43.8662],[4.4296,43.8663],[4.428,43.8631],[4.4258,43.8644],[4.4253,43.8616],[4.4229,43.8651],[4.4194,43.8631],[4.4203,43.8651],[4.4178,43.8636],[4.4218,43.8673],[4.4215,43.8692],[4.4233,43.869],[4.4218,43.8685],[4.422,43.8671],[4.4241,43.8677],[4.4261,43.8657],[4.425,43.8674],[4.4278,43.869],[4.429,43.8677],[4.4272,43.8676],[4.4282,43.8664],[4.4313,43.8672],[4.4284,43.8698],[4.4258,43.8684],[4.4277,43.8701],[4.4267,43.8707],[4.4279,43.8722],[4.4266,43.8723],[4.4276,43.8737]]],[[[4.4415,43.8821],[4.4441,43.8835],[4.4486,43.8834],[4.4494,43.8823],[4.4461,43.8817],[4.4495,43.8819],[4.451,43.8791],[4.448,43.8777],[4.4474,43.8792],[4.4489,43.8804],[4.4433,43.88],[4.4438,43.8811],[4.4415,43.8821]]],[[[4.4386,43.8759],[4.4382,43.8773],[4.4406,43.8786],[4.4428,43.8756],[4.4403,43.8757],[4.4409,43.8772],[4.4386,43.8759]]]]}},{"type":"Feature","properties":{"id":"F15577C","nom":"Forêt communale de Castelnau Valence","dep":"30","dom":false,"essence":"autre","substrat":"calcaire","elev":167,"slopeDeg":1.7,"aspect":240},"geometry":{"type":"Polygon","coordinates":[[[4.2675,44.0395],[4.268,44.0367],[4.2639,44.0339],[4.2632,44.0391],[4.2675,44.0395]]]}},{"type":"Feature","properties":{"id":"F15578D","nom":"Forêt domaniale du Causse Noir","dep":"30","dom":true,"essence":"mixte","substrat":"calcaire","elev":898,"slopeDeg":2.2,"aspect":122},"geometry":{"type":"MultiPolygon","coordinates":[[[[3.3742,44.0718],[3.3679,44.0693],[3.3587,44.0719],[3.3586,44.07],[3.3577,44.0712],[3.358,44.0698],[3.3552,44.071],[3.3473,44.0695],[3.3407,44.0726],[3.3404,44.0764],[3.3432,44.076],[3.3426,44.0774],[3.3448,44.0776],[3.3476,44.0754],[3.3536,44.078],[3.3586,44.0761],[3.3587,44.0749],[3.3667,44.074],[3.3697,44.0761],[3.3764,44.0768],[3.3772,44.0787],[3.3787,44.0771],[3.3805,44.0778],[3.3799,44.0786],[3.3824,44.0782],[3.381,44.0761],[3.382,44.0748],[3.3795,44.0753],[3.3765,44.0703],[3.3743,44.0742],[3.3734,44.0738],[3.3742,44.0718]]],[[[3.3637,44.085],[3.3666,44.088],[3.3691,44.0853],[3.3696,44.0866],[3.3732,44.0857],[3.372,44.0876],[3.3746,44.0891],[3.3791,44.0877],[3.3795,44.085],[3.3812,44.0861],[3.3832,44.0853],[3.3822,44.0849],[3.3828,44.0837],[3.3817,44.0855],[3.3801,44.0845],[3.3818,44.0824],[3.3802,44.083],[3.3776,44.0809],[3.3739,44.084],[3.3717,44.0834],[3.3709,44.0826],[3.3723,44.0786],[3.3702,44.08],[3.3696,44.0825],[3.3684,44.0818],[3.3675,44.083],[3.3694,44.0802],[3.3682,44.078],[3.364,44.0782],[3.3646,44.0804],[3.3613,44.0798],[3.3586,44.0813],[3.3608,44.0815],[3.3637,44.085]]],[[[3.3217,44.1041],[3.3108,44.1022],[3.3095,44.1045],[3.3121,44.1042],[3.3143,44.1066],[3.3215,44.1094],[3.3228,44.1044],[3.3217,44.1041]]]]}},{"type":"Feature","properties":{"id":"F15579E","nom":"Forêt communale de Rochefort-Du-Gard","dep":"30","dom":false,"essence":"feuillu","substrat":"calcaire","elev":149,"slopeDeg":2.5,"aspect":112},"geometry":{"type":"MultiPolygon","coordinates":[[[[4.6353,43.9957],[4.6367,44.0068],[4.6493,44.0064],[4.662,44.0025],[4.6671,43.9994],[4.6768,43.9996],[4.6934,43.9971],[4.6791,43.9872],[4.661,43.9788],[4.6581,43.979],[4.6588,43.9775],[4.6538,43.975],[4.6462,43.9865],[4.6376,43.9905],[4.6392,43.9921],[4.6377,43.9931],[4.6378,43.9951],[4.6353,43.9957]]],[[[4.6554,43.9722],[4.6542,43.9743],[4.6596,43.977],[4.6623,43.976],[4.6607,43.9776],[4.6802,43.9867],[4.6946,43.9967],[4.7141,43.9907],[4.7078,43.9862],[4.7069,43.9874],[4.7022,43.9847],[4.6977,43.985],[4.6985,43.9829],[4.696,43.9837],[4.6949,43.9827],[4.6972,43.9824],[4.6954,43.9814],[4.6944,43.9829],[4.6957,43.9853],[4.6931,43.9861],[4.6829,43.9826],[4.6794,43.9798],[4.6758,43.9801],[4.6752,43.9777],[4.6691,43.975],[4.667,43.9706],[4.6588,43.967],[4.6563,43.9705],[4.6593,43.971],[4.66,43.9726],[4.6582,43.9746],[4.6554,43.9722]]],[[[4.6768,43.9734],[4.6718,43.9728],[4.6753,43.9774],[4.6784,43.9779],[4.6768,43.9734]]]]}},{"type":"Feature","properties":{"id":"F15517U","nom":"Forêt communale d'Aubussargues","dep":"30","dom":false,"essence":"conifere","substrat":"calcaire","elev":115,"slopeDeg":1.4,"aspect":290},"geometry":{"type":"MultiPolygon","coordinates":[[[[4.3314,44.0226],[4.3293,44.0186],[4.3331,44.0146],[4.3296,44.018],[4.3127,44.0207],[4.3146,44.0268],[4.3174,44.0299],[4.3319,44.0247],[4.3314,44.0226]]],[[[4.3372,44.0105],[4.3372,44.015],[4.3352,44.0166],[4.339,44.019],[4.3404,44.0132],[4.3372,44.0105]]]]}},{"type":"Feature","properties":{"id":"F15518V","nom":"Forêt communale de Blauzac","dep":"30","dom":false,"essence":"feuillu","substrat":"calcaire","elev":123,"slopeDeg":3.8,"aspect":294},"geometry":{"type":"Polygon","coordinates":[[[4.3874,43.9589],[4.3841,43.9609],[4.3873,43.9666],[4.391,43.9698],[4.3919,43.969],[4.3988,43.9743],[4.4044,43.9764],[4.4052,43.9634],[4.4009,43.9639],[4.3973,43.962],[4.3959,43.9565],[4.3874,43.9589]]]}},{"type":"Feature","properties":{"id":"F15519W","nom":"Forêt domaniale de La Fage","dep":"30","dom":true,"essence":"feuillu","substrat":"calcaire","elev":710,"slopeDeg":12.5,"aspect":154},"geometry":{"type":"MultiPolygon","coordinates":[[[[3.8015,44.0037],[3.8028,44.0012],[3.8039,44.0019],[3.8057,44.0001],[3.8109,44.0021],[3.8113,44.0046],[3.8144,44.005],[3.8198,44.0005],[3.819,43.9982],[3.818,44],[3.8147,43.9983],[3.8127,43.9988],[3.8171,43.9944],[3.8168,43.9916],[3.8197,43.9903],[3.8182,43.9861],[3.823,43.9871],[3.8184,43.9843],[3.8175,43.9822],[3.8187,43.9813],[3.8177,43.9808],[3.8189,43.98],[3.8164,43.976],[3.8169,43.9746],[3.8151,43.9749],[3.8134,43.9708],[3.8125,43.9715],[3.8088,43.9686],[3.8096,43.9672],[3.8013,43.9646],[3.7828,43.9676],[3.7782,43.9728],[3.7787,43.9752],[3.7817,43.9734],[3.7827,43.9742],[3.7801,43.9756],[3.782,43.9767],[3.7789,43.9804],[3.7784,43.9823],[3.7802,43.9826],[3.7797,43.9849],[3.7777,43.9855],[3.7755,43.9831],[3.7734,43.9851],[3.7716,43.9908],[3.7754,43.993],[3.7852,43.9941],[3.7849,43.998],[3.7824,43.9999],[3.7848,44.0001],[3.7875,44.0026],[3.7937,44.0024],[3.7932,44.0012],[3.7963,44.0035],[3.7993,44.0025],[3.8002,44.0051],[3.8015,44.0037]]],[[[3.8236,43.9688],[3.8305,43.9697],[3.8324,43.9666],[3.8239,43.9667],[3.8236,43.9688]]]]}},{"type":"Feature","properties":{"id":"F15520X","nom":"Forêt communale de Tornac","dep":"30","dom":false,"essence":"autre","substrat":"calcaire","elev":254,"slopeDeg":1.9,"aspect":80},"geometry":{"type":"Polygon","coordinates":[[[3.9659,44.0185],[3.9621,44.017],[3.9597,44.0193],[3.962,44.0193],[3.9667,44.0238],[3.9681,44.022],[3.9702,44.0229],[3.971,44.0202],[3.9659,44.0185]]]}},{"type":"Feature","properties":{"id":"F15521Y","nom":"Forêt communale de Congénies","dep":"30","dom":false,"essence":"conifere","substrat":"calcaire","elev":128,"slopeDeg":1.8,"aspect":168},"geometry":{"type":"MultiPolygon","coordinates":[[[[4.1463,43.784],[4.1458,43.7857],[4.142,43.7848],[4.1417,43.7861],[4.1427,43.7857],[4.1413,43.7866],[4.1437,43.7867],[4.1443,43.7878],[4.1422,43.7876],[4.1459,43.7915],[4.1473,43.791],[4.146,43.7916],[4.1471,43.7934],[4.1519,43.7921],[4.1538,43.7899],[4.1579,43.7904],[4.1675,43.7876],[4.1688,43.7836],[4.1741,43.78],[4.1709,43.779],[4.1676,43.7848],[4.1643,43.7843],[4.1615,43.7857],[4.1629,43.7829],[4.1605,43.7801],[4.1604,43.7831],[4.1576,43.7824],[4.1553,43.7845],[4.1563,43.7852],[4.1526,43.7849],[4.1506,43.7828],[4.1463,43.784]]],[[[4.1394,43.7791],[4.1382,43.7807],[4.1371,43.78],[4.1381,43.7832],[4.1399,43.7817],[4.1433,43.7821],[4.142,43.7814],[4.144,43.7807],[4.1443,43.7817],[4.1465,43.7777],[4.1454,43.7765],[4.1394,43.7791]]]]}},{"type":"Feature","properties":{"id":"F15522Z","nom":"Forêt communale de Tresques","dep":"30","dom":false,"essence":"conifere","substrat":"neutre","elev":133,"slopeDeg":5.3,"aspect":118},"geometry":{"type":"MultiPolygon","coordinates":[[[[4.5946,44.1398],[4.5937,44.1352],[4.5956,44.1351],[4.5949,44.1322],[4.5921,44.1294],[4.5952,44.134],[4.5939,44.135],[4.5922,44.1318],[4.5907,44.1318],[4.5891,44.1255],[4.5883,44.1272],[4.5858,44.1259],[4.5849,44.1276],[4.5817,44.1269],[4.5845,44.1302],[4.5821,44.1316],[4.5799,44.1309],[4.5802,44.1335],[4.5929,44.1344],[4.5946,44.1398]]],[[[4.6029,44.1122],[4.6031,44.1102],[4.6073,44.1132],[4.6066,44.112],[4.6096,44.1122],[4.6063,44.1102],[4.6119,44.1102],[4.6057,44.1061],[4.6002,44.1105],[4.602,44.1139],[4.6029,44.1122]]],[[[4.6296,44.123],[4.6266,44.1266],[4.6258,44.1244],[4.6274,44.1205],[4.6247,44.1217],[4.6238,44.1245],[4.6255,44.1294],[4.6292,44.1265],[4.6296,44.123]]],[[[4.6009,44.1383],[4.5996,44.1352],[4.5957,44.1359],[4.5966,44.1399],[4.6028,44.1395],[4.6034,44.1417],[4.6047,44.1415],[4.6025,44.1391],[4.6029,44.1375],[4.6016,44.1392],[4.6009,44.1383]]],[[[4.5687,44.1153],[4.5655,44.1163],[4.5661,44.1152],[4.5632,44.1144],[4.5632,44.1182],[4.5723,44.1164],[4.5722,44.1151],[4.5687,44.1153]]],[[[4.5903,44.1214],[4.591,44.1196],[4.5938,44.1192],[4.5948,44.1225],[4.5977,44.1218],[4.596,44.1216],[4.5949,44.1183],[4.5896,44.1191],[4.5903,44.1214]]],[[[4.5967,44.1274],[4.5995,44.1251],[4.5974,44.1228],[4.5974,44.1255],[4.5959,44.1264],[4.5967,44.1274]]],[[[4.5758,44.1346],[4.5767,44.135],[4.5753,44.1314],[4.5735,44.1311],[4.5758,44.1346]]]]}},{"type":"Feature","properties":{"id":"F15523A","nom":"Forêt domaniale de la Vallée-Borgne","dep":"30","dom":true,"essence":"feuillu","substrat":"acide","elev":497,"slopeDeg":15.3,"aspect":327},"geometry":{"type":"MultiPolygon","coordinates":[[[[3.7331,44.0915],[3.7324,44.0942],[3.735,44.095],[3.7387,44.0934],[3.74,44.0955],[3.7411,44.0943],[3.7398,44.093],[3.7419,44.0924],[3.7403,44.0907],[3.7421,44.0915],[3.7422,44.0903],[3.7454,44.0929],[3.7425,44.0893],[3.7443,44.0879],[3.7458,44.0905],[3.7477,44.0893],[3.7453,44.0939],[3.7481,44.0957],[3.7454,44.0959],[3.7479,44.0963],[3.7491,44.0977],[3.7479,44.0997],[3.7506,44.1003],[3.7502,44.0952],[3.752,44.0936],[3.751,44.0929],[3.7533,44.0926],[3.7546,44.0905],[3.7521,44.0903],[3.7498,44.0872],[3.7488,44.0824],[3.7423,44.0858],[3.7382,44.0836],[3.7413,44.0835],[3.7425,44.0799],[3.7434,44.0816],[3.7471,44.0809],[3.7463,44.0788],[3.7488,44.0781],[3.7622,44.0786],[3.7706,44.0759],[3.7724,44.0769],[3.7797,44.0759],[3.7732,44.0789],[3.7765,44.081],[3.7788,44.08],[3.7797,44.0775],[3.7849,44.0795],[3.7845,44.0783],[3.7877,44.0781],[3.7878,44.0767],[3.7829,44.0773],[3.7801,44.0755],[3.783,44.071],[3.7829,44.0666],[3.7844,44.0652],[3.7827,44.0649],[3.7825,44.0636],[3.7765,44.0625],[3.7779,44.0609],[3.7768,44.0604],[3.7677,44.0584],[3.7607,44.0652],[3.7538,44.0667],[3.7523,44.0712],[3.7542,44.0741],[3.7507,44.0764],[3.7512,44.0782],[3.741,44.0777],[3.7331,44.0789],[3.7346,44.082],[3.7375,44.0837],[3.7343,44.0854],[3.7343,44.0878],[3.7332,44.0871],[3.7322,44.0894],[3.7331,44.0915]]],[[[3.6735,44.1849],[3.6773,44.1827],[3.6764,44.1803],[3.6788,44.1829],[3.6849,44.1827],[3.6836,44.1811],[3.6894,44.1734],[3.6934,44.1704],[3.6991,44.1695],[3.7088,44.1644],[3.7087,44.1625],[3.7032,44.1574],[3.6967,44.1599],[3.6949,44.1593],[3.6935,44.1615],[3.694,44.1643],[3.6908,44.1655],[3.6875,44.1619],[3.6861,44.1633],[3.6847,44.1621],[3.6825,44.1628],[3.684,44.166],[3.6818,44.1663],[3.6821,44.1724],[3.6768,44.1717],[3.6769,44.1774],[3.6744,44.1801],[3.6753,44.1805],[3.6741,44.1822],[3.6718,44.1803],[3.6698,44.1832],[3.6722,44.1856],[3.6735,44.1849]]],[[[3.6422,44.1419],[3.6503,44.1432],[3.6562,44.1397],[3.6583,44.1312],[3.653,44.1325],[3.651,44.1297],[3.653,44.1273],[3.6513,44.1295],[3.6493,44.1294],[3.6494,44.1271],[3.6368,44.1245],[3.6344,44.121],[3.6331,44.1213],[3.635,44.1246],[3.6328,44.1283],[3.6356,44.1326],[3.6336,44.136],[3.6358,44.1376],[3.6356,44.1404],[3.637,44.1415],[3.6422,44.1419]]],[[[3.8335,44.0957],[3.8346,44.0933],[3.8403,44.092],[3.8393,44.09],[3.8415,44.0894],[3.8384,44.0881],[3.8399,44.086],[3.8379,44.0823],[3.8419,44.08],[3.8315,44.0815],[3.8266,44.088],[3.8226,44.0904],[3.8184,44.0982],[3.8267,44.1012],[3.828,44.0998],[3.8302,44.1011],[3.8334,44.1002],[3.8362,44.098],[3.8382,44.0993],[3.8368,44.1001],[3.8374,44.1012],[3.8418,44.1003],[3.8442,44.0977],[3.8424,44.0955],[3.8423,44.0923],[3.8403,44.0927],[3.8385,44.0957],[3.8335,44.0957]]],[[[3.8361,44.1351],[3.8388,44.1348],[3.8436,44.1312],[3.8411,44.1292],[3.842,44.1262],[3.8346,44.1269],[3.8347,44.124],[3.8326,44.1206],[3.8276,44.1229],[3.828,44.1255],[3.8243,44.1303],[3.8213,44.1309],[3.8203,44.1325],[3.823,44.1365],[3.8317,44.1374],[3.8361,44.1351]]],[[[3.7449,44.1496],[3.744,44.1485],[3.7513,44.1488],[3.7525,44.1505],[3.7586,44.1486],[3.7598,44.1516],[3.7628,44.149],[3.7599,44.1425],[3.7533,44.1384],[3.7524,44.139],[3.754,44.1414],[3.7516,44.1419],[3.7507,44.1484],[3.7471,44.1448],[3.7403,44.1466],[3.7409,44.1484],[3.7434,44.1465],[3.7439,44.1475],[3.7409,44.1486],[3.7408,44.1503],[3.7432,44.1504],[3.7444,44.1523],[3.7402,44.1522],[3.7381,44.1552],[3.7444,44.1552],[3.7408,44.1532],[3.7474,44.1522],[3.7502,44.1492],[3.7449,44.1496]]],[[[3.7906,44.0847],[3.7933,44.0859],[3.7918,44.0872],[3.7934,44.0883],[3.7988,44.0858],[3.8034,44.0871],[3.8006,44.08],[3.7967,44.0756],[3.7881,44.0782],[3.7867,44.0806],[3.7906,44.0847]]],[[[3.7747,44.1372],[3.7795,44.1373],[3.7777,44.1358],[3.7812,44.1343],[3.7777,44.1305],[3.7799,44.1291],[3.7791,44.1269],[3.7761,44.129],[3.7749,44.1273],[3.7706,44.1291],[3.7688,44.1314],[3.764,44.131],[3.7669,44.1343],[3.7628,44.1335],[3.7617,44.1357],[3.7708,44.1384],[3.7721,44.1355],[3.7747,44.1372]]],[[[3.6578,44.1725],[3.6686,44.1771],[3.6695,44.1749],[3.6725,44.1743],[3.6728,44.1725],[3.6705,44.1727],[3.6722,44.1658],[3.6626,44.1677],[3.6586,44.17],[3.6567,44.1689],[3.6578,44.1725]]],[[[3.7271,44.1092],[3.7301,44.1105],[3.7348,44.109],[3.7362,44.1098],[3.7362,44.1129],[3.7392,44.1134],[3.7426,44.1117],[3.7428,44.1091],[3.7356,44.1059],[3.7309,44.1055],[3.7325,44.1078],[3.7304,44.1058],[3.7271,44.1092]]],[[[3.8464,44.1362],[3.8517,44.1327],[3.8528,44.1314],[3.8518,44.1303],[3.8534,44.1297],[3.8501,44.128],[3.844,44.1318],[3.8446,44.1362],[3.8464,44.1362]]],[[[3.7142,44.1632],[3.7123,44.1635],[3.7129,44.1614],[3.7102,44.1643],[3.7194,44.1653],[3.7191,44.1639],[3.7182,44.1649],[3.7184,44.1594],[3.7157,44.1619],[3.7175,44.1634],[3.7157,44.1619],[3.7141,44.1622],[3.7153,44.1634],[3.7142,44.1632]]],[[[3.7289,44.097],[3.7301,44.0953],[3.7242,44.0977],[3.7259,44.0971],[3.7235,44.097],[3.7245,44.0954],[3.7223,44.097],[3.7209,44.0955],[3.7215,44.0988],[3.726,44.0995],[3.7307,44.0974],[3.7289,44.097]]],[[[3.723,44.0891],[3.7216,44.089],[3.7226,44.0875],[3.7206,44.0878],[3.721,44.0901],[3.7261,44.0927],[3.723,44.0891]]],[[[3.7778,44.0855],[3.7811,44.088],[3.7778,44.0821],[3.7778,44.0855]]]]}},{"type":"Feature","properties":{"id":"F15524B","nom":"Forêt communale de Saint-Pons-La-Calm","dep":"30","dom":false,"essence":"feuillu","substrat":"calcaire","elev":96,"slopeDeg":3.6,"aspect":46},"geometry":{"type":"MultiPolygon","coordinates":[[[[4.5517,44.0877],[4.551,44.0888],[4.5528,44.0887],[4.5494,44.09],[4.5501,44.092],[4.554,44.0876],[4.5519,44.0876],[4.5544,44.0871],[4.5522,44.0858],[4.5525,44.0826],[4.5561,44.0815],[4.5574,44.0791],[4.5491,44.0781],[4.5504,44.0746],[4.5537,44.0737],[4.553,44.0714],[4.5517,44.0699],[4.5486,44.0705],[4.5463,44.0686],[4.544,44.0704],[4.5433,44.068],[4.5403,44.0686],[4.5405,44.0732],[4.5483,44.0853],[4.548,44.0892],[4.5517,44.0877]]],[[[4.5589,44.1191],[4.5585,44.1179],[4.5548,44.1184],[4.5584,44.1176],[4.5431,44.1204],[4.5434,44.122],[4.5502,44.1197],[4.5589,44.1191]]],[[[4.5549,44.0916],[4.5567,44.0885],[4.5548,44.0873],[4.5549,44.0904],[4.5511,44.0928],[4.5551,44.0936],[4.5549,44.0916]]],[[[4.5632,44.1182],[4.5638,44.1166],[4.5595,44.1173],[4.5607,44.1178],[4.5598,44.1189],[4.5632,44.1182]]]]}},{"type":"Feature","properties":{"id":"F15525C","nom":"Forêt communale de Valliguières","dep":"30","dom":false,"essence":"feuillu","substrat":"calcaire","elev":152,"slopeDeg":1.1,"aspect":276},"geometry":{"type":"Polygon","coordinates":[[[4.576,43.9894],[4.574,43.9907],[4.573,43.9947],[4.5608,43.9978],[4.5443,44.0049],[4.5414,44.007],[4.5434,44.008],[4.541,44.0072],[4.5391,44.0103],[4.5407,44.0102],[4.5416,44.0127],[4.5499,44.0155],[4.5608,44.0165],[4.5697,44.0214],[4.5865,44.0225],[4.5921,44.0244],[4.5942,44.0232],[4.6005,44.0234],[4.6018,44.0228],[4.6004,44.0232],[4.601,44.0216],[4.6008,44.0228],[4.6025,44.0233],[4.6046,44.022],[4.6096,44.0253],[4.613,44.0254],[4.62,44.029],[4.6248,44.0273],[4.6247,44.024],[4.6263,44.0254],[4.629,44.022],[4.6305,44.0176],[4.6209,44.0166],[4.6197,44.0151],[4.619,44.0077],[4.6224,44.0027],[4.6211,44.0004],[4.6225,43.9958],[4.6213,43.9931],[4.5916,43.9947],[4.5877,43.9942],[4.5872,43.991],[4.5779,43.9884],[4.5764,43.9941],[4.5806,43.9974],[4.5786,44.0015],[4.5797,44.0027],[4.5967,44.0031],[4.6011,44.0024],[4.6062,43.9989],[4.6072,43.999],[4.606,44.0004],[4.6072,44.0003],[4.6045,44.0045],[4.5981,44.0095],[4.598,44.011],[4.5929,44.0131],[4.593,44.0157],[4.5953,44.0168],[4.5918,44.0157],[4.5913,44.0142],[4.5896,44.0161],[4.5888,44.0148],[4.5829,44.0153],[4.582,44.0169],[4.5834,44.0184],[4.5818,44.0196],[4.5841,44.021],[4.5826,44.0203],[4.5818,44.022],[4.5805,44.02],[4.5821,44.0177],[4.5796,44.018],[4.5812,44.0174],[4.5805,44.0161],[4.5755,44.0151],[4.5718,44.0164],[4.5657,44.0118],[4.5724,44.0131],[4.5683,44.0107],[4.5728,44.0108],[4.5732,44.0092],[4.5688,44.0088],[4.577,44.0081],[4.5729,44.006],[4.5768,44.0055],[4.577,44.0044],[4.5707,44.0057],[4.5771,44.0037],[4.5794,43.998],[4.5745,43.9949],[4.5766,43.9928],[4.575,43.9915],[4.576,43.9894]]]}},{"type":"Feature","properties":{"id":"F15527E","nom":"Forêt communale indivise de Saint-Hilaire D'Ozilhan Et Valliguières","dep":"30","dom":false,"essence":"autre","substrat":"calcaire","elev":230,"slopeDeg":2.8,"aspect":165},"geometry":{"type":"Polygon","coordinates":[[[4.6271,43.9914],[4.6206,43.9926],[4.6301,43.9922],[4.635,43.9903],[4.6271,43.9914]]]}},{"type":"Feature","properties":{"id":"F15534L","nom":"Forêt communale de Blandas","dep":"30","dom":false,"essence":"conifere","substrat":"calcaire","elev":724,"slopeDeg":2.7,"aspect":274},"geometry":{"type":"Polygon","coordinates":[[[3.4839,43.9119],[3.4904,43.9169],[3.4937,43.9218],[3.4992,43.9208],[3.4999,43.9223],[3.5102,43.9131],[3.5063,43.9119],[3.4961,43.9132],[3.4839,43.9119]]]}},{"type":"Feature","properties":{"id":"F15535M","nom":"Forêt communale d'Issirac","dep":"30","dom":false,"essence":"feuillu","substrat":"calcaire","elev":249,"slopeDeg":3.7,"aspect":93},"geometry":{"type":"MultiPolygon","coordinates":[[[[4.5047,44.2475],[4.4952,44.2509],[4.4925,44.2501],[4.4885,44.2526],[4.4858,44.2519],[4.4836,44.2486],[4.4826,44.2498],[4.4826,44.2485],[4.4786,44.2486],[4.4779,44.2495],[4.4802,44.2524],[4.4811,44.2516],[4.4842,44.2529],[4.4807,44.2527],[4.4777,44.2575],[4.4756,44.2577],[4.4777,44.258],[4.4783,44.2599],[4.4748,44.2576],[4.4716,44.2587],[4.4735,44.2591],[4.473,44.2601],[4.4697,44.2587],[4.4723,44.2612],[4.4671,44.2613],[4.4651,44.2594],[4.4656,44.2579],[4.4635,44.2585],[4.4626,44.2574],[4.4632,44.2564],[4.4613,44.2587],[4.4624,44.2588],[4.46,44.2595],[4.4601,44.2642],[4.4614,44.2634],[4.4612,44.2655],[4.4641,44.2642],[4.4649,44.2655],[4.4686,44.2636],[4.4694,44.2667],[4.4711,44.2667],[4.4744,44.2655],[4.4743,44.2623],[4.4749,44.2642],[4.4771,44.2651],[4.48,44.2647],[4.481,44.2621],[4.4841,44.2619],[4.4852,44.2672],[4.491,44.2686],[4.4947,44.2713],[4.4921,44.2686],[4.4945,44.2684],[4.4952,44.2711],[4.4957,44.2665],[4.498,44.2681],[4.5005,44.2637],[4.5022,44.2706],[4.5035,44.2704],[4.5038,44.272],[4.5028,44.2752],[4.5069,44.2753],[4.5043,44.2718],[4.5007,44.2602],[4.5047,44.2475]]],[[[4.4607,44.3317],[4.4555,44.3233],[4.4595,44.3196],[4.4587,44.3168],[4.4566,44.3153],[4.4575,44.3116],[4.4496,44.3103],[4.4503,44.3274],[4.4524,44.338],[4.4573,44.3417],[4.4636,44.3418],[4.4639,44.3407],[4.4646,44.3418],[4.464,44.3369],[4.4607,44.3317]]],[[[4.4783,44.2469],[4.4947,44.2455],[4.4891,44.243],[4.4693,44.2489],[4.4597,44.2534],[4.4544,44.2533],[4.4483,44.2506],[4.4548,44.2612],[4.4592,44.2557],[4.4654,44.2515],[4.473,44.2548],[4.4734,44.2501],[4.4757,44.2473],[4.4783,44.2469]]]]}},{"type":"Feature","properties":{"id":"F15536N","nom":"Forêt communale de Meynes","dep":"30","dom":false,"essence":"conifere","substrat":"neutre","elev":73,"slopeDeg":1.7,"aspect":97},"geometry":{"type":"Polygon","coordinates":[[[4.5538,43.8982],[4.5563,43.8975],[4.5561,43.8956],[4.5505,43.894],[4.5471,43.8992],[4.5538,43.8982]]]}},{"type":"Feature","properties":{"id":"F15537O","nom":"Forêt communale de Montagnac","dep":"30","dom":false,"essence":"autre","substrat":"calcaire","elev":175,"slopeDeg":1.8,"aspect":248},"geometry":{"type":"Polygon","coordinates":[[[4.1718,43.9403],[4.1766,43.9411],[4.1754,43.9338],[4.1735,43.9367],[4.1696,43.9376],[4.1718,43.9403]]]}},{"type":"Feature","properties":{"id":"F15538P","nom":"Forêt communale de Brouzet Les Alès","dep":"30","dom":false,"essence":"feuillu","substrat":"calcaire","elev":314,"slopeDeg":6.4,"aspect":269},"geometry":{"type":"Polygon","coordinates":[[[4.2831,44.1359],[4.2857,44.1327],[4.2837,44.1261],[4.2787,44.1221],[4.2618,44.1186],[4.2499,44.118],[4.2362,44.1238],[4.2382,44.124],[4.2396,44.1266],[4.2384,44.128],[4.2391,44.129],[4.2557,44.1295],[4.2601,44.1334],[4.2598,44.1357],[4.2544,44.1426],[4.2497,44.1457],[4.2539,44.1444],[4.2581,44.1456],[4.2831,44.1359]]]}},{"type":"Feature","properties":{"id":"F15539Q","nom":"Forêt communale de Combas","dep":"30","dom":false,"essence":"autre","substrat":"calcaire","elev":170,"slopeDeg":2.5,"aspect":199},"geometry":{"type":"Polygon","coordinates":[[[4.1131,43.8717],[4.1179,43.8719],[4.1193,43.8707],[4.1154,43.8693],[4.1134,43.8663],[4.1108,43.8658],[4.107,43.8618],[4.1029,43.864],[4.1034,43.8661],[4.1055,43.8658],[4.1053,43.8682],[4.1131,43.8717]]]}},{"type":"Feature","properties":{"id":"F15540R","nom":"Forêt communale de Pouzilhac","dep":"30","dom":false,"essence":"feuillu","substrat":"calcaire","elev":211,"slopeDeg":1.5,"aspect":54},"geometry":{"type":"MultiPolygon","coordinates":[[[[4.5681,44.0277],[4.5669,44.0264],[4.5683,44.0277],[4.5719,44.0272],[4.5755,44.0316],[4.5771,44.0312],[4.5759,44.0321],[4.5768,44.0332],[4.5779,44.0319],[4.5812,44.0333],[4.5817,44.0321],[4.583,44.0342],[4.5848,44.0332],[4.5846,44.0361],[4.586,44.0356],[4.5866,44.038],[4.5886,44.0373],[4.5882,44.0385],[4.5909,44.0393],[4.5871,44.0401],[4.5865,44.0419],[4.5877,44.0426],[4.5858,44.0435],[4.5857,44.0458],[4.5838,44.0435],[4.5827,44.0444],[4.5833,44.0488],[4.5848,44.0498],[4.5848,44.0547],[4.5818,44.0594],[4.5805,44.0564],[4.5793,44.0572],[4.5784,44.0562],[4.5782,44.0538],[4.578,44.0554],[4.5768,44.0545],[4.577,44.0555],[4.5753,44.0556],[4.5817,44.062],[4.5854,44.0611],[4.585,44.0556],[4.587,44.053],[4.6082,44.0466],[4.6076,44.0418],[4.6111,44.034],[4.6158,44.0332],[4.62,44.029],[4.613,44.0254],[4.6096,44.0253],[4.6046,44.022],[4.5919,44.0244],[4.5865,44.0225],[4.5777,44.0226],[4.5673,44.0205],[4.5615,44.0291],[4.5662,44.0294],[4.5681,44.0277]]],[[[4.5624,44.0599],[4.5667,44.0587],[4.5656,44.0576],[4.5682,44.0578],[4.5682,44.0557],[4.5653,44.0553],[4.5625,44.0591],[4.5615,44.0579],[4.5625,44.0566],[4.5593,44.0546],[4.5593,44.0605],[4.5624,44.0599]]],[[[4.5749,44.0541],[4.5764,44.054],[4.5739,44.0521],[4.5733,44.0556],[4.5711,44.0555],[4.5709,44.058],[4.5739,44.0575],[4.5739,44.0554],[4.575,44.0552],[4.5738,44.0535],[4.5749,44.0541]]],[[[4.5554,44.0503],[4.5565,44.052],[4.5587,44.0499],[4.5545,44.0495],[4.5554,44.0503]]],[[[4.5626,44.0443],[4.5631,44.0459],[4.566,44.0427],[4.5626,44.0443]]],[[[4.5623,44.0544],[4.5614,44.0522],[4.5602,44.0526],[4.5604,44.0543],[4.5623,44.0544]]]]}},{"type":"Feature","properties":{"id":"F15541S","nom":"Forêt communale de Vénéjan","dep":"30","dom":false,"essence":"feuillu","substrat":"calcaire","elev":121,"slopeDeg":4.5,"aspect":296},"geometry":{"type":"MultiPolygon","coordinates":[[[[4.6765,44.1838],[4.6758,44.1822],[4.6778,44.1831],[4.6772,44.175],[4.6721,44.1773],[4.6673,44.1765],[4.663,44.1801],[4.6599,44.1799],[4.6645,44.1808],[4.6625,44.1836],[4.6589,44.1843],[4.6609,44.1874],[4.6627,44.1873],[4.6634,44.1905],[4.6645,44.1889],[4.6718,44.1869],[4.6728,44.184],[4.6765,44.1838]]],[[[4.6465,44.2119],[4.6469,44.211],[4.6448,44.2133],[4.6428,44.2126],[4.643,44.2107],[4.6449,44.2109],[4.6449,44.2123],[4.6459,44.2104],[4.6444,44.2081],[4.6459,44.2073],[4.6437,44.2069],[4.645,44.2096],[4.642,44.2096],[4.6422,44.2117],[4.6402,44.2107],[4.6404,44.2148],[4.6396,44.2141],[4.6407,44.216],[4.6438,44.2151],[4.6494,44.2172],[4.6517,44.2165],[4.6519,44.2144],[4.6506,44.2141],[4.6522,44.2127],[4.6538,44.2136],[4.6572,44.2116],[4.6586,44.2133],[4.6565,44.2143],[4.6598,44.2141],[4.6527,44.2141],[4.6544,44.2165],[4.6568,44.2156],[4.6558,44.2151],[4.663,44.2139],[4.6621,44.2128],[4.6591,44.2134],[4.6601,44.2118],[4.6566,44.2104],[4.6553,44.2114],[4.6559,44.2125],[4.6536,44.2115],[4.6483,44.2137],[4.6475,44.2154],[4.6461,44.2151],[4.6465,44.2119]]],[[[4.6623,44.2118],[4.6648,44.2102],[4.6606,44.211],[4.6608,44.2124],[4.6623,44.2118]]]]}},{"type":"Feature","properties":{"id":"F15542T","nom":"Forêt communale de Campestre-Et-Luc","dep":"30","dom":false,"essence":"autre","substrat":"calcaire","elev":706,"slopeDeg":3.8,"aspect":230},"geometry":{"type":"Polygon","coordinates":[[[3.3537,43.9383],[3.3636,43.9369],[3.3616,43.9325],[3.3504,43.9327],[3.3505,43.9343],[3.3526,43.9356],[3.3512,43.9386],[3.3542,43.9425],[3.356,43.9423],[3.3537,43.9383]]]}},{"type":"Feature","properties":{"id":"F15543U","nom":"Forêt communale de Lanuejols","dep":"30","dom":false,"essence":"conifere","substrat":"acide","elev":1080,"slopeDeg":7.3,"aspect":318},"geometry":{"type":"Polygon","coordinates":[[[3.4254,44.1406],[3.4274,44.1364],[3.4159,44.1315],[3.4175,44.1297],[3.4086,44.1273],[3.4035,44.1305],[3.4098,44.1348],[3.4207,44.135],[3.4214,44.1416],[3.4196,44.1448],[3.4217,44.1474],[3.4254,44.1406]]]}},{"type":"Feature","properties":{"id":"F15580F","nom":"Forêt communale de Montdardier","dep":"30","dom":false,"essence":"autre","substrat":"calcaire","elev":602,"slopeDeg":18.2,"aspect":7},"geometry":{"type":"Polygon","coordinates":[[[3.6005,43.9274],[3.5979,43.926],[3.598,43.9284],[3.6005,43.9274]]]}},{"type":"Feature","properties":{"id":"F15553E","nom":"Forêt communale de Remoulins","dep":"30","dom":false,"essence":"feuillu","substrat":"calcaire","elev":64,"slopeDeg":4.1,"aspect":45},"geometry":{"type":"Polygon","coordinates":[[[4.5385,43.9412],[4.5362,43.942],[4.5372,43.9471],[4.54,43.9489],[4.5437,43.9489],[4.5482,43.9466],[4.5476,43.9456],[4.5537,43.9397],[4.5527,43.9367],[4.5553,43.9371],[4.5545,43.9357],[4.5561,43.9354],[4.5385,43.9412]]]}},{"type":"Feature","properties":{"id":"F15554F","nom":"Forêt communale de Saint-Bonnet Du Gard","dep":"30","dom":false,"essence":"autre","substrat":"calcaire","elev":51,"slopeDeg":0.8,"aspect":169},"geometry":{"type":"MultiPolygon","coordinates":[[[[4.5523,43.9364],[4.5543,43.9356],[4.5464,43.9341],[4.5463,43.9326],[4.5416,43.9336],[4.5383,43.9322],[4.5377,43.9338],[4.5347,43.9341],[4.5304,43.9317],[4.5325,43.9309],[4.5345,43.9333],[4.5366,43.9328],[4.5343,43.9328],[4.5316,43.9297],[4.5291,43.9293],[4.5297,43.9282],[4.5267,43.9286],[4.5263,43.9304],[4.528,43.9288],[4.5271,43.9311],[4.53,43.9297],[4.5308,43.931],[4.5256,43.9318],[4.5246,43.9288],[4.526,43.9287],[4.5257,43.9275],[4.5244,43.9262],[4.5232,43.9274],[4.5212,43.9239],[4.5233,43.936],[4.5272,43.9363],[4.5291,43.9388],[4.5362,43.942],[4.5523,43.9364]]],[[[4.5481,43.9189],[4.5439,43.9173],[4.5437,43.9157],[4.5446,43.9163],[4.5415,43.9117],[4.5431,43.9152],[4.5406,43.9152],[4.5432,43.916],[4.5421,43.9175],[4.5435,43.9172],[4.5463,43.9212],[4.5452,43.9226],[4.5469,43.9239],[4.5464,43.9222],[4.5488,43.9217],[4.5462,43.9216],[4.547,43.921],[4.5542,43.9243],[4.5543,43.9273],[4.5506,43.9266],[4.5493,43.9274],[4.5517,43.9296],[4.5494,43.9297],[4.5545,43.9314],[4.5554,43.9341],[4.5571,43.9343],[4.5583,43.9324],[4.5567,43.9325],[4.5587,43.9309],[4.5575,43.93],[4.5581,43.9288],[4.5562,43.929],[4.5573,43.9276],[4.5558,43.9272],[4.5571,43.9263],[4.5552,43.9262],[4.553,43.922],[4.5481,43.9189]]],[[[4.535,43.9142],[4.5371,43.9148],[4.5368,43.9123],[4.5384,43.912],[4.5357,43.9122],[4.5358,43.9135],[4.5348,43.9123],[4.5284,43.9129],[4.531,43.9165],[4.535,43.9142]]],[[[4.5358,43.9173],[4.5364,43.9147],[4.5323,43.918],[4.5345,43.9192],[4.5358,43.9173]]]]}},{"type":"Feature","properties":{"id":"F15555G","nom":"Forêt communale de Saint-Victor Des Oules","dep":"30","dom":false,"essence":"conifere","substrat":"calcaire","elev":225,"slopeDeg":1.7,"aspect":323},"geometry":{"type":"MultiPolygon","coordinates":[[[[4.4827,44.0506],[4.4859,44.0496],[4.489,44.053],[4.4935,44.0531],[4.4954,44.0527],[4.4977,44.0493],[4.501,44.0503],[4.5067,44.0487],[4.506,44.0455],[4.5009,44.0493],[4.4964,44.0482],[4.4985,44.0481],[4.498,44.0472],[4.4891,44.0476],[4.4939,44.0484],[4.4926,44.0487],[4.4949,44.051],[4.4939,44.0518],[4.4884,44.0495],[4.4869,44.0501],[4.4822,44.0464],[4.4701,44.0459],[4.4779,44.0504],[4.4827,44.0506]]],[[[4.479,44.037],[4.4815,44.0383],[4.4827,44.036],[4.4756,44.0351],[4.4764,44.0372],[4.479,44.037]]],[[[4.4935,44.0408],[4.4964,44.0388],[4.4933,44.0383],[4.4935,44.0408]]],[[[4.4988,44.0403],[4.4973,44.0397],[4.4979,44.0409],[4.5018,44.0407],[4.502,44.0397],[4.4988,44.0403]]]]}},{"type":"Feature","properties":{"id":"F15557I","nom":"Forêt communale de Tharaux","dep":"30","dom":false,"essence":"feuillu","substrat":"calcaire","elev":267,"slopeDeg":5.1,"aspect":338},"geometry":{"type":"MultiPolygon","coordinates":[[[[4.3302,44.2233],[4.321,44.2214],[4.3143,44.2289],[4.3166,44.2287],[4.3147,44.2291],[4.3163,44.2321],[4.3214,44.2307],[4.3223,44.2326],[4.3252,44.2322],[4.3286,44.2353],[4.3332,44.2355],[4.3365,44.2373],[4.3348,44.2303],[4.3354,44.2259],[4.3302,44.2233]]],[[[4.3417,44.2488],[4.3393,44.2536],[4.3365,44.2536],[4.3363,44.2558],[4.3436,44.2561],[4.3438,44.2476],[4.3417,44.2488]]],[[[4.3083,44.2552],[4.3111,44.2514],[4.3044,44.2523],[4.3083,44.2552]]]]}},{"type":"Feature","properties":{"id":"F15559K","nom":"Forêt communale de Saint-Julien De Peyrolas","dep":"30","dom":false,"essence":"mixte","substrat":"calcaire","elev":128,"slopeDeg":2.1,"aspect":159},"geometry":{"type":"MultiPolygon","coordinates":[[[[4.5472,44.2742],[4.5426,44.2743],[4.5366,44.2778],[4.5351,44.2828],[4.5425,44.2854],[4.5451,44.2878],[4.5469,44.2859],[4.5471,44.2789],[4.5491,44.2747],[4.5472,44.2742]]],[[[4.5522,44.2688],[4.5489,44.2653],[4.5478,44.267],[4.5493,44.2673],[4.5495,44.2696],[4.547,44.2706],[4.5524,44.2718],[4.5535,44.27],[4.5522,44.2688]]]]}},{"type":"Feature","properties":{"id":"F15592R","nom":"Forêt communale de Saint-Hippolyte Du Fort","dep":"30","dom":false,"essence":"autre","substrat":"calcaire","elev":305,"slopeDeg":7,"aspect":85},"geometry":{"type":"Polygon","coordinates":[[[3.8431,43.9353],[3.8412,43.9316],[3.8424,43.931],[3.8394,43.931],[3.8365,43.9259],[3.8297,43.9259],[3.8321,43.9303],[3.8279,43.9339],[3.8322,43.9384],[3.8406,43.9375],[3.8431,43.9353]]]}},{"type":"Feature","properties":{"id":"F15560L","nom":"Forêt communale de Deaux","dep":"30","dom":false,"essence":"feuillu","substrat":"calcaire","elev":151,"slopeDeg":3.2,"aspect":85},"geometry":{"type":"MultiPolygon","coordinates":[[[[4.1565,44.0825],[4.1542,44.0797],[4.1561,44.0793],[4.1537,44.0786],[4.1547,44.0779],[4.1535,44.0761],[4.1482,44.0725],[4.1458,44.0726],[4.1482,44.0788],[4.1482,44.0801],[4.147,44.0801],[4.1476,44.0827],[4.1531,44.0848],[4.1565,44.0825]]],[[[4.1428,44.0654],[4.1438,44.0696],[4.147,44.0703],[4.1468,44.0665],[4.1428,44.0654]]]]}},{"type":"Feature","properties":{"id":"F15561M","nom":"Forêt communale de Saint-Hippolyte De Caton ","dep":"30","dom":false,"essence":"conifere","substrat":"calcaire","elev":174,"slopeDeg":2.7,"aspect":177},"geometry":{"type":"Polygon","coordinates":[[[4.1971,44.0842],[4.1965,44.0853],[4.1997,44.0876],[4.2039,44.0905],[4.2057,44.0903],[4.2065,44.0881],[4.2028,44.0881],[4.2049,44.0791],[4.1991,44.0804],[4.1971,44.0842]]]}},{"type":"Feature","properties":{"id":"F15562N","nom":"Forêt communale de Saint-Laurent Le Minier","dep":"30","dom":false,"essence":"autre","substrat":"calcaire","elev":429,"slopeDeg":9.5,"aspect":289},"geometry":{"type":"MultiPolygon","coordinates":[[[[3.6633,43.9116],[3.6643,43.9193],[3.6678,43.9235],[3.6778,43.9229],[3.6715,43.9095],[3.6633,43.9116]]],[[[3.6719,43.9285],[3.6729,43.9299],[3.6699,43.9309],[3.6726,43.9358],[3.678,43.9284],[3.6719,43.9285]]]]}},{"type":"Feature","properties":{"id":"F15563O","nom":"Forêt communale de Fons-Sur-Lussan","dep":"30","dom":false,"essence":"feuillu","substrat":"calcaire","elev":327,"slopeDeg":3.7,"aspect":179},"geometry":{"type":"MultiPolygon","coordinates":[[[[4.3081,44.2089],[4.3113,44.21],[4.313,44.2083],[4.3171,44.1967],[4.3142,44.1966],[4.3122,44.1981],[4.2995,44.1972],[4.3011,44.1977],[4.3032,44.2044],[4.3006,44.2051],[4.2992,44.2075],[4.3081,44.2089]]],[[[4.3188,44.1926],[4.3217,44.191],[4.3197,44.1898],[4.3177,44.1908],[4.3172,44.189],[4.3132,44.1885],[4.3114,44.1905],[4.3128,44.1885],[4.3107,44.1886],[4.3117,44.1875],[4.3081,44.189],[4.3093,44.1898],[4.3083,44.19],[4.3088,44.1954],[4.3188,44.1926]]],[[[4.3101,44.1789],[4.308,44.1783],[4.3078,44.1764],[4.3027,44.1751],[4.302,44.1774],[4.3041,44.1787],[4.3059,44.1844],[4.3074,44.1841],[4.3061,44.1858],[4.3114,44.1839],[4.3113,44.182],[4.3088,44.1815],[4.3102,44.1807],[4.3101,44.1789]]],[[[4.3418,44.1823],[4.3466,44.1829],[4.3459,44.1793],[4.3478,44.1785],[4.3456,44.1762],[4.3441,44.1767],[4.345,44.1757],[4.3433,44.1735],[4.3401,44.1767],[4.3421,44.1772],[4.3409,44.1799],[4.3445,44.1802],[4.3418,44.1806],[4.3418,44.1823]]]]}},{"type":"Feature","properties":{"id":"F15564P","nom":"Forêt communale de Langlade","dep":"30","dom":false,"essence":"autre","substrat":"calcaire","elev":64,"slopeDeg":3.9,"aspect":300},"geometry":{"type":"MultiPolygon","coordinates":[[[[4.2381,43.8046],[4.2429,43.8023],[4.2408,43.8004],[4.2453,43.8018],[4.2481,43.8009],[4.2493,43.8032],[4.2511,43.8043],[4.2522,43.8034],[4.2475,43.7986],[4.2482,43.8],[4.2377,43.7986],[4.2382,43.8009],[4.2402,43.8013],[4.2377,43.8014],[4.2378,43.8041],[4.2364,43.8049],[4.2381,43.8046]]],[[[4.2583,43.8173],[4.2579,43.8157],[4.2612,43.8129],[4.2601,43.8106],[4.2591,43.8109],[4.26,43.8095],[4.2584,43.8107],[4.2601,43.812],[4.2589,43.8127],[4.2604,43.8129],[4.2578,43.8129],[4.2567,43.8161],[4.2562,43.8148],[4.2553,43.8159],[4.2561,43.8175],[4.2537,43.8177],[4.2556,43.8182],[4.257,43.8158],[4.2583,43.8173]]]]}},{"type":"Feature","properties":{"id":"F15565Q","nom":"Forêt communale de Montaren Saint-Médiers","dep":"30","dom":false,"essence":"conifere","substrat":"calcaire","elev":174,"slopeDeg":5.2,"aspect":159},"geometry":{"type":"MultiPolygon","coordinates":[[[[4.4102,44.0767],[4.4026,44.0709],[4.3873,44.0681],[4.3867,44.0597],[4.3778,44.0602],[4.3739,44.0575],[4.361,44.0575],[4.363,44.0661],[4.3816,44.0712],[4.3878,44.0742],[4.3915,44.0804],[4.3935,44.0765],[4.3967,44.0767],[4.3957,44.0802],[4.4046,44.0791],[4.4102,44.0767]]],[[[4.3699,44.0366],[4.3786,44.0349],[4.3808,44.0332],[4.368,44.0352],[4.3699,44.0366]]],[[[4.3697,44.0392],[4.3727,44.0389],[4.3721,44.0374],[4.37,44.0375],[4.3697,44.0392]]]]}},{"type":"Feature","properties":{"id":"F15566R","nom":"Forêt communale de Saint-Christol De Rodières","dep":"30","dom":false,"essence":"mixte","substrat":"calcaire","elev":187,"slopeDeg":0.4,"aspect":162},"geometry":{"type":"MultiPolygon","coordinates":[[[[4.5064,44.2539],[4.5038,44.2527],[4.5007,44.2602],[4.5043,44.2718],[4.5087,44.2763],[4.5079,44.2803],[4.5097,44.2803],[4.5094,44.2755],[4.5057,44.2721],[4.5061,44.2703],[4.503,44.2674],[4.5015,44.2628],[4.5019,44.2614],[4.505,44.2633],[4.5036,44.2615],[4.5054,44.2605],[4.5061,44.2572],[4.508,44.2554],[4.5064,44.2556],[4.5064,44.2539]]],[[[4.5049,44.2474],[4.505,44.2515],[4.5064,44.2515],[4.5069,44.2505],[4.5056,44.2503],[4.507,44.2484],[4.5102,44.2486],[4.5049,44.2474]]],[[[4.5269,44.2795],[4.5286,44.2831],[4.5311,44.2829],[4.5269,44.2795]]]]}},{"type":"Feature","properties":{"id":"F15567S","nom":"Forêt communale de Concoules","dep":"30","dom":false,"essence":"conifere","substrat":"acide","elev":1410,"slopeDeg":16.8,"aspect":76},"geometry":{"type":"Polygon","coordinates":[[[3.9306,44.3833],[3.9314,44.3843],[3.922,44.3858],[3.921,44.3836],[3.9149,44.3806],[3.9169,44.3759],[3.9242,44.3715],[3.9326,44.3723],[3.9373,44.3712],[3.9244,44.3708],[3.9187,44.375],[3.9115,44.377],[3.9082,44.3808],[3.905,44.3793],[3.9038,44.3804],[3.898,44.3797],[3.8857,44.3881],[3.8892,44.3932],[3.8958,44.3895],[3.9006,44.3923],[3.9009,44.39],[3.9073,44.3851],[3.9071,44.3838],[3.9241,44.3868],[3.9267,44.3855],[3.9295,44.387],[3.9316,44.3843],[3.9346,44.3837],[3.9306,44.3833]]]}},{"type":"Feature","properties":{"id":"F15568T","nom":"Forêt domaniale de La Vis","dep":"30","dom":true,"essence":"feuillu","substrat":"calcaire","elev":676,"slopeDeg":2.5,"aspect":228},"geometry":{"type":"MultiPolygon","coordinates":[[[[3.6005,43.9272],[3.598,43.9284],[3.6028,43.931],[3.6035,43.9273],[3.6109,43.9298],[3.6125,43.928],[3.6111,43.9264],[3.6145,43.9256],[3.614,43.9247],[3.6188,43.9244],[3.6217,43.9219],[3.6246,43.9216],[3.6239,43.9243],[3.6323,43.9296],[3.6338,43.9282],[3.64,43.9304],[3.6421,43.9294],[3.6425,43.9308],[3.646,43.9302],[3.6469,43.9323],[3.6484,43.9323],[3.6422,43.9269],[3.6434,43.9256],[3.6438,43.927],[3.6456,43.9265],[3.6446,43.9247],[3.6423,43.9254],[3.6395,43.9235],[3.6418,43.9208],[3.6448,43.9217],[3.6469,43.9258],[3.6455,43.9215],[3.6486,43.9233],[3.6424,43.9179],[3.646,43.9152],[3.641,43.9156],[3.6462,43.9125],[3.645,43.9124],[3.644,43.9087],[3.6464,43.9085],[3.646,43.9044],[3.6476,43.9011],[3.639,43.8964],[3.6322,43.8992],[3.6399,43.9135],[3.6389,43.916],[3.6206,43.917],[3.6124,43.9205],[3.6017,43.9222],[3.5988,43.9215],[3.5979,43.919],[3.5961,43.9185],[3.5955,43.92],[3.592,43.9191],[3.5882,43.9226],[3.5898,43.9245],[3.5975,43.9247],[3.6005,43.9272]]],[[[3.4989,43.8972],[3.4967,43.8986],[3.4979,43.9003],[3.4927,43.9034],[3.4902,43.8984],[3.4884,43.8988],[3.4888,43.8972],[3.4838,43.8981],[3.4809,43.9055],[3.4818,43.9114],[3.4893,43.9128],[3.4873,43.911],[3.489,43.91],[3.4862,43.9077],[3.4885,43.9069],[3.4877,43.9042],[3.4928,43.9036],[3.4983,43.9005],[3.5013,43.9024],[3.5041,43.8993],[3.5058,43.9012],[3.504,43.9022],[3.5177,43.8998],[3.5291,43.888],[3.5208,43.8856],[3.5233,43.8887],[3.5221,43.8894],[3.5191,43.8877],[3.5161,43.8893],[3.5196,43.8925],[3.5157,43.8922],[3.5163,43.8957],[3.5131,43.8967],[3.5113,43.8953],[3.5085,43.8958],[3.5048,43.8983],[3.501,43.897],[3.5024,43.896],[3.5011,43.8942],[3.5028,43.8918],[3.4973,43.8925],[3.4958,43.8898],[3.4929,43.8918],[3.4942,43.8939],[3.4883,43.8947],[3.4906,43.8973],[3.4975,43.8931],[3.4997,43.8955],[3.4989,43.8972]]],[[[3.4547,43.9487],[3.4538,43.946],[3.4549,43.9382],[3.4569,43.9368],[3.4537,43.9344],[3.4427,43.9411],[3.4455,43.9424],[3.4426,43.9458],[3.4447,43.9468],[3.444,43.9479],[3.4418,43.9466],[3.4404,43.949],[3.4408,43.951],[3.4437,43.9518],[3.444,43.9554],[3.4498,43.9556],[3.4516,43.9553],[3.4516,43.9532],[3.4544,43.9517],[3.4547,43.9487]]],[[[3.4623,43.923],[3.461,43.9228],[3.4652,43.9209],[3.4642,43.9197],[3.4603,43.9221],[3.4622,43.9233],[3.4615,43.925],[3.4635,43.9273],[3.4685,43.9252],[3.4674,43.9209],[3.4623,43.923]]]]}},{"type":"Feature","properties":{"id":"F15569U","nom":"Forêt communale de Poulx","dep":"30","dom":false,"essence":"autre","substrat":"calcaire","elev":197,"slopeDeg":0.9,"aspect":18},"geometry":{"type":"MultiPolygon","coordinates":[[[[4.4401,43.9155],[4.4416,43.9191],[4.4402,43.9197],[4.4436,43.9207],[4.4448,43.9106],[4.4379,43.9104],[4.4374,43.9119],[4.4375,43.9104],[4.4348,43.9103],[4.4281,43.9115],[4.4304,43.9147],[4.4282,43.9168],[4.4268,43.9145],[4.4288,43.9152],[4.4273,43.914],[4.428,43.9126],[4.4232,43.9127],[4.4261,43.9193],[4.4277,43.9194],[4.4278,43.9173],[4.4297,43.9209],[4.4238,43.9191],[4.427,43.9256],[4.4258,43.9279],[4.4273,43.9307],[4.4441,43.9295],[4.4426,43.9252],[4.4401,43.9242],[4.4408,43.9227],[4.4394,43.9219],[4.4406,43.9213],[4.4386,43.9211],[4.4394,43.9194],[4.4368,43.917],[4.4366,43.9132],[4.4385,43.9158],[4.4402,43.9138],[4.4401,43.9155]]],[[[4.4362,43.9038],[4.4332,43.9037],[4.437,43.9062],[4.434,43.906],[4.436,43.9072],[4.435,43.9089],[4.4318,43.9083],[4.4318,43.9048],[4.4289,43.9035],[4.4251,43.9062],[4.4274,43.9098],[4.4434,43.9096],[4.4385,43.9073],[4.4448,43.9082],[4.4468,43.9043],[4.4362,43.9038]]],[[[4.4075,43.8958],[4.4064,43.9049],[4.4089,43.9013],[4.4147,43.8972],[4.4205,43.898],[4.421,43.903],[4.4231,43.9019],[4.4224,43.8994],[4.429,43.9003],[4.43,43.897],[4.4205,43.8955],[4.4075,43.8958]]]]}},{"type":"Feature","properties":{"id":"F15589O","nom":"Forêt du Centre Hospitalier Les Châtaigniers De Ponteils","dep":"30","dom":false,"essence":"autre","substrat":"acide","elev":720,"slopeDeg":10.3,"aspect":45},"geometry":{"type":"Polygon","coordinates":[[[3.9194,44.3963],[3.9192,44.3974],[3.9296,44.3962],[3.9323,44.3976],[3.9311,44.3987],[3.9363,44.3986],[3.9363,44.3973],[3.9336,44.3977],[3.9279,44.3951],[3.9194,44.3963]]]}},{"type":"Feature","properties":{"id":"F15590P","nom":"Forêt communale de Saint-Alexandre","dep":"30","dom":false,"essence":"feuillu","substrat":"calcaire","elev":85,"slopeDeg":1.2,"aspect":69},"geometry":{"type":"MultiPolygon","coordinates":[[[[4.6267,44.2189],[4.628,44.2224],[4.6306,44.2215],[4.6303,44.2186],[4.6309,44.2206],[4.6323,44.2202],[4.6328,44.215],[4.6275,44.2153],[4.6269,44.2183],[4.6243,44.2202],[4.6228,44.2175],[4.6185,44.2184],[4.6201,44.2156],[4.6177,44.2165],[4.6145,44.2152],[4.6208,44.2199],[4.6228,44.2181],[4.6229,44.2206],[4.6259,44.2229],[4.6271,44.2226],[4.6267,44.2189]]],[[[4.6099,44.2364],[4.6148,44.2382],[4.6196,44.2364],[4.6204,44.2343],[4.6099,44.2364]]],[[[4.6058,44.2253],[4.6053,44.2286],[4.6071,44.2231],[4.6077,44.2281],[4.6107,44.2251],[4.607,44.2222],[4.6058,44.2253]]],[[[4.6137,44.2104],[4.6139,44.213],[4.6147,44.2124],[4.6166,44.2146],[4.6155,44.213],[4.6177,44.21],[4.6118,44.2083],[4.6137,44.2104]]],[[[4.6403,44.2156],[4.6396,44.2141],[4.6375,44.2142],[4.6354,44.2161],[4.6394,44.2147],[4.6403,44.2156]]]]}},{"type":"Feature","properties":{"id":"F15591Q","nom":"Forêt communale de Roquemaure","dep":"30","dom":false,"essence":"autre","substrat":"neutre","elev":43,"slopeDeg":0.2,"aspect":118},"geometry":{"type":"MultiPolygon","coordinates":[[[[4.7533,44.0521],[4.7483,44.0501],[4.7427,44.0514],[4.7426,44.0502],[4.7383,44.0502],[4.7308,44.0469],[4.7279,44.0476],[4.729,44.0478],[4.7244,44.0523],[4.7454,44.0518],[4.7559,44.0529],[4.7567,44.0548],[4.7668,44.0543],[4.7651,44.0518],[4.7608,44.053],[4.7591,44.0525],[4.7601,44.0518],[4.7533,44.0521]]],[[[4.756,44.0204],[4.7526,44.0234],[4.747,44.0196],[4.7442,44.0196],[4.7436,44.0209],[4.7605,44.0285],[4.7655,44.028],[4.7626,44.0231],[4.756,44.0204]]]]}},{"type":"Feature","properties":{"id":"F15570V","nom":"Forêt communale de Lecques","dep":"30","dom":false,"essence":"mixte","substrat":"calcaire","elev":55,"slopeDeg":2,"aspect":71},"geometry":{"type":"MultiPolygon","coordinates":[[[[4.0645,43.847],[4.0667,43.8468],[4.064,43.8411],[4.061,43.8425],[4.0605,43.8452],[4.0609,43.8472],[4.0645,43.847]]],[[[4.0648,43.8504],[4.0691,43.8513],[4.0701,43.849],[4.0613,43.8482],[4.0619,43.8502],[4.0648,43.8504]]],[[[4.0589,43.8579],[4.0675,43.8521],[4.0621,43.8514],[4.0622,43.8552],[4.0568,43.8577],[4.0567,43.8589],[4.0589,43.8579]]]]}},{"type":"Feature","properties":{"id":"F15571W","nom":"Forêt communale de Lussan","dep":"30","dom":false,"essence":"feuillu","substrat":"calcaire","elev":226,"slopeDeg":0.5,"aspect":118},"geometry":{"type":"MultiPolygon","coordinates":[[[[4.3792,44.1577],[4.3821,44.1606],[4.3913,44.1629],[4.3902,44.164],[4.3924,44.1645],[4.3915,44.1664],[4.3931,44.1663],[4.3923,44.1677],[4.3954,44.1715],[4.3918,44.1751],[4.388,44.1762],[4.3859,44.1752],[4.3867,44.1768],[4.3845,44.1773],[4.3831,44.1759],[4.3783,44.1778],[4.3715,44.1764],[4.3725,44.1774],[4.3696,44.1768],[4.365,44.1791],[4.3641,44.1809],[4.3684,44.1857],[4.3668,44.1871],[4.3686,44.1887],[4.3648,44.1899],[4.3668,44.1919],[4.3686,44.1914],[4.3707,44.1937],[4.3716,44.1925],[4.3719,44.1942],[4.3761,44.1945],[4.3764,44.1928],[4.378,44.1923],[4.3783,44.1942],[4.3823,44.1959],[4.3902,44.1951],[4.3908,44.1969],[4.3939,44.1976],[4.3942,44.2006],[4.3966,44.2],[4.3944,44.1929],[4.3986,44.1926],[4.4071,44.1889],[4.4089,44.1878],[4.4083,44.1867],[4.4127,44.1846],[4.4172,44.1864],[4.4192,44.1828],[4.4151,44.1798],[4.4096,44.1787],[4.4117,44.1663],[4.4147,44.1608],[4.4154,44.1535],[4.4189,44.1447],[4.4162,44.1444],[4.414,44.1406],[4.4089,44.1383],[4.403,44.1428],[4.3983,44.1425],[4.3885,44.1456],[4.3849,44.1489],[4.378,44.1494],[4.378,44.1504],[4.3818,44.1497],[4.3838,44.1523],[4.3779,44.1532],[4.3792,44.1577]]],[[[4.3589,44.1596],[4.3546,44.1596],[4.3559,44.1551],[4.3546,44.1547],[4.3535,44.1571],[4.3495,44.158],[4.3468,44.1569],[4.3469,44.1586],[4.3386,44.1602],[4.3382,44.1629],[4.3331,44.1637],[4.3245,44.1681],[4.325,44.1694],[4.3302,44.1704],[4.3344,44.1686],[4.3344,44.1711],[4.3436,44.1718],[4.3454,44.1761],[4.3473,44.1758],[4.3447,44.1732],[4.3479,44.1739],[4.3469,44.1755],[4.3515,44.1747],[4.3535,44.1759],[4.3544,44.1776],[4.3518,44.1808],[4.349,44.1795],[4.3499,44.1785],[4.3482,44.1791],[4.3502,44.184],[4.352,44.1828],[4.3502,44.1848],[4.3488,44.1918],[4.3498,44.1888],[4.3514,44.1883],[4.351,44.1848],[4.3559,44.1827],[4.3542,44.1828],[4.3548,44.1814],[4.3597,44.181],[4.3585,44.1827],[4.36,44.1815],[4.3596,44.1789],[4.3541,44.177],[4.3534,44.1754],[4.3562,44.1769],[4.3589,44.1766],[4.3537,44.1737],[4.3572,44.1731],[4.3547,44.1708],[4.3553,44.1698],[4.3585,44.1711],[4.3561,44.1692],[4.3602,44.1711],[4.3627,44.1689],[4.3611,44.1641],[4.3581,44.1643],[4.36,44.1625],[4.3584,44.1629],[4.3575,44.1616],[4.3538,44.1627],[4.3589,44.1596]]],[[[4.3561,44.1506],[4.3537,44.1485],[4.3539,44.1495],[4.3501,44.1508],[4.3518,44.1492],[4.3501,44.1488],[4.3494,44.1505],[4.3469,44.1505],[4.345,44.1527],[4.3457,44.1548],[4.3425,44.1549],[4.3429,44.153],[4.3405,44.1506],[4.3398,44.1448],[4.3345,44.1446],[4.3376,44.1446],[4.3384,44.146],[4.3349,44.1463],[4.3317,44.1447],[4.3283,44.1488],[4.3335,44.151],[4.3347,44.154],[4.3365,44.1544],[4.3354,44.1554],[4.34,44.1556],[4.3431,44.1575],[4.3459,44.1562],[4.3526,44.1568],[4.3549,44.1527],[4.3514,44.1514],[4.3552,44.1525],[4.3561,44.1506]]],[[[4.3872,44.1368],[4.386,44.1372],[4.3873,44.1406],[4.3922,44.1407],[4.3977,44.1377],[4.3947,44.1377],[4.3933,44.1357],[4.3979,44.1336],[4.394,44.1325],[4.3929,44.1347],[4.3872,44.1368]]]]}},{"type":"Feature","properties":{"id":"F15581G","nom":"Forêt communale de Montmirat","dep":"30","dom":false,"essence":"autre","substrat":"calcaire","elev":204,"slopeDeg":3.8,"aspect":248},"geometry":{"type":"Polygon","coordinates":[[[4.1296,43.9097],[4.1296,43.9062],[4.1234,43.9074],[4.1231,43.9064],[4.12,43.909],[4.1205,43.9063],[4.116,43.9066],[4.1224,43.9158],[4.1296,43.9097]]]}},{"type":"Feature","properties":{"id":"F15582H","nom":"Forêt communale de Saint-Etienne Des Sorts","dep":"30","dom":false,"essence":"feuillu","substrat":"calcaire","elev":131,"slopeDeg":4.1,"aspect":88},"geometry":{"type":"MultiPolygon","coordinates":[[[[4.6777,44.1826],[4.6785,44.1848],[4.6824,44.1839],[4.6854,44.1807],[4.6841,44.1776],[4.6861,44.1808],[4.6889,44.1786],[4.6929,44.1797],[4.6922,44.1787],[4.6945,44.1772],[4.6919,44.1772],[4.6901,44.1754],[4.6808,44.1768],[4.6773,44.175],[4.6777,44.1826]]],[[[4.6974,44.1772],[4.7019,44.1799],[4.7063,44.1788],[4.7025,44.1755],[4.7037,44.1787],[4.7002,44.1783],[4.6971,44.1758],[4.6974,44.1772]]],[[[4.6947,44.1674],[4.6965,44.1682],[4.6964,44.1635],[4.6944,44.1643],[4.6947,44.1674]]]]}},{"type":"Feature","properties":{"id":"F15572X","nom":"Forêt communale de Saint-Laurent-De-Carnols","dep":"30","dom":false,"essence":"feuillu","substrat":"neutre","elev":142,"slopeDeg":3.4,"aspect":229},"geometry":{"type":"Polygon","coordinates":[[[4.543,44.2269],[4.5418,44.2277],[4.544,44.2238],[4.5429,44.2231],[4.5493,44.2217],[4.5389,44.2099],[4.5385,44.2122],[4.5413,44.214],[4.5384,44.2131],[4.541,44.2156],[4.5384,44.2164],[4.5389,44.2183],[4.5414,44.2188],[4.5407,44.2176],[4.543,44.2199],[4.522,44.2226],[4.5241,44.2246],[4.5334,44.2236],[4.5345,44.2219],[4.5394,44.2226],[4.5399,44.2236],[4.5386,44.224],[4.5363,44.2233],[4.5378,44.224],[4.5371,44.2257],[4.5386,44.2268],[4.5372,44.2266],[4.5353,44.2286],[4.5432,44.2301],[4.543,44.2269]]]}},{"type":"Feature","properties":{"id":"F15573Y","nom":"Forêt communale de Saint-Michel D'Euzet","dep":"30","dom":false,"essence":"mixte","substrat":"calcaire","elev":195,"slopeDeg":4,"aspect":185},"geometry":{"type":"MultiPolygon","coordinates":[[[[4.5702,44.2161],[4.5651,44.2164],[4.5728,44.2177],[4.5831,44.2151],[4.5825,44.2129],[4.5702,44.2161]]],[[[4.5632,44.2128],[4.5624,44.2111],[4.5635,44.2075],[4.5608,44.208],[4.5608,44.2066],[4.5586,44.206],[4.5609,44.211],[4.5632,44.2128]]],[[[4.5452,44.2132],[4.5463,44.2126],[4.5424,44.2079],[4.5433,44.2092],[4.5413,44.2099],[4.5418,44.2116],[4.5425,44.2105],[4.5433,44.2127],[4.544,44.2117],[4.5452,44.2132]]],[[[4.5485,44.22],[4.5473,44.2161],[4.5485,44.2154],[4.5446,44.2165],[4.5485,44.22]]]]}},{"type":"Feature","properties":{"id":"F15583I","nom":"Forêt de La Borie Du Pont","dep":"30","dom":false,"essence":"autre","substrat":"acide","elev":1215,"slopeDeg":11.7,"aspect":186},"geometry":{"type":"Polygon","coordinates":[[[3.5193,44.0772],[3.5158,44.0775],[3.5152,44.0757],[3.5144,44.0767],[3.5117,44.0758],[3.5125,44.0877],[3.516,44.0872],[3.5195,44.0804],[3.5193,44.0772]]]}},{"type":"Feature","properties":{"id":"F15584J","nom":"Forêt domaniale du Rouvergue","dep":"30","dom":true,"essence":"conifere","substrat":"calcaire","elev":364,"slopeDeg":6.6,"aspect":194},"geometry":{"type":"MultiPolygon","coordinates":[[[[4.0095,44.2466],[4.0131,44.2489],[4.0167,44.2486],[4.0184,44.2504],[4.0193,44.2559],[4.0152,44.2587],[4.0146,44.2608],[4.0197,44.2637],[4.0264,44.2622],[4.0292,44.2654],[4.0338,44.2608],[4.0397,44.259],[4.0402,44.256],[4.0411,44.2582],[4.0428,44.259],[4.044,44.2573],[4.0452,44.2592],[4.0462,44.2528],[4.0445,44.2543],[4.044,44.2525],[4.048,44.25],[4.0459,44.2486],[4.0469,44.2459],[4.0494,44.2456],[4.048,44.245],[4.0494,44.2434],[4.048,44.2432],[4.0557,44.2396],[4.0545,44.2341],[4.0556,44.2357],[4.0564,44.2323],[4.0551,44.229],[4.0575,44.2295],[4.0586,44.225],[4.0603,44.2236],[4.0555,44.2208],[4.0576,44.2207],[4.0566,44.2192],[4.0588,44.2195],[4.06,44.2148],[4.0559,44.2146],[4.0608,44.213],[4.0635,44.2146],[4.0643,44.218],[4.0691,44.221],[4.0722,44.2199],[4.0723,44.2174],[4.0761,44.2166],[4.0735,44.215],[4.0768,44.2137],[4.0831,44.2193],[4.0833,44.2223],[4.0843,44.2218],[4.0826,44.2238],[4.0785,44.2224],[4.0755,44.224],[4.0781,44.2215],[4.0755,44.2206],[4.074,44.2233],[4.0694,44.2218],[4.0687,44.2255],[4.0729,44.2248],[4.0749,44.226],[4.0736,44.2284],[4.0773,44.2338],[4.0736,44.2337],[4.0721,44.2357],[4.0678,44.2334],[4.0633,44.238],[4.0605,44.2377],[4.0615,44.2392],[4.0634,44.2381],[4.0644,44.2397],[4.0698,44.2408],[4.0715,44.2421],[4.0698,44.2435],[4.0706,44.2445],[4.0797,44.2392],[4.0816,44.2412],[4.0842,44.2404],[4.0861,44.2432],[4.0878,44.2428],[4.0841,44.2389],[4.0885,44.24],[4.0872,44.2389],[4.0889,44.2366],[4.0868,44.2359],[4.0896,44.2355],[4.0921,44.239],[4.089,44.2396],[4.0942,44.2403],[4.0919,44.2415],[4.0936,44.2459],[4.0964,44.2458],[4.0946,44.2444],[4.0975,44.2451],[4.095,44.2429],[4.0933,44.2435],[4.0922,44.2414],[4.0942,44.2411],[4.0943,44.2387],[4.0958,44.2382],[4.0948,44.2354],[4.0916,44.2347],[4.0957,44.2337],[4.0954,44.2325],[4.0892,44.2309],[4.0882,44.2323],[4.0879,44.2305],[4.0896,44.2287],[4.088,44.229],[4.0878,44.2259],[4.0845,44.2257],[4.0847,44.2239],[4.0879,44.2242],[4.087,44.2235],[4.0879,44.2213],[4.0919,44.2195],[4.0881,44.2208],[4.0877,44.2184],[4.0901,44.2159],[4.0882,44.2154],[4.0887,44.214],[4.0878,44.216],[4.0874,44.2148],[4.0853,44.2153],[4.0859,44.2175],[4.0848,44.2181],[4.0841,44.2127],[4.082,44.2095],[4.083,44.2061],[4.0797,44.2077],[4.075,44.2061],[4.074,44.207],[4.0766,44.2082],[4.0726,44.2098],[4.0706,44.2088],[4.0701,44.2067],[4.0682,44.207],[4.0634,44.2119],[4.0636,44.2108],[4.0592,44.2105],[4.0594,44.2092],[4.0579,44.209],[4.0639,44.2088],[4.0644,44.2041],[4.066,44.2033],[4.0677,44.2045],[4.0666,44.2035],[4.0674,44.2026],[4.0707,44.2033],[4.0721,44.2006],[4.0711,44.1984],[4.0691,44.199],[4.0683,44.1979],[4.0656,44.1997],[4.0621,44.199],[4.0638,44.1982],[4.0629,44.1969],[4.0664,44.196],[4.065,44.1951],[4.0657,44.196],[4.0601,44.1955],[4.0579,44.1979],[4.0581,44.1964],[4.0555,44.1969],[4.062,44.1918],[4.064,44.1925],[4.0635,44.1937],[4.0659,44.1927],[4.0654,44.1914],[4.0673,44.192],[4.069,44.1907],[4.066,44.1892],[4.0676,44.1885],[4.067,44.1864],[4.0658,44.1876],[4.0666,44.1859],[4.0607,44.1852],[4.0613,44.1838],[4.0597,44.1849],[4.06,44.187],[4.0639,44.1874],[4.0659,44.189],[4.0628,44.188],[4.0637,44.1888],[4.0624,44.1893],[4.067,44.1905],[4.0616,44.1913],[4.0624,44.1898],[4.0601,44.189],[4.0611,44.191],[4.0572,44.1926],[4.0543,44.1927],[4.0554,44.1915],[4.0539,44.1904],[4.0528,44.1913],[4.0537,44.1923],[4.0516,44.1921],[4.0545,44.1978],[4.0573,44.1987],[4.0549,44.1989],[4.0529,44.2019],[4.0523,44.2074],[4.0507,44.2023],[4.0475,44.2039],[4.0409,44.204],[4.0413,44.2062],[4.0479,44.2092],[4.0449,44.2088],[4.0419,44.2116],[4.0409,44.2107],[4.0374,44.2119],[4.0422,44.2154],[4.0399,44.216],[4.0422,44.2158],[4.0407,44.2175],[4.0378,44.2136],[4.0348,44.215],[4.0372,44.2165],[4.036,44.217],[4.033,44.2145],[4.0369,44.2207],[4.0421,44.2214],[4.0406,44.224],[4.0374,44.222],[4.04,44.2242],[4.0396,44.2271],[4.0413,44.2293],[4.0335,44.2258],[4.0377,44.2234],[4.0363,44.2237],[4.0335,44.2212],[4.0308,44.216],[4.0274,44.2195],[4.0244,44.2191],[4.0264,44.2167],[4.0255,44.2145],[4.0228,44.214],[4.0193,44.2191],[4.0209,44.22],[4.0188,44.2238],[4.013,44.2259],[4.0157,44.2258],[4.0131,44.2273],[4.0168,44.2295],[4.0156,44.2316],[4.0129,44.2308],[4.0091,44.2332],[4.0145,44.238],[4.0126,44.2395],[4.0115,44.2466],[4.0095,44.2466]]],[[[4.0896,44.26],[4.0914,44.2566],[4.0889,44.2548],[4.0924,44.2557],[4.0932,44.2569],[4.0915,44.2567],[4.0955,44.2586],[4.0921,44.2582],[4.0956,44.2591],[4.0977,44.2565],[4.0921,44.2529],[4.0925,44.2507],[4.0887,44.2528],[4.0877,44.2553],[4.0847,44.2556],[4.0868,44.2578],[4.0894,44.2576],[4.0866,44.2597],[4.0873,44.2587],[4.0852,44.2601],[4.0828,44.2587],[4.0821,44.2607],[4.078,44.2576],[4.0745,44.2625],[4.069,44.2625],[4.0698,44.2649],[4.0731,44.2667],[4.0724,44.2697],[4.0682,44.2663],[4.0657,44.2677],[4.0684,44.2656],[4.0663,44.2658],[4.0662,44.2627],[4.0701,44.2607],[4.066,44.2585],[4.0645,44.2591],[4.0635,44.2618],[4.0662,44.2627],[4.0642,44.263],[4.0646,44.265],[4.0623,44.2696],[4.0659,44.27],[4.0618,44.2707],[4.0638,44.2708],[4.0631,44.2721],[4.0647,44.2731],[4.0629,44.2738],[4.0633,44.2748],[4.0584,44.2751],[4.0564,44.2773],[4.0588,44.2794],[4.0609,44.2789],[4.0624,44.2779],[4.0615,44.2752],[4.0655,44.2752],[4.0667,44.2739],[4.0721,44.2745],[4.0737,44.2767],[4.0751,44.2746],[4.0777,44.2758],[4.0759,44.2761],[4.0766,44.2776],[4.081,44.2782],[4.0819,44.2765],[4.0843,44.2779],[4.086,44.2761],[4.0877,44.2783],[4.0892,44.2771],[4.0906,44.2785],[4.0946,44.2758],[4.0913,44.2798],[4.0889,44.2788],[4.0931,44.2803],[4.0951,44.2788],[4.0958,44.2811],[4.1018,44.2789],[4.1038,44.2798],[4.1042,44.2768],[4.1068,44.2757],[4.1067,44.277],[4.1105,44.2748],[4.1102,44.2718],[4.1074,44.274],[4.103,44.2707],[4.1013,44.2727],[4.0974,44.2731],[4.1026,44.2702],[4.1007,44.2661],[4.1071,44.2656],[4.1059,44.2685],[4.1082,44.2694],[4.1138,44.2652],[4.1168,44.2653],[4.1121,44.262],[4.111,44.2645],[4.102,44.2657],[4.1011,44.265],[4.1054,44.2643],[4.1004,44.2644],[4.0976,44.2625],[4.1071,44.2612],[4.1055,44.2585],[4.0948,44.2617],[4.0896,44.26]]],[[[4.0288,44.2897],[4.0304,44.2902],[4.0308,44.2879],[4.0342,44.2863],[4.0276,44.2844],[4.0245,44.2845],[4.0232,44.286],[4.0199,44.2852],[4.0246,44.2829],[4.0221,44.2802],[4.0235,44.2786],[4.0252,44.2788],[4.025,44.2766],[4.0304,44.2774],[4.0291,44.2767],[4.0327,44.2756],[4.0351,44.2714],[4.0245,44.2694],[4.0202,44.2729],[4.0179,44.2717],[4.0198,44.2737],[4.0173,44.2724],[4.0149,44.2739],[4.0095,44.2733],[4.0022,44.2754],[4.0029,44.2785],[4.0038,44.2766],[4.0084,44.2771],[4.0036,44.281],[4.0016,44.279],[4.0012,44.2804],[3.9992,44.2801],[4.0012,44.2821],[4.0015,44.2848],[3.9975,44.2875],[3.9961,44.2868],[3.9945,44.2919],[3.9982,44.2966],[4.0035,44.2972],[4.0029,44.3001],[3.9999,44.3016],[3.9999,44.3027],[4.0027,44.3021],[4.0009,44.3048],[4.0018,44.3057],[4.0058,44.3046],[4.0056,44.3033],[4.0047,44.304],[4.0053,44.3022],[4.0027,44.3021],[4.0054,44.3014],[4.0036,44.3006],[4.0037,44.2983],[4.0061,44.299],[4.0063,44.3008],[4.0117,44.2997],[4.0143,44.3008],[4.0138,44.2999],[4.0162,44.2981],[4.0181,44.3002],[4.0203,44.2974],[4.0201,44.2959],[4.0231,44.2941],[4.023,44.2922],[4.0256,44.291],[4.0165,44.2969],[4.0187,44.295],[4.0161,44.2949],[4.0171,44.2939],[4.0186,44.2948],[4.0225,44.2899],[4.0215,44.2892],[4.0257,44.2869],[4.027,44.2918],[4.0288,44.2897]]],[[[4.1353,44.2519],[4.1341,44.2531],[4.1352,44.2553],[4.1407,44.2539],[4.143,44.2546],[4.1434,44.2557],[4.1423,44.2558],[4.1435,44.257],[4.1425,44.2563],[4.1408,44.2579],[4.1387,44.2599],[4.1395,44.2609],[4.1433,44.2633],[4.1443,44.2618],[4.1464,44.2624],[4.1503,44.265],[4.1507,44.2628],[4.149,44.2606],[4.1522,44.2604],[4.1509,44.2594],[4.1543,44.2607],[4.1553,44.2598],[4.1483,44.2582],[4.147,44.2545],[4.1437,44.2557],[4.147,44.2541],[4.1472,44.2526],[4.1492,44.2549],[4.1481,44.2554],[4.1531,44.2571],[4.1511,44.2542],[4.1522,44.2534],[4.1489,44.2509],[4.1499,44.2504],[4.1558,44.2576],[4.1577,44.2562],[4.1604,44.258],[4.1621,44.2569],[4.1615,44.255],[4.1636,44.2537],[4.1618,44.2507],[4.1609,44.253],[4.1594,44.2526],[4.1619,44.2473],[4.1568,44.2448],[4.1562,44.2469],[4.1548,44.2438],[4.158,44.2433],[4.1536,44.2415],[4.1523,44.2391],[4.1554,44.2379],[4.1565,44.2398],[4.1533,44.24],[4.1594,44.2421],[4.1578,44.2401],[4.1616,44.2405],[4.1646,44.2382],[4.1627,44.239],[4.1629,44.2373],[4.1561,44.2376],[4.1564,44.2348],[4.1531,44.2343],[4.1552,44.2334],[4.1496,44.2314],[4.1445,44.2329],[4.1465,44.2348],[4.1439,44.2342],[4.1456,44.2357],[4.1448,44.2365],[4.1435,44.2373],[4.1417,44.2347],[4.1409,44.2353],[4.1426,44.2369],[4.14,44.2365],[4.1438,44.2389],[4.1416,44.2422],[4.1436,44.2436],[4.1398,44.2436],[4.1396,44.2416],[4.141,44.2414],[4.1405,44.2431],[4.1412,44.2413],[4.1402,44.2403],[4.1421,44.2396],[4.1398,44.2368],[4.1398,44.2383],[4.1374,44.2388],[4.1341,44.2442],[4.135,44.2457],[4.1303,44.2461],[4.1292,44.248],[4.133,44.2464],[4.133,44.2496],[4.1343,44.2482],[4.1352,44.2515],[4.1372,44.251],[4.1353,44.2519]]],[[[4.0578,44.1206],[4.0535,44.1205],[4.0477,44.123],[4.0494,44.125],[4.0465,44.1245],[4.0458,44.1264],[4.0429,44.1257],[4.0424,44.1281],[4.0362,44.1299],[4.0335,44.1288],[4.0338,44.1311],[4.0322,44.1293],[4.0337,44.1312],[4.029,44.1345],[4.0363,44.1355],[4.0395,44.1385],[4.0438,44.1386],[4.0428,44.1417],[4.0437,44.1426],[4.0503,44.1433],[4.0502,44.1393],[4.0521,44.1373],[4.0519,44.1355],[4.0539,44.1353],[4.0534,44.1337],[4.0511,44.133],[4.0565,44.1313],[4.053,44.13],[4.0537,44.129],[4.0555,44.1298],[4.055,44.1288],[4.0585,44.1287],[4.0579,44.1267],[4.0594,44.1274],[4.0636,44.1253],[4.0609,44.124],[4.0605,44.126],[4.0585,44.1239],[4.0572,44.1255],[4.0577,44.1246],[4.0559,44.1241],[4.0565,44.1215],[4.0593,44.1217],[4.0578,44.1206]]],[[[4.1172,44.2264],[4.1165,44.2241],[4.1152,44.2252],[4.1164,44.2249],[4.1171,44.2267],[4.1153,44.2267],[4.115,44.228],[4.1132,44.2269],[4.1135,44.2289],[4.1089,44.2299],[4.1149,44.232],[4.1085,44.2306],[4.1136,44.2338],[4.1211,44.2297],[4.123,44.2311],[4.1176,44.2338],[4.1256,44.236],[4.1265,44.2357],[4.1255,44.234],[4.1285,44.2338],[4.1284,44.2319],[4.1307,44.2346],[4.1343,44.2343],[4.1484,44.2268],[4.1448,44.2244],[4.1381,44.2248],[4.1355,44.223],[4.1334,44.2249],[4.1328,44.2238],[4.1302,44.2251],[4.1296,44.2224],[4.128,44.2233],[4.1298,44.2274],[4.1273,44.2295],[4.1242,44.2269],[4.1214,44.2295],[4.1194,44.2295],[4.1184,44.2264],[4.1172,44.2264]]],[[[4.0299,44.2664],[4.0318,44.2682],[4.0379,44.2697],[4.0365,44.2708],[4.0387,44.2713],[4.039,44.2735],[4.0431,44.2741],[4.0413,44.2759],[4.0441,44.2783],[4.0433,44.2801],[4.0469,44.279],[4.0501,44.2707],[4.0495,44.2718],[4.0417,44.2715],[4.0503,44.2695],[4.0527,44.2654],[4.0455,44.2637],[4.0453,44.2604],[4.0406,44.2603],[4.036,44.2616],[4.0299,44.2664]]],[[[3.9464,44.2403],[3.9455,44.2407],[3.9482,44.2447],[3.9505,44.2453],[3.954,44.2416],[3.9571,44.2436],[3.9562,44.2471],[3.9629,44.2465],[3.9643,44.2488],[3.9669,44.2468],[3.9674,44.2434],[3.9682,44.2452],[3.9713,44.2417],[3.9706,44.2392],[3.9669,44.2384],[3.9617,44.2396],[3.9549,44.2387],[3.9532,44.2372],[3.9537,44.2359],[3.951,44.2362],[3.9512,44.2409],[3.948,44.2385],[3.9487,44.2404],[3.9464,44.2403]]],[[[4.0011,44.2254],[4.0023,44.2266],[3.992,44.2253],[3.9947,44.2289],[3.9974,44.2276],[4.0011,44.2303],[4.0031,44.227],[4.0057,44.2301],[4.0082,44.2265],[4.0084,44.2228],[4.0103,44.2227],[4.01,44.2253],[4.0125,44.2251],[4.013,44.2224],[4.0106,44.2218],[4.0132,44.2196],[4.011,44.2156],[4.0119,44.2188],[4.0086,44.2199],[4.0096,44.2206],[4.0085,44.2226],[4.0067,44.2219],[4.0042,44.2245],[4.0027,44.2217],[3.9994,44.2219],[3.9989,44.2239],[4.0011,44.2254]]],[[[4.1682,44.2696],[4.1797,44.2698],[4.1782,44.2684],[4.1794,44.2652],[4.1763,44.2653],[4.1787,44.2626],[4.1769,44.2608],[4.1727,44.2623],[4.1657,44.2675],[4.1682,44.2696]]],[[[4.0742,44.1429],[4.074,44.1388],[4.0688,44.135],[4.0672,44.132],[4.0669,44.136],[4.0641,44.1372],[4.0642,44.1394],[4.0612,44.1393],[4.0615,44.1404],[4.0627,44.1396],[4.0653,44.1411],[4.0689,44.1393],[4.0662,44.1432],[4.0699,44.1448],[4.0726,44.1449],[4.0742,44.1429]]],[[[4.0812,44.1582],[4.0812,44.1559],[4.075,44.1467],[4.0713,44.1488],[4.0761,44.1595],[4.079,44.1608],[4.0785,44.1595],[4.0794,44.1603],[4.0812,44.1582]]],[[[4.0318,44.2912],[4.0253,44.2944],[4.0308,44.294],[4.0326,44.2965],[4.0324,44.2949],[4.035,44.2948],[4.0347,44.297],[4.0374,44.2996],[4.0402,44.2954],[4.044,44.2974],[4.0422,44.2941],[4.0389,44.2934],[4.039,44.2919],[4.036,44.2931],[4.0318,44.2912]]],[[[4.1328,44.2419],[4.1333,44.2363],[4.1315,44.2361],[4.1275,44.2387],[4.1219,44.2373],[4.1248,44.2406],[4.122,44.2412],[4.1256,44.2418],[4.1257,44.244],[4.1262,44.2428],[4.1328,44.2419]]],[[[3.9745,44.2334],[3.9736,44.2372],[3.9765,44.2369],[3.9775,44.2388],[3.9812,44.2373],[3.9816,44.2347],[3.9842,44.2334],[3.9819,44.2331],[3.9846,44.2328],[3.9795,44.23],[3.9785,44.2315],[3.9743,44.2328],[3.9815,44.2333],[3.9816,44.2343],[3.9745,44.2334]]],[[[3.9532,44.2215],[3.9525,44.2221],[3.9568,44.2233],[3.9574,44.2216],[3.9603,44.222],[3.9574,44.2202],[3.9579,44.2194],[3.9598,44.2203],[3.9607,44.2189],[3.9546,44.2178],[3.9566,44.2156],[3.9555,44.2146],[3.951,44.2169],[3.9519,44.2208],[3.9544,44.2187],[3.9531,44.22],[3.9544,44.2196],[3.9568,44.2219],[3.9532,44.2215]]],[[[4.081,44.2432],[4.0799,44.2423],[4.0769,44.249],[4.0845,44.2528],[4.0831,44.2481],[4.0816,44.2506],[4.0807,44.2501],[4.0832,44.2469],[4.081,44.2432]]],[[[4.1268,44.249],[4.1233,44.2496],[4.1237,44.2511],[4.1222,44.2517],[4.1231,44.2553],[4.1293,44.2536],[4.1297,44.251],[4.1268,44.249]]],[[[4.0119,44.2147],[4.015,44.2154],[4.021,44.2127],[4.0188,44.2129],[4.02,44.2108],[4.016,44.2098],[4.0126,44.2123],[4.0119,44.2147]]],[[[4.0552,44.2424],[4.0555,44.2442],[4.052,44.2446],[4.0534,44.2459],[4.0496,44.2486],[4.0503,44.2497],[4.0569,44.2477],[4.0542,44.2463],[4.0575,44.2459],[4.0585,44.2426],[4.0552,44.2424]]],[[[4.0996,44.2233],[4.1019,44.2224],[4.0968,44.2226],[4.0958,44.2265],[4.0973,44.2228],[4.0999,44.2258],[4.1025,44.2247],[4.0996,44.2236],[4.1034,44.2244],[4.1041,44.2275],[4.1068,44.2267],[4.1073,44.2241],[4.0996,44.2233]]],[[[3.9989,44.2602],[3.999,44.2576],[3.9933,44.2564],[3.9936,44.2601],[3.9989,44.2602]]],[[[3.982,44.2084],[3.9834,44.2048],[3.9797,44.2053],[3.9772,44.2076],[3.982,44.2084]]],[[[4.0724,44.1944],[4.0689,44.194],[4.0688,44.1956],[4.0658,44.1943],[4.0674,44.1961],[4.0649,44.1971],[4.0676,44.1977],[4.0707,44.1954],[4.0727,44.1962],[4.0724,44.1944]]],[[[4.0932,44.2853],[4.0956,44.285],[4.0945,44.283],[4.0914,44.2834],[4.0924,44.2812],[4.0909,44.2819],[4.089,44.2797],[4.0862,44.2805],[4.0907,44.2819],[4.0887,44.2823],[4.0912,44.2829],[4.09,44.2838],[4.0932,44.2853]]],[[[4.0965,44.1538],[4.0926,44.1546],[4.0938,44.1573],[4.0979,44.1557],[4.0965,44.1538]]],[[[4.1142,44.2521],[4.1129,44.2528],[4.1153,44.2551],[4.1175,44.2513],[4.1116,44.2513],[4.1142,44.2521]]],[[[4.0907,44.2162],[4.0903,44.2179],[4.0949,44.216],[4.0962,44.2169],[4.0956,44.2156],[4.0974,44.2146],[4.0909,44.2145],[4.0899,44.2149],[4.0907,44.2162]]],[[[4.0417,44.1944],[4.0391,44.1931],[4.0435,44.1923],[4.0383,44.1914],[4.0389,44.1928],[4.0374,44.1945],[4.0418,44.195],[4.0387,44.1934],[4.0417,44.1944]]],[[[4.0975,44.2311],[4.1008,44.2323],[4.1021,44.2314],[4.1074,44.2371],[4.1008,44.2291],[4.0991,44.2314],[4.0975,44.2311]]],[[[4.0386,44.1996],[4.0412,44.1993],[4.0415,44.1966],[4.0364,44.1961],[4.0386,44.1996]]],[[[4.0636,44.2453],[4.0577,44.2465],[4.0606,44.2482],[4.0641,44.2469],[4.0636,44.2453]]],[[[4.1317,44.2678],[4.1341,44.2689],[4.1351,44.2676],[4.1324,44.265],[4.1306,44.2657],[4.1321,44.2667],[4.1317,44.2678]]],[[[4.0636,44.1498],[4.0626,44.1502],[4.0673,44.1493],[4.0633,44.1479],[4.0636,44.1498]]],[[[4.0326,44.2071],[4.0261,44.2046],[4.0267,44.2068],[4.0326,44.2071]]],[[[4.101,44.2354],[4.099,44.2353],[4.1019,44.2395],[4.1026,44.2385],[4.101,44.2354]]],[[[4.0887,44.2451],[4.0813,44.2429],[4.0842,44.2455],[4.0851,44.2444],[4.0874,44.2461],[4.0887,44.2451]]],[[[4.094,44.2201],[4.0963,44.22],[4.093,44.2195],[4.0928,44.2245],[4.0954,44.2211],[4.0934,44.2228],[4.094,44.2201]]],[[[4.1214,44.2562],[4.1239,44.2594],[4.1247,44.2582],[4.1233,44.2561],[4.1224,44.2551],[4.1214,44.2562]]],[[[4.045,44.1984],[4.0439,44.1967],[4.0419,44.1993],[4.0456,44.1996],[4.045,44.1984]]],[[[4.1346,44.2979],[4.1315,44.2978],[4.1306,44.2996],[4.1367,44.2987],[4.1346,44.2979]]],[[[4.0917,44.245],[4.091,44.2436],[4.0895,44.244],[4.0916,44.245],[4.0904,44.2459],[4.0915,44.2475],[4.0928,44.2463],[4.0917,44.245]]],[[[4.112,44.2723],[4.1106,44.2712],[4.1136,44.2713],[4.1128,44.2702],[4.1097,44.2699],[4.112,44.2723]]],[[[4.067,44.1275],[4.0682,44.1269],[4.0663,44.1274],[4.0663,44.1293],[4.0692,44.1286],[4.067,44.1275]]],[[[4.1202,44.2973],[4.1182,44.2989],[4.1204,44.2993],[4.1219,44.2974],[4.1202,44.2973]]],[[[4.0981,44.2363],[4.0962,44.2361],[4.0965,44.2381],[4.0987,44.2375],[4.0981,44.2363]]],[[[4.0555,44.1868],[4.0567,44.1873],[4.0573,44.1851],[4.0549,44.1856],[4.0555,44.1868]]],[[[3.9858,44.3004],[3.9863,44.302],[3.9882,44.2999],[3.9927,44.3],[3.9899,44.2992],[3.9858,44.3004]]]]}},{"type":"Feature","properties":{"id":"F15585K","nom":"Forêt communale d'Estézargues","dep":"30","dom":false,"essence":"autre","substrat":"calcaire","elev":142,"slopeDeg":0.8,"aspect":239},"geometry":{"type":"MultiPolygon","coordinates":[[[[4.6308,43.9601],[4.6268,43.9569],[4.631,43.9853],[4.6336,43.9903],[4.6376,43.9905],[4.6409,43.9886],[4.6455,43.97],[4.6486,43.9719],[4.6403,43.9661],[4.6364,43.9662],[4.6361,43.9634],[4.6308,43.9601]]],[[[4.6304,43.9487],[4.6253,43.9469],[4.6265,43.9558],[4.6345,43.9616],[4.6387,43.9623],[4.6386,43.9643],[4.6487,43.9715],[4.6458,43.9691],[4.6462,43.9581],[4.6394,43.957],[4.6383,43.954],[4.631,43.9536],[4.6304,43.9487]]]]}},{"type":"Feature","properties":{"id":"F15586L","nom":"Forêt communale de Saint-Laurent-La-Vernède","dep":"30","dom":false,"essence":"feuillu","substrat":"calcaire","elev":217,"slopeDeg":0.9,"aspect":146},"geometry":{"type":"MultiPolygon","coordinates":[[[[4.4765,44.1287],[4.4753,44.1277],[4.4851,44.124],[4.4846,44.1158],[4.4822,44.1168],[4.4541,44.1173],[4.4604,44.1176],[4.4491,44.1189],[4.4482,44.1248],[4.445,44.1258],[4.4443,44.128],[4.4476,44.1343],[4.4507,44.1325],[4.4508,44.1303],[4.4765,44.1287]]],[[[4.4365,44.0796],[4.4349,44.0807],[4.4346,44.0853],[4.4427,44.0849],[4.4453,44.09],[4.4477,44.0871],[4.4506,44.087],[4.4479,44.0879],[4.4476,44.0901],[4.4459,44.0909],[4.4472,44.0939],[4.4541,44.0925],[4.4522,44.0882],[4.4546,44.0898],[4.4548,44.0921],[4.4577,44.0919],[4.4565,44.0886],[4.4492,44.0811],[4.4498,44.0784],[4.4386,44.0777],[4.4381,44.0767],[4.4365,44.0796]]],[[[4.4729,44.114],[4.4787,44.1125],[4.4772,44.111],[4.4718,44.1112],[4.4729,44.114]]]]}},{"type":"Feature","properties":{"id":"F15587M","nom":"Forêt communale de Gaujac","dep":"30","dom":false,"essence":"feuillu","substrat":"calcaire","elev":130,"slopeDeg":4,"aspect":358},"geometry":{"type":"Polygon","coordinates":[[[4.5621,44.0825],[4.5631,44.0826],[4.5624,44.0806],[4.5666,44.0792],[4.5669,44.0774],[4.5653,44.0749],[4.5636,44.0749],[4.5638,44.0735],[4.5659,44.0731],[4.5633,44.0712],[4.5627,44.0687],[4.5645,44.0718],[4.5697,44.074],[4.5893,44.0714],[4.5921,44.069],[4.5854,44.0611],[4.5817,44.062],[4.5821,44.0632],[4.5788,44.0626],[4.5781,44.0643],[4.572,44.0572],[4.5709,44.058],[4.5715,44.0599],[4.5691,44.0589],[4.5682,44.0631],[4.5665,44.0587],[4.5553,44.0616],[4.5523,44.0647],[4.555,44.0689],[4.5547,44.0709],[4.553,44.0714],[4.5537,44.0737],[4.5505,44.0746],[4.5489,44.0773],[4.5512,44.0788],[4.5574,44.0791],[4.5561,44.0815],[4.5525,44.0826],[4.5564,44.0815],[4.5583,44.0834],[4.5563,44.0832],[4.5575,44.0877],[4.5548,44.0918],[4.5551,44.0937],[4.5607,44.093],[4.5627,44.0909],[4.5649,44.0862],[4.563,44.0849],[4.5626,44.0838],[4.5638,44.0837],[4.5614,44.0841],[4.5621,44.0825]]]}},{"type":"Feature","properties":{"id":"F15588N","nom":"Forêt communale de Carnas","dep":"30","dom":false,"essence":"feuillu","substrat":"calcaire","elev":134,"slopeDeg":4.2,"aspect":322},"geometry":{"type":"Polygon","coordinates":[[[4.0103,43.8207],[4.0056,43.8154],[3.9827,43.8042],[3.9809,43.8093],[3.9721,43.8111],[3.9758,43.8147],[3.9787,43.8146],[3.9785,43.8121],[3.9811,43.8123],[3.9818,43.811],[3.9897,43.8135],[3.9933,43.8121],[3.9939,43.8151],[4.004,43.8185],[4.0032,43.82],[4.0017,43.8195],[4.0031,43.8205],[4.0009,43.8196],[4.0002,43.8207],[4.0031,43.8213],[4.0025,43.8259],[4.0046,43.8283],[4.013,43.8275],[4.0135,43.8261],[4.0163,43.8274],[4.0095,43.8236],[4.0089,43.8223],[4.0103,43.8207]]]}},{"type":"Feature","properties":{"id":"F15574Z","nom":"Forêt communale de Carsan","dep":"30","dom":false,"essence":"feuillu","substrat":"calcaire","elev":204,"slopeDeg":2.6,"aspect":190},"geometry":{"type":"MultiPolygon","coordinates":[[[[4.5964,44.2204],[4.5963,44.2219],[4.5946,44.2217],[4.5939,44.2252],[4.5985,44.2241],[4.6009,44.2217],[4.5964,44.2204]]],[[[4.5896,44.2239],[4.591,44.2233],[4.5891,44.217],[4.5872,44.2178],[4.5872,44.2201],[4.589,44.2213],[4.5884,44.2239],[4.5896,44.2239]]],[[[4.6058,44.2254],[4.6061,44.2233],[4.6015,44.225],[4.6015,44.2267],[4.6051,44.2278],[4.6058,44.2254]]],[[[4.5922,44.2126],[4.588,44.2129],[4.5877,44.2154],[4.5917,44.2163],[4.5922,44.2126]]],[[[4.5718,44.2211],[4.5669,44.2207],[4.5684,44.2221],[4.5718,44.2211]]],[[[4.5833,44.2151],[4.5848,44.215],[4.5848,44.2127],[4.5823,44.2129],[4.5833,44.2151]]]]}},{"type":"Feature","properties":{"id":"F15575A","nom":"Forêt communale de Saint-Marcel-De-Careiret","dep":"30","dom":false,"essence":"feuillu","substrat":"calcaire","elev":218,"slopeDeg":2.7,"aspect":92},"geometry":{"type":"MultiPolygon","coordinates":[[[[4.473,44.129],[4.4726,44.1302],[4.4718,44.1292],[4.4594,44.1294],[4.4571,44.1304],[4.4573,44.1326],[4.4622,44.1352],[4.4708,44.1353],[4.4871,44.1318],[4.4971,44.1276],[4.4946,44.1258],[4.4893,44.126],[4.4829,44.1298],[4.473,44.129]]],[[[4.4652,44.1436],[4.4612,44.1422],[4.4612,44.1404],[4.4581,44.1437],[4.4621,44.1477],[4.4602,44.1487],[4.4609,44.1499],[4.4678,44.1574],[4.4759,44.1523],[4.4749,44.1504],[4.4658,44.1461],[4.4652,44.1436]]]]}},{"type":"Feature","properties":{"id":"F15576B","nom":"Forêt communale de Saint-Victor-La-Coste","dep":"30","dom":false,"essence":"feuillu","substrat":"calcaire","elev":229,"slopeDeg":2.1,"aspect":24},"geometry":{"type":"Polygon","coordinates":[[[4.6263,44.0254],[4.6287,44.0272],[4.632,44.0259],[4.6322,44.028],[4.6367,44.0296],[4.6381,44.0257],[4.6392,44.0258],[4.6388,44.0305],[4.6404,44.0318],[4.6376,44.0319],[4.6407,44.033],[4.6373,44.0328],[4.6384,44.0357],[4.6363,44.0369],[4.6337,44.0339],[4.6349,44.0302],[4.6326,44.0311],[4.6317,44.0289],[4.6276,44.0283],[4.6264,44.0305],[4.6276,44.0304],[4.6257,44.0313],[4.6262,44.0291],[4.6223,44.029],[4.6244,44.0275],[4.6208,44.0283],[4.6158,44.0332],[4.6111,44.034],[4.6076,44.0427],[4.6084,44.0462],[4.6112,44.0467],[4.6156,44.0584],[4.6165,44.0647],[4.6191,44.0655],[4.6197,44.0636],[4.624,44.0617],[4.6339,44.0606],[4.6366,44.0586],[4.6385,44.0597],[4.6413,44.0586],[4.6432,44.0593],[4.6455,44.0576],[4.6747,44.0559],[4.6735,44.0524],[4.6672,44.0525],[4.6649,44.0502],[4.6678,44.0432],[4.6652,44.043],[4.6584,44.0379],[4.6574,44.0348],[4.6512,44.0361],[4.6453,44.0336],[4.6409,44.0335],[4.6431,44.0326],[4.6438,44.0208],[4.6346,44.0177],[4.6301,44.0176],[4.629,44.022],[4.6263,44.0254]]]}},{"type":"Feature","properties":{"id":"F15594T","nom":"Forêt communale de Vissec","dep":"30","dom":false,"essence":"autre","substrat":"calcaire","elev":708,"slopeDeg":7,"aspect":212},"geometry":{"type":"Polygon","coordinates":[[[3.4468,43.9095],[3.4437,43.9068],[3.4434,43.9028],[3.4417,43.9026],[3.4321,43.909],[3.4316,43.9113],[3.4256,43.9125],[3.4287,43.9163],[3.4295,43.9127],[3.4317,43.9147],[3.4428,43.913],[3.4468,43.9144],[3.4479,43.9116],[3.4468,43.9095]]]}},{"type":"Feature","properties":{"id":"F15595U","nom":"Forêt domaniale de l'Homol","dep":"30","dom":true,"essence":"conifere","substrat":"acide","elev":298,"slopeDeg":1.8,"aspect":219},"geometry":{"type":"MultiPolygon","coordinates":[[[[3.9435,44.3126],[3.9362,44.3138],[3.9345,44.3128],[3.9377,44.3113],[3.9318,44.3109],[3.9373,44.309],[3.9305,44.3078],[3.9331,44.3069],[3.9331,44.3085],[3.9392,44.3055],[3.9421,44.3055],[3.943,44.3043],[3.9398,44.3021],[3.9432,44.3029],[3.9406,44.2988],[3.9334,44.2972],[3.9291,44.2984],[3.9269,44.3001],[3.9303,44.3015],[3.9297,44.3038],[3.9269,44.305],[3.9241,44.3038],[3.9269,44.3064],[3.9304,44.305],[3.9262,44.3071],[3.9315,44.3107],[3.9295,44.3126],[3.9329,44.3155],[3.9318,44.3205],[3.9347,44.3214],[3.934,44.3232],[3.9362,44.324],[3.9369,44.3276],[3.9398,44.3265],[3.9405,44.3247],[3.9461,44.3281],[3.9496,44.3279],[3.9478,44.3274],[3.9452,44.3235],[3.9536,44.3227],[3.9537,44.3213],[3.9521,44.3198],[3.9454,44.3209],[3.9452,44.3171],[3.9536,44.3156],[3.9492,44.3107],[3.9479,44.311],[3.9494,44.314],[3.948,44.3142],[3.9493,44.3154],[3.9444,44.3142],[3.9435,44.3126]]],[[[4.0043,44.3334],[4.001,44.3351],[4.0017,44.3371],[4.0003,44.3356],[3.9953,44.3375],[3.9985,44.3394],[3.9956,44.3395],[3.9972,44.3406],[3.9946,44.3396],[3.9956,44.3408],[3.9947,44.341],[3.993,44.3401],[3.9947,44.3412],[3.9933,44.3416],[3.9942,44.3435],[3.9926,44.3442],[3.991,44.3429],[3.9911,44.3403],[3.9886,44.3416],[3.9906,44.3433],[3.9896,44.3441],[3.9878,44.3419],[3.9843,44.3446],[3.9874,44.3478],[3.9966,44.3488],[4.0002,44.3476],[3.9987,44.3453],[4.0013,44.3473],[4.005,44.3407],[4.0087,44.3405],[4.0081,44.3363],[4.0099,44.3401],[4.0112,44.3396],[4.01,44.3368],[4.0128,44.3374],[4.0105,44.3382],[4.0117,44.3395],[4.0206,44.338],[4.0198,44.336],[4.0228,44.3351],[4.0194,44.3324],[4.0166,44.3351],[4.0142,44.3349],[4.014,44.3335],[4.0109,44.3337],[4.0123,44.3334],[4.0091,44.3322],[4.0144,44.3317],[4.011,44.3303],[4.0056,44.3329],[4.0053,44.3357],[4.0053,44.3329],[4.0043,44.3334]]],[[[3.9772,44.3261],[3.9829,44.326],[3.9801,44.3256],[3.9871,44.3239],[3.9945,44.3275],[3.9914,44.3227],[3.9962,44.3219],[3.9955,44.3207],[3.998,44.3193],[3.9996,44.3201],[3.9985,44.3187],[3.9964,44.3192],[3.9989,44.3178],[3.9964,44.3176],[4.0005,44.316],[4.0016,44.3174],[4.0001,44.3179],[4.0016,44.3178],[4.0008,44.3201],[4.0032,44.3194],[4.0009,44.3216],[4.0019,44.3233],[4.0065,44.3195],[4.0046,44.3196],[4.0054,44.318],[4.0083,44.3187],[4.0109,44.3169],[4.0052,44.3175],[4.0047,44.3166],[4.0074,44.3171],[4.0025,44.3142],[4.0011,44.3155],[4.0035,44.317],[4.0028,44.318],[4.0011,44.3155],[3.9965,44.3145],[3.9912,44.3186],[3.9933,44.3197],[3.9907,44.3192],[3.9905,44.3242],[3.9888,44.3224],[3.9895,44.3217],[3.9869,44.3219],[3.9848,44.3203],[3.9867,44.3203],[3.9876,44.3186],[3.9824,44.3183],[3.984,44.3203],[3.9811,44.3197],[3.9815,44.3179],[3.9852,44.3163],[3.9814,44.3142],[3.9786,44.3202],[3.9759,44.3195],[3.9766,44.3206],[3.9748,44.3242],[3.9712,44.3228],[3.97,44.3259],[3.9745,44.3274],[3.9678,44.3279],[3.9707,44.3287],[3.9722,44.3315],[3.9734,44.3305],[3.9712,44.3284],[3.9748,44.3275],[3.9728,44.3253],[3.9772,44.3261]]],[[[3.9491,44.3389],[3.9511,44.3397],[3.9501,44.3371],[3.952,44.3357],[3.9542,44.3361],[3.9511,44.3341],[3.95,44.3358],[3.9342,44.3354],[3.9347,44.3385],[3.9328,44.339],[3.9335,44.341],[3.9353,44.3406],[3.9365,44.3399],[3.9348,44.3386],[3.9358,44.3375],[3.9375,44.3395],[3.944,44.3415],[3.9462,44.3384],[3.9491,44.3389]]],[[[3.9412,44.2748],[3.9433,44.2747],[3.9367,44.2711],[3.9334,44.2763],[3.94,44.284],[3.9448,44.2835],[3.9413,44.2806],[3.9387,44.2809],[3.9402,44.2789],[3.939,44.2761],[3.9412,44.2748]]],[[[3.9484,44.2739],[3.9491,44.2747],[3.95,44.2728],[3.9488,44.272],[3.9495,44.2695],[3.9456,44.2669],[3.9426,44.2702],[3.9459,44.2696],[3.9484,44.2739]]],[[[3.9649,44.3174],[3.9688,44.3205],[3.9734,44.3199],[3.9721,44.3199],[3.9724,44.3176],[3.9649,44.3174]]],[[[3.9664,44.3246],[3.9684,44.3248],[3.9669,44.3242],[3.9706,44.3214],[3.9682,44.3225],[3.9665,44.3196],[3.966,44.3209],[3.9629,44.3213],[3.9648,44.3215],[3.9643,44.3232],[3.9664,44.3246]]],[[[3.9856,44.329],[3.988,44.3292],[3.9863,44.3286],[3.988,44.3268],[3.9862,44.3249],[3.9825,44.3279],[3.9834,44.3272],[3.9856,44.329]]],[[[3.9544,44.2861],[3.9577,44.2844],[3.9562,44.2827],[3.9548,44.2824],[3.9544,44.2861]]],[[[4.0109,44.3217],[4.0126,44.3209],[4.011,44.3181],[4.0085,44.3192],[4.0109,44.3217]]],[[[3.9466,44.2718],[3.9423,44.2706],[3.9401,44.272],[3.9438,44.2731],[3.9465,44.2729],[3.9466,44.2718]]],[[[3.9932,44.3283],[3.9954,44.3283],[3.9916,44.3277],[3.9899,44.3258],[3.9885,44.3265],[3.99,44.3289],[3.9912,44.3276],[3.9932,44.3283]]],[[[4.0059,44.3267],[4.0069,44.3242],[4.0057,44.3246],[4.0054,44.3229],[4.0032,44.3251],[4.0059,44.3267]]]]}},{"type":"Feature","properties":{"id":"F15596V","nom":"Forêt communale de Chusclan","dep":"30","dom":false,"essence":"feuillu","substrat":"neutre","elev":120,"slopeDeg":0.3,"aspect":90},"geometry":{"type":"Polygon","coordinates":[[[4.7059,44.1578],[4.7031,44.1564],[4.7032,44.1522],[4.6952,44.1528],[4.6959,44.1545],[4.6929,44.1557],[4.682,44.1557],[4.6803,44.154],[4.6761,44.1549],[4.6765,44.1574],[4.6754,44.1571],[4.674,44.1597],[4.669,44.1596],[4.6629,44.1627],[4.6617,44.162],[4.6615,44.1644],[4.6633,44.1671],[4.6673,44.1686],[4.6674,44.1703],[4.6747,44.1698],[4.6725,44.1682],[4.6689,44.1684],[4.6673,44.1674],[4.6683,44.1661],[4.6776,44.1674],[4.6776,44.1689],[4.6749,44.1697],[4.6789,44.1698],[4.6815,44.1693],[4.6782,44.1682],[4.6788,44.1662],[4.6869,44.1664],[4.6885,44.1649],[4.693,44.1669],[4.695,44.1661],[4.6944,44.1643],[4.6962,44.1635],[4.7051,44.1629],[4.7067,44.1622],[4.7059,44.1578]]]}},{"type":"Feature","properties":{"id":"F15609I","nom":"Forêt communale de Nages Et Solorgues","dep":"30","dom":false,"essence":"autre","substrat":"neutre","elev":72,"slopeDeg":3.9,"aspect":215},"geometry":{"type":"MultiPolygon","coordinates":[[[[4.2331,43.7913],[4.2317,43.7918],[4.2305,43.7954],[4.2242,43.7965],[4.2284,43.7978],[4.2303,43.7964],[4.2338,43.7982],[4.2326,43.7966],[4.2336,43.7954],[4.238,43.7939],[4.2369,43.797],[4.2398,43.7947],[4.2379,43.7936],[4.2403,43.792],[4.239,43.7903],[4.2365,43.7901],[4.2377,43.7913],[4.2364,43.7918],[4.2347,43.7907],[4.2345,43.7921],[4.2379,43.7924],[4.2367,43.7936],[4.2349,43.7927],[4.2346,43.7944],[4.2325,43.7934],[4.2331,43.7913]]],[[[4.2415,43.7745],[4.2412,43.7732],[4.2404,43.7773],[4.2449,43.7836],[4.2499,43.7844],[4.2474,43.7812],[4.2448,43.7814],[4.2419,43.7756],[4.2446,43.7757],[4.2415,43.7745]]]]}},{"type":"Feature","properties":{"id":"F15597W","nom":"Forêt communale de Bezouce","dep":"30","dom":false,"essence":"feuillu","substrat":"neutre","elev":134,"slopeDeg":2.3,"aspect":240},"geometry":{"type":"Polygon","coordinates":[[[4.4886,43.8927],[4.4933,43.8949],[4.4986,43.8949],[4.496,43.8953],[4.4961,43.8974],[4.4935,43.8964],[4.4937,43.8984],[4.491,43.8964],[4.4934,43.899],[4.4982,43.8992],[4.5028,43.8964],[4.5016,43.892],[4.4998,43.8933],[4.4996,43.8912],[4.497,43.8902],[4.4958,43.8925],[4.4947,43.8912],[4.4956,43.8889],[4.4925,43.8889],[4.4919,43.8907],[4.4908,43.8871],[4.4888,43.887],[4.4898,43.8889],[4.487,43.8887],[4.4857,43.8872],[4.4817,43.8865],[4.4807,43.8843],[4.4802,43.8858],[4.4834,43.887],[4.4847,43.8892],[4.4869,43.8894],[4.4881,43.8912],[4.4907,43.8899],[4.492,43.8926],[4.4886,43.8927]]]}},{"type":"Feature","properties":{"id":"F15610J","nom":"Forêt communale du Grau-Du-Roi","dep":"30","dom":false,"essence":"conifere","substrat":"neutre","elev":1,"slopeDeg":0,"aspect":144},"geometry":{"type":"Polygon","coordinates":[[[4.1482,43.4905],[4.1452,43.4897],[4.1428,43.4932],[4.1469,43.4952],[4.1496,43.4921],[4.1482,43.4905]]]}},{"type":"Feature","properties":{"id":"F15611K","nom":"Forêt communale de Crespian","dep":"30","dom":false,"essence":"autre","substrat":"calcaire","elev":130,"slopeDeg":2.7,"aspect":315},"geometry":{"type":"Polygon","coordinates":[[[4.1073,43.8701],[4.1056,43.8697],[4.1055,43.8711],[4.1035,43.8701],[4.1055,43.8725],[4.1024,43.8737],[4.1065,43.8737],[4.1045,43.8749],[4.1065,43.874],[4.1067,43.8717],[4.1127,43.8717],[4.1073,43.8701]]]}},{"type":"Feature","properties":{"id":"F15612L","nom":"Forêt communale de Laval Saint-Roman","dep":"30","dom":false,"essence":"feuillu","substrat":"calcaire","elev":285,"slopeDeg":5.9,"aspect":212},"geometry":{"type":"Polygon","coordinates":[[[4.4828,44.3177],[4.489,44.3205],[4.4961,44.3199],[4.5022,44.3138],[4.5085,44.3128],[4.5127,44.3104],[4.5185,44.3124],[4.5287,44.2983],[4.5232,44.2968],[4.5206,44.2987],[4.5177,44.2992],[4.5169,44.2981],[4.5156,44.3005],[4.5108,44.3012],[4.5107,44.3035],[4.5104,44.3011],[4.5014,44.3035],[4.5001,44.3023],[4.4974,44.3047],[4.4972,44.3037],[4.4911,44.3045],[4.4881,44.3023],[4.4848,44.3053],[4.4856,44.3093],[4.4821,44.3127],[4.4828,44.3177]]]}},{"type":"Feature","properties":{"id":"F15598X","nom":"Forêt communale de Parignargues","dep":"30","dom":false,"essence":"feuillu","substrat":"calcaire","elev":127,"slopeDeg":1.4,"aspect":287},"geometry":{"type":"MultiPolygon","coordinates":[[[[4.2157,43.8759],[4.2116,43.8793],[4.213,43.8813],[4.2108,43.8803],[4.208,43.8828],[4.207,43.8853],[4.2085,43.8875],[4.2217,43.8857],[4.2156,43.8851],[4.2216,43.8849],[4.2217,43.8839],[4.2157,43.8759]]],[[[4.2074,43.8556],[4.2101,43.8581],[4.2115,43.8571],[4.2087,43.8524],[4.2064,43.8544],[4.2074,43.8556]]]]}},{"type":"Feature","properties":{"id":"F15599Y","nom":"Forêt communale de Sabran","dep":"30","dom":false,"essence":"mixte","substrat":"calcaire","elev":266,"slopeDeg":1.3,"aspect":8},"geometry":{"type":"MultiPolygon","coordinates":[[[[4.5425,44.1381],[4.5435,44.1368],[4.5383,44.1352],[4.5388,44.1337],[4.5518,44.1373],[4.5532,44.1399],[4.5553,44.1391],[4.555,44.1376],[4.5594,44.1377],[4.5596,44.1342],[4.559,44.1358],[4.5581,44.1343],[4.5526,44.1327],[4.5543,44.1344],[4.5538,44.1359],[4.5513,44.1367],[4.55,44.1356],[4.5514,44.1348],[4.5463,44.1342],[4.54,44.1296],[4.539,44.1317],[4.5408,44.1329],[4.5367,44.1317],[4.5362,44.1303],[4.5338,44.131],[4.5334,44.133],[4.537,44.1325],[4.5371,44.134],[4.5303,44.134],[4.5277,44.1354],[4.5266,44.1344],[4.5291,44.1376],[4.5306,44.1345],[4.5325,44.1346],[4.5328,44.1359],[4.5332,44.1344],[4.5353,44.1356],[4.5377,44.135],[4.5375,44.1366],[4.5389,44.1374],[4.5402,44.1363],[4.5425,44.1381]]],[[[4.515,44.1451],[4.5122,44.1427],[4.5122,44.1356],[4.511,44.1432],[4.513,44.1446],[4.5104,44.1459],[4.5117,44.1474],[4.5128,44.1453],[4.5145,44.1462],[4.514,44.1475],[4.5157,44.1466],[4.5173,44.15],[4.515,44.1491],[4.5176,44.1507],[4.5174,44.1522],[4.5185,44.1526],[4.518,44.1511],[4.5196,44.1502],[4.5175,44.15],[4.5195,44.1493],[4.5226,44.1508],[4.5236,44.1496],[4.5259,44.1508],[4.529,44.1498],[4.5316,44.1517],[4.5311,44.1479],[4.528,44.1473],[4.5281,44.1496],[4.5243,44.1484],[4.5213,44.1492],[4.515,44.1451]]],[[[4.5538,44.1501],[4.5539,44.1513],[4.5494,44.151],[4.5567,44.1533],[4.5595,44.152],[4.5612,44.1531],[4.5625,44.1512],[4.557,44.1486],[4.5584,44.1465],[4.5559,44.1461],[4.557,44.1455],[4.5556,44.146],[4.5564,44.1479],[4.5542,44.1475],[4.5561,44.1514],[4.5538,44.1501]]],[[[4.5758,44.1428],[4.5781,44.1435],[4.5771,44.1408],[4.5747,44.1426],[4.5729,44.1401],[4.5709,44.1405],[4.5716,44.1453],[4.5698,44.1464],[4.5736,44.147],[4.5755,44.1455],[4.5758,44.1428]]],[[[4.5339,44.1426],[4.5314,44.1422],[4.5317,44.146],[4.5332,44.1471],[4.5314,44.1479],[4.5362,44.1488],[4.5359,44.145],[4.5392,44.1449],[4.5357,44.1427],[4.5364,44.1448],[4.5354,44.1448],[4.5339,44.1426]]],[[[4.5282,44.1282],[4.5272,44.13],[4.5256,44.1286],[4.5239,44.1294],[4.5265,44.1339],[4.53,44.1322],[4.5322,44.129],[4.5299,44.1285],[4.5294,44.1304],[4.5282,44.1282]]],[[[4.5445,44.1463],[4.5422,44.1473],[4.5422,44.149],[4.5459,44.1487],[4.5461,44.1498],[4.5466,44.1463],[4.5511,44.1491],[4.5502,44.1462],[4.5454,44.1456],[4.5456,44.1439],[4.5443,44.1442],[4.5445,44.1463]]],[[[4.5185,44.1341],[4.5201,44.1349],[4.5231,44.1328],[4.525,44.1354],[4.5261,44.1346],[4.5226,44.1297],[4.5185,44.1341]]],[[[4.5371,44.1574],[4.5374,44.155],[4.5365,44.1563],[4.5331,44.1564],[4.5305,44.1549],[4.5286,44.1511],[4.5299,44.1558],[4.531,44.1551],[4.5333,44.158],[4.5371,44.1574]]],[[[4.5407,44.1223],[4.5433,44.1219],[4.543,44.1202],[4.531,44.1242],[4.5407,44.1223]]],[[[4.5218,44.1612],[4.525,44.1633],[4.5248,44.161],[4.5231,44.1617],[4.5207,44.1587],[4.519,44.1592],[4.5219,44.1602],[4.5218,44.1612]]],[[[4.5388,44.1401],[4.5369,44.14],[4.5361,44.1421],[4.5379,44.1417],[4.5386,44.1434],[4.5388,44.1401]]],[[[4.5276,44.1668],[4.5262,44.1668],[4.5263,44.1682],[4.5282,44.1722],[4.5276,44.1668]]],[[[4.5214,44.1539],[4.5236,44.1542],[4.5201,44.1519],[4.5188,44.1527],[4.5214,44.1539]]]]}},{"type":"Feature","properties":{"id":"F15613M","nom":"Forêt communale de Ponteils Et Bresis","dep":"30","dom":false,"essence":"feuillu","substrat":"acide","elev":941,"slopeDeg":9.1,"aspect":260},"geometry":{"type":"Polygon","coordinates":[[[4.0143,44.3811],[4.0152,44.3852],[4.0185,44.3876],[4.0196,44.3852],[4.0185,44.3824],[4.0158,44.3792],[4.0143,44.3811]]]}},{"type":"Feature","properties":{"id":"F15614N","nom":"Forêt communale d'Aiguèze","dep":"30","dom":false,"essence":"autre","substrat":"calcaire","elev":294,"slopeDeg":6.2,"aspect":93},"geometry":{"type":"MultiPolygon","coordinates":[[[[4.514,44.311],[4.5021,44.3138],[4.497,44.3194],[4.5215,44.3289],[4.5296,44.3228],[4.5387,44.3224],[4.5562,44.3057],[4.5526,44.3063],[4.553,44.3051],[4.5517,44.3049],[4.5488,44.3083],[4.5493,44.3062],[4.5475,44.3058],[4.5472,44.3077],[4.5458,44.3076],[4.5469,44.3065],[4.5452,44.307],[4.5442,44.3111],[4.5448,44.3073],[4.5438,44.3098],[4.5439,44.3078],[4.5426,44.3078],[4.5443,44.3073],[4.546,44.3036],[4.5449,44.3033],[4.5452,44.3048],[4.5414,44.3079],[4.5387,44.304],[4.5409,44.3018],[4.5385,44.3005],[4.5364,44.3047],[4.5374,44.3065],[4.5361,44.3053],[4.5336,44.306],[4.5349,44.3041],[4.5337,44.3036],[4.5352,44.3027],[4.5338,44.3024],[4.5356,44.3008],[4.5337,44.301],[4.5328,44.3035],[4.5316,44.3031],[4.5303,44.305],[4.5331,44.3001],[4.5318,44.299],[4.5298,44.3028],[4.5289,44.3001],[4.5312,44.2998],[4.5313,44.2986],[4.529,44.297],[4.5185,44.3124],[4.514,44.311]]],[[[4.4642,44.3383],[4.4649,44.3415],[4.4673,44.3403],[4.4754,44.3419],[4.4744,44.3392],[4.4642,44.3383]]]]}},{"type":"Feature","properties":{"id":"F15616P","nom":"Forêt communale de La Capelle-Masmolène","dep":"30","dom":false,"essence":"feuillu","substrat":"calcaire","elev":214,"slopeDeg":1.6,"aspect":70},"geometry":{"type":"MultiPolygon","coordinates":[[[[4.5484,44.0703],[4.5499,44.0685],[4.5528,44.0714],[4.5549,44.0706],[4.5523,44.0647],[4.5553,44.0616],[4.5531,44.0553],[4.5555,44.0561],[4.5567,44.0545],[4.5545,44.0495],[4.5579,44.049],[4.5564,44.0474],[4.5546,44.0484],[4.5483,44.0475],[4.5465,44.0488],[4.5477,44.0501],[4.5518,44.0503],[4.5481,44.0512],[4.5498,44.0521],[4.5497,44.0548],[4.5511,44.0547],[4.554,44.0585],[4.5519,44.0591],[4.5535,44.0615],[4.5526,44.0619],[4.5498,44.0609],[4.5491,44.058],[4.5462,44.0589],[4.546,44.0602],[4.5489,44.0592],[4.5485,44.0611],[4.5468,44.0609],[4.5491,44.062],[4.5507,44.0648],[4.5499,44.0658],[4.5441,44.0657],[4.5425,44.0616],[4.539,44.0623],[4.538,44.0595],[4.5367,44.0616],[4.5348,44.0603],[4.5342,44.0617],[4.5278,44.0613],[4.5269,44.0634],[4.5221,44.0622],[4.5211,44.066],[4.5235,44.0706],[4.5202,44.0703],[4.5223,44.0732],[4.5191,44.0736],[4.5186,44.0721],[4.5199,44.0715],[4.5175,44.0683],[4.5168,44.0715],[4.5149,44.0689],[4.5119,44.0698],[4.513,44.0698],[4.5121,44.0702],[4.5155,44.0773],[4.5179,44.0769],[4.5186,44.0753],[4.5241,44.0749],[4.5257,44.0782],[4.5297,44.0755],[4.5294,44.0732],[4.5306,44.0728],[4.5349,44.0741],[4.5407,44.0728],[4.5406,44.0685],[4.5433,44.068],[4.544,44.0704],[4.5463,44.0686],[4.5484,44.0703]]],[[[4.5227,44.0247],[4.5233,44.0262],[4.5222,44.0252],[4.5159,44.0323],[4.5245,44.0299],[4.5241,44.0313],[4.526,44.0313],[4.5247,44.0287],[4.5265,44.0283],[4.5264,44.0299],[4.5272,44.0287],[4.5311,44.0303],[4.5296,44.0292],[4.5299,44.0268],[4.5342,44.0265],[4.5386,44.0301],[4.5402,44.0299],[4.5395,44.0255],[4.545,44.0268],[4.543,44.0247],[4.5417,44.017],[4.5394,44.0139],[4.5416,44.0127],[4.541,44.0106],[4.5385,44.0091],[4.5332,44.0107],[4.5317,44.014],[4.5335,44.0158],[4.5315,44.0196],[4.5304,44.0187],[4.5291,44.02],[4.5308,44.0229],[4.5281,44.0257],[4.5289,44.027],[4.5275,44.0254],[4.5297,44.0225],[4.529,44.0208],[4.5265,44.0206],[4.5227,44.0247]]],[[[4.5067,44.0487],[4.501,44.0503],[4.4977,44.0493],[4.4946,44.053],[4.4952,44.0551],[4.4989,44.0532],[4.4989,44.0501],[4.5018,44.0517],[4.5136,44.0475],[4.5107,44.0466],[4.5144,44.0433],[4.5056,44.0432],[4.5067,44.0487]]],[[[4.5012,44.0672],[4.5027,44.0709],[4.5054,44.0734],[4.5053,44.0716],[4.5064,44.0744],[4.509,44.0735],[4.5075,44.0722],[4.5086,44.0688],[4.5058,44.0658],[4.5075,44.0688],[4.5065,44.0698],[4.5045,44.0682],[4.5054,44.0672],[4.5036,44.0676],[4.5047,44.0658],[4.5019,44.067],[4.503,44.0695],[4.5012,44.0672]]],[[[4.5166,44.0665],[4.5163,44.0635],[4.5189,44.0641],[4.5182,44.0621],[4.5136,44.0629],[4.5166,44.0665]]],[[[4.5248,44.0346],[4.5262,44.0338],[4.5172,44.035],[4.5165,44.0364],[4.5248,44.0346]]],[[[4.5469,44.0634],[4.5447,44.0623],[4.5466,44.065],[4.5492,44.0638],[4.5469,44.0634]]]]}},{"type":"Feature","properties":{"id":"F15618R","nom":"Forêt communale de Domazan","dep":"30","dom":false,"essence":"feuillu","substrat":"calcaire","elev":153,"slopeDeg":1.1,"aspect":136},"geometry":{"type":"MultiPolygon","coordinates":[[[[4.6428,43.9882],[4.6462,43.9865],[4.6538,43.975],[4.6455,43.97],[4.6409,43.9886],[4.6428,43.9882]]],[[[4.6459,43.9599],[4.6458,43.9691],[4.6543,43.9743],[4.6548,43.9713],[4.6581,43.9669],[4.653,43.9649],[4.652,43.9615],[4.6481,43.9596],[4.6464,43.9566],[4.6459,43.9599]]],[[[4.6645,43.9327],[4.6649,43.9315],[4.6607,43.9276],[4.6571,43.9273],[4.6627,43.9301],[4.66,43.9306],[4.6628,43.9308],[4.6608,43.9317],[4.6622,43.9324],[4.6614,43.9337],[4.6631,43.9366],[4.6654,43.9372],[4.663,43.9332],[4.6645,43.9327]]],[[[4.6584,43.9617],[4.66,43.9607],[4.6583,43.9594],[4.6555,43.9602],[4.6558,43.9617],[4.6584,43.9617]]]]}},{"type":"Feature","properties":{"id":"F15619S","nom":"Forêt communale de Cornillon","dep":"30","dom":false,"essence":"mixte","substrat":"neutre","elev":208,"slopeDeg":4.3,"aspect":214},"geometry":{"type":"MultiPolygon","coordinates":[[[[4.5051,44.2465],[4.5035,44.2384],[4.5012,44.2365],[4.5038,44.2342],[4.503,44.2324],[4.5138,44.2254],[4.5065,44.2284],[4.501,44.2266],[4.5032,44.2276],[4.5015,44.2288],[4.4948,44.2274],[4.4974,44.2298],[4.4978,44.2325],[4.4848,44.235],[4.4873,44.2361],[4.4952,44.2358],[4.494,44.2373],[4.4976,44.2382],[4.4971,44.2391],[4.499,44.2406],[4.4974,44.2412],[4.4993,44.2419],[4.4967,44.2429],[4.4937,44.2416],[4.494,44.2436],[4.4912,44.2436],[4.4923,44.2451],[4.4948,44.2455],[4.4935,44.2448],[4.4942,44.2436],[4.4949,44.2448],[4.4985,44.2444],[4.5051,44.2465]]],[[[4.4961,44.2008],[4.4997,44.2015],[4.4996,44.1996],[4.5041,44.1978],[4.5044,44.2004],[4.5065,44.1996],[4.5065,44.2009],[4.5049,44.2012],[4.5056,44.2023],[4.503,44.2023],[4.5019,44.2007],[4.4994,44.2024],[4.5053,44.203],[4.507,44.2007],[4.5047,44.1969],[4.4961,44.1954],[4.4954,44.1964],[4.4988,44.1966],[4.4992,44.1981],[4.4979,44.2002],[4.4978,44.1989],[4.4965,44.1994],[4.4978,44.1987],[4.4962,44.1987],[4.4961,44.2008]]],[[[4.4988,44.2234],[4.4966,44.2228],[4.4967,44.2256],[4.4996,44.2251],[4.4988,44.2234]]]]}},{"type":"Feature","properties":{"id":"F15600Z","nom":"Forêt communale de Vallerargues","dep":"30","dom":false,"essence":"feuillu","substrat":"calcaire","elev":286,"slopeDeg":2.3,"aspect":336},"geometry":{"type":"MultiPolygon","coordinates":[[[[4.3664,44.1104],[4.3612,44.1123],[4.362,44.1177],[4.3737,44.116],[4.3735,44.1064],[4.3664,44.1104]]],[[[4.3865,44.133],[4.3734,44.1331],[4.3715,44.1369],[4.3788,44.1361],[4.3854,44.1374],[4.3929,44.1347],[4.394,44.1325],[4.3865,44.133]]],[[[4.3408,44.1445],[4.3472,44.1447],[4.3493,44.1438],[4.3493,44.1425],[4.3474,44.1389],[4.3374,44.1405],[4.3408,44.1445]]]]}},{"type":"Feature","properties":{"id":"F15623W","nom":"Forêt communale de Flaux","dep":"30","dom":false,"essence":"autre","substrat":"calcaire","elev":201,"slopeDeg":0.5,"aspect":226},"geometry":{"type":"Polygon","coordinates":[[[4.51,44.0034],[4.505,44.0035],[4.504,44.002],[4.5053,43.9999],[4.5013,43.9987],[4.4977,44.0008],[4.4949,44.0001],[4.4932,44.0042],[4.4948,44.0049],[4.4955,44.0038],[4.4958,44.0053],[4.4983,44.0058],[4.4964,44.0062],[4.4984,44.0075],[4.4964,44.0089],[4.5003,44.0087],[4.4995,44.0061],[4.5029,44.0065],[4.502,44.0109],[4.5007,44.0114],[4.4998,44.0093],[4.4965,44.0091],[4.4956,44.0103],[4.492,44.0079],[4.491,44.009],[4.4927,44.0115],[4.4902,44.0107],[4.4886,44.0148],[4.4951,44.013],[4.4948,44.0121],[4.4962,44.0129],[4.497,44.0114],[4.498,44.013],[4.5036,44.015],[4.5065,44.0121],[4.504,44.0153],[4.5053,44.0162],[4.5069,44.0145],[4.5095,44.0201],[4.5108,44.0201],[4.5091,44.0205],[4.5097,44.0233],[4.508,44.0257],[4.5102,44.0274],[4.5075,44.0284],[4.5054,44.0261],[4.5034,44.0277],[4.505,44.0301],[4.5015,44.0278],[4.4986,44.0293],[4.5036,44.0308],[4.5133,44.0302],[4.5157,44.0236],[4.5178,44.0267],[4.5195,44.0255],[4.5198,44.0224],[4.5182,44.0204],[4.5194,44.0199],[4.5174,44.0183],[4.5197,44.0188],[4.5229,44.0222],[4.5205,44.0226],[4.5191,44.028],[4.5159,44.0269],[4.5176,44.0294],[4.5158,44.0285],[4.514,44.0304],[4.5158,44.0321],[4.5257,44.0215],[4.5251,44.0196],[4.5285,44.0204],[4.533,44.0159],[4.5319,44.0148],[4.5304,44.0161],[4.5279,44.0149],[4.5199,44.0163],[4.5164,44.0112],[4.5195,44.0155],[4.5235,44.0157],[4.523,44.0135],[4.525,44.0153],[4.5312,44.0149],[4.5332,44.0119],[4.5322,44.0082],[4.5291,44.0068],[4.5249,44.009],[4.526,44.0098],[4.5239,44.0087],[4.5289,44.0052],[4.5291,44.0066],[4.5332,44.008],[4.5321,44.0068],[4.5337,44.0063],[4.5347,44.0015],[4.5305,44.0029],[4.5348,44.0012],[4.5355,43.998],[4.5318,43.9969],[4.5326,43.9975],[4.531,43.9982],[4.5317,43.9968],[4.5276,43.996],[4.527,44.001],[4.5282,44.0032],[4.5229,44.0081],[4.5228,44.0102],[4.5226,44.0079],[4.5169,44.0075],[4.5181,44.0102],[4.5119,44.0105],[4.51,44.0034]]]}},{"type":"Feature","properties":{"id":"F15624X","nom":"Forêt communale de Lirac","dep":"30","dom":false,"essence":"autre","substrat":"calcaire","elev":176,"slopeDeg":4,"aspect":92},"geometry":{"type":"MultiPolygon","coordinates":[[[[4.6523,44.0203],[4.6539,44.0243],[4.6584,44.0252],[4.6611,44.0298],[4.6595,44.0301],[4.6609,44.0296],[4.6563,44.0252],[4.6506,44.0261],[4.6504,44.0231],[4.6465,44.0246],[4.6467,44.0233],[4.6437,44.0234],[4.6426,44.0333],[4.6513,44.0361],[4.6525,44.0353],[4.6517,44.0338],[4.6586,44.0311],[4.6665,44.0331],[4.6693,44.0302],[4.6781,44.0285],[4.6797,44.0294],[4.6863,44.0287],[4.6884,44.032],[4.6886,44.0289],[4.6903,44.0314],[4.6925,44.0272],[4.6953,44.0267],[4.694,44.0235],[4.6845,44.0194],[4.6809,44.0215],[4.6781,44.0197],[4.6759,44.0205],[4.6734,44.0193],[4.6668,44.0211],[4.6628,44.0191],[4.6523,44.0203]]],[[[4.6694,44.0348],[4.6712,44.0328],[4.6715,44.0347],[4.6696,44.0352],[4.6714,44.0351],[4.6707,44.0364],[4.6741,44.0382],[4.6828,44.0398],[4.6851,44.0389],[4.6811,44.0383],[4.6818,44.0371],[4.6774,44.0375],[4.6812,44.0365],[4.676,44.0362],[4.6776,44.0348],[4.6742,44.0319],[4.6774,44.0322],[4.6761,44.0319],[4.6778,44.0302],[4.6761,44.0315],[4.6729,44.031],[4.6733,44.0325],[4.6718,44.0328],[4.6721,44.0309],[4.6702,44.0307],[4.6695,44.033],[4.6677,44.0337],[4.6694,44.0348]]]]}},{"type":"Feature","properties":{"id":"F15625Y","nom":"Forêt communale de Beaucaire","dep":"30","dom":false,"essence":"feuillu","substrat":"calcaire","elev":67,"slopeDeg":1.5,"aspect":141},"geometry":{"type":"MultiPolygon","coordinates":[[[[4.6101,43.8292],[4.6072,43.8306],[4.6082,43.8315],[4.6053,43.8362],[4.6072,43.8374],[4.6067,43.8402],[4.6113,43.8414],[4.6132,43.8374],[4.6184,43.8377],[4.6152,43.8333],[4.6097,43.8315],[4.6102,43.8303],[4.6139,43.8312],[4.6101,43.8292]]],[[[4.6393,43.8113],[4.6361,43.8135],[4.637,43.8142],[4.6361,43.8149],[4.6322,43.8152],[4.6331,43.8187],[4.6328,43.8167],[4.6393,43.8173],[4.6379,43.8158],[4.6405,43.8161],[4.6405,43.814],[4.6394,43.8137],[4.6403,43.8113],[4.6393,43.8113]]],[[[4.5908,43.8267],[4.592,43.8274],[4.5936,43.8255],[4.5921,43.8228],[4.59,43.8223],[4.5908,43.8267]]],[[[4.599,43.8338],[4.6031,43.8336],[4.6026,43.8312],[4.5997,43.8307],[4.6017,43.829],[4.5998,43.8315],[4.5977,43.8318],[4.599,43.8338]]],[[[4.5945,43.8072],[4.5957,43.8062],[4.5937,43.8049],[4.5952,43.8053],[4.5968,43.8028],[4.5938,43.8029],[4.5951,43.8048],[4.5917,43.8035],[4.5908,43.8047],[4.5906,43.806],[4.5933,43.8057],[4.5916,43.8065],[4.5922,43.8073],[4.5945,43.8072]]]]}},{"type":"Feature","properties":{"id":"F15601A","nom":"Forêt communale de Fournès","dep":"30","dom":false,"essence":"autre","substrat":"calcaire","elev":83,"slopeDeg":1.1,"aspect":328},"geometry":{"type":"MultiPolygon","coordinates":[[[[4.6082,43.96],[4.6121,43.9646],[4.6154,43.9725],[4.6237,43.9711],[4.629,43.9729],[4.6268,43.9569],[4.6172,43.9461],[4.612,43.9429],[4.6093,43.9439],[4.6054,43.9488],[4.6082,43.96]]],[[[4.6254,43.9508],[4.6253,43.9468],[4.6166,43.9432],[4.6265,43.9558],[4.6254,43.9508]]]]}},{"type":"Feature","properties":{"id":"F15602B","nom":"Forêt communale de Saze","dep":"30","dom":false,"essence":"autre","substrat":"calcaire","elev":83,"slopeDeg":3.2,"aspect":287},"geometry":{"type":"MultiPolygon","coordinates":[[[[4.7219,43.9432],[4.7214,43.9371],[4.7133,43.9355],[4.7115,43.9404],[4.7175,43.9446],[4.7125,43.9438],[4.7161,43.9447],[4.7131,43.9469],[4.7134,43.9484],[4.7107,43.9483],[4.711,43.9502],[4.7154,43.9515],[4.7157,43.9493],[4.7172,43.9523],[4.7221,43.953],[4.7208,43.9474],[4.7219,43.9432]]],[[[4.7068,43.9359],[4.7031,43.9361],[4.7002,43.9394],[4.695,43.9379],[4.6948,43.9395],[4.697,43.9409],[4.7003,43.9397],[4.7013,43.9409],[4.6998,43.9407],[4.7005,43.9432],[4.7036,43.945],[4.7047,43.9432],[4.7038,43.942],[4.7059,43.943],[4.7103,43.941],[4.7106,43.9387],[4.7068,43.9359]]],[[[4.7231,43.9332],[4.7257,43.9309],[4.7108,43.932],[4.7151,43.9341],[4.7161,43.9325],[4.7223,43.9318],[4.7203,43.9359],[4.7193,43.9341],[4.7147,43.9349],[4.7193,43.9359],[4.7228,43.9355],[4.7243,43.9333],[4.7231,43.9332]]],[[[4.6766,43.9412],[4.6768,43.9372],[4.6749,43.9364],[4.6751,43.9388],[4.6727,43.9392],[4.6766,43.9412]]]]}},{"type":"Feature","properties":{"id":"F15603C","nom":"Forêt communale de Gajan","dep":"30","dom":false,"essence":"autre","substrat":"calcaire","elev":142,"slopeDeg":0.7,"aspect":329},"geometry":{"type":"Polygon","coordinates":[[[4.2404,43.8791],[4.2451,43.888],[4.2478,43.8868],[4.2426,43.8806],[4.242,43.877],[4.2373,43.8745],[4.2368,43.8755],[4.24,43.8773],[4.2404,43.8791]]]}},{"type":"Feature","properties":{"id":"F15604D","nom":"Forêt communale de Ledenon","dep":"30","dom":false,"essence":"feuillu","substrat":"calcaire","elev":145,"slopeDeg":5.5,"aspect":128},"geometry":{"type":"MultiPolygon","coordinates":[[[[4.5207,43.9261],[4.5217,43.9228],[4.5183,43.9295],[4.5172,43.9266],[4.5197,43.9253],[4.5192,43.9229],[4.5206,43.9212],[4.519,43.9219],[4.5189,43.925],[4.5119,43.9187],[4.5092,43.921],[4.5052,43.9191],[4.5068,43.9212],[4.5059,43.9249],[4.507,43.9261],[4.5059,43.9279],[4.5091,43.9305],[4.5074,43.9317],[4.5046,43.9312],[4.5077,43.9302],[4.5051,43.9271],[4.5008,43.926],[4.5024,43.9294],[4.5014,43.9302],[4.5003,43.929],[4.4984,43.932],[4.5015,43.9369],[4.498,43.9387],[4.4963,43.9347],[4.4982,43.932],[4.4971,43.9317],[4.4985,43.9288],[4.4967,43.9312],[4.4973,43.9284],[4.4955,43.9261],[4.4973,43.9273],[4.497,43.9253],[4.4915,43.928],[4.4922,43.9289],[4.4908,43.9282],[4.493,43.9302],[4.492,43.9305],[4.4944,43.9372],[4.4937,43.9408],[4.4981,43.9431],[4.512,43.9364],[4.5214,43.9375],[4.5234,43.9361],[4.5207,43.9261]]],[[[4.4882,43.9192],[4.4904,43.9204],[4.4906,43.9172],[4.4922,43.9193],[4.4949,43.9167],[4.4966,43.9193],[4.4937,43.9191],[4.4964,43.9229],[4.4961,43.9251],[4.4971,43.9249],[4.4965,43.9201],[4.4991,43.9194],[4.4982,43.9222],[4.4991,43.9231],[4.5026,43.9206],[4.5005,43.9192],[4.4991,43.9201],[4.4994,43.9176],[4.4995,43.9191],[4.4983,43.9193],[4.4989,43.9164],[4.5037,43.9198],[4.5042,43.9147],[4.5056,43.9171],[4.506,43.9161],[4.5038,43.9143],[4.5062,43.9131],[4.5059,43.9118],[4.5041,43.9114],[4.5034,43.9144],[4.5028,43.9116],[4.5002,43.9126],[4.4993,43.9109],[4.4982,43.9122],[4.4976,43.9104],[4.5027,43.9101],[4.5011,43.9089],[4.5019,43.9066],[4.5001,43.9055],[4.4993,43.9077],[4.4988,43.906],[4.4949,43.9055],[4.4966,43.904],[4.4934,43.9045],[4.493,43.9104],[4.4905,43.9124],[4.4931,43.9123],[4.4935,43.9159],[4.4902,43.914],[4.4901,43.9175],[4.489,43.9163],[4.4882,43.9192]]],[[[4.5108,43.9026],[4.5112,43.9014],[4.516,43.9031],[4.5155,43.9019],[4.5172,43.9046],[4.5162,43.9016],[4.5175,43.9007],[4.5151,43.9013],[4.5167,43.8996],[4.5139,43.8982],[4.5115,43.8981],[4.5111,43.8996],[4.5107,43.8975],[4.5076,43.8961],[4.507,43.8977],[4.5061,43.8956],[4.4974,43.9004],[4.4982,43.8992],[4.4934,43.899],[4.4904,43.8962],[4.4917,43.9015],[4.5022,43.8994],[4.5106,43.9011],[4.5061,43.9026],[4.5034,43.9006],[4.4999,43.9022],[4.4952,43.9021],[4.4956,43.9029],[4.5028,43.9013],[4.5018,43.9028],[4.5034,43.9044],[4.5023,43.9025],[4.5065,43.9026],[4.5115,43.9057],[4.5116,43.9029],[4.5091,43.9021],[4.5108,43.9026]]],[[[4.5297,43.9127],[4.5317,43.9126],[4.5355,43.9065],[4.5346,43.9042],[4.5316,43.9056],[4.5264,43.9048],[4.5214,43.9012],[4.5213,43.9045],[4.5239,43.9056],[4.5232,43.9069],[4.5231,43.9056],[4.5209,43.9055],[4.5216,43.9066],[4.5246,43.9085],[4.5241,43.9064],[4.5269,43.9076],[4.5253,43.9086],[4.5255,43.91],[4.5272,43.9129],[4.5297,43.9127]]],[[[4.5283,43.9153],[4.5274,43.9144],[4.5261,43.9154],[4.5261,43.9134],[4.5254,43.9154],[4.5212,43.9141],[4.5229,43.916],[4.5268,43.9159],[4.5297,43.9179],[4.5283,43.9153]]],[[[4.5107,43.9118],[4.5116,43.91],[4.5078,43.9087],[4.5107,43.9118]]]]}},{"type":"Feature","properties":{"id":"F15626Z","nom":"Forêt départementale du Massif Et Des Gorges De La Cèze","dep":"30","dom":false,"essence":"feuillu","substrat":"calcaire","elev":284,"slopeDeg":0.5,"aspect":350},"geometry":{"type":"Polygon","coordinates":[[[4.3972,44.2619],[4.3979,44.2649],[4.3958,44.2671],[4.3987,44.2662],[4.4013,44.2627],[4.4003,44.2598],[4.3972,44.2573],[4.3985,44.2493],[4.4012,44.246],[4.4002,44.2387],[4.4072,44.2332],[4.4028,44.2289],[4.401,44.2218],[4.398,44.2193],[4.4017,44.2166],[4.3999,44.2145],[4.3927,44.2165],[4.3855,44.2216],[4.3835,44.2249],[4.3787,44.2189],[4.397,44.2108],[4.3897,44.2015],[4.388,44.2018],[4.3892,44.2038],[4.3854,44.2045],[4.3823,44.2076],[4.3773,44.2086],[4.3754,44.2113],[4.3724,44.2086],[4.3631,44.2063],[4.359,44.2074],[4.356,44.2061],[4.3535,44.2101],[4.3502,44.2111],[4.3485,44.2102],[4.3465,44.2112],[4.3444,44.2077],[4.3436,44.2085],[4.3449,44.2112],[4.3434,44.2123],[4.3468,44.2158],[4.3493,44.2171],[4.351,44.2156],[4.3547,44.2164],[4.3559,44.2184],[4.3543,44.2189],[4.3543,44.2204],[4.3637,44.2178],[4.365,44.2199],[4.3645,44.2244],[4.3558,44.2245],[4.3558,44.2268],[4.3542,44.2286],[4.3575,44.2331],[4.3544,44.235],[4.3526,44.2297],[4.3505,44.2312],[4.3439,44.2302],[4.3405,44.2323],[4.3429,44.2341],[4.3415,44.2368],[4.3374,44.2364],[4.3388,44.2339],[4.3367,44.2316],[4.3399,44.2296],[4.3388,44.2282],[4.3378,44.23],[4.3363,44.2296],[4.3379,44.2274],[4.341,44.228],[4.341,44.2265],[4.3389,44.2257],[4.3408,44.2241],[4.3404,44.2216],[4.3453,44.2205],[4.3402,44.2157],[4.34,44.211],[4.3252,44.2175],[4.321,44.2214],[4.3305,44.2233],[4.3318,44.2223],[4.3316,44.224],[4.3354,44.2259],[4.3348,44.2303],[4.3376,44.2432],[4.3282,44.2431],[4.3278,44.2469],[4.3302,44.2468],[4.3316,44.2448],[4.3343,44.2457],[4.33,44.2496],[4.325,44.2499],[4.3253,44.2489],[4.3213,44.2479],[4.3228,44.2556],[4.3257,44.2573],[4.3317,44.2574],[4.3369,44.2592],[4.3326,44.2587],[4.3322,44.2605],[4.3349,44.264],[4.3409,44.2625],[4.3477,44.2642],[4.3504,44.2616],[4.3534,44.2612],[4.3622,44.2627],[4.3628,44.2639],[4.3613,44.2648],[4.3705,44.2665],[4.3732,44.2633],[4.3743,44.2669],[4.3824,44.2706],[4.3882,44.264],[4.3924,44.263],[4.3928,44.2602],[4.3972,44.2619]]]}},{"type":"Feature","properties":{"id":"F15605E","nom":"Forêt communale de Sauve","dep":"30","dom":false,"essence":"feuillu","substrat":"calcaire","elev":383,"slopeDeg":4,"aspect":318},"geometry":{"type":"Polygon","coordinates":[[[3.9595,43.9095],[3.959,43.9083],[3.9529,43.9086],[3.9509,43.9075],[3.9501,43.9053],[3.9533,43.9071],[3.9572,43.9062],[3.9571,43.9011],[3.9487,43.8919],[3.9322,43.8946],[3.9239,43.901],[3.9238,43.9044],[3.9264,43.9068],[3.9264,43.9087],[3.9223,43.9135],[3.9302,43.9123],[3.9374,43.9203],[3.943,43.9162],[3.9511,43.9194],[3.9583,43.9135],[3.9595,43.9095]]]}},{"type":"Feature","properties":{"id":"F15606F","nom":"Forêt communale de Vers","dep":"30","dom":false,"essence":"feuillu","substrat":"neutre","elev":80,"slopeDeg":2.2,"aspect":219},"geometry":{"type":"MultiPolygon","coordinates":[[[[4.5361,43.9846],[4.5339,43.9828],[4.5338,43.9803],[4.5297,43.9783],[4.5283,43.98],[4.5295,43.9798],[4.5294,43.9819],[4.5267,43.982],[4.5275,43.9843],[4.5262,43.9856],[4.5227,43.983],[4.5184,43.9848],[4.5164,43.9834],[4.5144,43.9832],[4.5145,43.9846],[4.5136,43.9834],[4.5133,43.9847],[4.513,43.9834],[4.5101,43.9831],[4.5093,43.9845],[4.5129,43.9869],[4.5108,43.9866],[4.5103,43.9877],[4.5045,43.9843],[4.5051,43.9933],[4.503,43.9926],[4.5017,43.9939],[4.5053,43.9946],[4.5077,43.9989],[4.5041,44.0021],[4.505,44.0035],[4.5268,44.0036],[4.5276,43.996],[4.5343,43.9973],[4.5329,43.9932],[4.5367,43.9881],[4.5361,43.9846]]],[[[4.5412,43.9624],[4.5403,43.9612],[4.5415,43.9586],[4.5376,43.961],[4.5351,43.9605],[4.5366,43.9589],[4.5357,43.958],[4.5321,43.9579],[4.5338,43.9622],[4.5383,43.9648],[4.5384,43.9659],[4.5373,43.9647],[4.5379,43.9662],[4.5365,43.9662],[4.5371,43.9679],[4.5397,43.9678],[4.5387,43.965],[4.5415,43.9659],[4.5422,43.9632],[4.5412,43.9624]]],[[[4.5334,43.9738],[4.532,43.974],[4.532,43.9762],[4.5337,43.9747],[4.5339,43.9769],[4.5324,43.9764],[4.5317,43.978],[4.5338,43.9783],[4.5347,43.9733],[4.5335,43.9734],[4.5348,43.9703],[4.5327,43.9726],[4.5334,43.9738]]],[[[4.534,43.9492],[4.5359,43.9485],[4.5349,43.9476],[4.5298,43.9492],[4.534,43.9492]]]]}},{"type":"Feature","properties":{"id":"F15608H","nom":"Forêt communale de Navacelles","dep":"30","dom":false,"essence":"feuillu","substrat":"calcaire","elev":245,"slopeDeg":3.6,"aspect":265},"geometry":{"type":"Polygon","coordinates":[[[4.258,44.1455],[4.2537,44.1445],[4.2489,44.1457],[4.247,44.1478],[4.2498,44.1494],[4.2471,44.1526],[4.2484,44.1548],[4.2448,44.157],[4.2443,44.1614],[4.2454,44.1619],[4.2417,44.1652],[4.2433,44.1661],[4.2396,44.1671],[4.2414,44.1686],[4.2387,44.1712],[4.2415,44.1752],[4.241,44.1774],[4.245,44.178],[4.2447,44.1811],[4.2429,44.1797],[4.2421,44.1827],[4.2482,44.1837],[4.2558,44.1825],[4.249,44.1655],[4.2494,44.1636],[4.2559,44.1584],[4.258,44.1455]]]}},{"type":"Feature","properties":{"id":"F15620T","nom":"Forêt communale de Saint-Nazaire","dep":"30","dom":false,"essence":"conifere","substrat":"calcaire","elev":160,"slopeDeg":4.4,"aspect":93},"geometry":{"type":"MultiPolygon","coordinates":[[[[4.6043,44.1969],[4.5995,44.197],[4.603,44.198],[4.6009,44.1993],[4.6029,44.2069],[4.6042,44.2066],[4.6028,44.2027],[4.6065,44.2021],[4.609,44.1989],[4.6043,44.1969]]],[[[4.6106,44.1989],[4.6128,44.1977],[4.6166,44.2001],[4.6168,44.199],[4.6188,44.1991],[4.6182,44.1977],[4.6158,44.1991],[4.6157,44.1968],[4.6181,44.196],[4.617,44.1965],[4.6163,44.1956],[4.6178,44.1952],[4.6147,44.1934],[4.6139,44.1951],[4.6151,44.1958],[4.6094,44.1984],[4.6094,44.2001],[4.6106,44.1989]]]]}},{"type":"Feature","properties":{"id":"F15621U","nom":"Forêt communale de Bouquet","dep":"30","dom":false,"essence":"feuillu","substrat":"calcaire","elev":284,"slopeDeg":3.6,"aspect":40},"geometry":{"type":"MultiPolygon","coordinates":[[[[4.2609,44.182],[4.2569,44.1792],[4.2618,44.1779],[4.2652,44.1729],[4.2596,44.1696],[4.2515,44.1691],[4.2506,44.1638],[4.2763,44.1498],[4.2737,44.1501],[4.2723,44.148],[4.2763,44.1455],[4.2779,44.1424],[4.2769,44.1456],[4.2802,44.1462],[4.278,44.1486],[4.2888,44.1436],[4.2888,44.1405],[4.2908,44.1414],[4.2874,44.1379],[4.2894,44.1344],[4.3001,44.1346],[4.304,44.1327],[4.3059,44.1285],[4.2912,44.1339],[4.2853,44.1345],[4.2784,44.1386],[4.2581,44.1456],[4.2559,44.1584],[4.2494,44.1636],[4.249,44.1655],[4.2557,44.1825],[4.2603,44.1831],[4.2609,44.182]]],[[[4.2746,44.1795],[4.2743,44.1826],[4.2798,44.1792],[4.2789,44.178],[4.2746,44.1795]]],[[[4.3079,44.1278],[4.3068,44.1291],[4.3086,44.1298],[4.3068,44.1303],[4.3109,44.1301],[4.3079,44.1278]]],[[[4.2662,44.1886],[4.2706,44.1857],[4.268,44.1856],[4.2662,44.1886]]]]}},{"type":"Feature","properties":{"id":"F15622V","nom":"Forêt domaniale de l'Aigoual","dep":"30","dom":true,"essence":"conifere","substrat":"acide","elev":1245,"slopeDeg":3.8,"aspect":310},"geometry":{"type":"MultiPolygon","coordinates":[[[[3.5436,44.1097],[3.5433,44.1087],[3.5462,44.1078],[3.5457,44.1097],[3.5492,44.1126],[3.5474,44.1147],[3.5498,44.1162],[3.5531,44.116],[3.5647,44.1235],[3.5745,44.1212],[3.5834,44.1213],[3.5896,44.1184],[3.5918,44.1201],[3.5979,44.119],[3.6012,44.1167],[3.5993,44.1146],[3.6051,44.1094],[3.6151,44.1075],[3.6127,44.1065],[3.6135,44.1046],[3.6078,44.1036],[3.6016,44.1064],[3.5953,44.1063],[3.5888,44.1104],[3.5882,44.1085],[3.5909,44.1029],[3.5933,44.1016],[3.5906,44.1023],[3.5894,44.1006],[3.5845,44.1003],[3.5755,44.1022],[3.5777,44.0961],[3.5764,44.0954],[3.5735,44.0969],[3.5723,44.0956],[3.5682,44.0974],[3.5638,44.0912],[3.5664,44.091],[3.566,44.0923],[3.5679,44.0905],[3.5683,44.0927],[3.5717,44.093],[3.5699,44.0886],[3.5758,44.088],[3.5748,44.0859],[3.5777,44.0859],[3.5784,44.088],[3.581,44.0876],[3.5798,44.0844],[3.5807,44.083],[3.5832,44.0857],[3.5876,44.0863],[3.5868,44.0852],[3.5899,44.0848],[3.5906,44.0859],[3.5928,44.0845],[3.5936,44.0812],[3.5972,44.0827],[3.601,44.0823],[3.6025,44.0842],[3.6039,44.0832],[3.6003,44.0805],[3.6012,44.0773],[3.6037,44.0768],[3.6072,44.0784],[3.6094,44.0714],[3.6123,44.0711],[3.6119,44.0697],[3.6126,44.0711],[3.6153,44.0713],[3.6164,44.067],[3.621,44.0653],[3.6191,44.0648],[3.6207,44.0629],[3.6284,44.064],[3.6274,44.0615],[3.615,44.0632],[3.6125,44.0648],[3.6045,44.0647],[3.6048,44.0605],[3.6144,44.0594],[3.6161,44.0558],[3.6178,44.055],[3.62,44.0566],[3.6199,44.0542],[3.6223,44.0537],[3.6211,44.0516],[3.6225,44.0526],[3.6243,44.0507],[3.6264,44.0524],[3.628,44.0515],[3.6227,44.0476],[3.625,44.0465],[3.6244,44.0457],[3.6187,44.0484],[3.6118,44.0478],[3.6099,44.046],[3.6099,44.0411],[3.6078,44.0393],[3.6049,44.0409],[3.6069,44.037],[3.6125,44.037],[3.6133,44.0345],[3.6126,44.032],[3.611,44.0325],[3.6112,44.0302],[3.6046,44.0312],[3.6064,44.0294],[3.6033,44.027],[3.6019,44.0281],[3.6038,44.0281],[3.6047,44.0297],[3.6001,44.0303],[3.6004,44.0315],[3.604,44.0318],[3.6026,44.0341],[3.6003,44.0341],[3.6005,44.0357],[3.604,44.0357],[3.604,44.037],[3.5994,44.0369],[3.6039,44.0378],[3.6046,44.0398],[3.6034,44.0416],[3.601,44.0419],[3.5985,44.0389],[3.5994,44.0371],[3.5915,44.0369],[3.5969,44.0387],[3.597,44.04],[3.5917,44.039],[3.5988,44.0427],[3.5992,44.0444],[3.5906,44.0448],[3.5907,44.0463],[3.5932,44.0473],[3.5914,44.047],[3.5903,44.0505],[3.5887,44.0463],[3.5862,44.0474],[3.5841,44.0457],[3.5863,44.0451],[3.579,44.0442],[3.583,44.0404],[3.5793,44.0394],[3.58,44.0351],[3.5735,44.0356],[3.5719,44.0326],[3.574,44.0312],[3.5745,44.0269],[3.576,44.0259],[3.5734,44.0226],[3.5624,44.0217],[3.5649,44.0245],[3.5589,44.0288],[3.5631,44.0294],[3.5627,44.0318],[3.5645,44.0321],[3.5601,44.035],[3.5588,44.0384],[3.5525,44.0375],[3.5519,44.0352],[3.5487,44.035],[3.5496,44.0325],[3.5449,44.0318],[3.5465,44.0302],[3.551,44.0296],[3.5501,44.023],[3.5468,44.0224],[3.5479,44.018],[3.5405,44.017],[3.5412,44.013],[3.544,44.0117],[3.5419,44.0081],[3.5433,44.0032],[3.5397,44.0043],[3.54,44.0061],[3.5394,44.005],[3.5358,44.0057],[3.5364,44.0018],[3.5326,44.0031],[3.5335,44.0066],[3.5319,44.0084],[3.5331,44.0089],[3.5269,44.0125],[3.5277,44.0188],[3.5268,44.0177],[3.5225,44.0176],[3.5224,44.0224],[3.5237,44.0238],[3.5219,44.0282],[3.5183,44.0282],[3.5154,44.0248],[3.5167,44.0229],[3.5164,44.0212],[3.514,44.0201],[3.5148,44.0187],[3.5135,44.0167],[3.5158,44.0161],[3.5141,44.0141],[3.5085,44.0156],[3.5062,44.0201],[3.5036,44.0199],[3.4983,44.0244],[3.4955,44.0227],[3.496,44.0248],[3.4928,44.0284],[3.4916,44.028],[3.4924,44.0263],[3.4913,44.0248],[3.4884,44.0278],[3.4843,44.0224],[3.4812,44.0215],[3.4812,44.0184],[3.4763,44.018],[3.4764,44.0141],[3.4782,44.0129],[3.4746,44.0099],[3.4687,44.0116],[3.4679,44.0134],[3.4672,44.0126],[3.4646,44.0154],[3.4629,44.0154],[3.4638,44.0065],[3.4678,44.0043],[3.4678,44.003],[3.4647,44.0025],[3.4659,44.0012],[3.4648,43.9996],[3.4641,44.001],[3.462,44.0003],[3.4634,43.9976],[3.4611,43.9981],[3.4595,43.9969],[3.4622,43.9936],[3.4586,43.9933],[3.4498,43.9988],[3.4503,43.996],[3.4528,43.9939],[3.4416,43.9963],[3.4384,43.993],[3.432,43.9921],[3.4334,43.9913],[3.4312,43.9895],[3.4292,43.9924],[3.4299,43.9935],[3.4268,43.9937],[3.4255,43.9953],[3.4273,43.9965],[3.4403,43.9983],[3.446,44.0048],[3.4468,44.0094],[3.4495,44.0118],[3.4484,44.0196],[3.4518,44.0218],[3.4432,44.0246],[3.429,44.035],[3.4224,44.036],[3.4218,44.0378],[3.4257,44.0412],[3.4304,44.0414],[3.4372,44.0365],[3.4584,44.0351],[3.46,44.0359],[3.4593,44.0389],[3.4557,44.0486],[3.4527,44.0518],[3.4543,44.0527],[3.4611,44.0482],[3.4627,44.0493],[3.4611,44.0515],[3.4623,44.0526],[3.4671,44.0513],[3.4678,44.0481],[3.4702,44.0485],[3.4713,44.0504],[3.4763,44.049],[3.474,44.0532],[3.4781,44.056],[3.4815,44.0553],[3.4809,44.0561],[3.4826,44.0569],[3.4811,44.0583],[3.4818,44.0596],[3.4845,44.0599],[3.4891,44.0573],[3.4905,44.0623],[3.4954,44.0623],[3.4946,44.0664],[3.4961,44.0711],[3.4977,44.0709],[3.4986,44.0674],[3.5044,44.0607],[3.5067,44.0608],[3.515,44.0663],[3.5169,44.0654],[3.5153,44.0631],[3.5162,44.0625],[3.5192,44.0655],[3.5146,44.0677],[3.515,44.0697],[3.5195,44.0719],[3.5179,44.0693],[3.5215,44.0651],[3.5252,44.0564],[3.5285,44.0581],[3.5261,44.0632],[3.5295,44.0676],[3.5336,44.0649],[3.5331,44.0663],[3.5356,44.0695],[3.5403,44.0673],[3.5485,44.075],[3.5494,44.0785],[3.553,44.0794],[3.555,44.078],[3.5607,44.0785],[3.5647,44.0768],[3.5706,44.0786],[3.5754,44.0777],[3.5816,44.0722],[3.5915,44.0682],[3.5893,44.0709],[3.5684,44.0829],[3.5632,44.0834],[3.5612,44.0875],[3.555,44.0901],[3.5535,44.0944],[3.5516,44.0938],[3.5456,44.0973],[3.5449,44.0958],[3.5378,44.0953],[3.537,44.0934],[3.5278,44.0876],[3.5265,44.0894],[3.516,44.0872],[3.5073,44.088],[3.5035,44.0855],[3.4967,44.0838],[3.4937,44.0848],[3.4897,44.0836],[3.4872,44.0855],[3.479,44.0844],[3.4727,44.0879],[3.4664,44.0874],[3.4668,44.0897],[3.4627,44.0911],[3.4662,44.0874],[3.4555,44.0801],[3.4565,44.0859],[3.4534,44.0897],[3.4497,44.0865],[3.4498,44.0831],[3.4408,44.0828],[3.4394,44.0845],[3.4391,44.0829],[3.4361,44.0811],[3.4265,44.0823],[3.4241,44.0795],[3.4206,44.0797],[3.4239,44.0774],[3.4213,44.0749],[3.4201,44.0744],[3.4176,44.0767],[3.4146,44.076],[3.4148,44.0734],[3.4112,44.0723],[3.4102,44.0706],[3.4046,44.0737],[3.4019,44.0737],[3.4037,44.075],[3.4005,44.0744],[3.3987,44.0757],[3.4008,44.0817],[3.3985,44.085],[3.3951,44.0855],[3.3987,44.0858],[3.396,44.0874],[3.3966,44.0882],[3.4012,44.09],[3.402,44.0885],[3.4052,44.0907],[3.4131,44.0889],[3.4146,44.0904],[3.4158,44.0898],[3.4143,44.0883],[3.4164,44.0897],[3.4164,44.0881],[3.4181,44.0878],[3.4173,44.0895],[3.42,44.0898],[3.4194,44.0885],[3.421,44.0885],[3.4221,44.0897],[3.4204,44.0904],[3.4226,44.0912],[3.4188,44.0905],[3.4214,44.0921],[3.4141,44.0955],[3.416,44.0968],[3.4208,44.0957],[3.4277,44.0918],[3.4291,44.0897],[3.4315,44.0901],[3.4314,44.0884],[3.4332,44.0889],[3.4317,44.0919],[3.424,44.0984],[3.4254,44.1018],[3.4242,44.1033],[3.4271,44.1061],[3.4313,44.096],[3.4341,44.0963],[3.433,44.0958],[3.438,44.0915],[3.4448,44.0927],[3.4494,44.09],[3.4503,44.092],[3.452,44.0902],[3.4515,44.0915],[3.4573,44.0898],[3.456,44.0911],[3.4576,44.094],[3.4525,44.0968],[3.4542,44.0975],[3.4576,44.0952],[3.4563,44.0965],[3.4582,44.0962],[3.4569,44.0994],[3.4588,44.1003],[3.4652,44.0996],[3.4696,44.0957],[3.4668,44.1007],[3.4677,44.1038],[3.4732,44.1027],[3.4741,44.1038],[3.476,44.1015],[3.4825,44.1082],[3.4843,44.108],[3.4856,44.1014],[3.4883,44.1011],[3.4901,44.105],[3.492,44.1048],[3.4928,44.1026],[3.4926,44.1043],[3.4941,44.1051],[3.4976,44.1015],[3.4989,44.1036],[3.4968,44.1054],[3.4877,44.1055],[3.4888,44.1093],[3.4924,44.1084],[3.4946,44.1132],[3.4936,44.1082],[3.4959,44.1083],[3.4972,44.1124],[3.5033,44.1128],[3.5043,44.1111],[3.5081,44.1116],[3.5145,44.1084],[3.5152,44.1073],[3.5138,44.105],[3.515,44.1046],[3.5188,44.1052],[3.5183,44.107],[3.5225,44.1052],[3.5374,44.1039],[3.5384,44.1055],[3.5311,44.109],[3.5294,44.1095],[3.5264,44.1075],[3.5157,44.1118],[3.5166,44.116],[3.5204,44.1214],[3.5241,44.1206],[3.5325,44.1217],[3.5387,44.12],[3.5434,44.1134],[3.5436,44.1097]]],[[[3.4753,44.1255],[3.4774,44.1248],[3.4755,44.1238],[3.4792,44.121],[3.4757,44.1236],[3.474,44.123],[3.4751,44.122],[3.4742,44.1204],[3.4688,44.1191],[3.4661,44.1145],[3.4689,44.1129],[3.4657,44.1102],[3.4583,44.1115],[3.4538,44.1109],[3.452,44.1082],[3.4491,44.1076],[3.4372,44.108],[3.4351,44.1068],[3.4346,44.1042],[3.4318,44.1046],[3.432,44.1034],[3.4284,44.1072],[3.4303,44.1071],[3.4288,44.1085],[3.4296,44.11],[3.4271,44.1109],[3.4298,44.1111],[3.4305,44.1127],[3.4291,44.1182],[3.4212,44.1184],[3.4223,44.1214],[3.4177,44.121],[3.4159,44.1189],[3.4139,44.1193],[3.4125,44.1162],[3.4124,44.1174],[3.4105,44.1176],[3.4092,44.1159],[3.4011,44.1175],[3.4005,44.1152],[3.3975,44.1143],[3.3956,44.1168],[3.3928,44.1162],[3.3932,44.1197],[3.3951,44.1212],[3.3942,44.1232],[3.3975,44.1235],[3.3967,44.1217],[3.4015,44.1215],[3.4033,44.1242],[3.4029,44.126],[3.4051,44.1264],[3.4057,44.1221],[3.408,44.1213],[3.4092,44.119],[3.4101,44.1225],[3.4084,44.1243],[3.4105,44.1235],[3.4117,44.1255],[3.4165,44.1241],[3.4178,44.1257],[3.4196,44.1253],[3.4178,44.1274],[3.4193,44.1298],[3.4181,44.1325],[3.4274,44.1364],[3.4217,44.1474],[3.4196,44.1448],[3.4214,44.1416],[3.421,44.1393],[3.4097,44.1413],[3.4125,44.1433],[3.4176,44.1434],[3.4193,44.1482],[3.4231,44.1475],[3.4218,44.1507],[3.4238,44.1519],[3.4296,44.1444],[3.4328,44.1353],[3.4397,44.1294],[3.4502,44.1265],[3.4673,44.1274],[3.4753,44.1255]]],[[[3.6271,44.1192],[3.633,44.1213],[3.6416,44.1191],[3.6448,44.1158],[3.6514,44.1137],[3.6507,44.1087],[3.6459,44.1088],[3.6474,44.1094],[3.6458,44.1105],[3.6407,44.1086],[3.6415,44.11],[3.6373,44.1103],[3.6365,44.111],[3.6377,44.1129],[3.6314,44.1171],[3.632,44.1154],[3.6303,44.1164],[3.6283,44.1134],[3.6249,44.1176],[3.6271,44.1192]]],[[[3.5368,43.9981],[3.5409,43.9992],[3.5394,43.9971],[3.5405,43.9974],[3.5432,43.9941],[3.5552,43.995],[3.5495,43.9928],[3.5562,43.9894],[3.5539,43.9891],[3.5515,43.9917],[3.5533,43.9888],[3.5484,43.9872],[3.5543,43.9875],[3.5573,43.984],[3.5541,43.9827],[3.5455,43.9849],[3.5448,43.982],[3.5437,43.9822],[3.5445,43.9832],[3.5417,43.9836],[3.5421,43.9851],[3.5403,43.9851],[3.5433,43.9859],[3.5404,43.9871],[3.5427,43.9873],[3.5408,43.9879],[3.5423,43.9906],[3.5401,43.9914],[3.5395,43.9901],[3.5384,43.9927],[3.5367,43.9927],[3.5368,43.9981]]],[[[3.4187,43.9859],[3.4163,43.9871],[3.417,43.9899],[3.419,43.9901],[3.4173,43.9909],[3.4179,43.9929],[3.4238,43.9947],[3.4232,43.9928],[3.4246,43.994],[3.4253,43.9926],[3.4242,43.9914],[3.4192,43.9908],[3.4244,43.9899],[3.4213,43.9888],[3.4228,43.9859],[3.4278,43.9868],[3.4288,43.985],[3.4266,43.9831],[3.4299,43.9813],[3.4323,43.9826],[3.4293,43.9784],[3.4313,43.9716],[3.4286,43.972],[3.4273,43.9742],[3.4225,43.974],[3.4218,43.9769],[3.4247,43.981],[3.4229,43.9831],[3.4238,43.9853],[3.4187,43.9859]]],[[[3.6718,44.0927],[3.6693,44.0922],[3.6712,44.0922],[3.6732,44.09],[3.669,44.0897],[3.6719,44.0886],[3.6704,44.0881],[3.6722,44.087],[3.671,44.0827],[3.6696,44.081],[3.6694,44.0829],[3.6682,44.0811],[3.6669,44.0816],[3.6661,44.08],[3.6675,44.0791],[3.6649,44.0791],[3.6645,44.0809],[3.663,44.0804],[3.6626,44.0831],[3.6636,44.0833],[3.6624,44.0854],[3.6632,44.0873],[3.6659,44.088],[3.6677,44.0987],[3.6739,44.0987],[3.6751,44.0974],[3.6761,44.0959],[3.6751,44.0933],[3.6718,44.0927]]],[[[3.6929,44.08],[3.6897,44.0813],[3.6908,44.0816],[3.6895,44.0832],[3.684,44.0813],[3.6828,44.0825],[3.6858,44.0847],[3.6876,44.0836],[3.6909,44.0849],[3.6909,44.0869],[3.6934,44.0893],[3.6959,44.0878],[3.697,44.0889],[3.7002,44.0884],[3.6976,44.0845],[3.7004,44.0829],[3.6991,44.0814],[3.7002,44.0781],[3.6977,44.0823],[3.6982,44.0805],[3.697,44.08],[3.6982,44.0777],[3.6963,44.078],[3.6946,44.0805],[3.6929,44.08]]],[[[3.5413,44.0901],[3.5453,44.0903],[3.5468,44.0881],[3.5452,44.0866],[3.5486,44.0863],[3.5512,44.0881],[3.5489,44.0849],[3.5496,44.0803],[3.5489,44.0819],[3.5414,44.0813],[3.5374,44.084],[3.5413,44.0901]]],[[[3.457,44.0659],[3.4579,44.0648],[3.4618,44.066],[3.4609,44.0619],[3.4577,44.0609],[3.4553,44.0631],[3.457,44.0659]]],[[[3.4094,44.0677],[3.4084,44.0664],[3.4021,44.0714],[3.4102,44.0694],[3.4094,44.0677]]],[[[3.4375,44.0435],[3.4379,44.045],[3.4393,44.0425],[3.445,44.0405],[3.4384,44.0424],[3.4375,44.0406],[3.4375,44.0435]]],[[[3.6594,44.0698],[3.6573,44.0699],[3.6563,44.0719],[3.6608,44.0698],[3.6594,44.0698]]]]}},{"type":"Feature","properties":{"id":"F15633G","nom":"Forêt communale de Saint-André D'Olérargues","dep":"30","dom":false,"essence":"feuillu","substrat":"calcaire","elev":204,"slopeDeg":4.5,"aspect":9},"geometry":{"type":"MultiPolygon","coordinates":[[[[4.5031,44.1739],[4.5038,44.1729],[4.5039,44.1746],[4.5104,44.1747],[4.5099,44.1721],[4.5178,44.1723],[4.5179,44.1711],[4.5132,44.1661],[4.5111,44.1681],[4.5076,44.1657],[4.5097,44.1692],[4.5004,44.1683],[4.4993,44.1689],[4.5023,44.1698],[4.5024,44.171],[4.5002,44.1713],[4.4983,44.1688],[4.4941,44.1684],[4.4927,44.1702],[4.4897,44.1705],[4.489,44.1728],[4.4908,44.1743],[4.5031,44.1739]]],[[[4.5263,44.1652],[4.5251,44.1635],[4.5224,44.1644],[4.5247,44.165],[4.5247,44.1686],[4.5264,44.1684],[4.5263,44.1652]]]]}},{"type":"Feature","properties":{"id":"F15634H","nom":"Forêt communale de Saint-Gervais","dep":"30","dom":false,"essence":"feuillu","substrat":"calcaire","elev":150,"slopeDeg":2.5,"aspect":214},"geometry":{"type":"MultiPolygon","coordinates":[[[[4.5659,44.2086],[4.569,44.2161],[4.5859,44.2127],[4.5848,44.2097],[4.5774,44.2101],[4.5699,44.1987],[4.5694,44.2011],[4.5674,44.1993],[4.5644,44.1997],[4.5659,44.2086]]],[[[4.5708,44.1968],[4.5691,44.198],[4.5782,44.1974],[4.5813,44.2001],[4.5793,44.1952],[4.5863,44.195],[4.5749,44.1946],[4.5708,44.1968]]]]}},{"type":"Feature","properties":{"id":"F15635I","nom":"Forêt communale de La Bastide-D'Engras","dep":"30","dom":false,"essence":"conifere","substrat":"calcaire","elev":213,"slopeDeg":0.7,"aspect":148},"geometry":{"type":"MultiPolygon","coordinates":[[[[4.488,44.0818],[4.4913,44.0801],[4.4692,44.0777],[4.4498,44.0785],[4.449,44.0798],[4.4577,44.0917],[4.4598,44.09],[4.47,44.0877],[4.4755,44.0893],[4.4829,44.0871],[4.4851,44.0887],[4.4855,44.0869],[4.4882,44.0853],[4.4867,44.0834],[4.488,44.0818]]],[[[4.487,44.0953],[4.4938,44.095],[4.4934,44.0932],[4.4889,44.0939],[4.4892,44.0929],[4.4807,44.0946],[4.487,44.0953]]],[[[4.469,44.0959],[4.4642,44.0955],[4.4601,44.0969],[4.4664,44.0974],[4.4654,44.0986],[4.4712,44.0984],[4.4706,44.0963],[4.4707,44.098],[4.4679,44.0978],[4.4702,44.0968],[4.469,44.0959]]]]}},{"type":"Feature","properties":{"id":"F15636J","nom":"Forêt communale de Saint-Mamert Du Gard","dep":"30","dom":false,"essence":"feuillu","substrat":"calcaire","elev":127,"slopeDeg":2.2,"aspect":114},"geometry":{"type":"MultiPolygon","coordinates":[[[[4.1566,43.8879],[4.1574,43.8874],[4.156,43.8873],[4.1559,43.8856],[4.1533,43.8857],[4.1541,43.884],[4.1511,43.8821],[4.1524,43.8797],[4.1509,43.8775],[4.1438,43.8825],[4.1458,43.8945],[4.1541,43.8967],[4.1577,43.8902],[4.1557,43.8898],[4.1572,43.8895],[4.1566,43.8879]]],[[[4.2035,43.8902],[4.2085,43.8875],[4.208,43.8868],[4.1977,43.8899],[4.2035,43.8902]]],[[[4.1719,43.8775],[4.173,43.8771],[4.1699,43.8753],[4.1621,43.8798],[4.1645,43.8803],[4.1719,43.8775]]]]}},{"type":"Feature","properties":{"id":"F15655C","nom":"Forêt communale de Saint-Jean-De-Ceyrargues","dep":"30","dom":false,"essence":"feuillu","substrat":"calcaire","elev":218,"slopeDeg":1.7,"aspect":240},"geometry":{"type":"Polygon","coordinates":[[[4.257,44.0629],[4.2459,44.0541],[4.2439,44.0578],[4.2457,44.0632],[4.257,44.0629]]]}},{"type":"Feature","properties":{"id":"F15637K","nom":"Forêt communale de Saint-Privat De Champclos","dep":"30","dom":false,"essence":"feuillu","substrat":"calcaire","elev":214,"slopeDeg":6.4,"aspect":113},"geometry":{"type":"Polygon","coordinates":[[[4.3511,44.2615],[4.3477,44.2642],[4.3331,44.2637],[4.3318,44.2686],[4.3329,44.2711],[4.3479,44.2678],[4.3551,44.271],[4.3603,44.2709],[4.3637,44.272],[4.3621,44.2733],[4.3617,44.2768],[4.3662,44.2759],[4.3697,44.277],[4.3716,44.2739],[4.3695,44.2729],[4.375,44.2739],[4.3754,44.2722],[4.3754,44.2738],[4.3782,44.273],[4.3816,44.2743],[4.3791,44.2762],[4.3781,44.2794],[4.382,44.279],[4.3862,44.2749],[4.3854,44.2695],[4.3796,44.2706],[4.3742,44.2693],[4.3689,44.2712],[4.3589,44.2656],[4.3594,44.2625],[4.3545,44.2648],[4.3548,44.2625],[4.3511,44.2615]]]}},{"type":"Feature","properties":{"id":"F15638L","nom":"Forêt communale de Vallabrix","dep":"30","dom":false,"essence":"feuillu","substrat":"calcaire","elev":152,"slopeDeg":1.5,"aspect":215},"geometry":{"type":"MultiPolygon","coordinates":[[[[4.4953,44.0786],[4.4976,44.0774],[4.4961,44.0773],[4.4889,44.0689],[4.4821,44.0699],[4.471,44.0682],[4.4682,44.0692],[4.4698,44.0777],[4.4913,44.0801],[4.4953,44.0786]]],[[[4.4949,44.0549],[4.4946,44.053],[4.489,44.053],[4.4859,44.0496],[4.4808,44.0511],[4.4759,44.0494],[4.4746,44.0525],[4.4835,44.0537],[4.4881,44.0561],[4.4898,44.0582],[4.4889,44.0591],[4.4931,44.0577],[4.4941,44.0561],[4.4953,44.0566],[4.4929,44.0555],[4.4949,44.0549]]]]}},{"type":"Feature","properties":{"id":"F15639M","nom":"Forêt domaniale du Mas-Ayre","dep":"30","dom":true,"essence":"conifere","substrat":"acide","elev":680,"slopeDeg":13.4,"aspect":312},"geometry":{"type":"MultiPolygon","coordinates":[[[[3.9968,44.4399],[3.9994,44.4406],[4.0024,44.4389],[3.9971,44.4375],[4.0011,44.4366],[4.002,44.4332],[4.0004,44.4319],[4.0014,44.43],[4.0005,44.4298],[4.0016,44.4287],[4.0046,44.4288],[4.0037,44.4306],[4.0021,44.4295],[4.0029,44.4319],[4.0037,44.4306],[4.0054,44.432],[4.0068,44.4303],[4.0059,44.4295],[4.0071,44.4302],[4.0078,44.4286],[4.0147,44.4298],[4.0148,44.4282],[4.0158,44.4298],[4.0176,44.4286],[4.0194,44.4291],[4.0179,44.4298],[4.0183,44.4331],[4.0199,44.4313],[4.0222,44.4332],[4.0239,44.4313],[4.0214,44.4286],[4.0244,44.4263],[4.0332,44.4246],[4.0322,44.4235],[4.0352,44.4194],[4.0396,44.418],[4.0478,44.4181],[4.0591,44.4119],[4.053,44.4085],[4.052,44.4113],[4.0488,44.4096],[4.0482,44.4074],[4.0481,44.4107],[4.0457,44.4127],[4.0433,44.4121],[4.0417,44.4141],[4.0423,44.4159],[4.0405,44.4165],[4.0374,44.4144],[4.0365,44.4168],[4.0336,44.4186],[4.0323,44.4184],[4.0336,44.4153],[4.0327,44.4136],[4.0278,44.4135],[4.026,44.4159],[4.028,44.4194],[4.0238,44.4202],[4.0236,44.4219],[4.0221,44.4222],[4.0236,44.4222],[4.0231,44.4252],[4.02,44.4281],[4.0161,44.4285],[4.017,44.4271],[4.0159,44.4259],[4.0124,44.4275],[4.0122,44.4255],[4.0079,44.4269],[4.0043,44.4247],[4.0025,44.4265],[4.0039,44.4277],[3.9988,44.4296],[3.9968,44.4299],[3.9973,44.4282],[3.9948,44.4273],[3.9904,44.4294],[3.988,44.4286],[3.9885,44.4264],[3.9849,44.4267],[3.983,44.4249],[3.9848,44.4241],[3.9813,44.4238],[3.9836,44.4218],[3.9815,44.4213],[3.9752,44.4238],[3.9761,44.4221],[3.9672,44.421],[3.9731,44.4267],[3.971,44.4311],[3.9721,44.4364],[3.9729,44.4371],[3.9746,44.4344],[3.9757,44.4348],[3.9735,44.4376],[3.9746,44.4382],[3.9797,44.4345],[3.9813,44.4369],[3.978,44.4391],[3.9805,44.4395],[3.9811,44.4413],[3.9791,44.4412],[3.9783,44.4451],[3.9812,44.4454],[3.9815,44.4409],[3.9837,44.4418],[3.9848,44.4443],[3.987,44.4417],[3.9874,44.4368],[3.9855,44.4325],[3.9875,44.4321],[3.9843,44.4316],[3.9868,44.4301],[3.9922,44.432],[3.9922,44.4331],[3.9927,44.4317],[3.9931,44.4329],[3.9941,44.4323],[3.9928,44.4334],[3.9948,44.4362],[3.9925,44.4364],[3.9933,44.439],[3.9923,44.4392],[3.9939,44.4407],[3.9968,44.4399]]],[[[4.0147,44.3823],[4.0151,44.3791],[4.0131,44.3784],[4.0081,44.3801],[4.0102,44.3822],[4.0117,44.3816],[4.012,44.3832],[4.0059,44.3863],[4.006,44.3874],[4.0138,44.3902],[4.0124,44.392],[4.0096,44.3905],[4.0073,44.3917],[4.0109,44.3941],[4.0045,44.3966],[4.0069,44.3995],[4.0028,44.401],[4.0074,44.4025],[4.0059,44.4035],[4.0089,44.4029],[4.0106,44.4053],[4.0132,44.4049],[4.0123,44.407],[4.0142,44.4055],[4.0159,44.4093],[4.0183,44.4098],[4.0164,44.4108],[4.0171,44.4124],[4.0226,44.4149],[4.0243,44.414],[4.023,44.4121],[4.0185,44.4098],[4.0168,44.4052],[4.0123,44.4017],[4.013,44.3998],[4.0172,44.3976],[4.0132,44.4006],[4.02,44.4028],[4.0247,44.401],[4.0209,44.4007],[4.0238,44.3972],[4.0217,44.3954],[4.0214,44.3929],[4.0173,44.3938],[4.0182,44.3882],[4.0139,44.3832],[4.0147,44.3823]]],[[[3.9633,44.3969],[3.9661,44.3941],[3.9642,44.3946],[3.9645,44.391],[3.9612,44.3893],[3.9609,44.3879],[3.9489,44.3864],[3.9463,44.3904],[3.9539,44.3934],[3.9501,44.3895],[3.9516,44.3871],[3.9565,44.3939],[3.9633,44.3969]]],[[[4.0299,44.4073],[4.0285,44.4065],[4.0351,44.4093],[4.037,44.4077],[4.0329,44.4059],[4.03,44.4025],[4.0194,44.4059],[4.0173,44.405],[4.0275,44.413],[4.0324,44.4112],[4.0295,44.4098],[4.0307,44.4084],[4.0299,44.4073]]],[[[3.979,44.3605],[3.9709,44.3608],[3.9675,44.3624],[3.9736,44.3651],[3.9745,44.3674],[3.9797,44.3671],[3.9842,44.3689],[3.9802,44.3647],[3.979,44.3605]]],[[[3.9676,44.3809],[3.9698,44.3797],[3.9693,44.3776],[3.9621,44.3744],[3.962,44.3707],[3.9609,44.3745],[3.9576,44.3746],[3.9581,44.379],[3.9623,44.3756],[3.9634,44.3764],[3.9593,44.3793],[3.962,44.3802],[3.9633,44.3778],[3.9654,44.3774],[3.9655,44.3803],[3.9676,44.3809]]],[[[3.9538,44.3713],[3.956,44.3713],[3.9576,44.3693],[3.9607,44.371],[3.9625,44.3684],[3.9568,44.3669],[3.9485,44.3681],[3.9514,44.3713],[3.9538,44.3713]]],[[[3.9604,44.3594],[3.9681,44.3574],[3.9654,44.3554],[3.9622,44.3551],[3.9582,44.3565],[3.9604,44.3594]]],[[[4.0306,44.43],[4.0345,44.4318],[4.0378,44.4313],[4.0367,44.4272],[4.0347,44.4279],[4.0321,44.4258],[4.0313,44.4269],[4.0327,44.4275],[4.0312,44.4274],[4.0306,44.43]]],[[[3.9879,44.4014],[3.9886,44.4055],[3.9911,44.4048],[3.9927,44.402],[3.9914,44.3996],[3.9879,44.4014]]],[[[3.9958,44.45],[3.997,44.4524],[4.0005,44.4491],[4.0044,44.4494],[4.0005,44.449],[3.9974,44.4503],[3.9954,44.4481],[3.9942,44.4488],[3.9958,44.45]]],[[[4.0137,44.4384],[4.0149,44.4353],[4.0132,44.4348],[4.0144,44.4355],[4.0135,44.4366],[4.0068,44.438],[4.0137,44.4384]]],[[[3.9902,44.3851],[3.9887,44.3851],[3.988,44.3874],[3.9917,44.3875],[3.9902,44.3851]]],[[[4.0149,44.4323],[4.012,44.4318],[4.0097,44.4342],[4.0125,44.4342],[4.0149,44.4323]]],[[[3.9912,44.4437],[3.9892,44.4431],[3.986,44.4462],[3.9912,44.4437]]]]}},{"type":"Feature","properties":{"id":"F15640N","nom":"Forêt communale d'Allègre","dep":"30","dom":false,"essence":"feuillu","substrat":"calcaire","elev":245,"slopeDeg":3.8,"aspect":221},"geometry":{"type":"MultiPolygon","coordinates":[[[[4.2701,44.1865],[4.2661,44.1886],[4.2601,44.1828],[4.2557,44.1825],[4.2482,44.1837],[4.2413,44.1826],[4.2409,44.1849],[4.2446,44.1867],[4.2412,44.1844],[4.2414,44.1833],[4.2495,44.1852],[4.2486,44.1874],[4.2509,44.1856],[4.2527,44.1868],[4.2511,44.1897],[4.2481,44.1878],[4.2479,44.1895],[4.245,44.1915],[4.2472,44.1936],[4.251,44.1932],[4.2518,44.1946],[4.2481,44.1977],[4.2495,44.1985],[4.2473,44.1997],[4.248,44.2009],[4.2524,44.1992],[4.2544,44.2016],[4.2598,44.2016],[4.2603,44.1982],[4.252,44.1969],[4.2582,44.1967],[4.262,44.1941],[4.2691,44.1949],[4.2703,44.193],[4.2738,44.1925],[4.2845,44.1937],[4.2846,44.1926],[4.2912,44.1927],[4.2877,44.186],[4.2837,44.1861],[4.2807,44.1832],[4.2798,44.1794],[4.27,44.1851],[4.2711,44.1857],[4.2701,44.1865]]],[[[4.276,44.2057],[4.2742,44.2073],[4.2767,44.2091],[4.2903,44.196],[4.2792,44.1946],[4.2678,44.1967],[4.2672,44.1991],[4.2649,44.1993],[4.2627,44.2019],[4.269,44.201],[4.276,44.2057]]]]}},{"type":"Feature","properties":{"id":"F15641O","nom":"Forêt communale de Goudargues","dep":"30","dom":false,"essence":"mixte","substrat":"calcaire","elev":304,"slopeDeg":2.8,"aspect":47},"geometry":{"type":"MultiPolygon","coordinates":[[[[4.4266,44.2382],[4.4309,44.2365],[4.4338,44.2372],[4.4321,44.2352],[4.4341,44.2356],[4.4325,44.2347],[4.4353,44.2334],[4.4376,44.2297],[4.4396,44.2305],[4.4398,44.2282],[4.4373,44.2257],[4.4404,44.227],[4.4414,44.2258],[4.4388,44.2226],[4.442,44.2252],[4.4447,44.2241],[4.4485,44.2254],[4.4512,44.2233],[4.4532,44.2241],[4.4481,44.2213],[4.4541,44.2197],[4.454,44.2163],[4.4522,44.2148],[4.4553,44.2146],[4.4583,44.2116],[4.4628,44.2126],[4.455,44.2087],[4.4629,44.2099],[4.449,44.2041],[4.4523,44.2042],[4.4534,44.203],[4.4529,44.2041],[4.4541,44.2045],[4.4561,44.2031],[4.4557,44.2048],[4.4601,44.2055],[4.4607,44.2042],[4.4567,44.2031],[4.4581,44.2019],[4.4625,44.2046],[4.4635,44.204],[4.4612,44.2005],[4.4572,44.1993],[4.4559,44.2002],[4.4595,44.2015],[4.4538,44.2019],[4.4548,44.1994],[4.4564,44.199],[4.4388,44.1946],[4.4321,44.1944],[4.4272,44.1993],[4.4313,44.1938],[4.429,44.1934],[4.4208,44.2017],[4.422,44.1986],[4.4184,44.1973],[4.4168,44.1948],[4.4145,44.1946],[4.4155,44.1964],[4.4126,44.1968],[4.4111,44.1997],[4.4078,44.2006],[4.4118,44.2045],[4.4084,44.2099],[4.4099,44.2109],[4.398,44.2193],[4.401,44.2218],[4.4028,44.2289],[4.4072,44.2333],[4.4085,44.2307],[4.4115,44.232],[4.4201,44.232],[4.4233,44.2365],[4.4266,44.2382]]],[[[4.4547,44.1831],[4.4507,44.1843],[4.4483,44.1868],[4.4497,44.1875],[4.4476,44.1884],[4.4478,44.1914],[4.455,44.1944],[4.4624,44.193],[4.4651,44.1946],[4.4743,44.1936],[4.4693,44.1907],[4.4709,44.1913],[4.4707,44.1925],[4.4676,44.1905],[4.4666,44.1912],[4.4678,44.192],[4.4662,44.1919],[4.4605,44.1886],[4.4593,44.1896],[4.4606,44.1916],[4.4556,44.1916],[4.4548,44.1906],[4.4572,44.1903],[4.4544,44.1883],[4.4555,44.1877],[4.4551,44.185],[4.4591,44.1824],[4.464,44.1821],[4.4624,44.1806],[4.4547,44.1831]]]]}},{"type":"Feature","properties":{"id":"F15642P","nom":"Forêt communale d'Aigaliers","dep":"30","dom":false,"essence":"feuillu","substrat":"calcaire","elev":268,"slopeDeg":2,"aspect":210},"geometry":{"type":"MultiPolygon","coordinates":[[[[4.2731,44.0874],[4.2753,44.088],[4.273,44.0881],[4.2725,44.0949],[4.28,44.093],[4.2795,44.0908],[4.2807,44.0899],[4.275,44.0926],[4.2748,44.09],[4.2796,44.0889],[4.2804,44.0856],[4.2822,44.0876],[4.2836,44.0871],[4.2825,44.0834],[4.286,44.0882],[4.2877,44.0882],[4.2854,44.0843],[4.2882,44.0833],[4.2873,44.0806],[4.2902,44.0789],[4.2928,44.0862],[4.2954,44.0859],[4.2953,44.0849],[4.2974,44.0881],[4.2961,44.0955],[4.2879,44.0998],[4.2844,44.1009],[4.2825,44.0962],[4.2807,44.0965],[4.2793,44.0946],[4.277,44.0964],[4.278,44.0979],[4.2752,44.0986],[4.2735,44.0975],[4.2749,44.1032],[4.2958,44.0971],[4.3102,44.0949],[4.3121,44.0912],[4.3143,44.0927],[4.3371,44.0793],[4.3436,44.0732],[4.3475,44.0659],[4.3421,44.0678],[4.3378,44.067],[4.3339,44.0612],[4.3348,44.0594],[4.3382,44.0599],[4.3374,44.0581],[4.3233,44.0597],[4.3196,44.0614],[4.3202,44.0597],[4.3176,44.059],[4.3026,44.0603],[4.2977,44.0627],[4.2968,44.0612],[4.2951,44.0628],[4.291,44.0621],[4.2923,44.0651],[4.2939,44.0656],[4.2922,44.0691],[4.294,44.072],[4.2978,44.0707],[4.2934,44.0713],[4.295,44.0678],[4.297,44.0672],[4.3016,44.0718],[4.3107,44.073],[4.3119,44.0717],[4.3096,44.0679],[4.315,44.0664],[4.3162,44.0667],[4.3144,44.0676],[4.3251,44.0721],[4.3394,44.0706],[4.3389,44.0687],[4.3447,44.0704],[4.3403,44.0707],[4.3414,44.0736],[4.3404,44.0751],[4.34,44.0739],[4.3392,44.0745],[4.3398,44.0724],[4.3382,44.0718],[4.3404,44.0705],[4.3363,44.0724],[4.3324,44.0721],[4.3329,44.0741],[4.3303,44.0747],[4.3303,44.076],[4.3272,44.0756],[4.3277,44.0743],[4.3265,44.0739],[4.324,44.0749],[4.3244,44.0739],[4.3233,44.0744],[4.3225,44.073],[4.323,44.0748],[4.3216,44.0742],[4.3199,44.0764],[4.315,44.0751],[4.3164,44.0784],[4.3132,44.0786],[4.3121,44.0826],[4.3126,44.0787],[4.311,44.077],[4.3085,44.0765],[4.3108,44.0785],[4.3071,44.0795],[4.3059,44.0759],[4.3038,44.0755],[4.302,44.078],[4.3035,44.081],[4.3019,44.0788],[4.3005,44.0789],[4.3023,44.0756],[4.2873,44.0776],[4.288,44.075],[4.2803,44.0766],[4.2795,44.0748],[4.2765,44.0784],[4.2804,44.0726],[4.2822,44.0723],[4.2808,44.0717],[4.2837,44.0698],[4.2782,44.0706],[4.2678,44.0739],[4.2687,44.0751],[4.2716,44.075],[4.2703,44.0764],[4.2674,44.0756],[4.2733,44.0811],[4.2731,44.0874]]],[[[4.2802,44.094],[4.2828,44.0957],[4.2861,44.0941],[4.2802,44.094]]]]}},{"type":"Feature","properties":{"id":"F15643Q","nom":"Forêt communale de Collias","dep":"30","dom":false,"essence":"feuillu","substrat":"calcaire","elev":190,"slopeDeg":3.6,"aspect":333},"geometry":{"type":"MultiPolygon","coordinates":[[[[4.4467,43.9296],[4.4468,43.932],[4.4458,43.9296],[4.4441,43.9295],[4.4431,43.9356],[4.4446,43.9377],[4.4441,43.9403],[4.4463,43.9413],[4.4435,43.9411],[4.4424,43.945],[4.4444,43.9516],[4.4444,43.9498],[4.4461,43.952],[4.4476,43.9517],[4.4474,43.9502],[4.4511,43.9506],[4.4506,43.9534],[4.4478,43.9537],[4.4488,43.9549],[4.4534,43.9545],[4.4523,43.952],[4.4538,43.9485],[4.4535,43.9503],[4.4552,43.9495],[4.4571,43.9544],[4.4582,43.9527],[4.4568,43.9488],[4.4574,43.9512],[4.4575,43.9495],[4.4591,43.9502],[4.4592,43.9526],[4.4601,43.9508],[4.4608,43.9525],[4.4614,43.9485],[4.4652,43.9524],[4.4657,43.9511],[4.4667,43.9526],[4.4682,43.9515],[4.4714,43.9523],[4.4717,43.95],[4.4778,43.9515],[4.4726,43.9492],[4.4786,43.945],[4.4825,43.9531],[4.4831,43.9516],[4.4862,43.9522],[4.4857,43.9504],[4.4883,43.9525],[4.4999,43.9502],[4.4977,43.9443],[4.4986,43.943],[4.4937,43.9408],[4.4943,43.9371],[4.489,43.9243],[4.4888,43.9264],[4.4874,43.9266],[4.4856,43.924],[4.4851,43.9183],[4.484,43.9186],[4.4835,43.9219],[4.4863,43.9265],[4.4842,43.9249],[4.4844,43.9261],[4.4814,43.9269],[4.4833,43.9281],[4.4818,43.9293],[4.4831,43.9293],[4.4846,43.9336],[4.4828,43.9358],[4.4773,43.9316],[4.4785,43.9288],[4.4756,43.9301],[4.4775,43.9295],[4.4757,43.9286],[4.4773,43.9262],[4.4772,43.9211],[4.4797,43.9206],[4.48,43.922],[4.4819,43.9217],[4.4832,43.9232],[4.4829,43.9195],[4.4775,43.9205],[4.4745,43.9243],[4.4763,43.9266],[4.4742,43.9246],[4.471,43.9292],[4.4467,43.9296]]],[[[4.494,43.9562],[4.4939,43.9538],[4.4929,43.9537],[4.4865,43.9561],[4.4892,43.9576],[4.4915,43.9557],[4.494,43.9562]]],[[[4.4865,43.9184],[4.4871,43.9228],[4.4886,43.9203],[4.4865,43.9184]]]]}},{"type":"Feature","properties":{"id":"F15644R","nom":"Forêt communale de Verfeuil","dep":"30","dom":false,"essence":"feuillu","substrat":"calcaire","elev":152,"slopeDeg":2.3,"aspect":205},"geometry":{"type":"MultiPolygon","coordinates":[[[[4.4315,44.1788],[4.4361,44.1782],[4.4305,44.1779],[4.4339,44.1775],[4.4325,44.1763],[4.4338,44.1749],[4.438,44.1745],[4.4338,44.1725],[4.4345,44.1703],[4.4381,44.1743],[4.4434,44.1743],[4.4445,44.1734],[4.4428,44.1734],[4.4414,44.1704],[4.4438,44.171],[4.4406,44.1682],[4.4458,44.1668],[4.4443,44.1655],[4.447,44.1654],[4.4522,44.1618],[4.4554,44.1622],[4.4565,44.1592],[4.4536,44.1587],[4.4553,44.1583],[4.453,44.1538],[4.4468,44.1527],[4.4472,44.1517],[4.4455,44.1518],[4.4466,44.1506],[4.4446,44.1512],[4.4466,44.1495],[4.4412,44.1525],[4.4175,44.1856],[4.4227,44.1874],[4.424,44.1895],[4.4344,44.1911],[4.4288,44.1876],[4.4303,44.1865],[4.4293,44.1855],[4.4307,44.1864],[4.4338,44.185],[4.4273,44.1828],[4.4326,44.1811],[4.4315,44.1788]]],[[[4.5032,44.1792],[4.5038,44.1747],[4.4992,44.175],[4.5001,44.1802],[4.5032,44.1792]]]]}},{"type":"Feature","properties":{"id":"F15645S","nom":"Forêt communale de Cavillargues","dep":"30","dom":false,"essence":"mixte","substrat":"calcaire","elev":218,"slopeDeg":2.3,"aspect":218},"geometry":{"type":"MultiPolygon","coordinates":[[[[4.4985,44.1268],[4.5032,44.121],[4.4987,44.1199],[4.4992,44.1187],[4.4953,44.1194],[4.4846,44.117],[4.4841,44.1217],[4.4867,44.1221],[4.4866,44.1238],[4.4897,44.1265],[4.4985,44.1268]]],[[[4.5047,44.1316],[4.5064,44.1327],[4.5193,44.1293],[4.5231,44.1263],[4.5159,44.1272],[4.5047,44.1316]]],[[[4.5119,44.1334],[4.5125,44.1357],[4.5156,44.1343],[4.5164,44.1354],[4.5186,44.1348],[4.5194,44.1312],[4.5177,44.1307],[4.5119,44.1334]]],[[[4.5272,44.1203],[4.5246,44.12],[4.5241,44.1216],[4.5284,44.1218],[4.5272,44.1203]]]]}},{"type":"Feature","properties":{"id":"F15646T","nom":"Forêt communale de Sainte-Cécile D'Andorge","dep":"30","dom":false,"essence":"autre","substrat":"acide","elev":384,"slopeDeg":1.9,"aspect":296},"geometry":{"type":"MultiPolygon","coordinates":[[[[4.0079,44.2598],[4.0114,44.2605],[4.0096,44.2623],[4.0027,44.2631],[4.0017,44.2645],[4.0078,44.2681],[4.0125,44.2658],[4.0152,44.2587],[4.0193,44.2559],[4.0184,44.2504],[4.0167,44.2486],[4.0131,44.2489],[4.0095,44.2469],[4.009,44.2434],[4.0109,44.2393],[4.013,44.2396],[4.0145,44.238],[4.0091,44.2332],[4.0063,44.2339],[4.0052,44.2362],[3.9997,44.2379],[4.0003,44.2395],[3.9983,44.2445],[4.0002,44.2457],[4.0055,44.2452],[4.0059,44.247],[4.0035,44.2481],[4.0054,44.2494],[4.0025,44.2524],[4.0051,44.252],[4.0051,44.2532],[4.0069,44.2502],[4.008,44.2505],[4.0061,44.2538],[4.0088,44.255],[4.0066,44.2566],[4.0079,44.2598]]],[[[3.9967,44.2601],[3.9937,44.2601],[3.9982,44.264],[4.0017,44.2636],[4.0017,44.2595],[3.9967,44.2601]]],[[[3.9976,44.2482],[3.9989,44.2505],[3.9996,44.2495],[4.0023,44.2502],[4.002,44.2468],[3.9987,44.2466],[3.9976,44.2482]]]]}},{"type":"Feature","properties":{"id":"F15647U","nom":"Forêt communale de Bessèges","dep":"30","dom":false,"essence":"feuillu","substrat":"acide","elev":267,"slopeDeg":4.3,"aspect":22},"geometry":{"type":"Polygon","coordinates":[[[4.0947,44.2855],[4.0953,44.2872],[4.0931,44.2853],[4.0889,44.2861],[4.0763,44.2834],[4.0732,44.2874],[4.0769,44.2883],[4.0712,44.2886],[4.0786,44.2889],[4.0786,44.2876],[4.08,44.2874],[4.0835,44.2883],[4.0839,44.2904],[4.0824,44.2913],[4.0804,44.2907],[4.0805,44.2896],[4.0765,44.2926],[4.0813,44.292],[4.0836,44.2941],[4.0847,44.2917],[4.0894,44.2919],[4.0894,44.2898],[4.0925,44.2906],[4.1027,44.2868],[4.1023,44.2858],[4.1,44.2869],[4.0965,44.285],[4.0963,44.286],[4.0947,44.2855]]]}},{"type":"Feature","properties":{"id":"F15648V","nom":"Forêt départementale du Pont-Du-Gard","dep":"30","dom":false,"essence":"feuillu","substrat":"calcaire","elev":19,"slopeDeg":2.7,"aspect":43},"geometry":{"type":"MultiPolygon","coordinates":[[[[4.5318,43.9554],[4.5302,43.9547],[4.5326,43.9549],[4.5312,43.9529],[4.5331,43.9541],[4.5315,43.9561],[4.537,43.9547],[4.5341,43.9545],[4.534,43.9513],[4.5308,43.9494],[4.5255,43.9503],[4.5271,43.9526],[4.5253,43.9537],[4.5272,43.9534],[4.528,43.9553],[4.5264,43.9561],[4.5262,43.9542],[4.5245,43.956],[4.527,43.9573],[4.5299,43.9567],[4.5301,43.9549],[4.5318,43.9554]]],[[[4.537,43.9462],[4.5314,43.9449],[4.531,43.9461],[4.5284,43.9462],[4.5312,43.947],[4.5312,43.9486],[4.5349,43.9476],[4.5381,43.9499],[4.5382,43.9467],[4.537,43.9462]]],[[[4.5486,43.9459],[4.5493,43.9469],[4.5475,43.947],[4.5491,43.9491],[4.5536,43.9473],[4.5486,43.9459]]],[[[4.5397,43.9533],[4.5393,43.9544],[4.5416,43.9537],[4.5413,43.9527],[4.5383,43.9525],[4.5397,43.9533]]]]}},{"type":"Feature","properties":{"id":"F15649W","nom":"Forêt communale de Saint-Gervasy","dep":"30","dom":false,"essence":"conifere","substrat":"neutre","elev":115,"slopeDeg":0.9,"aspect":219},"geometry":{"type":"MultiPolygon","coordinates":[[[[4.4767,43.8856],[4.4784,43.8825],[4.4756,43.8817],[4.4745,43.8834],[4.4728,43.8818],[4.4719,43.8839],[4.4702,43.882],[4.4683,43.8821],[4.4706,43.8872],[4.4717,43.8867],[4.4709,43.8889],[4.4743,43.8883],[4.4722,43.8872],[4.4758,43.8867],[4.4745,43.8855],[4.4762,43.8865],[4.4767,43.8856]]],[[[4.4659,43.8866],[4.4676,43.8849],[4.4637,43.8841],[4.4638,43.8821],[4.4633,43.8856],[4.4611,43.8835],[4.4592,43.8845],[4.4612,43.8868],[4.4583,43.8857],[4.4593,43.8891],[4.4618,43.889],[4.4604,43.8896],[4.4658,43.8891],[4.4659,43.8866]]],[[[4.4547,43.8897],[4.4576,43.8891],[4.4554,43.8877],[4.4574,43.8864],[4.4566,43.8856],[4.4531,43.8862],[4.4529,43.8875],[4.451,43.887],[4.4509,43.8901],[4.4547,43.8897]]],[[[4.4689,43.8862],[4.4666,43.8862],[4.4678,43.8881],[4.467,43.8893],[4.4693,43.8891],[4.4689,43.8862]]]]}},{"type":"Feature","properties":{"id":"F15650X","nom":"Forêt communale de Cabrières","dep":"30","dom":false,"essence":"feuillu","substrat":"calcaire","elev":156,"slopeDeg":3.6,"aspect":201},"geometry":{"type":"MultiPolygon","coordinates":[[[[4.4441,43.9145],[4.4454,43.9148],[4.445,43.919],[4.4465,43.9195],[4.4465,43.9217],[4.4487,43.9201],[4.451,43.9232],[4.4528,43.922],[4.4495,43.9215],[4.4523,43.9208],[4.4504,43.9195],[4.452,43.9188],[4.4513,43.916],[4.4495,43.9159],[4.4465,43.92],[4.4466,43.9174],[4.4493,43.9149],[4.4525,43.9153],[4.4538,43.9221],[4.4531,43.9201],[4.4548,43.9193],[4.4555,43.9214],[4.4569,43.9187],[4.4549,43.9176],[4.4569,43.916],[4.4578,43.9172],[4.4582,43.919],[4.4549,43.9225],[4.4552,43.9258],[4.4565,43.9262],[4.4554,43.9265],[4.4551,43.9294],[4.458,43.9301],[4.4574,43.9273],[4.4584,43.9301],[4.4693,43.9291],[4.4647,43.9278],[4.4608,43.9202],[4.4593,43.9204],[4.4587,43.9232],[4.4565,43.9237],[4.4575,43.9199],[4.4593,43.9183],[4.458,43.9171],[4.4634,43.9169],[4.4642,43.9186],[4.4669,43.9184],[4.4699,43.9211],[4.4699,43.9178],[4.4665,43.9175],[4.4695,43.9147],[4.4722,43.9164],[4.4708,43.9168],[4.4722,43.9192],[4.4739,43.9178],[4.4733,43.9202],[4.4715,43.9206],[4.4724,43.923],[4.4705,43.9227],[4.4695,43.9247],[4.4683,43.9237],[4.469,43.9272],[4.4712,43.9281],[4.4734,43.9242],[4.48,43.9195],[4.4763,43.9183],[4.4778,43.9145],[4.4816,43.9156],[4.484,43.9186],[4.4851,43.9183],[4.4848,43.9161],[4.4829,43.9145],[4.4843,43.9139],[4.4865,43.9184],[4.4869,43.9153],[4.49,43.9149],[4.4905,43.9098],[4.4889,43.9049],[4.4873,43.9058],[4.4823,43.9052],[4.4794,43.9078],[4.4725,43.9064],[4.4686,43.9077],[4.4675,43.9095],[4.464,43.9091],[4.465,43.9092],[4.4592,43.9135],[4.4489,43.9118],[4.4506,43.9098],[4.4494,43.9086],[4.4533,43.9085],[4.4519,43.909],[4.4573,43.9104],[4.4607,43.9093],[4.4591,43.909],[4.4581,43.9065],[4.4565,43.9072],[4.4506,43.9052],[4.4511,43.9068],[4.4478,43.9044],[4.4449,43.9099],[4.4477,43.9101],[4.4456,43.9089],[4.4482,43.9086],[4.4491,43.9103],[4.4482,43.9121],[4.4472,43.9104],[4.4464,43.9115],[4.4448,43.9106],[4.4441,43.9145]]],[[[4.4546,43.8973],[4.4534,43.8996],[4.455,43.9018],[4.4573,43.902],[4.4579,43.8999],[4.4597,43.9008],[4.4566,43.9029],[4.4505,43.9032],[4.4562,43.9047],[4.4601,43.9018],[4.4613,43.899],[4.459,43.8985],[4.4592,43.9002],[4.4579,43.898],[4.4565,43.9011],[4.4543,43.8989],[4.4559,43.8954],[4.4543,43.8958],[4.4546,43.8973]]],[[[4.4858,43.9009],[4.49,43.9015],[4.4892,43.8962],[4.4861,43.8952],[4.4856,43.8936],[4.4858,43.8976],[4.4845,43.8975],[4.4858,43.9009]]],[[[4.4467,43.9296],[4.4542,43.9284],[4.451,43.9255],[4.4497,43.9291],[4.447,43.9279],[4.4464,43.9293],[4.4467,43.9226],[4.4454,43.9224],[4.4445,43.9234],[4.4458,43.9237],[4.4462,43.9291],[4.4447,43.9266],[4.4441,43.9295],[4.4467,43.9296]]],[[[4.484,43.9023],[4.4848,43.9018],[4.4836,43.9006],[4.4834,43.8955],[4.4808,43.8968],[4.4818,43.8969],[4.4811,43.9012],[4.4823,43.9014],[4.4809,43.9022],[4.484,43.9023]]],[[[4.4503,43.8967],[4.4479,43.9],[4.4489,43.9016],[4.4472,43.8992],[4.448,43.9021],[4.4468,43.9037],[4.4523,43.8989],[4.4524,43.897],[4.4508,43.8983],[4.4503,43.8967]]],[[[4.4668,43.8964],[4.4725,43.895],[4.4736,43.893],[4.4701,43.892],[4.4694,43.8948],[4.4684,43.8927],[4.4668,43.8964]]],[[[4.4509,43.8901],[4.4461,43.8912],[4.446,43.8926],[4.4543,43.8922],[4.447,43.8916],[4.4544,43.8904],[4.4509,43.8901]]],[[[4.4529,43.8954],[4.454,43.8948],[4.4501,43.8953],[4.4459,43.8938],[4.4501,43.8964],[4.4529,43.8954]]]]}},{"type":"Feature","properties":{"id":"F15651Y","nom":"Forêt communale de La Roque-Sur-Cèze","dep":"30","dom":false,"essence":"feuillu","substrat":"calcaire","elev":102,"slopeDeg":5.5,"aspect":43},"geometry":{"type":"MultiPolygon","coordinates":[[[[4.5138,44.1915],[4.5084,44.1912],[4.5114,44.1905],[4.5098,44.1897],[4.5118,44.1893],[4.5113,44.1866],[4.5162,44.1879],[4.5164,44.1859],[4.5152,44.1864],[4.517,44.185],[4.5173,44.1881],[4.5188,44.188],[4.5193,44.1852],[4.5238,44.1848],[4.5255,44.1807],[4.5202,44.1784],[4.5198,44.1798],[4.5176,44.1792],[4.5176,44.1762],[4.5107,44.176],[4.5104,44.1804],[4.504,44.1795],[4.5023,44.1803],[4.5046,44.1825],[4.5011,44.1806],[4.499,44.1819],[4.4996,44.1882],[4.5039,44.1907],[4.5058,44.1954],[4.5171,44.1959],[4.5202,44.1945],[4.5133,44.1934],[4.5138,44.1915]]],[[[4.5258,44.197],[4.5238,44.197],[4.5268,44.1993],[4.5336,44.1989],[4.5258,44.197]]],[[[4.5251,44.1794],[4.5262,44.1802],[4.5273,44.1791],[4.5263,44.1785],[4.5278,44.1783],[4.5283,44.1801],[4.5285,44.1781],[4.5315,44.1789],[4.5317,44.1775],[4.5252,44.1783],[4.5251,44.1794]]]]}},{"type":"Feature","properties":{"id":"F15652Z","nom":"Forêt communale de Seynes","dep":"30","dom":false,"essence":"feuillu","substrat":"calcaire","elev":260,"slopeDeg":3.7,"aspect":203},"geometry":{"type":"MultiPolygon","coordinates":[[[[4.2795,44.1229],[4.2837,44.1261],[4.2852,44.1345],[4.2912,44.1339],[4.3068,44.1281],[4.3032,44.1231],[4.2984,44.1208],[4.299,44.1226],[4.2978,44.1239],[4.2998,44.1231],[4.3004,44.1268],[4.2973,44.1246],[4.2971,44.1217],[4.2971,44.123],[4.2942,44.1245],[4.2949,44.123],[4.2923,44.1234],[4.2914,44.1271],[4.294,44.1271],[4.2939,44.1281],[4.2921,44.1292],[4.2933,44.1277],[4.2917,44.1281],[4.2897,44.1338],[4.2885,44.1314],[4.2873,44.1322],[4.288,44.1309],[4.2865,44.1238],[4.2803,44.1197],[4.262,44.1167],[4.2517,44.1177],[4.2618,44.1186],[4.2795,44.1229]]],[[[4.2531,44.1135],[4.2534,44.1151],[4.2603,44.1134],[4.2593,44.1142],[4.2621,44.1143],[4.2625,44.1154],[4.2687,44.1153],[4.2655,44.1145],[4.2678,44.114],[4.266,44.1122],[4.2704,44.1122],[4.2699,44.1134],[4.2675,44.1127],[4.2716,44.1131],[4.2721,44.1151],[4.2749,44.1166],[4.2761,44.1138],[4.2787,44.1137],[4.2787,44.1114],[4.2814,44.1081],[4.284,44.1098],[4.2862,44.1068],[4.2736,44.1036],[4.2707,44.105],[4.2684,44.1086],[4.2652,44.1082],[4.2538,44.112],[4.2531,44.1135]]],[[[4.2929,44.1097],[4.291,44.1122],[4.2932,44.1122],[4.2933,44.1108],[4.2935,44.1123],[4.2966,44.112],[4.2978,44.1093],[4.2965,44.1068],[4.294,44.1079],[4.2949,44.1068],[4.2915,44.1044],[4.2958,44.1042],[4.2952,44.1029],[4.2906,44.1028],[4.2904,44.0999],[4.2892,44.0996],[4.2977,44.0969],[4.3045,44.0989],[4.3046,44.1011],[4.3014,44.102],[4.3051,44.1015],[4.3066,44.0987],[4.3086,44.1004],[4.3102,44.0996],[4.3092,44.0952],[4.3102,44.0949],[4.2958,44.0971],[4.2868,44.1004],[4.2877,44.1028],[4.2896,44.1021],[4.2907,44.1035],[4.2897,44.1045],[4.2907,44.1085],[4.2929,44.1085],[4.2929,44.1097]]],[[[4.3052,44.1143],[4.302,44.1135],[4.3045,44.1146],[4.2992,44.1167],[4.3051,44.12],[4.3064,44.1218],[4.3049,44.1218],[4.3072,44.1242],[4.3093,44.1243],[4.3093,44.1229],[4.3068,44.1226],[4.3084,44.1214],[4.3055,44.1191],[4.3061,44.116],[4.3047,44.116],[4.3047,44.1174],[4.3006,44.1167],[4.3052,44.1156],[4.3052,44.1143]]],[[[4.3036,44.1074],[4.3046,44.1132],[4.3077,44.1127],[4.3068,44.1086],[4.3047,44.1081],[4.3043,44.1067],[4.3133,44.1063],[4.3114,44.1051],[4.3132,44.104],[4.3096,44.1029],[4.3109,44.1052],[4.309,44.1055],[4.31,44.1068],[4.3065,44.1054],[4.3036,44.1074]]],[[[4.3018,44.1067],[4.2988,44.1077],[4.3001,44.1091],[4.302,44.1086],[4.3018,44.1067]]]]}},{"type":"Feature","properties":{"id":"F15653A","nom":"Forêt communale de Caveirac","dep":"30","dom":false,"essence":"conifere","substrat":"calcaire","elev":153,"slopeDeg":1.1,"aspect":138},"geometry":{"type":"Polygon","coordinates":[[[4.2438,43.8453],[4.2474,43.8461],[4.2435,43.8461],[4.242,43.8504],[4.2484,43.8492],[4.252,43.8506],[4.2513,43.8523],[4.2523,43.8525],[4.256,43.8512],[4.2559,43.8495],[4.2587,43.8493],[4.2575,43.8485],[4.258,43.8472],[4.2554,43.8463],[4.2585,43.8453],[4.2613,43.8407],[4.2656,43.8419],[4.2638,43.8434],[4.2668,43.8441],[4.2679,43.8428],[4.2718,43.8435],[4.2717,43.8418],[4.27,43.8416],[4.2741,43.8388],[4.2782,43.8381],[4.2822,43.8399],[4.2849,43.8322],[4.2795,43.8339],[4.2783,43.8331],[4.2791,43.8324],[4.2758,43.833],[4.2758,43.8315],[4.2755,43.833],[4.2726,43.8332],[4.2678,43.8329],[4.2663,43.8306],[4.2645,43.831],[4.2648,43.8326],[4.2628,43.8321],[4.264,43.8303],[4.2541,43.831],[4.2551,43.8322],[4.2595,43.8311],[4.2609,43.8329],[4.2506,43.8392],[4.2527,43.8397],[4.2454,43.8402],[4.2438,43.8453]]]}},{"type":"Feature","properties":{"id":"F27690Z","nom":"Forêt communale de Molières-Sur-Cèze","dep":"30","dom":false,"essence":"mixte","substrat":"calcaire","elev":249,"slopeDeg":9.4,"aspect":33},"geometry":{"type":"Polygon","coordinates":[[[4.1245,44.2552],[4.1255,44.2575],[4.1224,44.2551],[4.1241,44.2591],[4.1261,44.2579],[4.127,44.2587],[4.1259,44.2593],[4.1273,44.2598],[4.1307,44.2588],[4.1289,44.2582],[4.1303,44.256],[4.1262,44.2559],[4.1293,44.2536],[4.1245,44.2552]]]}},{"type":"Feature","properties":{"id":"F27703M","nom":"Forêt communale de Lamelouze","dep":"30","dom":false,"essence":"feuillu","substrat":"acide","elev":388,"slopeDeg":10,"aspect":176},"geometry":{"type":"Polygon","coordinates":[[[3.9427,44.1993],[3.9453,44.198],[3.9455,44.1941],[3.9429,44.1939],[3.9421,44.1952],[3.9413,44.1994],[3.9427,44.1993]]]}},{"type":"Feature","properties":{"id":"F99647O","nom":"Forêt communale d'Aigues-Vives-30","dep":"30","dom":false,"essence":"mixte","substrat":"acide","elev":59,"slopeDeg":0.9,"aspect":214},"geometry":{"type":"Polygon","coordinates":[[[4.185,43.7625],[4.1871,43.7625],[4.1864,43.7619],[4.1926,43.7579],[4.1905,43.7557],[4.1953,43.7559],[4.1915,43.7538],[4.1909,43.7555],[4.1895,43.753],[4.1882,43.7534],[4.1888,43.7541],[4.1871,43.7546],[4.1889,43.7587],[4.1854,43.7573],[4.1858,43.7544],[4.187,43.7546],[4.1843,43.7529],[4.1815,43.7538],[4.1827,43.7552],[4.181,43.7558],[4.1846,43.7563],[4.1833,43.7562],[4.1851,43.7578],[4.1833,43.7582],[4.1824,43.7563],[4.1796,43.7556],[4.1778,43.7571],[4.1732,43.7549],[4.1788,43.7555],[4.1765,43.7544],[4.1716,43.7543],[4.1731,43.7587],[4.1764,43.7619],[4.1835,43.7634],[4.185,43.7625]]]}},{"type":"Feature","properties":{"id":"F15812D","nom":"Forêt communale de Saint-Paul-Et-Valmalle","dep":"34","dom":false,"essence":"autre","substrat":"calcaire","elev":198,"slopeDeg":7.8,"aspect":82},"geometry":{"type":"Polygon","coordinates":[[[3.6762,43.5995],[3.6704,43.5969],[3.6684,43.599],[3.6631,43.6004],[3.667,43.6025],[3.6732,43.602],[3.675,43.6034],[3.6789,43.6002],[3.6762,43.5995]]]}},{"type":"Feature","properties":{"id":"F15813E","nom":"Forêt communale de Siran","dep":"34","dom":false,"essence":"conifere","substrat":"neutre","elev":349,"slopeDeg":6.7,"aspect":190},"geometry":{"type":"MultiPolygon","coordinates":[[[[2.6666,43.339],[2.6707,43.3432],[2.6778,43.3388],[2.681,43.3407],[2.6815,43.3393],[2.6802,43.3393],[2.6814,43.339],[2.6831,43.3405],[2.6853,43.3342],[2.6816,43.334],[2.6773,43.3381],[2.6788,43.3354],[2.6693,43.3349],[2.6671,43.3365],[2.6674,43.338],[2.6658,43.3382],[2.6666,43.339]]],[[[2.6542,43.36],[2.6578,43.3587],[2.6612,43.3618],[2.6665,43.3609],[2.6661,43.3589],[2.6633,43.3582],[2.6644,43.3549],[2.6508,43.3572],[2.6542,43.36]]],[[[2.6611,43.3415],[2.662,43.3458],[2.6607,43.3489],[2.6639,43.3497],[2.6641,43.3396],[2.6617,43.338],[2.6631,43.3377],[2.6616,43.3372],[2.6611,43.3415]]],[[[2.6594,43.3351],[2.6527,43.3356],[2.6497,43.3389],[2.6604,43.3363],[2.6622,43.3343],[2.6602,43.3339],[2.6594,43.3351]]]]}},{"type":"Feature","properties":{"id":"F15814F","nom":"Forêt communale de Bédarieux","dep":"34","dom":false,"essence":"conifere","substrat":"calcaire","elev":284,"slopeDeg":1.8,"aspect":288},"geometry":{"type":"MultiPolygon","coordinates":[[[[3.1888,43.6118],[3.1904,43.6115],[3.1891,43.6126],[3.1905,43.6144],[3.1923,43.6133],[3.1918,43.6123],[3.1934,43.6147],[3.1943,43.6142],[3.1932,43.6126],[3.1944,43.6137],[3.1952,43.6123],[3.199,43.6128],[3.198,43.6129],[3.1991,43.6138],[3.1967,43.6133],[3.1954,43.616],[3.1968,43.6169],[3.196,43.618],[3.1993,43.6186],[3.2007,43.6182],[3.1966,43.6161],[3.1967,43.6151],[3.1985,43.6153],[3.1975,43.6141],[3.2018,43.6146],[3.204,43.6123],[3.2071,43.6116],[3.2064,43.6085],[3.2033,43.6059],[3.2003,43.606],[3.1974,43.6081],[3.1935,43.6076],[3.1952,43.6096],[3.19,43.6051],[3.1886,43.6103],[3.1847,43.6089],[3.1843,43.61],[3.1802,43.61],[3.1798,43.6082],[3.1804,43.6116],[3.1843,43.6124],[3.1858,43.6118],[3.186,43.6099],[3.1861,43.6112],[3.1888,43.6118]]],[[[3.1941,43.6188],[3.1981,43.62],[3.1976,43.6186],[3.1932,43.6182],[3.1927,43.6217],[3.1891,43.6193],[3.1901,43.6211],[3.1889,43.6205],[3.184,43.6236],[3.1841,43.6222],[3.1807,43.6248],[3.1788,43.6232],[3.1783,43.6258],[3.1808,43.6254],[3.1849,43.6289],[3.1869,43.6281],[3.1871,43.6263],[3.1889,43.6281],[3.1902,43.6271],[3.1915,43.6295],[3.1948,43.627],[3.1946,43.6284],[3.1963,43.628],[3.1962,43.6292],[3.1963,43.6268],[3.1921,43.6236],[3.1928,43.6251],[3.191,43.6259],[3.1916,43.6268],[3.1896,43.6265],[3.1928,43.622],[3.1969,43.625],[3.1949,43.6228],[3.1955,43.6209],[3.1941,43.6188]]],[[[3.2041,43.6187],[3.2058,43.6182],[3.207,43.615],[3.2029,43.6171],[3.2041,43.6187]]]]}},{"type":"Feature","properties":{"id":"F15659G","nom":"Forêt communale d'Olonzac","dep":"34","dom":false,"essence":"autre","substrat":"neutre","elev":170,"slopeDeg":2.2,"aspect":246},"geometry":{"type":"Polygon","coordinates":[[[2.7788,43.2698],[2.7873,43.272],[2.783,43.2674],[2.7795,43.2693],[2.7758,43.2668],[2.7788,43.2698]]]}},{"type":"Feature","properties":{"id":"F15660H","nom":"Forêt domaniale de Carlencas","dep":"34","dom":true,"essence":"mixte","substrat":"calcaire","elev":358,"slopeDeg":0.9,"aspect":264},"geometry":{"type":"Polygon","coordinates":[[[3.2244,43.619],[3.2237,43.616],[3.2213,43.6143],[3.2233,43.6099],[3.22,43.6104],[3.2153,43.619],[3.2175,43.6199],[3.2244,43.619]]]}},{"type":"Feature","properties":{"id":"F15662J","nom":"Forêt communale de Poussan","dep":"34","dom":false,"essence":"conifere","substrat":"calcaire","elev":123,"slopeDeg":2.7,"aspect":348},"geometry":{"type":"MultiPolygon","coordinates":[[[[3.653,43.5189],[3.6524,43.5155],[3.6536,43.5132],[3.658,43.5121],[3.6498,43.5107],[3.6491,43.5123],[3.6504,43.5135],[3.644,43.518],[3.644,43.5277],[3.6508,43.5232],[3.653,43.5189]]],[[[3.6476,43.4858],[3.6471,43.4845],[3.6494,43.4826],[3.6448,43.4824],[3.6464,43.4813],[3.6445,43.481],[3.6445,43.483],[3.6409,43.4836],[3.6418,43.4841],[3.6395,43.4872],[3.6357,43.487],[3.6415,43.495],[3.6502,43.4924],[3.6459,43.4878],[3.6489,43.486],[3.6476,43.4858]]],[[[3.6326,43.4863],[3.6282,43.4849],[3.6252,43.4867],[3.6352,43.4866],[3.6326,43.4863]]]]}},{"type":"Feature","properties":{"id":"F15663K","nom":"Forêt domaniale de Puéchabon","dep":"34","dom":true,"essence":"autre","substrat":"calcaire","elev":271,"slopeDeg":2.9,"aspect":99},"geometry":{"type":"Polygon","coordinates":[[[3.5724,43.7387],[3.5717,43.7405],[3.5697,43.7402],[3.5661,43.7374],[3.561,43.7244],[3.5538,43.7196],[3.5511,43.7246],[3.5525,43.7276],[3.5514,43.728],[3.5547,43.7335],[3.5584,43.7361],[3.5574,43.7375],[3.5619,43.7415],[3.562,43.7433],[3.5668,43.7428],[3.5774,43.7483],[3.5802,43.748],[3.5785,43.7487],[3.5884,43.7455],[3.5921,43.7493],[3.5975,43.7493],[3.6056,43.7467],[3.6088,43.7433],[3.6116,43.7425],[3.6212,43.7471],[3.6202,43.7481],[3.6222,43.7529],[3.6343,43.7471],[3.6372,43.7436],[3.6341,43.7411],[3.6255,43.7438],[3.6191,43.7336],[3.5925,43.7408],[3.59,43.7358],[3.5862,43.7347],[3.5828,43.7388],[3.5791,43.7387],[3.5768,43.737],[3.5756,43.7407],[3.5724,43.7387]]]}},{"type":"Feature","properties":{"id":"F15664L","nom":"Forêt communale de Gignac","dep":"34","dom":false,"essence":"feuillu","substrat":"calcaire","elev":178,"slopeDeg":4.6,"aspect":329},"geometry":{"type":"MultiPolygon","coordinates":[[[[3.596,43.6511],[3.596,43.6526],[3.5987,43.6535],[3.6053,43.654],[3.6172,43.6494],[3.6208,43.6372],[3.6195,43.6254],[3.6157,43.6273],[3.6129,43.626],[3.6089,43.6271],[3.616,43.6287],[3.6165,43.63],[3.6149,43.6311],[3.6093,43.6297],[3.5976,43.631],[3.5963,43.6326],[3.5918,43.6302],[3.5887,43.6326],[3.5903,43.6341],[3.6033,43.6327],[3.6025,43.6365],[3.6055,43.6422],[3.6036,43.6429],[3.6041,43.6451],[3.6007,43.6447],[3.6015,43.6464],[3.5975,43.6475],[3.5969,43.6485],[3.5981,43.6493],[3.596,43.6494],[3.596,43.6511]]],[[[3.5825,43.6173],[3.5888,43.6154],[3.5896,43.6171],[3.5946,43.6176],[3.5969,43.6197],[3.5965,43.6171],[3.5992,43.6153],[3.5962,43.6153],[3.5949,43.6132],[3.5918,43.6128],[3.5825,43.6173]]],[[[3.6006,43.6191],[3.5955,43.6214],[3.5921,43.62],[3.5893,43.6244],[3.5856,43.6248],[3.5883,43.6251],[3.5883,43.6265],[3.5916,43.6216],[3.5987,43.6208],[3.5995,43.6227],[3.603,43.6208],[3.6056,43.6212],[3.6064,43.6198],[3.6092,43.6203],[3.6068,43.6185],[3.6006,43.6191]]],[[[3.6112,43.6218],[3.6079,43.6225],[3.6076,43.6257],[3.6154,43.6243],[3.6156,43.6228],[3.6112,43.6218]]]]}},{"type":"Feature","properties":{"id":"F15666N","nom":"Forêt communale de Villeveyrac","dep":"34","dom":false,"essence":"conifere","substrat":"calcaire","elev":51,"slopeDeg":1.9,"aspect":114},"geometry":{"type":"MultiPolygon","coordinates":[[[[3.6198,43.5218],[3.6172,43.5197],[3.6138,43.52],[3.6107,43.517],[3.6073,43.5181],[3.609,43.5167],[3.6083,43.5151],[3.6042,43.515],[3.5981,43.517],[3.5998,43.5188],[3.5974,43.5196],[3.5977,43.5172],[3.5961,43.5181],[3.5946,43.5243],[3.6021,43.5229],[3.6173,43.5265],[3.6198,43.5218]]],[[[3.6196,43.4913],[3.6187,43.491],[3.6206,43.489],[3.6158,43.4833],[3.6212,43.4814],[3.6184,43.4805],[3.6142,43.4817],[3.6153,43.4835],[3.6127,43.4841],[3.6129,43.4864],[3.6165,43.4878],[3.6185,43.4911],[3.6167,43.4934],[3.6183,43.493],[3.62,43.4968],[3.6235,43.4972],[3.6232,43.4985],[3.628,43.5022],[3.6329,43.5015],[3.6331,43.5],[3.6295,43.5001],[3.6323,43.4984],[3.6321,43.4971],[3.6275,43.4984],[3.631,43.4959],[3.63,43.4944],[3.6225,43.4943],[3.625,43.4928],[3.6228,43.4901],[3.6268,43.4883],[3.6262,43.4873],[3.6196,43.4913]]]]}},{"type":"Feature","properties":{"id":"F15667O","nom":"Forêt communale de Montblanc","dep":"34","dom":false,"essence":"autre","substrat":"neutre","elev":59,"slopeDeg":0.8,"aspect":142},"geometry":{"type":"Polygon","coordinates":[[[3.3361,43.3759],[3.3453,43.3741],[3.341,43.3733],[3.3361,43.3759]]]}},{"type":"Feature","properties":{"id":"F15669Q","nom":"Forêt communale d'Argelliers","dep":"34","dom":false,"essence":"feuillu","substrat":"calcaire","elev":214,"slopeDeg":4.1,"aspect":41},"geometry":{"type":"MultiPolygon","coordinates":[[[[3.6522,43.6921],[3.6486,43.6915],[3.6485,43.695],[3.6521,43.6943],[3.654,43.696],[3.6527,43.6982],[3.6368,43.7008],[3.6476,43.7109],[3.6541,43.711],[3.6585,43.7088],[3.6587,43.7077],[3.6559,43.7074],[3.6565,43.7043],[3.6581,43.7029],[3.6629,43.7023],[3.662,43.6978],[3.6562,43.6964],[3.6562,43.6946],[3.6599,43.6924],[3.6571,43.6941],[3.6522,43.6921]]],[[[3.705,43.6904],[3.6879,43.6928],[3.6856,43.6969],[3.693,43.6975],[3.6919,43.7024],[3.6985,43.7022],[3.7038,43.7045],[3.7052,43.7029],[3.7028,43.7028],[3.7029,43.6996],[3.7175,43.6994],[3.7081,43.6949],[3.7111,43.6948],[3.7094,43.6901],[3.705,43.6904]]],[[[3.6631,43.7104],[3.6598,43.7153],[3.6537,43.7148],[3.6574,43.7176],[3.6666,43.7199],[3.6677,43.7179],[3.6736,43.7174],[3.6744,43.7114],[3.6631,43.7104]]],[[[3.6607,43.6814],[3.6609,43.6803],[3.6632,43.6823],[3.6658,43.6812],[3.6673,43.6779],[3.6618,43.6779],[3.659,43.681],[3.66,43.6822],[3.6607,43.6814]]],[[[3.6748,43.6766],[3.6778,43.676],[3.6753,43.6807],[3.6786,43.6812],[3.6806,43.68],[3.6785,43.6734],[3.6748,43.6766]]],[[[3.7022,43.6875],[3.7053,43.6859],[3.7023,43.6836],[3.6983,43.6874],[3.7022,43.6875]]]]}},{"type":"Feature","properties":{"id":"F15695Q","nom":"Forêt communale de Florensac","dep":"34","dom":false,"essence":"autre","substrat":"neutre","elev":60,"slopeDeg":1,"aspect":290},"geometry":{"type":"MultiPolygon","coordinates":[[[[3.4566,43.4184],[3.4558,43.4207],[3.4635,43.4222],[3.4725,43.422],[3.4735,43.4197],[3.4718,43.4186],[3.4566,43.4184]]],[[[3.448,43.4214],[3.4515,43.4222],[3.4552,43.42],[3.4541,43.4187],[3.4475,43.4186],[3.448,43.4214]]]]}},{"type":"Feature","properties":{"id":"F15703Y","nom":"Forêt domaniale de la Séranne","dep":"34","dom":true,"essence":"feuillu","substrat":"calcaire","elev":756,"slopeDeg":3,"aspect":166},"geometry":{"type":"MultiPolygon","coordinates":[[[[3.5773,43.8441],[3.5709,43.8468],[3.5685,43.8514],[3.5786,43.8571],[3.5837,43.858],[3.575,43.8656],[3.5813,43.8697],[3.5789,43.8723],[3.5821,43.8713],[3.5838,43.8742],[3.5816,43.8758],[3.5859,43.8808],[3.5887,43.8811],[3.5938,43.8854],[3.599,43.8865],[3.602,43.8906],[3.6104,43.8888],[3.6103,43.8875],[3.6143,43.8837],[3.6075,43.8815],[3.6057,43.8779],[3.6016,43.8765],[3.5963,43.8771],[3.5992,43.8745],[3.6003,43.8723],[3.5988,43.8717],[3.5999,43.8711],[3.5981,43.8695],[3.599,43.8684],[3.5932,43.8681],[3.597,43.8669],[3.598,43.8628],[3.6013,43.8639],[3.6015,43.8666],[3.6033,43.8637],[3.6077,43.8667],[3.6088,43.8682],[3.6073,43.8707],[3.6044,43.8704],[3.6084,43.8749],[3.6221,43.874],[3.6235,43.8754],[3.6234,43.8743],[3.6326,43.874],[3.6456,43.8779],[3.6561,43.8844],[3.6548,43.8816],[3.6552,43.8758],[3.6513,43.8735],[3.6397,43.8706],[3.6325,43.8657],[3.611,43.8572],[3.6096,43.8545],[3.6181,43.8548],[3.6161,43.8539],[3.6187,43.8518],[3.6156,43.851],[3.6139,43.8476],[3.6114,43.8491],[3.6093,43.8445],[3.6012,43.8432],[3.601,43.842],[3.6079,43.8389],[3.605,43.837],[3.6053,43.8356],[3.6012,43.8343],[3.5964,43.8302],[3.5928,43.83],[3.5877,43.8321],[3.5778,43.8386],[3.5724,43.8365],[3.5768,43.8394],[3.5785,43.843],[3.5773,43.8441]]],[[[3.554,43.7924],[3.5435,43.7857],[3.5388,43.7914],[3.5402,43.7942],[3.5452,43.7953],[3.5477,43.8036],[3.5531,43.8054],[3.5576,43.811],[3.5673,43.8131],[3.5684,43.8145],[3.5719,43.8101],[3.5659,43.8091],[3.5656,43.8055],[3.5695,43.8044],[3.5732,43.8098],[3.576,43.8095],[3.5796,43.8067],[3.5752,43.8011],[3.554,43.7924]]]]}},{"type":"Feature","properties":{"id":"F15704Z","nom":"Forêt communale de La Caunette","dep":"34","dom":false,"essence":"conifere","substrat":"neutre","elev":379,"slopeDeg":4.2,"aspect":183},"geometry":{"type":"MultiPolygon","coordinates":[[[[2.7879,43.3806],[2.7864,43.38],[2.7869,43.3771],[2.7852,43.3755],[2.7823,43.3779],[2.7862,43.3805],[2.7826,43.3809],[2.7816,43.3841],[2.7826,43.3848],[2.7779,43.3876],[2.7785,43.3908],[2.7819,43.3934],[2.7832,43.391],[2.7861,43.3904],[2.7877,43.3884],[2.7879,43.3806]]],[[[2.7763,43.3973],[2.7763,43.3946],[2.7744,43.3933],[2.7646,43.3905],[2.7651,43.3932],[2.7763,43.3973]]],[[[2.7959,43.3844],[2.7934,43.3853],[2.7999,43.3871],[2.8047,43.3859],[2.8059,43.3834],[2.8041,43.3823],[2.8033,43.3843],[2.7959,43.3844]]]]}},{"type":"Feature","properties":{"id":"F15705A","nom":"Forêt communale de Gigean","dep":"34","dom":false,"essence":"autre","substrat":"calcaire","elev":166,"slopeDeg":5.2,"aspect":334},"geometry":{"type":"MultiPolygon","coordinates":[[[[3.7516,43.4903],[3.7545,43.487],[3.7387,43.4794],[3.7283,43.4708],[3.7177,43.473],[3.7143,43.4775],[3.717,43.4805],[3.7129,43.4807],[3.7144,43.483],[3.72,43.4808],[3.7206,43.4817],[3.7184,43.4832],[3.7204,43.4849],[3.7181,43.4859],[3.7175,43.4842],[3.716,43.4865],[3.7205,43.4859],[3.721,43.4846],[3.7212,43.4859],[3.7234,43.4858],[3.7212,43.4878],[3.7246,43.4897],[3.7239,43.4916],[3.7251,43.4935],[3.7238,43.4937],[3.7262,43.4954],[3.7222,43.4945],[3.7275,43.4962],[3.7326,43.4944],[3.7335,43.4954],[3.7288,43.4964],[3.7332,43.4982],[3.7322,43.497],[3.7341,43.4971],[3.734,43.4961],[3.735,43.4977],[3.7374,43.4976],[3.7336,43.5],[3.7353,43.5015],[3.7314,43.5029],[3.7357,43.5043],[3.7363,43.5057],[3.7379,43.5045],[3.7367,43.5059],[3.7404,43.5076],[3.7431,43.506],[3.7419,43.504],[3.7441,43.5052],[3.749,43.4972],[3.753,43.4937],[3.7493,43.4885],[3.7516,43.4903]]],[[[3.7331,43.5091],[3.7376,43.5102],[3.7355,43.5099],[3.738,43.5099],[3.7393,43.5083],[3.735,43.5058],[3.7348,43.5077],[3.7367,43.5078],[3.7331,43.5091]]],[[[3.731,43.5039],[3.7292,43.5026],[3.7263,43.5046],[3.7278,43.5053],[3.7284,43.5036],[3.7283,43.5049],[3.7318,43.5055],[3.7331,43.5045],[3.731,43.5039]]]]}},{"type":"Feature","properties":{"id":"F29129I","nom":"Forêt communale de Babeau - Bouldoux","dep":"34","dom":false,"essence":"autre","substrat":"acide","elev":322,"slopeDeg":7.5,"aspect":125},"geometry":{"type":"MultiPolygon","coordinates":[[[[2.9072,43.4423],[2.9068,43.4435],[2.9106,43.4413],[2.9096,43.4409],[2.9103,43.4394],[2.9087,43.4396],[2.9093,43.4384],[2.9067,43.44],[2.9072,43.4423]]],[[[2.9049,43.4393],[2.9021,43.4417],[2.9035,43.4424],[2.9078,43.4384],[2.9035,43.439],[2.9049,43.4393]]]]}},{"type":"Feature","properties":{"id":"F30522X","nom":"Forêt du Syndicat Mixte Des Eaux De La Vallée De L'Hérault","dep":"34","dom":false,"essence":"autre","substrat":"neutre","elev":19,"slopeDeg":0.1,"aspect":107},"geometry":{"type":"Polygon","coordinates":[[[3.4627,43.5026],[3.4611,43.5016],[3.4586,43.5026],[3.4604,43.5051],[3.4637,43.5038],[3.4629,43.5025],[3.4646,43.4977],[3.4634,43.4978],[3.4627,43.5026]]]}},{"type":"Feature","properties":{"id":"F31298T","nom":"Forêt communale d'Aigne","dep":"34","dom":false,"essence":"conifere","substrat":"neutre","elev":150,"slopeDeg":4.3,"aspect":104},"geometry":{"type":"MultiPolygon","coordinates":[[[[2.7866,43.3155],[2.7842,43.3162],[2.7899,43.3181],[2.7887,43.3196],[2.7872,43.3186],[2.788,43.3201],[2.7941,43.3197],[2.7923,43.321],[2.7962,43.3211],[2.7923,43.3224],[2.792,43.3248],[2.7903,43.325],[2.7969,43.3264],[2.7952,43.327],[2.7986,43.3254],[2.797,43.3256],[2.7964,43.3233],[2.7966,43.3249],[2.7941,43.3258],[2.7946,43.3249],[2.7931,43.3245],[2.7945,43.3226],[2.8011,43.323],[2.805,43.3216],[2.8057,43.3191],[2.8027,43.3182],[2.8045,43.3201],[2.802,43.3194],[2.8012,43.321],[2.8004,43.32],[2.8025,43.319],[2.7996,43.3183],[2.8,43.3197],[2.7953,43.321],[2.7942,43.3197],[2.7958,43.3197],[2.793,43.3192],[2.7947,43.3187],[2.7898,43.3174],[2.7913,43.3166],[2.788,43.3126],[2.7898,43.3129],[2.7898,43.3118],[2.7916,43.3138],[2.7932,43.3132],[2.7923,43.3141],[2.7941,43.3134],[2.7932,43.3138],[2.7932,43.3121],[2.7918,43.3128],[2.7914,43.3113],[2.7856,43.3129],[2.7891,43.3139],[2.7883,43.315],[2.7898,43.3154],[2.7866,43.3155]]],[[[2.7979,43.3274],[2.7992,43.3268],[2.795,43.3278],[2.7942,43.3293],[2.7975,43.33],[2.8155,43.3238],[2.8113,43.3228],[2.8078,43.3239],[2.8096,43.3224],[2.8065,43.3237],[2.8084,43.3244],[2.7979,43.3276],[2.8004,43.3279],[2.7957,43.328],[2.7979,43.3274]]],[[[2.78,43.3268],[2.7781,43.3272],[2.7808,43.3248],[2.7742,43.3296],[2.7794,43.3295],[2.7812,43.3277],[2.7822,43.3286],[2.7803,43.3294],[2.7841,43.3289],[2.7827,43.3279],[2.7838,43.327],[2.7818,43.3264],[2.784,43.3256],[2.78,43.3268]]],[[[2.7877,43.3277],[2.7855,43.3284],[2.7858,43.3295],[2.7925,43.3279],[2.7877,43.3277]]],[[[2.8003,43.311],[2.7981,43.3089],[2.7951,43.3087],[2.7954,43.3099],[2.7974,43.3097],[2.7972,43.3108],[2.8003,43.311]]]]}},{"type":"Feature","properties":{"id":"F31315K","nom":"Forêt départementale du Domaine Des Albières","dep":"34","dom":false,"essence":"feuillu","substrat":"acide","elev":654,"slopeDeg":3.7,"aspect":10},"geometry":{"type":"MultiPolygon","coordinates":[[[[2.9035,43.4866],[2.9038,43.4851],[2.9073,43.4844],[2.9065,43.4828],[2.9018,43.4824],[2.9031,43.4841],[2.9,43.4841],[2.9003,43.4867],[2.8986,43.4856],[2.897,43.4886],[2.8938,43.4873],[2.8949,43.491],[2.8911,43.4903],[2.8908,43.4917],[2.89,43.4898],[2.8853,43.4901],[2.8826,43.4943],[2.8829,43.4968],[2.8868,43.4993],[2.8931,43.5004],[2.8991,43.5009],[2.9048,43.4988],[2.9087,43.4993],[2.9122,43.5016],[2.9056,43.5051],[2.9038,43.5105],[2.9137,43.5107],[2.9203,43.5088],[2.9162,43.5038],[2.9166,43.5022],[2.9124,43.5009],[2.9147,43.4966],[2.9124,43.4969],[2.9139,43.4935],[2.9122,43.493],[2.9128,43.4897],[2.9084,43.4926],[2.9066,43.4914],[2.9076,43.4938],[2.9055,43.4939],[2.9085,43.4946],[2.904,43.4943],[2.9024,43.49],[2.9035,43.4866]]],[[[2.9371,43.4991],[2.9341,43.4971],[2.936,43.4935],[2.9339,43.4934],[2.9323,43.4958],[2.929,43.4972],[2.9246,43.497],[2.9156,43.5006],[2.9232,43.5003],[2.9225,43.5037],[2.9312,43.4998],[2.9308,43.5027],[2.9319,43.5007],[2.9358,43.5029],[2.9377,43.5022],[2.9371,43.4991]]],[[[2.9027,43.5164],[2.8981,43.5161],[2.8993,43.5157],[2.8978,43.5146],[2.8959,43.5147],[2.8963,43.5163],[2.8943,43.516],[2.8948,43.5143],[2.8941,43.516],[2.8924,43.5154],[2.8917,43.5191],[2.8959,43.5202],[2.8965,43.5188],[2.898,43.5193],[2.8976,43.5177],[2.8983,43.5193],[2.9019,43.5198],[2.903,43.5164],[2.9043,43.5165],[2.9021,43.5113],[2.9006,43.5114],[2.9027,43.5164]]],[[[2.9065,43.4889],[2.9149,43.4861],[2.9138,43.4822],[2.9125,43.4825],[2.9137,43.4823],[2.9136,43.4834],[2.9106,43.4831],[2.9065,43.4889]]]]}},{"type":"Feature","properties":{"id":"F15656D","nom":"Forêt Grand Travers - Site 34-228","dep":"34","dom":false,"essence":"conifere","substrat":"neutre","elev":2,"slopeDeg":0.2,"aspect":257},"geometry":{"type":"Polygon","coordinates":[[[4.0608,43.564],[4.0584,43.5635],[4.0591,43.5622],[4.057,43.5585],[4.0516,43.5583],[4.051,43.561],[4.0461,43.5607],[4.0463,43.5579],[4.0398,43.5574],[4.039,43.5588],[4.0347,43.5571],[4.0325,43.5592],[4.0375,43.5615],[4.0749,43.5694],[4.0695,43.5676],[4.0697,43.565],[4.0668,43.5637],[4.0608,43.564]]]}},{"type":"Feature","properties":{"id":"F15657E","nom":"Forêt communale de Saint-Jean De Fos","dep":"34","dom":false,"essence":"conifere","substrat":"calcaire","elev":360,"slopeDeg":8.3,"aspect":168},"geometry":{"type":"Polygon","coordinates":[[[3.5278,43.7232],[3.5348,43.7169],[3.5333,43.7119],[3.528,43.7095],[3.523,43.7162],[3.5185,43.7283],[3.5216,43.7287],[3.5278,43.7232]]]}},{"type":"Feature","properties":{"id":"F15658F","nom":"Forêt communale d'Usclas-Du-Bosc","dep":"34","dom":false,"essence":"conifere","substrat":"acide","elev":442,"slopeDeg":5.5,"aspect":215},"geometry":{"type":"Polygon","coordinates":[[[3.3848,43.7377],[3.3925,43.7368],[3.3916,43.7333],[3.3865,43.7318],[3.3849,43.7335],[3.3812,43.7334],[3.3796,43.7382],[3.3848,43.7377]]]}},{"type":"Feature","properties":{"id":"F15670R","nom":"Forêt domaniale de Sète","dep":"34","dom":true,"essence":"conifere","substrat":"neutre","elev":121,"slopeDeg":5.9,"aspect":274},"geometry":{"type":"Polygon","coordinates":[[[3.6652,43.4007],[3.6657,43.4028],[3.664,43.4036],[3.6652,43.405],[3.6718,43.4065],[3.6729,43.4056],[3.6689,43.4016],[3.6652,43.4007]]]}},{"type":"Feature","properties":{"id":"F15671S","nom":"Forêt communale de Saint-Jean-De-Minervois","dep":"34","dom":false,"essence":"conifere","substrat":"acide","elev":295,"slopeDeg":2.1,"aspect":267},"geometry":{"type":"MultiPolygon","coordinates":[[[[2.8056,43.4194],[2.8014,43.4167],[2.8028,43.4158],[2.8013,43.4145],[2.8019,43.4122],[2.8056,43.4111],[2.8068,43.4121],[2.8074,43.4162],[2.8049,43.417],[2.8072,43.418],[2.8089,43.4132],[2.8164,43.4122],[2.8137,43.4101],[2.8115,43.4109],[2.8075,43.4092],[2.8053,43.4111],[2.8021,43.4089],[2.7991,43.4133],[2.7952,43.415],[2.7944,43.4169],[2.7903,43.416],[2.7969,43.4126],[2.8017,43.407],[2.7984,43.4052],[2.7942,43.4066],[2.7974,43.4046],[2.7951,43.4032],[2.7969,43.4017],[2.7918,43.404],[2.7916,43.4068],[2.7897,43.4086],[2.7905,43.4091],[2.7857,43.4123],[2.7947,43.4008],[2.7915,43.401],[2.7842,43.4062],[2.7873,43.4028],[2.7849,43.4013],[2.7889,43.4027],[2.7896,43.401],[2.7883,43.4008],[2.7898,43.3992],[2.7857,43.396],[2.7831,43.3958],[2.7829,43.394],[2.7948,43.3974],[2.7901,43.3946],[2.7927,43.3943],[2.793,43.3924],[2.791,43.3906],[2.7935,43.3907],[2.7951,43.3889],[2.7909,43.3871],[2.7938,43.3866],[2.7879,43.3877],[2.7863,43.3903],[2.7832,43.391],[2.7827,43.3937],[2.7795,43.3963],[2.781,43.397],[2.7797,43.3984],[2.7774,43.3989],[2.7753,43.4021],[2.771,43.4031],[2.7732,43.4049],[2.7729,43.407],[2.7744,43.4074],[2.7779,43.4049],[2.7831,43.4093],[2.7781,43.4094],[2.778,43.4109],[2.7812,43.4122],[2.7793,43.414],[2.7776,43.4126],[2.7789,43.4154],[2.7775,43.4164],[2.78,43.4162],[2.7767,43.42],[2.7823,43.4179],[2.7815,43.4168],[2.7849,43.4193],[2.7829,43.4206],[2.784,43.4216],[2.7828,43.4212],[2.7868,43.424],[2.784,43.4243],[2.7861,43.4302],[2.7847,43.4331],[2.7903,43.4318],[2.7904,43.4277],[2.7932,43.425],[2.7944,43.4205],[2.7934,43.4185],[2.7932,43.4202],[2.7913,43.4191],[2.7887,43.42],[2.7891,43.4181],[2.7941,43.417],[2.7961,43.4203],[2.8056,43.4194]]],[[[2.8396,43.4012],[2.8406,43.3964],[2.8385,43.3969],[2.8341,43.3949],[2.8325,43.396],[2.8319,43.3991],[2.8331,43.4012],[2.832,43.4017],[2.8376,43.4042],[2.8314,43.4077],[2.8298,43.4105],[2.8304,43.4124],[2.8397,43.4079],[2.8371,43.4071],[2.8376,43.4084],[2.8332,43.4089],[2.8378,43.4046],[2.8386,43.4009],[2.8396,43.4012]]]]}},{"type":"Feature","properties":{"id":"F15672T","nom":"Forêt communale de Les Matelles","dep":"34","dom":false,"essence":"conifere","substrat":"calcaire","elev":209,"slopeDeg":6.3,"aspect":154},"geometry":{"type":"Polygon","coordinates":[[[3.8187,43.7393],[3.8157,43.7367],[3.8127,43.7396],[3.8126,43.7369],[3.8152,43.7359],[3.8117,43.7373],[3.8113,43.7389],[3.8119,43.7352],[3.8097,43.7342],[3.8107,43.7355],[3.808,43.74],[3.8025,43.742],[3.803,43.7456],[3.8048,43.7462],[3.8097,43.7441],[3.8129,43.7448],[3.8123,43.7435],[3.8187,43.7393]]]}},{"type":"Feature","properties":{"id":"F15673U","nom":"Forêt communale de Vélieux","dep":"34","dom":false,"essence":"autre","substrat":"acide","elev":515,"slopeDeg":0.8,"aspect":263},"geometry":{"type":"MultiPolygon","coordinates":[[[[2.7234,43.3905],[2.7265,43.3922],[2.7285,43.397],[2.7302,43.3956],[2.7321,43.397],[2.7346,43.396],[2.7352,43.3934],[2.7385,43.3957],[2.7397,43.3947],[2.7461,43.3953],[2.7517,43.4011],[2.748,43.4053],[2.7531,43.4062],[2.7553,43.411],[2.7592,43.4132],[2.762,43.4097],[2.7607,43.4093],[2.7658,43.4058],[2.7643,43.4049],[2.7625,43.4063],[2.7593,43.4046],[2.7587,43.4057],[2.7612,43.407],[2.7598,43.4077],[2.7612,43.4078],[2.7594,43.4092],[2.759,43.4079],[2.7533,43.4068],[2.7538,43.4048],[2.7569,43.4046],[2.7542,43.4041],[2.7544,43.3987],[2.7577,43.3967],[2.7553,43.3986],[2.759,43.3998],[2.7594,43.3983],[2.7579,43.3982],[2.76,43.3975],[2.7593,43.3942],[2.7583,43.3958],[2.736,43.3906],[2.7352,43.3929],[2.7309,43.393],[2.7316,43.3904],[2.7328,43.3904],[2.7314,43.3902],[2.7317,43.3882],[2.7332,43.3874],[2.7298,43.3884],[2.7224,43.3854],[2.7209,43.3812],[2.7184,43.3795],[2.72,43.3768],[2.7243,43.3772],[2.7239,43.376],[2.7264,43.375],[2.722,43.3761],[2.7211,43.3736],[2.7189,43.3735],[2.7114,43.3797],[2.7137,43.38],[2.7142,43.3825],[2.7166,43.3826],[2.7176,43.3867],[2.7198,43.3881],[2.7191,43.3895],[2.7248,43.3893],[2.7234,43.3905]]],[[[2.7662,43.3936],[2.7636,43.3918],[2.7638,43.3951],[2.7626,43.3949],[2.7643,43.398],[2.7704,43.4009],[2.7666,43.4029],[2.7643,43.4016],[2.7645,43.4033],[2.7706,43.404],[2.7707,43.4022],[2.7765,43.4],[2.7773,43.3975],[2.7662,43.3936]]],[[[2.7409,43.3753],[2.7383,43.3748],[2.7374,43.3765],[2.7397,43.3811],[2.7388,43.3828],[2.7412,43.3842],[2.7391,43.3849],[2.7465,43.3875],[2.7478,43.3863],[2.7425,43.3848],[2.7446,43.3839],[2.7426,43.3828],[2.7424,43.3814],[2.744,43.3811],[2.742,43.3786],[2.7423,43.3766],[2.7413,43.3776],[2.7401,43.3766],[2.7409,43.3753]]],[[[2.7544,43.3815],[2.7515,43.3833],[2.7575,43.3838],[2.759,43.3795],[2.7544,43.3815]]],[[[2.7622,43.4053],[2.7641,43.4045],[2.762,43.4022],[2.7634,43.4009],[2.7598,43.403],[2.7615,43.4048],[2.7626,43.4036],[2.7622,43.4053]]]]}},{"type":"Feature","properties":{"id":"F15674V","nom":"Forêt communale de Villeneuvette","dep":"34","dom":false,"essence":"mixte","substrat":"acide","elev":251,"slopeDeg":8.5,"aspect":286},"geometry":{"type":"Polygon","coordinates":[[[3.4099,43.6122],[3.4088,43.6136],[3.4107,43.6146],[3.4147,43.6121],[3.4197,43.6112],[3.4132,43.6053],[3.4147,43.6027],[3.4075,43.6034],[3.4057,43.6065],[3.4048,43.6117],[3.4099,43.6122]]]}},{"type":"Feature","properties":{"id":"F15675W","nom":"Forêt communale d'Aumes","dep":"34","dom":false,"essence":"autre","substrat":"acide","elev":100,"slopeDeg":0.3,"aspect":235},"geometry":{"type":"Polygon","coordinates":[[[3.4898,43.4558],[3.4869,43.4546],[3.4866,43.453],[3.4838,43.4528],[3.4818,43.4559],[3.4892,43.458],[3.491,43.4563],[3.4898,43.4558]]]}},{"type":"Feature","properties":{"id":"F15676X","nom":"Forêt communale de Cazouls Les Béziers","dep":"34","dom":false,"essence":"conifere","substrat":"calcaire","elev":189,"slopeDeg":1.2,"aspect":69},"geometry":{"type":"MultiPolygon","coordinates":[[[[3.0454,43.4095],[3.0478,43.4093],[3.0468,43.4106],[3.0428,43.4094],[3.0434,43.4075],[3.0418,43.407],[3.0376,43.4089],[3.0381,43.4105],[3.0395,43.4081],[3.0423,43.4097],[3.042,43.4114],[3.0473,43.4131],[3.0494,43.4125],[3.053,43.4159],[3.0512,43.4127],[3.0522,43.4125],[3.0497,43.4116],[3.048,43.4127],[3.0473,43.4114],[3.0506,43.4099],[3.0524,43.4123],[3.0521,43.408],[3.0474,43.4078],[3.0458,43.406],[3.0444,43.4082],[3.0454,43.4095]]],[[[3.0355,43.4091],[3.036,43.4064],[3.0374,43.4058],[3.0366,43.4043],[3.0312,43.4074],[3.0364,43.4098],[3.0355,43.4091]]]]}},{"type":"Feature","properties":{"id":"F15677Y","nom":"Forêt communale de Cassagnoles","dep":"34","dom":false,"essence":"mixte","substrat":"acide","elev":740,"slopeDeg":1.6,"aspect":229},"geometry":{"type":"Polygon","coordinates":[[[2.5721,43.3798],[2.5685,43.3831],[2.5754,43.3888],[2.5758,43.3914],[2.5779,43.3915],[2.5738,43.3918],[2.5718,43.3964],[2.573,43.3998],[2.5786,43.3982],[2.5846,43.3919],[2.5866,43.3926],[2.586,43.3905],[2.5847,43.3904],[2.5893,43.3863],[2.5862,43.3823],[2.5819,43.3798],[2.5841,43.3755],[2.5832,43.3744],[2.5728,43.3792],[2.5779,43.3822],[2.5765,43.3841],[2.5713,43.3823],[2.5721,43.3798]]]}},{"type":"Feature","properties":{"id":"F15678Z","nom":"Forêt communale de Lieuran-Cabrières","dep":"34","dom":false,"essence":"conifere","substrat":"acide","elev":216,"slopeDeg":9.7,"aspect":60},"geometry":{"type":"MultiPolygon","coordinates":[[[[3.4106,43.5831],[3.4084,43.584],[3.41,43.5867],[3.4154,43.5846],[3.4106,43.5831]]],[[[3.3947,43.6018],[3.3943,43.6028],[3.3969,43.6036],[3.3994,43.6027],[3.3947,43.6018]]]]}},{"type":"Feature","properties":{"id":"F15679A","nom":"Forêt communale de Saint Bauzille De Montmel","dep":"34","dom":false,"essence":"autre","substrat":"calcaire","elev":203,"slopeDeg":7.2,"aspect":105},"geometry":{"type":"MultiPolygon","coordinates":[[[[3.9404,43.7665],[3.9471,43.763],[3.9435,43.7651],[3.9366,43.7638],[3.9384,43.7578],[3.9313,43.7544],[3.9328,43.7527],[3.931,43.7516],[3.9301,43.7554],[3.9313,43.7601],[3.929,43.7628],[3.9345,43.7628],[3.9333,43.7638],[3.9404,43.7665]]],[[[3.9139,43.7525],[3.9111,43.7538],[3.916,43.7534],[3.9202,43.7624],[3.9243,43.764],[3.9285,43.7624],[3.9241,43.7598],[3.9259,43.7603],[3.9249,43.7584],[3.9236,43.7593],[3.9228,43.7584],[3.9217,43.7558],[3.923,43.7527],[3.9139,43.7525]]],[[[3.9337,43.7758],[3.9346,43.773],[3.9334,43.7674],[3.9321,43.7678],[3.9316,43.7661],[3.9269,43.7677],[3.928,43.7711],[3.9271,43.773],[3.9337,43.7758]]],[[[3.9546,43.776],[3.9538,43.7746],[3.9495,43.7741],[3.9445,43.7757],[3.9444,43.7779],[3.9488,43.7794],[3.9548,43.7766],[3.9561,43.7781],[3.9588,43.7781],[3.9562,43.776],[3.9567,43.7751],[3.9553,43.7744],[3.9546,43.776]]],[[[3.9034,43.7511],[3.9102,43.752],[3.9125,43.7489],[3.9103,43.7475],[3.9019,43.7506],[3.9034,43.7511]]]]}},{"type":"Feature","properties":{"id":"F15680B","nom":"Forêt communale de Lunel","dep":"34","dom":false,"essence":"conifere","substrat":"calcaire","elev":38,"slopeDeg":0.8,"aspect":156},"geometry":{"type":"MultiPolygon","coordinates":[[[[4.119,43.7167],[4.1247,43.7166],[4.1281,43.7283],[4.1272,43.7363],[4.1223,43.737],[4.1246,43.7387],[4.128,43.7383],[4.1292,43.7356],[4.1331,43.7349],[4.13,43.7325],[4.1306,43.7259],[4.1291,43.7247],[4.1315,43.7238],[4.1316,43.7214],[4.129,43.7175],[4.1271,43.7178],[4.1292,43.7208],[4.1269,43.7187],[4.1275,43.7168],[4.125,43.716],[4.1262,43.7145],[4.1282,43.7155],[4.1277,43.7142],[4.1289,43.7134],[4.1299,43.715],[4.1296,43.7122],[4.1252,43.7107],[4.1206,43.7064],[4.1145,43.7125],[4.1159,43.7128],[4.1165,43.7165],[4.1165,43.7134],[4.119,43.7167]]],[[[4.1229,43.7041],[4.1207,43.7057],[4.123,43.7072],[4.1245,43.7042],[4.1269,43.7045],[4.1229,43.7041]]],[[[4.1281,43.6932],[4.1308,43.6933],[4.128,43.6904],[4.1281,43.6932]]]]}},{"type":"Feature","properties":{"id":"F15681C","nom":"Forêt communale de Riols","dep":"34","dom":false,"essence":"conifere","substrat":"acide","elev":914,"slopeDeg":2.2,"aspect":251},"geometry":{"type":"Polygon","coordinates":[[[2.7634,43.5506],[2.7642,43.5518],[2.7616,43.5519],[2.7623,43.5534],[2.7708,43.5539],[2.7685,43.55],[2.7717,43.5479],[2.7736,43.5445],[2.7671,43.543],[2.7634,43.5506]]]}},{"type":"Feature","properties":{"id":"F15682D","nom":"Forêt communale de Saint-Michel D'Alajou","dep":"34","dom":false,"essence":"feuillu","substrat":"calcaire","elev":773,"slopeDeg":5.1,"aspect":87},"geometry":{"type":"Polygon","coordinates":[[[3.4194,43.8697],[3.4183,43.8698],[3.4173,43.8675],[3.4166,43.8606],[3.4122,43.8605],[3.4111,43.8566],[3.4098,43.8572],[3.4102,43.8585],[3.4064,43.8595],[3.4059,43.8577],[3.4041,43.8577],[3.4042,43.8543],[3.4037,43.8559],[3.4,43.8565],[3.3986,43.8585],[3.3936,43.857],[3.3911,43.8608],[3.3861,43.8592],[3.3899,43.8626],[3.395,43.8615],[3.4156,43.8709],[3.4189,43.871],[3.4204,43.8699],[3.4194,43.8697]]]}},{"type":"Feature","properties":{"id":"F15683E","nom":"Forêt communale de Montpeyroux","dep":"34","dom":false,"essence":"feuillu","substrat":"calcaire","elev":373,"slopeDeg":4,"aspect":266},"geometry":{"type":"Polygon","coordinates":[[[3.5092,43.7381],[3.5166,43.7343],[3.523,43.7162],[3.529,43.7072],[3.5232,43.6993],[3.5235,43.7039],[3.5217,43.7054],[3.514,43.7068],[3.5137,43.7053],[3.5113,43.7062],[3.5092,43.705],[3.5038,43.708],[3.4983,43.7065],[3.4987,43.7086],[3.4953,43.7109],[3.4973,43.7124],[3.4961,43.7127],[3.4967,43.7143],[3.4986,43.7151],[3.4968,43.7172],[3.4953,43.7158],[3.4938,43.7181],[3.4957,43.7186],[3.4966,43.7175],[3.499,43.7218],[3.491,43.7225],[3.4904,43.7236],[3.4898,43.7258],[3.4915,43.7256],[3.4926,43.7286],[3.4907,43.7313],[3.4923,43.7329],[3.495,43.7328],[3.4995,43.7393],[3.5015,43.7398],[3.5011,43.7408],[3.506,43.741],[3.5092,43.7381]]]}},{"type":"Feature","properties":{"id":"F15684F","nom":"Forêt communale de Saint-Bauzille Putois ","dep":"34","dom":false,"essence":"autre","substrat":"calcaire","elev":273,"slopeDeg":3.2,"aspect":204},"geometry":{"type":"Polygon","coordinates":[[[3.7562,43.8812],[3.7572,43.8816],[3.7563,43.8795],[3.7516,43.8788],[3.7562,43.8812]]]}},{"type":"Feature","properties":{"id":"F15685G","nom":"Forêt communale de Saint-Saturnin-De-Lucian","dep":"34","dom":false,"essence":"autre","substrat":"acide","elev":326,"slopeDeg":7.7,"aspect":176},"geometry":{"type":"MultiPolygon","coordinates":[[[[3.4668,43.7095],[3.4668,43.7105],[3.4682,43.7091],[3.4692,43.7101],[3.4704,43.7083],[3.4727,43.709],[3.4717,43.7044],[3.4692,43.7032],[3.4701,43.7013],[3.4646,43.7044],[3.4639,43.7036],[3.4642,43.7048],[3.4613,43.703],[3.4603,43.7043],[3.4586,43.7038],[3.4594,43.705],[3.4694,43.7051],[3.4703,43.7058],[3.4676,43.7052],[3.4681,43.7087],[3.4668,43.7095]]],[[[3.4722,43.7144],[3.4749,43.7113],[3.4729,43.7097],[3.4664,43.7124],[3.4674,43.7142],[3.4722,43.7144]]],[[[3.4547,43.6996],[3.4505,43.6981],[3.453,43.7036],[3.4576,43.7039],[3.4573,43.701],[3.4547,43.6996]]],[[[3.4652,43.7137],[3.459,43.7125],[3.4617,43.7171],[3.4628,43.7168],[3.4611,43.7151],[3.464,43.7156],[3.462,43.715],[3.4621,43.7139],[3.4652,43.7137]]],[[[3.4654,43.6994],[3.4635,43.7013],[3.465,43.7024],[3.4695,43.6988],[3.4654,43.6994]]]]}},{"type":"Feature","properties":{"id":"F15686H","nom":"Forêt communale de La Livinière","dep":"34","dom":false,"essence":"autre","substrat":"neutre","elev":384,"slopeDeg":4.2,"aspect":194},"geometry":{"type":"MultiPolygon","coordinates":[[[[2.641,43.3738],[2.6425,43.373],[2.6441,43.3753],[2.6471,43.3755],[2.647,43.3716],[2.6445,43.3703],[2.6496,43.3697],[2.6512,43.3661],[2.649,43.3648],[2.6464,43.3659],[2.6493,43.3635],[2.643,43.3633],[2.6431,43.3661],[2.6415,43.3667],[2.6447,43.3663],[2.645,43.3679],[2.6416,43.3686],[2.6416,43.3659],[2.6394,43.3654],[2.639,43.3671],[2.6352,43.3659],[2.6343,43.3665],[2.6355,43.3677],[2.6329,43.3672],[2.6364,43.3717],[2.6387,43.371],[2.641,43.3738]]],[[[2.6275,43.3333],[2.6298,43.3345],[2.6326,43.3316],[2.6315,43.3309],[2.6294,43.3337],[2.627,43.3308],[2.6261,43.3321],[2.6276,43.332],[2.6275,43.3333]]]]}},{"type":"Feature","properties":{"id":"F15687I","nom":"Forêt domaniale de Saint-Chinian","dep":"34","dom":true,"essence":"mixte","substrat":"acide","elev":264,"slopeDeg":8.3,"aspect":204},"geometry":{"type":"MultiPolygon","coordinates":[[[[2.9068,43.4401],[2.9093,43.4381],[2.9063,43.4389],[2.9035,43.4424],[2.9001,43.44],[2.8924,43.4424],[2.8898,43.4448],[2.8843,43.4438],[2.8854,43.4425],[2.8817,43.4414],[2.8779,43.4441],[2.878,43.4468],[2.8799,43.448],[2.8811,43.4513],[2.8851,43.451],[2.8852,43.4487],[2.8847,43.45],[2.8813,43.449],[2.8867,43.4471],[2.8865,43.4493],[2.8887,43.4486],[2.8902,43.4507],[2.8925,43.4487],[2.891,43.4458],[2.8957,43.4441],[2.9007,43.446],[2.9033,43.4495],[2.9068,43.4489],[2.9044,43.448],[2.9055,43.4474],[2.9107,43.4488],[2.9111,43.4478],[2.9077,43.4474],[2.9092,43.4446],[2.9068,43.4435],[2.9068,43.4401]]],[[[2.8833,43.4312],[2.8836,43.4299],[2.885,43.431],[2.886,43.43],[2.885,43.4296],[2.8874,43.4291],[2.8889,43.4269],[2.8766,43.4293],[2.8753,43.428],[2.872,43.429],[2.8696,43.4269],[2.8667,43.4299],[2.8662,43.4339],[2.8649,43.4338],[2.8672,43.4358],[2.8668,43.4372],[2.8699,43.4383],[2.871,43.4356],[2.8735,43.4364],[2.8828,43.4336],[2.8847,43.4349],[2.8833,43.4312]]],[[[2.8856,43.4578],[2.887,43.4583],[2.8906,43.4556],[2.8884,43.4532],[2.8876,43.4545],[2.883,43.4553],[2.8812,43.4536],[2.8757,43.4537],[2.873,43.4556],[2.8754,43.4575],[2.8754,43.4566],[2.8794,43.4628],[2.8831,43.4616],[2.8828,43.4581],[2.8856,43.4578]]],[[[2.8716,43.4157],[2.8676,43.4148],[2.8663,43.4157],[2.8656,43.4176],[2.8708,43.4171],[2.8735,43.4187],[2.8662,43.4198],[2.8691,43.4225],[2.875,43.421],[2.8819,43.4214],[2.8812,43.4196],[2.8867,43.4179],[2.8716,43.4157]]],[[[2.9302,43.4626],[2.9326,43.4613],[2.9276,43.4566],[2.9227,43.4586],[2.9219,43.4614],[2.9293,43.4652],[2.9309,43.4647],[2.9302,43.4626]]],[[[2.9209,43.4502],[2.9227,43.4463],[2.9192,43.4443],[2.9175,43.4452],[2.9197,43.4462],[2.9202,43.4485],[2.9167,43.4503],[2.9176,43.4511],[2.9163,43.4526],[2.9208,43.4522],[2.9218,43.4532],[2.9209,43.4502]]],[[[2.9311,43.4494],[2.9288,43.4525],[2.9323,43.4533],[2.934,43.4517],[2.9322,43.45],[2.934,43.4502],[2.9351,43.4486],[2.9311,43.4494]]]]}},{"type":"Feature","properties":{"id":"F15688J","nom":"Forêt communale du Cros","dep":"34","dom":false,"essence":"autre","substrat":"calcaire","elev":734,"slopeDeg":5.3,"aspect":306},"geometry":{"type":"Polygon","coordinates":[[[3.3903,43.8691],[3.3881,43.8694],[3.3875,43.8722],[3.382,43.8743],[3.3826,43.8757],[3.3862,43.8762],[3.3859,43.8784],[3.3907,43.8768],[3.3914,43.8693],[3.3903,43.8691]]]}},{"type":"Feature","properties":{"id":"F15689K","nom":"Forêt domaniale d'Escandorgue","dep":"34","dom":true,"essence":"feuillu","substrat":"calcaire","elev":710,"slopeDeg":4.6,"aspect":105},"geometry":{"type":"MultiPolygon","coordinates":[[[[3.2658,43.7942],[3.2644,43.7916],[3.2627,43.7921],[3.2596,43.7896],[3.261,43.7867],[3.2594,43.7871],[3.2601,43.786],[3.263,43.7854],[3.2609,43.7851],[3.2581,43.7876],[3.2551,43.7883],[3.2555,43.7896],[3.2515,43.7872],[3.2428,43.7924],[3.2418,43.796],[3.2463,43.8078],[3.2459,43.8135],[3.2474,43.8139],[3.2522,43.8102],[3.2555,43.8053],[3.2579,43.8062],[3.2568,43.8096],[3.2612,43.8115],[3.2651,43.8068],[3.2687,43.8062],[3.2616,43.8022],[3.2645,43.8006],[3.2647,43.7986],[3.2628,43.7981],[3.2643,43.7972],[3.2628,43.7963],[3.2655,43.7956],[3.2714,43.7972],[3.2752,43.7931],[3.2659,43.7953],[3.2658,43.7942]]],[[[3.2911,43.8148],[3.2842,43.8124],[3.2876,43.8147],[3.281,43.8218],[3.2779,43.8218],[3.2757,43.8256],[3.2796,43.8244],[3.2784,43.8271],[3.2867,43.8297],[3.2875,43.8265],[3.2918,43.8248],[3.2935,43.8208],[3.2911,43.8148]]],[[[3.2328,43.78],[3.2308,43.7795],[3.2278,43.7813],[3.227,43.7875],[3.2308,43.7873],[3.2309,43.79],[3.2327,43.7896],[3.2321,43.7864],[3.2372,43.7831],[3.2394,43.7836],[3.2434,43.7885],[3.2419,43.7825],[3.2396,43.7794],[3.233,43.7785],[3.2328,43.78]]],[[[3.2765,43.8109],[3.2736,43.8146],[3.2746,43.8177],[3.2775,43.8138],[3.2765,43.8109]]],[[[3.2895,43.811],[3.2908,43.8095],[3.2831,43.8109],[3.2895,43.811]]],[[[3.2554,43.7862],[3.2532,43.7836],[3.2515,43.786],[3.2554,43.7862]]]]}},{"type":"Feature","properties":{"id":"F15691M","nom":"Forêt communale de Saint-Bauzille-De-La-Sylve","dep":"34","dom":false,"essence":"autre","substrat":"acide","elev":179,"slopeDeg":3.1,"aspect":345},"geometry":{"type":"MultiPolygon","coordinates":[[[[3.5525,43.6118],[3.5537,43.6157],[3.5592,43.6127],[3.5616,43.6125],[3.5612,43.6134],[3.5626,43.6112],[3.5639,43.6122],[3.5674,43.6103],[3.5665,43.6116],[3.5688,43.6105],[3.5692,43.612],[3.5726,43.6097],[3.5722,43.6118],[3.5736,43.6123],[3.568,43.6177],[3.569,43.6188],[3.5768,43.6146],[3.5817,43.6154],[3.5868,43.6126],[3.5858,43.6135],[3.5889,43.613],[3.5863,43.61],[3.5879,43.6046],[3.5815,43.603],[3.5789,43.6062],[3.5699,43.6071],[3.5648,43.6032],[3.5525,43.6118]]],[[[3.5563,43.6186],[3.5582,43.6198],[3.5606,43.6176],[3.5645,43.6183],[3.5668,43.6163],[3.565,43.6144],[3.5633,43.6146],[3.5614,43.6162],[3.5616,43.6152],[3.5578,43.6163],[3.5563,43.6186]]]]}},{"type":"Feature","properties":{"id":"F15692N","nom":"Forêt communale de Saint-Pierre De La Fage","dep":"34","dom":false,"essence":"autre","substrat":"calcaire","elev":701,"slopeDeg":3.1,"aspect":23},"geometry":{"type":"Polygon","coordinates":[[[3.4378,43.784],[3.4354,43.7867],[3.4436,43.7877],[3.4415,43.7846],[3.4419,43.7814],[3.4384,43.7832],[3.4391,43.7843],[3.4378,43.784]]]}},{"type":"Feature","properties":{"id":"F15694P","nom":"Forêt communale de Puisserguier","dep":"34","dom":false,"essence":"conifere","substrat":"acide","elev":171,"slopeDeg":2.3,"aspect":173},"geometry":{"type":"MultiPolygon","coordinates":[[[[3.0353,43.3824],[3.0333,43.3812],[3.0339,43.3837],[3.0358,43.384],[3.0338,43.3848],[3.0363,43.3868],[3.0344,43.388],[3.0369,43.3882],[3.0385,43.3858],[3.0409,43.388],[3.0402,43.3872],[3.042,43.3865],[3.0403,43.3865],[3.0416,43.3858],[3.0353,43.3824]]],[[[3.0317,43.3799],[3.0287,43.379],[3.0293,43.3778],[3.0284,43.3788],[3.0238,43.3782],[3.0271,43.3821],[3.0317,43.3799]]],[[[3.0333,43.3947],[3.0317,43.3944],[3.0315,43.3967],[3.0354,43.396],[3.034,43.3936],[3.0374,43.3927],[3.0314,43.392],[3.0333,43.3947]]],[[[3.0293,43.4011],[3.0304,43.4022],[3.0343,43.4012],[3.0323,43.3983],[3.0315,43.3992],[3.0328,43.4007],[3.0314,43.3999],[3.0304,43.3967],[3.0293,43.3977],[3.0307,43.4001],[3.0293,43.4011]]],[[[3.0302,43.4038],[3.0332,43.406],[3.0379,43.4036],[3.0302,43.4038]]]]}},{"type":"Feature","properties":{"id":"F15696R","nom":"Forêt communale d'Olmet Et Villecun","dep":"34","dom":false,"essence":"conifere","substrat":"acide","elev":388,"slopeDeg":6.2,"aspect":140},"geometry":{"type":"Polygon","coordinates":[[[3.3055,43.7175],[3.3035,43.715],[3.3072,43.7125],[3.3045,43.7116],[3.2996,43.7126],[3.2993,43.7156],[3.2962,43.7167],[3.3052,43.7186],[3.3055,43.7175]]]}},{"type":"Feature","properties":{"id":"F15697S","nom":"Forêt communale de Cazilhac","dep":"34","dom":false,"essence":"feuillu","substrat":"calcaire","elev":529,"slopeDeg":3.9,"aspect":76},"geometry":{"type":"MultiPolygon","coordinates":[[[[3.6616,43.9023],[3.6606,43.9026],[3.6613,43.91],[3.6633,43.9116],[3.6715,43.9095],[3.6778,43.9229],[3.6769,43.9234],[3.6785,43.9241],[3.6786,43.9266],[3.6919,43.9238],[3.6881,43.92],[3.6916,43.9188],[3.6854,43.9148],[3.6848,43.9115],[3.6912,43.911],[3.6889,43.9089],[3.6904,43.9085],[3.685,43.9091],[3.6812,43.9079],[3.6854,43.9052],[3.6732,43.8974],[3.6656,43.8949],[3.6628,43.9023],[3.6616,43.9023]]],[[[3.6762,43.9299],[3.6764,43.932],[3.6726,43.9358],[3.6745,43.9374],[3.6836,43.9405],[3.6946,43.9368],[3.6908,43.9351],[3.6941,43.9307],[3.6901,43.9303],[3.6877,43.9277],[3.678,43.9284],[3.6762,43.9299]]]]}},{"type":"Feature","properties":{"id":"F15698T","nom":"Forêt communale de Moulès Et Baucels","dep":"34","dom":false,"essence":"autre","substrat":"calcaire","elev":480,"slopeDeg":12,"aspect":153},"geometry":{"type":"Polygon","coordinates":[[[3.7354,43.969],[3.7385,43.9655],[3.7386,43.9624],[3.7346,43.9621],[3.7275,43.9665],[3.7326,43.9712],[3.7354,43.969]]]}},{"type":"Feature","properties":{"id":"F15699U","nom":"Forêt communale de Rosis","dep":"34","dom":false,"essence":"autre","substrat":"acide","elev":884,"slopeDeg":7.9,"aspect":158},"geometry":{"type":"Polygon","coordinates":[[[3.007,43.6251],[3.0074,43.6241],[3.0041,43.625],[2.9948,43.6208],[2.9988,43.6176],[2.9945,43.6165],[2.9911,43.6172],[2.9851,43.615],[2.9867,43.6222],[2.9882,43.623],[2.9887,43.6285],[2.9995,43.6353],[3.0003,43.6339],[3.0043,43.6369],[3.0062,43.6357],[3.0087,43.6296],[3.0067,43.6284],[3.0092,43.6278],[3.0104,43.625],[3.007,43.6251]]]}},{"type":"Feature","properties":{"id":"F15700V","nom":"Forêt communale de Castanet-Le-Haut","dep":"34","dom":false,"essence":"feuillu","substrat":"acide","elev":868,"slopeDeg":5,"aspect":329},"geometry":{"type":"MultiPolygon","coordinates":[[[[2.9233,43.6702],[2.9248,43.6686],[2.9283,43.6685],[2.9272,43.6662],[2.9332,43.6628],[2.9356,43.6636],[2.9361,43.6704],[2.9405,43.6681],[2.9394,43.6659],[2.9425,43.6648],[2.9475,43.6664],[2.9524,43.6661],[2.9465,43.6635],[2.9427,43.6533],[2.9346,43.6589],[2.9249,43.6528],[2.921,43.6543],[2.9076,43.6546],[2.9128,43.6592],[2.9198,43.6624],[2.9174,43.6689],[2.9198,43.6755],[2.9225,43.6753],[2.9241,43.673],[2.9199,43.6734],[2.9205,43.6716],[2.9191,43.6702],[2.9233,43.6702]]],[[[2.9418,43.6748],[2.9498,43.679],[2.9467,43.6812],[2.9464,43.6843],[2.944,43.684],[2.9435,43.6878],[2.9476,43.6868],[2.9468,43.6875],[2.949,43.6888],[2.952,43.6863],[2.9499,43.6844],[2.955,43.6856],[2.9537,43.6818],[2.9545,43.6791],[2.95,43.6787],[2.953,43.6759],[2.9514,43.6728],[2.9478,43.6719],[2.9418,43.6748]]],[[[2.9368,43.6926],[2.9382,43.6907],[2.9296,43.6879],[2.9294,43.6897],[2.9261,43.6911],[2.9279,43.6936],[2.9333,43.6953],[2.9368,43.6926]]]]}},{"type":"Feature","properties":{"id":"F15701W","nom":"Forêt communale de Galargues","dep":"34","dom":false,"essence":"feuillu","substrat":"calcaire","elev":134,"slopeDeg":8.4,"aspect":113},"geometry":{"type":"MultiPolygon","coordinates":[[[[4.0117,43.7813],[4.0104,43.78],[4.0082,43.7814],[4.005,43.7806],[4.0049,43.7796],[4.0017,43.7815],[3.9982,43.7795],[3.9951,43.7823],[3.9998,43.7848],[4.0003,43.7838],[4.0014,43.7859],[4,43.7864],[4.0031,43.7873],[4.0036,43.7858],[3.9999,43.7818],[4.003,43.7816],[4.0031,43.7834],[4.005,43.7837],[4.006,43.7832],[4.0048,43.7826],[4.0103,43.7809],[4.0109,43.7819],[4.0095,43.7824],[4.0114,43.7828],[4.0117,43.7813]]],[[[3.9839,43.7989],[3.9776,43.7965],[3.9744,43.8014],[3.9805,43.8034],[3.9839,43.7989]]],[[[3.985,43.7969],[3.9856,43.795],[3.9797,43.7917],[3.9777,43.7922],[3.9796,43.7928],[3.9787,43.7945],[3.985,43.7969]]]]}},{"type":"Feature","properties":{"id":"F15702X","nom":"Forêt domaniale du Minervois","dep":"34","dom":true,"essence":"conifere","substrat":"acide","elev":437,"slopeDeg":5.9,"aspect":161},"geometry":{"type":"MultiPolygon","coordinates":[[[[2.674,43.3907],[2.6784,43.3928],[2.677,43.3939],[2.6784,43.3965],[2.6865,43.4011],[2.6932,43.4019],[2.6934,43.3987],[2.6918,43.3982],[2.6936,43.3978],[2.6947,43.3984],[2.6937,43.3996],[2.6963,43.3995],[2.6958,43.4006],[2.6975,43.3992],[2.6843,43.3917],[2.6849,43.3899],[2.6801,43.3878],[2.6807,43.3853],[2.6727,43.3786],[2.6772,43.3756],[2.6764,43.3743],[2.6726,43.374],[2.6673,43.3759],[2.6649,43.3695],[2.6636,43.3715],[2.6621,43.3715],[2.6564,43.3688],[2.6532,43.3694],[2.6516,43.3672],[2.6516,43.3721],[2.6496,43.373],[2.6541,43.3738],[2.6521,43.3766],[2.6538,43.3775],[2.6538,43.3791],[2.6575,43.3788],[2.6557,43.3807],[2.6579,43.3809],[2.6577,43.3822],[2.6624,43.3816],[2.6594,43.384],[2.66,43.3851],[2.674,43.3907]]],[[[2.5614,43.3812],[2.5595,43.3756],[2.5562,43.3776],[2.5517,43.3779],[2.5535,43.3829],[2.5568,43.3848],[2.5554,43.3882],[2.5597,43.3934],[2.5686,43.4004],[2.5729,43.3998],[2.5718,43.3964],[2.5738,43.3916],[2.5682,43.3898],[2.5664,43.388],[2.5665,43.3854],[2.5611,43.3825],[2.5614,43.3812]]],[[[2.6203,43.3979],[2.622,43.3996],[2.619,43.4014],[2.6199,43.402],[2.624,43.4021],[2.6278,43.3995],[2.6255,43.3953],[2.6211,43.3939],[2.6203,43.3979]]]]}},{"type":"Feature","properties":{"id":"F15706B","nom":"Forêt communale de Brissac","dep":"34","dom":false,"essence":"feuillu","substrat":"calcaire","elev":304,"slopeDeg":18.4,"aspect":104},"geometry":{"type":"Polygon","coordinates":[[[3.6962,43.8806],[3.6959,43.8787],[3.7001,43.8784],[3.7002,43.8732],[3.6926,43.8704],[3.6843,43.8788],[3.69,43.8808],[3.6936,43.8843],[3.6958,43.8819],[3.6959,43.8831],[3.6977,43.8831],[3.6962,43.8806]]]}},{"type":"Feature","properties":{"id":"F15708D","nom":"Forêt communale de Murles","dep":"34","dom":false,"essence":"feuillu","substrat":"calcaire","elev":231,"slopeDeg":2.3,"aspect":235},"geometry":{"type":"Polygon","coordinates":[[[3.75,43.6969],[3.7524,43.6953],[3.7448,43.6912],[3.7426,43.6945],[3.7424,43.6921],[3.7406,43.692],[3.7417,43.6909],[3.7383,43.691],[3.7394,43.6934],[3.7469,43.6994],[3.75,43.6969]]]}},{"type":"Feature","properties":{"id":"F15709E","nom":"Forêt communale des Aires","dep":"34","dom":false,"essence":"autre","substrat":"calcaire","elev":443,"slopeDeg":6.7,"aspect":272},"geometry":{"type":"MultiPolygon","coordinates":[[[[3.0758,43.566],[3.0793,43.5687],[3.0885,43.5696],[3.0914,43.5665],[3.0902,43.5651],[3.0916,43.5646],[3.0908,43.5636],[3.0925,43.5634],[3.0861,43.5593],[3.0849,43.5609],[3.0803,43.5611],[3.073,43.5592],[3.0704,43.5619],[3.0736,43.5627],[3.073,43.564],[3.0758,43.566]]],[[[3.117,43.5737],[3.1194,43.5754],[3.1229,43.5738],[3.1065,43.568],[3.1044,43.5705],[3.1057,43.5682],[3.1012,43.5667],[3.1008,43.5684],[3.0981,43.5686],[3.0975,43.5711],[3.1037,43.5726],[3.1045,43.5709],[3.1046,43.5729],[3.1101,43.5735],[3.1121,43.5722],[3.1132,43.5739],[3.117,43.5737]]]]}},{"type":"Feature","properties":{"id":"F15710F","nom":"Forêt communale de Montarnaud","dep":"34","dom":false,"essence":"feuillu","substrat":"calcaire","elev":104,"slopeDeg":3.2,"aspect":160},"geometry":{"type":"MultiPolygon","coordinates":[[[[3.6771,43.6745],[3.6799,43.6698],[3.6778,43.6619],[3.6735,43.6621],[3.6733,43.6571],[3.6707,43.6556],[3.6624,43.6583],[3.6611,43.67],[3.6649,43.6753],[3.6674,43.6779],[3.6745,43.6766],[3.6771,43.6745]]],[[[3.7068,43.6428],[3.7085,43.6437],[3.7091,43.6427],[3.7093,43.6445],[3.7119,43.6426],[3.7101,43.6444],[3.7117,43.6453],[3.7113,43.647],[3.7132,43.6436],[3.7162,43.6434],[3.7146,43.643],[3.7155,43.6415],[3.7175,43.6424],[3.7165,43.6409],[3.7176,43.6395],[3.7161,43.6394],[3.7204,43.6376],[3.72,43.6366],[3.7232,43.6381],[3.7212,43.6396],[3.7221,43.6412],[3.7231,43.6393],[3.7306,43.6367],[3.7398,43.6383],[3.7409,43.6373],[3.7432,43.6388],[3.7364,43.6394],[3.738,43.6395],[3.744,43.6391],[3.7437,43.6373],[3.7456,43.6377],[3.7326,43.6361],[3.7254,43.6369],[3.7211,43.6355],[3.7194,43.637],[3.7175,43.6358],[3.7171,43.6383],[3.7156,43.6374],[3.7166,43.6388],[3.7145,43.6373],[3.7152,43.6397],[3.7119,43.639],[3.7125,43.6378],[3.7108,43.637],[3.714,43.6369],[3.7122,43.6357],[3.7035,43.635],[3.7047,43.6381],[3.7099,43.6371],[3.708,43.6383],[3.7111,43.6389],[3.704,43.6394],[3.7068,43.6406],[3.7052,43.6427],[3.7141,43.6392],[3.7116,43.6406],[3.7128,43.6404],[3.7129,43.6425],[3.7103,43.6415],[3.7068,43.6428]]],[[[3.7018,43.6347],[3.7032,43.6331],[3.6958,43.6332],[3.6986,43.6339],[3.698,43.6348],[3.7018,43.6347]]],[[[3.6985,43.653],[3.703,43.655],[3.6981,43.6507],[3.6985,43.653]]]]}},{"type":"Feature","properties":{"id":"F15711G","nom":"Forêt communale de Carlencas-Et-Levas","dep":"34","dom":false,"essence":"feuillu","substrat":"calcaire","elev":334,"slopeDeg":3.9,"aspect":167},"geometry":{"type":"Polygon","coordinates":[[[3.1961,43.634],[3.1955,43.6354],[3.2005,43.6345],[3.2022,43.636],[3.2049,43.6348],[3.2032,43.6294],[3.204,43.623],[3.2023,43.6207],[3.1978,43.6327],[3.1961,43.634]]]}},{"type":"Feature","properties":{"id":"F15713I","nom":"Forêt communale de Vailhauques","dep":"34","dom":false,"essence":"autre","substrat":"acide","elev":274,"slopeDeg":0.7,"aspect":309},"geometry":{"type":"Polygon","coordinates":[[[3.7148,43.683],[3.7141,43.6794],[3.7119,43.6802],[3.7122,43.6745],[3.7088,43.6733],[3.7092,43.6715],[3.7066,43.668],[3.7084,43.6736],[3.7078,43.6854],[3.7026,43.6874],[3.7031,43.69],[3.7149,43.6909],[3.7168,43.6886],[3.7153,43.6851],[3.7165,43.6837],[3.7148,43.683]]]}},{"type":"Feature","properties":{"id":"F15714J","nom":"Forêt communale de Prades-Le-Lez","dep":"34","dom":false,"essence":"conifere","substrat":"calcaire","elev":86,"slopeDeg":4.3,"aspect":238},"geometry":{"type":"MultiPolygon","coordinates":[[[[3.8689,43.7025],[3.8681,43.7034],[3.8695,43.7038],[3.8762,43.6984],[3.8748,43.7017],[3.8785,43.7002],[3.8762,43.7003],[3.8781,43.6998],[3.8762,43.6981],[3.8734,43.6994],[3.8715,43.6967],[3.8689,43.7025]]],[[[3.866,43.6955],[3.8693,43.6967],[3.8676,43.6944],[3.8659,43.6944],[3.866,43.6955]]]]}},{"type":"Feature","properties":{"id":"F15715K","nom":"Forêt communale de Puéchabon","dep":"34","dom":false,"essence":"feuillu","substrat":"calcaire","elev":188,"slopeDeg":2.5,"aspect":155},"geometry":{"type":"MultiPolygon","coordinates":[[[[3.585,43.7359],[3.5861,43.7348],[3.584,43.7313],[3.5875,43.7272],[3.5967,43.7246],[3.5973,43.7285],[3.5997,43.7296],[3.6014,43.7288],[3.6027,43.7303],[3.5963,43.7317],[3.5976,43.7348],[3.5963,43.7352],[3.5967,43.7363],[3.595,43.735],[3.59,43.7358],[3.5925,43.7408],[3.6191,43.7336],[3.6255,43.7438],[3.634,43.7411],[3.634,43.7349],[3.6389,43.7256],[3.6406,43.7266],[3.6557,43.726],[3.6574,43.7176],[3.6503,43.7113],[3.6458,43.7103],[3.6375,43.7022],[3.6372,43.6969],[3.63,43.6946],[3.6241,43.6956],[3.622,43.7006],[3.6179,43.7022],[3.6204,43.7086],[3.6216,43.7083],[3.6194,43.7109],[3.6237,43.7079],[3.6277,43.7081],[3.625,43.7107],[3.6268,43.7114],[3.6248,43.7127],[3.6274,43.7129],[3.625,43.713],[3.6286,43.7154],[3.6224,43.7151],[3.6234,43.7168],[3.6216,43.7168],[3.621,43.7182],[3.6262,43.7191],[3.6266,43.7201],[3.6239,43.7192],[3.626,43.7203],[3.6218,43.72],[3.6246,43.7219],[3.6141,43.7246],[3.6133,43.7259],[3.6106,43.724],[3.6127,43.7233],[3.6125,43.722],[3.6094,43.7235],[3.6097,43.7211],[3.6075,43.7236],[3.6054,43.7218],[3.6072,43.7229],[3.6064,43.7243],[3.6078,43.7242],[3.6034,43.7266],[3.6055,43.7274],[3.6038,43.7285],[3.6051,43.7296],[3.5996,43.7278],[3.5983,43.7245],[3.5944,43.7249],[3.5953,43.7226],[3.5879,43.7216],[3.5863,43.7198],[3.5867,43.7179],[3.5822,43.7168],[3.5816,43.7143],[3.5784,43.7137],[3.5671,43.7243],[3.561,43.7244],[3.5661,43.7374],[3.5694,43.7356],[3.5756,43.7407],[3.5767,43.7371],[3.5738,43.7348],[3.576,43.7347],[3.5761,43.7324],[3.577,43.733],[3.5783,43.7301],[3.5739,43.7336],[3.5722,43.7325],[3.5693,43.7281],[3.5702,43.726],[3.5721,43.7272],[3.5704,43.726],[3.5707,43.724],[3.5732,43.7258],[3.5726,43.7245],[3.5748,43.725],[3.5738,43.7259],[3.5755,43.7272],[3.5755,43.7247],[3.5769,43.7257],[3.5768,43.7242],[3.5795,43.7246],[3.5787,43.7294],[3.5805,43.7288],[3.5793,43.7271],[3.5813,43.7258],[3.5822,43.7268],[3.581,43.7285],[3.5835,43.7292],[3.5824,43.7305],[3.5813,43.7298],[3.5817,43.7314],[3.585,43.7359]]],[[[3.6124,43.7033],[3.6121,43.7023],[3.6078,43.7027],[3.6108,43.7043],[3.6124,43.7033]]]]}},{"type":"Feature","properties":{"id":"F15712H","nom":"Forêt communale de Laurens","dep":"34","dom":false,"essence":"feuillu","substrat":"acide","elev":211,"slopeDeg":1.4,"aspect":267},"geometry":{"type":"MultiPolygon","coordinates":[[[[3.2235,43.5162],[3.2216,43.5164],[3.2182,43.5257],[3.2133,43.5235],[3.211,43.5244],[3.212,43.526],[3.2164,43.5281],[3.2182,43.5261],[3.2208,43.5268],[3.2215,43.5237],[3.2234,43.5227],[3.2225,43.5219],[3.2235,43.5162]]],[[[3.2154,43.5187],[3.2135,43.5205],[3.2181,43.5216],[3.2191,43.5171],[3.2154,43.5187]]]]}},{"type":"Feature","properties":{"id":"F15716L","nom":"Forêt communale de Vailhan","dep":"34","dom":false,"essence":"autre","substrat":"acide","elev":224,"slopeDeg":3,"aspect":47},"geometry":{"type":"Polygon","coordinates":[[[3.2898,43.568],[3.2935,43.5681],[3.294,43.5639],[3.29,43.5629],[3.2873,43.5653],[3.2898,43.568]]]}},{"type":"Feature","properties":{"id":"F15717M","nom":"Forêt communale d'Agde","dep":"34","dom":false,"essence":"conifere","substrat":"neutre","elev":32,"slopeDeg":2.1,"aspect":132},"geometry":{"type":"MultiPolygon","coordinates":[[[[3.5035,43.2989],[3.5069,43.2981],[3.5054,43.2959],[3.4987,43.2953],[3.4954,43.2973],[3.5003,43.3008],[3.5035,43.2989]]],[[[3.5012,43.2922],[3.5022,43.2929],[3.5034,43.2909],[3.501,43.2891],[3.4993,43.291],[3.5002,43.2903],[3.5012,43.2922]]]]}},{"type":"Feature","properties":{"id":"F15718N","nom":"Forêt communale de Creissan","dep":"34","dom":false,"essence":"conifere","substrat":"calcaire","elev":135,"slopeDeg":1.4,"aspect":65},"geometry":{"type":"MultiPolygon","coordinates":[[[[2.9947,43.3899],[2.9964,43.3904],[2.998,43.3889],[2.9997,43.3901],[3.0023,43.3894],[3.0022,43.3865],[3.0051,43.3883],[3.0074,43.3864],[3.0059,43.3852],[3.0005,43.3855],[2.9994,43.3846],[3.0026,43.3843],[2.9976,43.3819],[2.9926,43.3817],[2.9959,43.3848],[2.9911,43.3816],[2.993,43.3842],[2.9924,43.3863],[2.9938,43.386],[2.9917,43.3881],[2.9947,43.3899]]],[[[3.0026,43.3762],[2.9997,43.3742],[2.9966,43.3756],[2.9911,43.375],[2.9983,43.3777],[3.0026,43.3762]]],[[[2.9969,43.3803],[3.0015,43.3794],[2.9935,43.3789],[2.9969,43.3803]]]]}},{"type":"Feature","properties":{"id":"F15719O","nom":"Forêt communale de Rieussec","dep":"34","dom":false,"essence":"feuillu","substrat":"acide","elev":627,"slopeDeg":7.4,"aspect":222},"geometry":{"type":"MultiPolygon","coordinates":[[[[2.7534,43.4396],[2.7484,43.4376],[2.7513,43.4355],[2.7566,43.4384],[2.7615,43.4374],[2.7715,43.4385],[2.7717,43.4373],[2.7709,43.4347],[2.7671,43.4323],[2.7679,43.4314],[2.7663,43.4274],[2.7659,43.4303],[2.7648,43.4294],[2.7655,43.4274],[2.764,43.4276],[2.7643,43.4301],[2.7607,43.4315],[2.7612,43.4298],[2.7543,43.4284],[2.7554,43.4312],[2.7533,43.4309],[2.7518,43.4327],[2.7498,43.4326],[2.7503,43.4335],[2.7433,43.4308],[2.7439,43.4317],[2.7404,43.434],[2.7417,43.4376],[2.7398,43.4397],[2.7534,43.4396]]],[[[2.7312,43.42],[2.7295,43.4155],[2.7285,43.4154],[2.7274,43.4172],[2.7288,43.4185],[2.7273,43.4196],[2.7288,43.4215],[2.725,43.4205],[2.7245,43.4256],[2.7284,43.4278],[2.7331,43.4245],[2.7311,43.4227],[2.7312,43.42]]]]}},{"type":"Feature","properties":{"id":"F15729Y","nom":"Forêt communale d'Aigues-Vives","dep":"34","dom":false,"essence":"conifere","substrat":"neutre","elev":101,"slopeDeg":1.4,"aspect":79},"geometry":{"type":"MultiPolygon","coordinates":[[[[2.8384,43.3303],[2.8364,43.3308],[2.8353,43.3288],[2.83,43.3269],[2.8281,43.3315],[2.8326,43.3313],[2.8343,43.3291],[2.8358,43.3296],[2.8337,43.3313],[2.8349,43.3332],[2.8353,43.3314],[2.8376,43.332],[2.8355,43.3309],[2.8384,43.3303]]],[[[2.8402,43.323],[2.8377,43.3226],[2.8417,43.3258],[2.8404,43.3257],[2.8419,43.3288],[2.8388,43.3273],[2.8406,43.3265],[2.8385,43.3264],[2.8375,43.3243],[2.8331,43.3247],[2.8384,43.3255],[2.8353,43.3261],[2.8388,43.327],[2.8397,43.3284],[2.8383,43.3298],[2.8422,43.3291],[2.8435,43.328],[2.8421,43.3272],[2.8441,43.3258],[2.8426,43.3252],[2.8447,43.325],[2.8402,43.323]]],[[[2.8126,43.3503],[2.8112,43.3506],[2.815,43.3543],[2.819,43.351],[2.8161,43.3516],[2.8159,43.3494],[2.8178,43.3492],[2.816,43.3483],[2.8144,43.3486],[2.8149,43.3499],[2.8126,43.3503]]],[[[2.8198,43.3282],[2.8227,43.3273],[2.8236,43.3255],[2.8206,43.3255],[2.8206,43.3273],[2.8187,43.3271],[2.8195,43.3254],[2.818,43.3254],[2.818,43.3272],[2.8141,43.3262],[2.8159,43.3292],[2.8155,43.3281],[2.8171,43.3278],[2.8207,43.329],[2.8198,43.3282]]]]}},{"type":"Feature","properties":{"id":"F15720P","nom":"Forêt communale de Beaufort","dep":"34","dom":false,"essence":"conifere","substrat":"neutre","elev":105,"slopeDeg":1.6,"aspect":163},"geometry":{"type":"Polygon","coordinates":[[[2.7673,43.3011],[2.7692,43.2994],[2.7703,43.3],[2.7697,43.3018],[2.7705,43.3006],[2.7721,43.3017],[2.7737,43.3009],[2.7716,43.3013],[2.7684,43.2988],[2.7628,43.299],[2.7673,43.3011]]]}},{"type":"Feature","properties":{"id":"F15722R","nom":"Forêt communale de Pardailhan","dep":"34","dom":false,"essence":"feuillu","substrat":"acide","elev":522,"slopeDeg":5.4,"aspect":173},"geometry":{"type":"MultiPolygon","coordinates":[[[[2.8392,43.4221],[2.838,43.4209],[2.84,43.4218],[2.8407,43.4204],[2.8429,43.4236],[2.8429,43.4209],[2.8442,43.4204],[2.8443,43.4219],[2.8483,43.4242],[2.8524,43.4214],[2.8535,43.4238],[2.8518,43.4243],[2.8524,43.4259],[2.8537,43.4279],[2.8568,43.4284],[2.8581,43.4271],[2.8542,43.4238],[2.8603,43.4184],[2.8626,43.4182],[2.86,43.4179],[2.8612,43.4159],[2.8588,43.4156],[2.8602,43.4147],[2.8589,43.4134],[2.8601,43.4107],[2.8584,43.4097],[2.863,43.4115],[2.8666,43.4093],[2.8603,43.4064],[2.8566,43.4075],[2.8565,43.4054],[2.8521,43.4071],[2.8507,43.4082],[2.8527,43.4107],[2.8576,43.4127],[2.853,43.4137],[2.8538,43.4148],[2.8519,43.4164],[2.8541,43.4183],[2.8513,43.4191],[2.8511,43.4162],[2.8457,43.417],[2.8524,43.4146],[2.8514,43.4124],[2.8499,43.4139],[2.8455,43.4142],[2.8439,43.4163],[2.8425,43.4158],[2.8434,43.4128],[2.8386,43.414],[2.8399,43.4125],[2.8341,43.4128],[2.8356,43.411],[2.8429,43.4115],[2.8476,43.41],[2.85,43.4085],[2.8488,43.406],[2.8408,43.4096],[2.8397,43.4079],[2.8296,43.4134],[2.828,43.4107],[2.8245,43.4127],[2.8205,43.4116],[2.8144,43.4155],[2.8158,43.4179],[2.8201,43.4204],[2.8198,43.424],[2.8211,43.4216],[2.8207,43.4183],[2.8219,43.418],[2.8261,43.4204],[2.829,43.4191],[2.8299,43.4208],[2.8271,43.4229],[2.8306,43.4256],[2.8398,43.4247],[2.8409,43.4232],[2.8392,43.4221]]],[[[2.7906,43.429],[2.7903,43.4317],[2.7946,43.4326],[2.7979,43.4353],[2.8041,43.4325],[2.8093,43.4252],[2.8065,43.4253],[2.8044,43.4283],[2.8025,43.4286],[2.8008,43.4264],[2.8021,43.4241],[2.7991,43.4237],[2.8021,43.4229],[2.8103,43.4168],[2.8109,43.4151],[2.8163,43.4128],[2.8089,43.4132],[2.8064,43.4192],[2.7961,43.4203],[2.7977,43.4237],[2.7972,43.426],[2.7959,43.4234],[2.7967,43.4224],[2.7942,43.4215],[2.7907,43.4287],[2.7924,43.4284],[2.7906,43.429]]],[[[2.8583,43.4395],[2.855,43.4379],[2.8528,43.439],[2.851,43.436],[2.8488,43.4386],[2.8509,43.4422],[2.8572,43.4424],[2.8577,43.4413],[2.8619,43.4434],[2.865,43.4419],[2.8642,43.4429],[2.8657,43.4437],[2.8651,43.4458],[2.8667,43.4482],[2.8633,43.4485],[2.8606,43.4464],[2.8551,43.448],[2.8549,43.4495],[2.864,43.4508],[2.8672,43.4493],[2.8659,43.441],[2.8583,43.4395]]]]}},{"type":"Feature","properties":{"id":"F15723S","nom":"Forêt domaniale de l'Espinouse","dep":"34","dom":true,"essence":"feuillu","substrat":"acide","elev":1043,"slopeDeg":0.2,"aspect":209},"geometry":{"type":"MultiPolygon","coordinates":[[[[2.9253,43.653],[2.9261,43.649],[2.9363,43.6546],[2.943,43.6533],[2.9453,43.6582],[2.9623,43.6625],[2.9701,43.6518],[2.9714,43.6529],[2.9746,43.6504],[2.9785,43.6502],[2.9831,43.652],[2.9915,43.652],[2.9949,43.6505],[3.0042,43.6524],[3.0041,43.6489],[3.0058,43.6478],[2.9978,43.6335],[2.9887,43.6285],[2.978,43.6313],[2.9705,43.6349],[2.9703,43.6304],[2.9613,43.6206],[2.9502,43.6175],[2.9497,43.6155],[2.9453,43.6184],[2.9447,43.6167],[2.9495,43.6144],[2.951,43.61],[2.9495,43.606],[2.9509,43.6051],[2.95,43.6016],[2.9479,43.6029],[2.9456,43.6012],[2.9414,43.6006],[2.9398,43.6029],[2.9406,43.6042],[2.9351,43.6082],[2.9315,43.6132],[2.9228,43.6124],[2.9211,43.6073],[2.929,43.6021],[2.9313,43.5994],[2.9334,43.5924],[2.9314,43.5935],[2.9314,43.5923],[2.9237,43.5918],[2.924,43.5902],[2.9218,43.5896],[2.9224,43.5868],[2.9118,43.5858],[2.9128,43.5797],[2.9102,43.5787],[2.9086,43.5822],[2.9065,43.5799],[2.9065,43.5777],[2.9044,43.5775],[2.904,43.58],[2.9024,43.58],[2.9035,43.5762],[2.9004,43.5759],[2.8979,43.5775],[2.897,43.5822],[2.8989,43.5832],[2.895,43.5866],[2.8977,43.5874],[2.897,43.5883],[2.8939,43.5872],[2.8908,43.59],[2.8823,43.5874],[2.8821,43.5848],[2.879,43.583],[2.88,43.5887],[2.8849,43.592],[2.8889,43.598],[2.8863,43.5952],[2.8641,43.5953],[2.8616,43.6033],[2.8517,43.601],[2.8489,43.5974],[2.8423,43.6013],[2.8432,43.6035],[2.8456,43.6022],[2.8453,43.6045],[2.8471,43.6056],[2.8421,43.6095],[2.8472,43.6098],[2.8464,43.6137],[2.8498,43.6158],[2.8547,43.6144],[2.8527,43.6134],[2.8533,43.6146],[2.8505,43.6147],[2.849,43.6131],[2.8502,43.61],[2.8531,43.6095],[2.851,43.6072],[2.8568,43.6048],[2.8634,43.6109],[2.8657,43.6086],[2.8652,43.6072],[2.8738,43.6079],[2.8751,43.6015],[2.8813,43.6013],[2.8797,43.609],[2.8783,43.6095],[2.881,43.6103],[2.8795,43.6122],[2.8809,43.6153],[2.8753,43.6183],[2.8756,43.621],[2.878,43.6271],[2.8817,43.6302],[2.8836,43.6397],[2.893,43.6363],[2.8906,43.6375],[2.8917,43.6387],[2.8904,43.6427],[2.892,43.6444],[2.8893,43.6441],[2.8885,43.6454],[2.8918,43.647],[2.891,43.6496],[2.8946,43.653],[2.894,43.6544],[2.921,43.6543],[2.9253,43.653]]],[[[2.9594,43.5996],[2.9663,43.5982],[2.9683,43.6012],[2.9742,43.6002],[2.9782,43.5943],[3.0063,43.5961],[3.0056,43.595],[3.0083,43.5927],[3.0008,43.5858],[2.9922,43.5894],[2.9936,43.5847],[2.9953,43.5834],[2.9943,43.5827],[2.9885,43.5911],[2.9827,43.5896],[2.9739,43.5916],[2.9764,43.581],[2.9655,43.5764],[2.9558,43.5804],[2.9506,43.5798],[2.9472,43.5873],[2.945,43.5867],[2.9439,43.5879],[2.9436,43.5908],[2.9514,43.5912],[2.9531,43.5956],[2.9513,43.5961],[2.9527,43.5979],[2.9572,43.6005],[2.9594,43.5996]]],[[[2.8654,43.5696],[2.8641,43.5673],[2.8496,43.5687],[2.8487,43.5674],[2.8572,43.5634],[2.8457,43.5662],[2.8396,43.5689],[2.838,43.572],[2.8574,43.5767],[2.8649,43.573],[2.8619,43.5719],[2.8654,43.5696]]],[[[3.0193,43.5915],[3.0169,43.5926],[3.02,43.5917],[3.021,43.5927],[3.0163,43.594],[3.0095,43.5927],[3.0109,43.5952],[3.0097,43.5968],[3.0253,43.6016],[3.0273,43.5908],[3.0256,43.5884],[3.0221,43.5887],[3.0223,43.5906],[3.0203,43.5882],[3.0181,43.5906],[3.0195,43.5899],[3.0219,43.5914],[3.0193,43.5915]]],[[[2.8741,43.5784],[2.8766,43.5792],[2.8819,43.5765],[2.8827,43.5741],[2.885,43.575],[2.8899,43.5729],[2.8865,43.5732],[2.8857,43.5723],[2.8871,43.5714],[2.8769,43.5711],[2.8786,43.5671],[2.8753,43.5644],[2.8698,43.5734],[2.8757,43.5745],[2.8741,43.5784]]],[[[2.863,43.639],[2.8613,43.6391],[2.8603,43.6417],[2.8639,43.6424],[2.864,43.644],[2.8734,43.6451],[2.875,43.6484],[2.8786,43.6444],[2.8765,43.6431],[2.8767,43.6411],[2.863,43.639]]]]}},{"type":"Feature","properties":{"id":"F15732B","nom":"Forêt communale de Campagne","dep":"34","dom":false,"essence":"autre","substrat":"calcaire","elev":218,"slopeDeg":1.2,"aspect":326},"geometry":{"type":"Polygon","coordinates":[[[3.989,43.8068],[3.9956,43.81],[3.9955,43.8077],[3.9978,43.8051],[3.9901,43.8044],[3.989,43.8068]]]}},{"type":"Feature","properties":{"id":"F15733C","nom":"Forêt communale de Clermont L'Hérault","dep":"34","dom":false,"essence":"conifere","substrat":"acide","elev":212,"slopeDeg":8.1,"aspect":294},"geometry":{"type":"MultiPolygon","coordinates":[[[[3.4288,43.6156],[3.4273,43.6163],[3.4263,43.6151],[3.4253,43.6159],[3.4251,43.6146],[3.4237,43.6148],[3.4243,43.6157],[3.4228,43.6149],[3.4241,43.6167],[3.4183,43.6149],[3.4161,43.6173],[3.4189,43.6188],[3.4187,43.621],[3.4202,43.6184],[3.4196,43.6214],[3.4213,43.6193],[3.4202,43.6221],[3.4215,43.6214],[3.4225,43.6232],[3.4254,43.6218],[3.4237,43.6232],[3.4252,43.6239],[3.4233,43.6246],[3.4275,43.6252],[3.4319,43.6238],[3.4291,43.6238],[3.4312,43.6216],[3.4287,43.6228],[3.4271,43.6217],[3.4264,43.6233],[3.4268,43.6208],[3.4294,43.6213],[3.4285,43.62],[3.4233,43.6209],[3.4209,43.6177],[3.4222,43.6167],[3.4241,43.6201],[3.4254,43.6189],[3.4267,43.6197],[3.4259,43.6166],[3.4275,43.6169],[3.4267,43.618],[3.4288,43.6156]]],[[[3.4045,43.6063],[3.4056,43.6058],[3.4046,43.6037],[3.3954,43.6062],[3.3967,43.6089],[3.4,43.609],[3.4045,43.6063]]]]}},{"type":"Feature","properties":{"id":"F15724T","nom":"Forêt communale de Cesseras","dep":"34","dom":false,"essence":"autre","substrat":"neutre","elev":267,"slopeDeg":3.7,"aspect":136},"geometry":{"type":"Polygon","coordinates":[[[2.6968,43.3436],[2.7014,43.3422],[2.7,43.3436],[2.7023,43.344],[2.7046,43.3385],[2.7022,43.3403],[2.7032,43.3384],[2.7006,43.3378],[2.6997,43.3393],[2.7008,43.3396],[2.6968,43.3436]]]}},{"type":"Feature","properties":{"id":"F15725U","nom":"Forêt communale de Fabrègues","dep":"34","dom":false,"essence":"autre","substrat":"calcaire","elev":53,"slopeDeg":2.7,"aspect":341},"geometry":{"type":"MultiPolygon","coordinates":[[[[3.8002,43.5332],[3.7934,43.5432],[3.7964,43.5441],[3.8026,43.5386],[3.8041,43.5391],[3.8057,43.5413],[3.8034,43.5424],[3.8037,43.5443],[3.7987,43.5456],[3.798,43.5447],[3.7986,43.5459],[3.7974,43.5455],[3.7973,43.5471],[3.7983,43.548],[3.7991,43.5465],[3.802,43.5468],[3.8043,43.5452],[3.8068,43.5466],[3.8053,43.5475],[3.8067,43.5504],[3.8086,43.5503],[3.8084,43.5472],[3.8106,43.5438],[3.8081,43.5432],[3.8073,43.5391],[3.8118,43.5412],[3.8164,43.541],[3.8183,43.5387],[3.8172,43.5348],[3.8104,43.5316],[3.8002,43.5332]]],[[[3.7984,43.5503],[3.7916,43.5458],[3.7902,43.5464],[3.7903,43.5482],[3.7976,43.553],[3.8023,43.5505],[3.7984,43.5503]]]]}},{"type":"Feature","properties":{"id":"F15728X","nom":"Forêt communale de Saint-Brès","dep":"34","dom":false,"essence":"conifere","substrat":"calcaire","elev":31,"slopeDeg":0.3,"aspect":178},"geometry":{"type":"Polygon","coordinates":[[[4.0273,43.6731],[4.0329,43.6733],[4.0306,43.6704],[4.0264,43.672],[4.0273,43.6731]]]}},{"type":"Feature","properties":{"id":"F15730Z","nom":"Forêt communale de Balaruc-Les-Bains","dep":"34","dom":false,"essence":"conifere","substrat":"calcaire","elev":43,"slopeDeg":4.2,"aspect":273},"geometry":{"type":"Polygon","coordinates":[[[3.7091,43.4724],[3.7035,43.4771],[3.7022,43.4774],[3.7034,43.4768],[3.7012,43.4755],[3.7,43.4758],[3.701,43.4772],[3.7001,43.4769],[3.6981,43.4749],[3.6959,43.476],[3.6973,43.4778],[3.6997,43.4776],[3.699,43.4794],[3.7067,43.4774],[3.7128,43.478],[3.7158,43.4751],[3.711,43.4714],[3.7091,43.4724]]]}},{"type":"Feature","properties":{"id":"F15746P","nom":"Forêt communale de Loupian","dep":"34","dom":false,"essence":"autre","substrat":"calcaire","elev":111,"slopeDeg":2.7,"aspect":244},"geometry":{"type":"Polygon","coordinates":[[[3.6215,43.482],[3.6235,43.4856],[3.6266,43.4862],[3.6332,43.4807],[3.6379,43.4734],[3.6362,43.4711],[3.6322,43.475],[3.6261,43.4759],[3.6222,43.4785],[3.6167,43.4797],[3.6215,43.482]]]}},{"type":"Feature","properties":{"id":"F15731A","nom":"Forêt communale de Viols-Le-Fort","dep":"34","dom":false,"essence":"autre","substrat":"calcaire","elev":295,"slopeDeg":4.5,"aspect":132},"geometry":{"type":"MultiPolygon","coordinates":[[[[3.6949,43.7512],[3.6903,43.7511],[3.6896,43.7527],[3.6865,43.7536],[3.6842,43.7522],[3.6857,43.7503],[3.6798,43.7484],[3.6737,43.7496],[3.6669,43.7552],[3.6767,43.7581],[3.6832,43.7632],[3.6935,43.7609],[3.6986,43.7581],[3.6952,43.7571],[3.6916,43.7534],[3.6914,43.7519],[3.6949,43.7512]]],[[[3.6666,43.7195],[3.6643,43.7194],[3.6607,43.726],[3.6631,43.7273],[3.6716,43.7276],[3.6764,43.7177],[3.6718,43.7205],[3.6704,43.7193],[3.6666,43.7195]]]]}},{"type":"Feature","properties":{"id":"F15735E","nom":"Forêt communale de Saint-Drézéry","dep":"34","dom":false,"essence":"autre","substrat":"calcaire","elev":153,"slopeDeg":2.3,"aspect":191},"geometry":{"type":"Polygon","coordinates":[[[3.9502,43.7219],[3.9489,43.7175],[3.944,43.7203],[3.9481,43.7237],[3.9502,43.7219]]]}},{"type":"Feature","properties":{"id":"F15767K","nom":"Forêt communale de Saint-Geniès De Varensal","dep":"34","dom":false,"essence":"conifere","substrat":"acide","elev":960,"slopeDeg":8,"aspect":186},"geometry":{"type":"Polygon","coordinates":[[[2.9779,43.7064],[2.9852,43.7091],[2.9875,43.7065],[2.9908,43.7066],[2.9932,43.7087],[2.9953,43.7062],[2.9943,43.7047],[2.9909,43.704],[2.9922,43.7024],[2.985,43.7007],[2.9837,43.7022],[2.977,43.6999],[2.9742,43.7047],[2.9779,43.7064]]]}},{"type":"Feature","properties":{"id":"F15736F","nom":"Forêt domaniale des Ecrivains-Combattants","dep":"34","dom":true,"essence":"conifere","substrat":"acide","elev":691,"slopeDeg":10.2,"aspect":136},"geometry":{"type":"Polygon","coordinates":[[[3.0422,43.6119],[3.0375,43.6132],[3.0383,43.6119],[3.0339,43.6111],[3.0338,43.609],[3.03,43.6065],[3.0289,43.6004],[3.0255,43.6003],[3.0272,43.613],[3.0312,43.612],[3.0357,43.6167],[3.0422,43.6157],[3.0423,43.6137],[3.0437,43.6146],[3.0439,43.6129],[3.0488,43.6122],[3.0457,43.6107],[3.0422,43.6119]]]}},{"type":"Feature","properties":{"id":"F15737G","nom":"Forêt communale de la Boissière","dep":"34","dom":false,"essence":"feuillu","substrat":"calcaire","elev":192,"slopeDeg":2.5,"aspect":139},"geometry":{"type":"MultiPolygon","coordinates":[[[[3.6213,43.6495],[3.6219,43.6524],[3.6239,43.6528],[3.6221,43.6569],[3.6334,43.6596],[3.634,43.6589],[3.6272,43.6547],[3.6298,43.6539],[3.6307,43.652],[3.6272,43.651],[3.6267,43.6464],[3.6306,43.6433],[3.6361,43.6416],[3.6303,43.6379],[3.6292,43.6383],[3.6276,43.6353],[3.6225,43.6365],[3.6204,43.6327],[3.6221,43.6326],[3.6199,43.625],[3.6208,43.6372],[3.6186,43.6476],[3.6213,43.6495]]],[[[3.6241,43.6956],[3.63,43.6946],[3.6344,43.6966],[3.6338,43.692],[3.6354,43.6903],[3.6344,43.6892],[3.6408,43.6841],[3.6384,43.6844],[3.6336,43.6883],[3.6287,43.6876],[3.6272,43.6863],[3.6279,43.6838],[3.6265,43.6837],[3.6242,43.6898],[3.6241,43.6956]]],[[[3.6293,43.6676],[3.6312,43.6673],[3.6291,43.6661],[3.6311,43.6643],[3.629,43.6632],[3.626,43.6648],[3.6269,43.6681],[3.6293,43.6676]]],[[[3.6596,43.6567],[3.6607,43.6591],[3.6674,43.6562],[3.6596,43.6567]]],[[[3.6674,43.6779],[3.6646,43.6746],[3.6607,43.676],[3.6626,43.6778],[3.6674,43.6779]]],[[[3.6688,43.6363],[3.6721,43.6323],[3.6701,43.6313],[3.6683,43.6334],[3.6676,43.6348],[3.6688,43.6363]]],[[[3.6552,43.6317],[3.6562,43.6336],[3.6604,43.6326],[3.658,43.6308],[3.6552,43.6317]]],[[[3.6515,43.6726],[3.6506,43.673],[3.6525,43.6777],[3.653,43.6745],[3.6515,43.6726]]],[[[3.6365,43.6664],[3.6373,43.6644],[3.6356,43.6641],[3.6349,43.6656],[3.6365,43.6664]]]]}},{"type":"Feature","properties":{"id":"F15738H","nom":"Forêt domaniale de Saint-Guilhem-Le-Désert","dep":"34","dom":true,"essence":"feuillu","substrat":"calcaire","elev":320,"slopeDeg":12.2,"aspect":129},"geometry":{"type":"MultiPolygon","coordinates":[[[[3.5115,43.737],[3.5035,43.7422],[3.5052,43.7439],[3.5044,43.7424],[3.5115,43.743],[3.5107,43.7444],[3.512,43.7471],[3.5141,43.7433],[3.5145,43.7468],[3.5157,43.7466],[3.5137,43.748],[3.5164,43.7472],[3.5184,43.7493],[3.5188,43.751],[3.5176,43.7515],[3.5236,43.7576],[3.5229,43.7585],[3.5258,43.7584],[3.5268,43.76],[3.5255,43.762],[3.5298,43.765],[3.534,43.7646],[3.5348,43.7651],[3.5334,43.7657],[3.5368,43.7675],[3.5409,43.7673],[3.5529,43.7714],[3.5614,43.7773],[3.5684,43.7791],[3.5697,43.7821],[3.5722,43.7823],[3.5729,43.7838],[3.575,43.7812],[3.5758,43.7827],[3.5811,43.7839],[3.5903,43.7762],[3.5887,43.774],[3.5896,43.7721],[3.5882,43.7707],[3.5894,43.7697],[3.5881,43.7695],[3.5882,43.767],[3.5865,43.7665],[3.585,43.763],[3.5823,43.7621],[3.5822,43.7593],[3.584,43.7564],[3.5829,43.756],[3.5837,43.754],[3.5895,43.7547],[3.5903,43.7536],[3.5892,43.7533],[3.5915,43.7527],[3.5922,43.7504],[3.5883,43.7492],[3.5889,43.7462],[3.5823,43.7493],[3.5774,43.7503],[3.576,43.7494],[3.5752,43.7517],[3.5724,43.7523],[3.5708,43.75],[3.5727,43.7467],[3.5698,43.7484],[3.5651,43.7459],[3.5611,43.7473],[3.5629,43.7481],[3.5619,43.7501],[3.5587,43.7486],[3.5555,43.7515],[3.5527,43.7491],[3.5562,43.7492],[3.5556,43.7474],[3.5603,43.7464],[3.557,43.743],[3.5539,43.7458],[3.5466,43.745],[3.5462,43.7473],[3.5447,43.7452],[3.547,43.7441],[3.5462,43.7421],[3.5451,43.7439],[3.5459,43.7425],[3.5448,43.7407],[3.5462,43.7398],[3.5405,43.7407],[3.5368,43.7389],[3.5368,43.7407],[3.5353,43.741],[3.5323,43.7392],[3.533,43.7378],[3.5387,43.7376],[3.5404,43.7355],[3.542,43.7373],[3.5414,43.7361],[3.5426,43.7354],[3.5475,43.7365],[3.5449,43.7345],[3.5461,43.734],[3.5445,43.7316],[3.5413,43.7314],[3.5446,43.7285],[3.5485,43.7298],[3.5502,43.7287],[3.5502,43.7316],[3.5483,43.7315],[3.5482,43.7327],[3.5535,43.7329],[3.5505,43.7307],[3.5517,43.7292],[3.549,43.7266],[3.5476,43.7279],[3.5467,43.7263],[3.5445,43.7276],[3.5386,43.7261],[3.5377,43.7294],[3.5349,43.7269],[3.5321,43.7288],[3.5303,43.7275],[3.5344,43.7237],[3.5435,43.7237],[3.5434,43.7223],[3.5483,43.7228],[3.5492,43.7217],[3.5492,43.724],[3.5527,43.7229],[3.5533,43.7202],[3.55,43.7173],[3.5523,43.7135],[3.5377,43.7148],[3.5401,43.7086],[3.5424,43.7064],[3.5422,43.703],[3.5399,43.7042],[3.5342,43.7019],[3.5327,43.7064],[3.5268,43.7034],[3.529,43.7072],[3.528,43.7095],[3.5333,43.7119],[3.5348,43.7169],[3.5216,43.7287],[3.5185,43.7283],[3.5166,43.7343],[3.5115,43.737]]],[[[3.5583,43.7836],[3.5544,43.7841],[3.551,43.7818],[3.5499,43.7829],[3.5436,43.7802],[3.5408,43.7823],[3.5281,43.7823],[3.5348,43.7897],[3.5382,43.791],[3.5435,43.7857],[3.555,43.7929],[3.5573,43.7907],[3.5661,43.7959],[3.5669,43.7948],[3.5634,43.7919],[3.5718,43.7938],[3.5735,43.7882],[3.5677,43.7829],[3.5637,43.783],[3.5668,43.7854],[3.5643,43.7845],[3.563,43.7863],[3.5609,43.786],[3.5619,43.7842],[3.5583,43.7836]]]]}},{"type":"Feature","properties":{"id":"F15739I","nom":"Forêt communale d'Agel","dep":"34","dom":false,"essence":"conifere","substrat":"neutre","elev":216,"slopeDeg":6.2,"aspect":349},"geometry":{"type":"Polygon","coordinates":[[[2.8442,43.3318],[2.8435,43.3324],[2.8511,43.333],[2.852,43.3345],[2.8579,43.336],[2.8567,43.331],[2.8587,43.3321],[2.8583,43.3301],[2.8597,43.3288],[2.8582,43.3271],[2.8459,43.3258],[2.847,43.3293],[2.8497,43.3293],[2.8498,43.3304],[2.8459,43.3297],[2.8455,43.3318],[2.8442,43.3318]]]}},{"type":"Feature","properties":{"id":"F15740J","nom":"Forêt communale de Oupia","dep":"34","dom":false,"essence":"conifere","substrat":"neutre","elev":291,"slopeDeg":1.6,"aspect":306},"geometry":{"type":"Polygon","coordinates":[[[2.7873,43.2878],[2.7866,43.2818],[2.7828,43.2823],[2.7809,43.2795],[2.7736,43.2806],[2.7778,43.2833],[2.774,43.2852],[2.7763,43.2862],[2.7738,43.288],[2.775,43.2891],[2.782,43.2939],[2.7871,43.2938],[2.7863,43.2956],[2.7936,43.298],[2.7949,43.2963],[2.7873,43.2878]]]}},{"type":"Feature","properties":{"id":"F15741K","nom":"Forêt des Aresquiers - Site 34-055","dep":"34","dom":false,"essence":"autre","substrat":"neutre","elev":6,"slopeDeg":0.2,"aspect":151},"geometry":{"type":"Polygon","coordinates":[[[3.8104,43.4606],[3.7897,43.4585],[3.8125,43.4693],[3.8147,43.467],[3.8129,43.468],[3.8113,43.467],[3.8137,43.4658],[3.8104,43.4606]]]}},{"type":"Feature","properties":{"id":"F15742L","nom":"Forêt communale de Baillargues","dep":"34","dom":false,"essence":"feuillu","substrat":"calcaire","elev":37,"slopeDeg":0.7,"aspect":122},"geometry":{"type":"MultiPolygon","coordinates":[[[[3.9926,43.6651],[3.9913,43.6656],[3.9935,43.666],[3.9935,43.6671],[4.0111,43.6716],[4.008,43.6685],[4.0035,43.6674],[3.9982,43.6685],[3.9951,43.6669],[3.9955,43.6661],[3.9943,43.6667],[3.9948,43.665],[3.9966,43.6655],[3.9926,43.6651]]],[[[4.0223,43.6712],[4.0219,43.6696],[4.0155,43.671],[4.0204,43.6732],[4.0223,43.6712]]]]}},{"type":"Feature","properties":{"id":"F15743M","nom":"Forêt communale d'Olargues","dep":"34","dom":false,"essence":"mixte","substrat":"acide","elev":613,"slopeDeg":6.9,"aspect":266},"geometry":{"type":"MultiPolygon","coordinates":[[[[2.9289,43.5525],[2.9314,43.5473],[2.9334,43.5481],[2.9373,43.5437],[2.9382,43.5402],[2.9404,43.5396],[2.9394,43.5381],[2.9344,43.5381],[2.9312,43.5397],[2.9309,43.5415],[2.9337,43.5437],[2.9218,43.5461],[2.9228,43.5474],[2.9248,43.546],[2.9299,43.5477],[2.9289,43.5525]]],[[[2.913,43.5107],[2.9125,43.5129],[2.911,43.5112],[2.9098,43.5118],[2.9106,43.5146],[2.9095,43.5154],[2.9129,43.5146],[2.9139,43.5163],[2.9117,43.518],[2.9154,43.5168],[2.9126,43.5143],[2.9138,43.5134],[2.9162,43.5138],[2.9165,43.5158],[2.9193,43.5155],[2.9194,43.5144],[2.9217,43.5148],[2.9217,43.517],[2.925,43.517],[2.9242,43.5136],[2.9212,43.5132],[2.9202,43.5109],[2.9167,43.5112],[2.9161,43.5125],[2.913,43.5107]]],[[[2.9416,43.5348],[2.9397,43.5349],[2.9425,43.5375],[2.9411,43.5394],[2.9465,43.54],[2.9495,43.5369],[2.9416,43.5348]]],[[[2.9035,43.5425],[2.899,43.541],[2.9021,43.5461],[2.9039,43.5445],[2.911,43.5452],[2.9035,43.5425]]],[[[2.9308,43.517],[2.9274,43.519],[2.9287,43.5209],[2.9304,43.5196],[2.9308,43.517]]]]}},{"type":"Feature","properties":{"id":"F15744N","nom":"Forêt communale de Montouliers","dep":"34","dom":false,"essence":"conifere","substrat":"neutre","elev":116,"slopeDeg":3.5,"aspect":63},"geometry":{"type":"Polygon","coordinates":[[[2.8943,43.3265],[2.8902,43.3288],[2.8934,43.3299],[2.8902,43.3297],[2.8901,43.3308],[2.8897,43.3298],[2.8901,43.331],[2.8946,43.3303],[2.895,43.3314],[2.8926,43.3328],[2.8964,43.3356],[2.8989,43.3349],[2.8981,43.3325],[2.8999,43.3327],[2.899,43.3347],[2.9021,43.3351],[2.9001,43.3338],[2.9018,43.3334],[2.8999,43.3328],[2.8996,43.3306],[2.9011,43.3302],[2.899,43.3297],[2.9022,43.33],[2.9001,43.3295],[2.9025,43.3286],[2.9013,43.3277],[2.905,43.3266],[2.9039,43.3254],[2.9053,43.3239],[2.9066,43.325],[2.906,43.3241],[2.908,43.3227],[2.9043,43.3249],[2.9035,43.3231],[2.8943,43.3265]]]}},{"type":"Feature","properties":{"id":"F15745O","nom":"Forêt communale de Caussiniojouls","dep":"34","dom":false,"essence":"feuillu","substrat":"calcaire","elev":381,"slopeDeg":6.7,"aspect":73},"geometry":{"type":"Polygon","coordinates":[[[3.1597,43.5676],[3.161,43.5659],[3.1551,43.564],[3.1568,43.5609],[3.1531,43.5595],[3.1465,43.5629],[3.1436,43.5664],[3.1473,43.5693],[3.1557,43.5704],[3.1597,43.5676]]]}},{"type":"Feature","properties":{"id":"F15747Q","nom":"Forêt communale de Saint-Julien D'Olargues","dep":"34","dom":false,"essence":"feuillu","substrat":"acide","elev":812,"slopeDeg":19.1,"aspect":204},"geometry":{"type":"MultiPolygon","coordinates":[[[[2.8672,43.5933],[2.8644,43.5953],[2.882,43.5951],[2.8759,43.591],[2.8769,43.5898],[2.876,43.5885],[2.8733,43.5879],[2.8733,43.5895],[2.8672,43.5933]]],[[[2.8575,43.602],[2.8572,43.603],[2.8616,43.6032],[2.8638,43.5963],[2.8588,43.5962],[2.8595,43.5974],[2.8561,43.5979],[2.8575,43.5981],[2.8565,43.6019],[2.8575,43.602]]]]}},{"type":"Feature","properties":{"id":"F15748R","nom":"Forêt communale de Cruzy","dep":"34","dom":false,"essence":"conifere","substrat":"calcaire","elev":221,"slopeDeg":1.9,"aspect":132},"geometry":{"type":"Polygon","coordinates":[[[2.9402,43.3733],[2.9397,43.369],[2.9354,43.3677],[2.9363,43.3668],[2.9354,43.3662],[2.9332,43.3674],[2.9327,43.3651],[2.9298,43.3656],[2.9297,43.3637],[2.928,43.3639],[2.9288,43.3562],[2.9272,43.3567],[2.9273,43.3587],[2.9251,43.3583],[2.9253,43.3649],[2.9237,43.3647],[2.9221,43.3594],[2.9165,43.3597],[2.9172,43.3653],[2.9151,43.3662],[2.9058,43.3606],[2.9014,43.3624],[2.9004,43.3642],[2.9067,43.3666],[2.9037,43.3641],[2.9045,43.3637],[2.9074,43.3652],[2.9075,43.3669],[2.9126,43.3691],[2.9226,43.3706],[2.9276,43.3775],[2.9316,43.3767],[2.9294,43.3752],[2.9306,43.3749],[2.9285,43.3731],[2.9296,43.3723],[2.9321,43.3765],[2.9347,43.3744],[2.9315,43.3709],[2.9282,43.3719],[2.9236,43.3692],[2.9273,43.369],[2.9263,43.3666],[2.9278,43.3658],[2.9302,43.3686],[2.9341,43.3691],[2.9374,43.3722],[2.9382,43.374],[2.9362,43.3744],[2.9367,43.3753],[2.939,43.3754],[2.9402,43.3733]]]}},{"type":"Feature","properties":{"id":"F15749S","nom":"Forêt communale de Taussac La Billière","dep":"34","dom":false,"essence":"feuillu","substrat":"acide","elev":354,"slopeDeg":2.4,"aspect":178},"geometry":{"type":"MultiPolygon","coordinates":[[[[3.0697,43.6311],[3.0683,43.6294],[3.0646,43.6299],[3.063,43.6268],[3.0611,43.6283],[3.0644,43.631],[3.0619,43.6341],[3.0592,43.6343],[3.0615,43.632],[3.0576,43.6311],[3.0565,43.6331],[3.0552,43.6323],[3.0534,43.6356],[3.0592,43.6381],[3.0649,43.6364],[3.0637,43.6358],[3.0668,43.6331],[3.0658,43.6327],[3.067,43.631],[3.0701,43.6312],[3.0693,43.6325],[3.0721,43.6338],[3.0763,43.6332],[3.073,43.6309],[3.0708,43.6319],[3.0711,43.6298],[3.0697,43.6311]]],[[[3.0631,43.6428],[3.0679,43.6447],[3.0661,43.6457],[3.0657,43.6448],[3.0644,43.6475],[3.0663,43.646],[3.0713,43.6458],[3.0685,43.6425],[3.0649,43.6414],[3.0631,43.6428],[3.0636,43.6414],[3.0611,43.6414],[3.0608,43.6423],[3.0631,43.6428]]],[[[3.0979,43.6473],[3.0914,43.6447],[3.0924,43.6457],[3.091,43.6474],[3.0958,43.6486],[3.095,43.6507],[3.0972,43.651],[3.0991,43.6479],[3.0979,43.6473]]],[[[3.087,43.6187],[3.085,43.6187],[3.0831,43.6218],[3.0875,43.6216],[3.0921,43.6173],[3.0884,43.6197],[3.087,43.6187]]],[[[3.0801,43.6254],[3.086,43.6271],[3.0825,43.6242],[3.0801,43.6254]]]]}},{"type":"Feature","properties":{"id":"F15750T","nom":"Forêt communale de Balaruc-Le-Vieux","dep":"34","dom":false,"essence":"autre","substrat":"calcaire","elev":121,"slopeDeg":3.3,"aspect":282},"geometry":{"type":"Polygon","coordinates":[[[3.7141,43.4701],[3.711,43.4678],[3.7066,43.4703],[3.7091,43.4724],[3.711,43.4714],[3.7158,43.4751],[3.7169,43.4737],[3.713,43.4707],[3.7141,43.4701]]]}},{"type":"Feature","properties":{"id":"F15751U","nom":"Forêt communale de Boisset","dep":"34","dom":false,"essence":"feuillu","substrat":"acide","elev":583,"slopeDeg":5.1,"aspect":124},"geometry":{"type":"MultiPolygon","coordinates":[[[[2.6915,43.4022],[2.6814,43.3987],[2.678,43.396],[2.677,43.3939],[2.6784,43.3928],[2.6743,43.3909],[2.6734,43.3932],[2.6744,43.3953],[2.6732,43.395],[2.6721,43.3941],[2.6731,43.3909],[2.6726,43.3918],[2.672,43.3941],[2.6735,43.3978],[2.6758,43.3987],[2.6793,43.4025],[2.6785,43.4036],[2.6798,43.4036],[2.6734,43.4035],[2.6761,43.4073],[2.6749,43.4103],[2.6774,43.4107],[2.6764,43.4068],[2.679,43.4067],[2.6779,43.4082],[2.6805,43.409],[2.6803,43.4109],[2.6838,43.4121],[2.6825,43.4136],[2.6861,43.4158],[2.6893,43.4163],[2.69,43.4134],[2.7015,43.42],[2.7068,43.4169],[2.7082,43.4177],[2.7101,43.415],[2.716,43.4128],[2.7185,43.4091],[2.7219,43.4081],[2.7227,43.4049],[2.7179,43.4028],[2.7175,43.4011],[2.7191,43.4002],[2.7156,43.3998],[2.7188,43.3992],[2.72,43.3959],[2.7191,43.3938],[2.7233,43.3937],[2.7234,43.3905],[2.7214,43.3908],[2.7209,43.3889],[2.7191,43.3895],[2.7166,43.3826],[2.7142,43.3831],[2.7134,43.3808],[2.7105,43.3797],[2.7144,43.3763],[2.7075,43.3779],[2.7071,43.3799],[2.7095,43.3818],[2.7093,43.3833],[2.7062,43.3831],[2.7045,43.3873],[2.695,43.383],[2.6922,43.3879],[2.693,43.3883],[2.6868,43.3891],[2.6843,43.3907],[2.6975,43.3992],[2.6965,43.4005],[2.6974,43.401],[2.6976,43.3995],[2.6997,43.4004],[2.7004,43.3989],[2.7037,43.4003],[2.7079,43.3993],[2.7075,43.3976],[2.704,43.3988],[2.702,43.3971],[2.7006,43.3976],[2.6999,43.3954],[2.6978,43.3956],[2.6976,43.394],[2.7015,43.3948],[2.7025,43.3932],[2.7013,43.3916],[2.7033,43.3919],[2.7033,43.3902],[2.7057,43.3901],[2.7067,43.392],[2.7056,43.3934],[2.7096,43.3909],[2.7073,43.3936],[2.7079,43.3953],[2.7091,43.3953],[2.709,43.3927],[2.7142,43.3928],[2.7143,43.396],[2.7118,43.3998],[2.7144,43.3989],[2.7151,43.4011],[2.7124,43.4001],[2.7109,43.4033],[2.7093,43.4035],[2.7098,43.4053],[2.7083,43.4029],[2.7044,43.4033],[2.7055,43.4044],[2.7059,43.4115],[2.7084,43.4122],[2.708,43.4131],[2.7056,43.4143],[2.7042,43.4129],[2.7049,43.4117],[2.7029,43.4131],[2.7029,43.4149],[2.7002,43.4144],[2.7048,43.4113],[2.705,43.4095],[2.6951,43.4114],[2.6953,43.4099],[2.7051,43.4086],[2.7046,43.405],[2.7032,43.4043],[2.704,43.4022],[2.7018,43.4032],[2.7015,43.402],[2.6974,43.4055],[2.6929,43.4051],[2.6908,43.4081],[2.6898,43.4069],[2.6913,43.4057],[2.6915,43.4022]]],[[[2.6624,43.3911],[2.6613,43.3876],[2.658,43.3864],[2.6598,43.3882],[2.6578,43.3892],[2.6581,43.393],[2.6562,43.3935],[2.6627,43.3923],[2.6624,43.3911]]],[[[2.6472,43.3905],[2.6506,43.3919],[2.6529,43.391],[2.6511,43.3891],[2.6525,43.3875],[2.6466,43.3882],[2.6472,43.3905]]],[[[2.7096,43.4023],[2.7106,43.4018],[2.7103,43.3993],[2.7085,43.4012],[2.7063,43.4012],[2.7096,43.4023]]]]}},{"type":"Feature","properties":{"id":"F15752V","nom":"Forêt domaniale de Saint-Michel","dep":"34","dom":true,"essence":"feuillu","substrat":"acide","elev":594,"slopeDeg":14.4,"aspect":60},"geometry":{"type":"MultiPolygon","coordinates":[[[[3.0868,43.5596],[3.0937,43.5622],[3.0917,43.5652],[3.0974,43.5662],[3.0981,43.5686],[3.1008,43.5684],[3.1012,43.5667],[3.1057,43.5682],[3.1044,43.5705],[3.1065,43.568],[3.1229,43.5738],[3.1289,43.5716],[3.123,43.5668],[3.1185,43.5652],[3.1185,43.5597],[3.1065,43.5565],[3.1062,43.5511],[3.0922,43.5519],[3.0907,43.5454],[3.0891,43.5451],[3.0843,43.5487],[3.0878,43.5526],[3.087,43.5569],[3.0783,43.5532],[3.0794,43.5545],[3.0742,43.5554],[3.0729,43.5524],[3.0715,43.5527],[3.0655,43.5488],[3.0631,43.55],[3.0613,43.5487],[3.0628,43.5481],[3.0604,43.5482],[3.0614,43.5471],[3.0556,43.5453],[3.057,43.544],[3.0604,43.5463],[3.0653,43.5451],[3.0615,43.5447],[3.0627,43.5428],[3.0608,43.542],[3.0585,43.5432],[3.0586,43.5408],[3.0566,43.5417],[3.0574,43.5427],[3.0551,43.5426],[3.0517,43.5453],[3.0506,43.5447],[3.0515,43.5438],[3.0489,43.5425],[3.0507,43.544],[3.0491,43.5449],[3.0514,43.5459],[3.0544,43.5446],[3.058,43.5488],[3.0569,43.5489],[3.0619,43.5514],[3.0571,43.5503],[3.0675,43.5582],[3.0803,43.5611],[3.0849,43.5609],[3.0861,43.5593],[3.0849,43.5588],[3.0873,43.5574],[3.0952,43.5594],[3.0901,43.5596],[3.0874,43.5583],[3.0868,43.5596]]],[[[3.0758,43.5463],[3.0805,43.5461],[3.0809,43.5435],[3.0771,43.5405],[3.0756,43.5417],[3.0755,43.5399],[3.0727,43.5387],[3.0651,43.5375],[3.0654,43.5393],[3.0664,43.5387],[3.0693,43.5417],[3.0708,43.5409],[3.0709,43.544],[3.0723,43.5432],[3.0758,43.5463]]],[[[3.0701,43.5459],[3.0624,43.5417],[3.0697,43.5477],[3.073,43.5475],[3.0773,43.5499],[3.0793,43.5491],[3.0783,43.5517],[3.0832,43.5516],[3.0823,43.5489],[3.0701,43.5459]]],[[[3.0524,43.5395],[3.0557,43.539],[3.0557,43.541],[3.06,43.537],[3.0584,43.5381],[3.0592,43.5364],[3.0546,43.5348],[3.0516,43.5381],[3.0524,43.5395]]],[[[3.07,43.5667],[3.0713,43.5649],[3.066,43.5668],[3.0675,43.568],[3.07,43.5667]]]]}},{"type":"Feature","properties":{"id":"F15753W","nom":"Forêt communale de Ferrals Les Montagne","dep":"34","dom":false,"essence":"conifere","substrat":"acide","elev":501,"slopeDeg":9.7,"aspect":231},"geometry":{"type":"Polygon","coordinates":[[[2.6452,43.3856],[2.6351,43.3821],[2.6314,43.3848],[2.6388,43.3876],[2.6369,43.3877],[2.6364,43.3893],[2.6338,43.3881],[2.6333,43.3905],[2.6406,43.3959],[2.6355,43.3978],[2.6366,43.4005],[2.6399,43.4002],[2.6426,43.3974],[2.646,43.3966],[2.6473,43.39],[2.6452,43.3856]]]}},{"type":"Feature","properties":{"id":"F15754X","nom":"Forêt communale de Félines Minervois","dep":"34","dom":false,"essence":"conifere","substrat":"neutre","elev":405,"slopeDeg":11.9,"aspect":110},"geometry":{"type":"MultiPolygon","coordinates":[[[[2.6131,43.356],[2.6102,43.3553],[2.6108,43.3531],[2.6096,43.3503],[2.6065,43.3511],[2.6055,43.3486],[2.6022,43.3483],[2.6036,43.3474],[2.6008,43.3455],[2.6002,43.3468],[2.5979,43.3467],[2.5983,43.3489],[2.5967,43.3502],[2.5987,43.3516],[2.5952,43.3581],[2.6003,43.3584],[2.605,43.3549],[2.6046,43.3568],[2.602,43.3588],[2.6014,43.358],[2.5996,43.3605],[2.6041,43.3593],[2.6062,43.3565],[2.6058,43.3549],[2.6026,43.3551],[2.6037,43.3537],[2.6007,43.3532],[2.6011,43.352],[2.6075,43.3529],[2.6065,43.3549],[2.6074,43.357],[2.612,43.3614],[2.6132,43.3612],[2.6114,43.3609],[2.6124,43.3602],[2.6183,43.3623],[2.6238,43.3589],[2.6197,43.3581],[2.6191,43.3564],[2.6151,43.3583],[2.6131,43.356]]],[[[2.5647,43.3802],[2.5665,43.3845],[2.5699,43.3867],[2.5684,43.3826],[2.5805,43.3753],[2.5688,43.3694],[2.5691,43.3729],[2.5593,43.3739],[2.5616,43.3814],[2.5647,43.3802]]],[[[2.5587,43.3372],[2.5556,43.3378],[2.5542,43.3406],[2.5619,43.3425],[2.5688,43.3466],[2.5749,43.3435],[2.5766,43.3409],[2.5701,43.3347],[2.5587,43.3372]]]]}},{"type":"Feature","properties":{"id":"F15755Y","nom":"Forêt communale de Sorbs","dep":"34","dom":false,"essence":"feuillu","substrat":"calcaire","elev":685,"slopeDeg":10.1,"aspect":51},"geometry":{"type":"Polygon","coordinates":[[[3.4114,43.9079],[3.4078,43.906],[3.4092,43.9106],[3.406,43.9105],[3.406,43.9125],[3.409,43.9153],[3.4112,43.9131],[3.414,43.9147],[3.4167,43.9135],[3.4184,43.9146],[3.4245,43.9116],[3.4234,43.908],[3.4251,43.9052],[3.4265,43.9042],[3.4281,43.9058],[3.4349,43.8997],[3.4303,43.8974],[3.4311,43.8957],[3.4247,43.8981],[3.4236,43.8964],[3.4198,43.8974],[3.4195,43.9086],[3.4163,43.9098],[3.412,43.9093],[3.4114,43.9079]]]}},{"type":"Feature","properties":{"id":"F15756Z","nom":"Forêt communale de Faugères","dep":"34","dom":false,"essence":"conifere","substrat":"acide","elev":368,"slopeDeg":2.4,"aspect":181},"geometry":{"type":"MultiPolygon","coordinates":[[[[3.2012,43.5726],[3.199,43.5765],[3.2016,43.5801],[3.2077,43.5786],[3.2132,43.5806],[3.2156,43.5767],[3.2133,43.5746],[3.2012,43.5726]]],[[[3.1875,43.5743],[3.1855,43.5722],[3.1882,43.5707],[3.1828,43.5685],[3.1753,43.5691],[3.1793,43.5689],[3.1783,43.5716],[3.1754,43.5696],[3.1704,43.5697],[3.1718,43.5717],[3.1758,43.571],[3.1803,43.5735],[3.1762,43.5734],[3.1764,43.5749],[3.185,43.5738],[3.1874,43.5763],[3.1875,43.5743]]],[[[3.1675,43.5712],[3.1637,43.5705],[3.1663,43.5689],[3.1656,43.5678],[3.1636,43.57],[3.1625,43.5698],[3.164,43.5674],[3.1593,43.5691],[3.1603,43.567],[3.1557,43.5704],[3.1691,43.576],[3.1658,43.5732],[3.1696,43.5734],[3.1662,43.5712],[3.1675,43.5712]]],[[[3.1737,43.5687],[3.1729,43.5672],[3.1703,43.5675],[3.1718,43.5671],[3.1693,43.5651],[3.1701,43.5688],[3.1737,43.5687]]]]}},{"type":"Feature","properties":{"id":"F15771O","nom":"Forêt communale de Buzignargues","dep":"34","dom":false,"essence":"autre","substrat":"calcaire","elev":201,"slopeDeg":8.7,"aspect":205},"geometry":{"type":"Polygon","coordinates":[[[3.9759,43.7885],[3.9789,43.791],[3.985,43.7909],[3.9888,43.7846],[3.978,43.7846],[3.9751,43.7862],[3.9759,43.7885]]]}},{"type":"Feature","properties":{"id":"F15757A","nom":"Forêt communale d'Hérépian","dep":"34","dom":false,"essence":"autre","substrat":"calcaire","elev":330,"slopeDeg":12.6,"aspect":23},"geometry":{"type":"Polygon","coordinates":[[[3.1319,43.5783],[3.1356,43.5768],[3.1379,43.5794],[3.139,43.5774],[3.1363,43.5775],[3.1355,43.576],[3.1375,43.5766],[3.1353,43.5749],[3.1363,43.5743],[3.1407,43.5762],[3.1414,43.5779],[3.1436,43.5755],[3.1323,43.5702],[3.1239,43.5733],[3.1266,43.5737],[3.1295,43.5718],[3.1311,43.5749],[3.134,43.5752],[3.1319,43.5759],[3.1319,43.5783]]]}},{"type":"Feature","properties":{"id":"F15759C","nom":"Forêt communale de Teyran","dep":"34","dom":false,"essence":"conifere","substrat":"calcaire","elev":68,"slopeDeg":1.6,"aspect":219},"geometry":{"type":"Polygon","coordinates":[[[3.9194,43.6913],[3.9121,43.6875],[3.9143,43.6917],[3.9113,43.6915],[3.9092,43.689],[3.9133,43.6874],[3.9109,43.6863],[3.913,43.6865],[3.9106,43.6862],[3.9076,43.6878],[3.9084,43.6911],[3.9106,43.6914],[3.9107,43.6931],[3.9204,43.6937],[3.9279,43.6989],[3.9301,43.6997],[3.9309,43.6983],[3.9335,43.6996],[3.9369,43.7049],[3.9404,43.7039],[3.9431,43.6993],[3.943,43.697],[3.9411,43.6952],[3.943,43.6958],[3.9431,43.6946],[3.9407,43.6934],[3.9438,43.6873],[3.9463,43.677],[3.9434,43.676],[3.9399,43.6801],[3.9384,43.6851],[3.9404,43.6866],[3.9383,43.6919],[3.9356,43.6925],[3.9338,43.6905],[3.9296,43.6923],[3.9284,43.6959],[3.9194,43.6913]]]}},{"type":"Feature","properties":{"id":"F15760D","nom":"Forêt communale de Castries","dep":"34","dom":false,"essence":"conifere","substrat":"calcaire","elev":56,"slopeDeg":0.5,"aspect":151},"geometry":{"type":"MultiPolygon","coordinates":[[[[3.9575,43.6975],[3.9675,43.697],[3.9705,43.6958],[3.9698,43.6948],[3.9756,43.6946],[3.9739,43.6942],[3.9772,43.6924],[3.9761,43.6922],[3.9778,43.6914],[3.9767,43.6908],[3.9722,43.6921],[3.9711,43.6941],[3.9725,43.6937],[3.9725,43.6954],[3.9669,43.695],[3.9666,43.6929],[3.9611,43.6936],[3.9574,43.697],[3.9579,43.6961],[3.9567,43.6959],[3.959,43.6945],[3.9562,43.6931],[3.9642,43.6916],[3.9634,43.6893],[3.9646,43.6887],[3.9621,43.6892],[3.9621,43.6879],[3.9631,43.6887],[3.9645,43.6863],[3.9695,43.6859],[3.9701,43.6837],[3.969,43.6827],[3.9711,43.6797],[3.9667,43.6859],[3.9651,43.6862],[3.9649,43.6849],[3.9589,43.686],[3.9579,43.6881],[3.9581,43.6863],[3.9564,43.6877],[3.9562,43.6864],[3.955,43.6888],[3.9565,43.6883],[3.9495,43.697],[3.9575,43.6975]]],[[[3.9806,43.6945],[3.9871,43.6948],[3.9912,43.6928],[3.9914,43.6912],[3.9898,43.6893],[3.9842,43.6878],[3.9816,43.6848],[3.9816,43.689],[3.9849,43.6887],[3.9858,43.6903],[3.9833,43.6935],[3.9812,43.6934],[3.9828,43.6913],[3.981,43.6907],[3.9769,43.6945],[3.9806,43.6945]]],[[[3.9768,43.6767],[3.9782,43.674],[3.9763,43.6732],[3.9733,43.6753],[3.9708,43.6738],[3.9718,43.676],[3.9673,43.6733],[3.967,43.6752],[3.9676,43.6745],[3.9737,43.6787],[3.9768,43.6767]]],[[[3.9721,43.6864],[3.9724,43.6854],[3.9718,43.6871],[3.9704,43.6862],[3.967,43.6876],[3.968,43.687],[3.9719,43.6893],[3.9719,43.6912],[3.9746,43.6894],[3.9729,43.6882],[3.9739,43.6848],[3.9721,43.6864]]],[[[3.994,43.6681],[3.9947,43.6675],[3.9911,43.6668],[3.9896,43.6668],[3.9933,43.669],[3.9878,43.6681],[3.9943,43.6713],[3.9928,43.6695],[3.994,43.6681]]],[[[3.953,43.7019],[3.9554,43.7003],[3.9503,43.7007],[3.9475,43.7034],[3.953,43.7019]]],[[[3.964,43.6925],[3.966,43.6927],[3.9678,43.6905],[3.9653,43.6901],[3.964,43.6925]]],[[[3.9521,43.7038],[3.9538,43.7025],[3.949,43.7038],[3.9498,43.7048],[3.9521,43.7038]]]]}},{"type":"Feature","properties":{"id":"F15761E","nom":"Forêt communale de Montbazin","dep":"34","dom":false,"essence":"autre","substrat":"calcaire","elev":135,"slopeDeg":1.9,"aspect":148},"geometry":{"type":"Polygon","coordinates":[[[3.6765,43.5253],[3.676,43.5269],[3.6726,43.5277],[3.6716,43.5312],[3.6621,43.5372],[3.6582,43.5457],[3.6606,43.5496],[3.6748,43.543],[3.6722,43.5421],[3.6712,43.5433],[3.6701,43.5329],[3.6711,43.5317],[3.6778,43.5297],[3.6805,43.533],[3.679,43.5347],[3.6804,43.537],[3.6765,43.5427],[3.6838,43.5363],[3.6807,43.5333],[3.6852,43.53],[3.6821,43.528],[3.6813,43.523],[3.6765,43.5253]]]}},{"type":"Feature","properties":{"id":"F15762F","nom":"Forêt communale de Vieussan","dep":"34","dom":false,"essence":"feuillu","substrat":"calcaire","elev":276,"slopeDeg":10,"aspect":270},"geometry":{"type":"Polygon","coordinates":[[[2.9831,43.5459],[2.9854,43.5443],[2.9867,43.5443],[2.9863,43.5456],[2.9882,43.545],[2.985,43.5469],[2.9853,43.5456],[2.982,43.5459],[2.9818,43.5472],[2.9795,43.5481],[2.9813,43.5503],[2.9825,43.5496],[2.9818,43.5505],[2.9881,43.5528],[2.9886,43.5555],[2.987,43.5551],[2.9856,43.5571],[2.9942,43.559],[2.9923,43.5572],[2.9924,43.5581],[2.9901,43.5573],[2.9882,43.5528],[2.9895,43.5524],[2.9898,43.5545],[2.9932,43.5555],[2.9926,43.5569],[2.9938,43.5576],[2.9953,43.556],[2.997,43.5566],[2.9999,43.5544],[2.9989,43.5496],[3.0078,43.5478],[3.0087,43.5424],[3.0052,43.5412],[3.0044,43.5421],[3.0032,43.5394],[2.9971,43.5384],[2.9959,43.5359],[2.9886,43.5349],[2.9887,43.5363],[2.9876,43.5356],[2.986,43.5369],[2.9853,43.5355],[2.9829,43.5377],[2.9835,43.5385],[2.9792,43.54],[2.9803,43.5403],[2.9794,43.5415],[2.9831,43.5434],[2.9807,43.5442],[2.9831,43.5459]]]}},{"type":"Feature","properties":{"id":"F15763G","nom":"Forêt communale de Frontignan","dep":"34","dom":false,"essence":"autre","substrat":"neutre","elev":89,"slopeDeg":2.6,"aspect":151},"geometry":{"type":"MultiPolygon","coordinates":[[[[3.7541,43.4678],[3.7532,43.4664],[3.7557,43.465],[3.7543,43.4625],[3.7552,43.4614],[3.7533,43.46],[3.7487,43.4622],[3.7499,43.4673],[3.7519,43.4672],[3.754,43.4707],[3.7509,43.4709],[3.7509,43.4742],[3.7553,43.478],[3.7604,43.4765],[3.7594,43.4753],[3.7627,43.4759],[3.7632,43.4748],[3.7582,43.468],[3.755,43.4692],[3.7541,43.4678]]],[[[3.724,43.4651],[3.7283,43.4544],[3.7262,43.456],[3.7236,43.4549],[3.7213,43.4579],[3.7198,43.458],[3.7203,43.456],[3.7181,43.4539],[3.7186,43.4513],[3.717,43.4522],[3.7183,43.4535],[3.714,43.4545],[3.7157,43.4532],[3.7149,43.452],[3.7158,43.4524],[3.7125,43.4497],[3.7115,43.4509],[3.7139,43.4559],[3.7186,43.4615],[3.724,43.4651]]]]}},{"type":"Feature","properties":{"id":"F15764H","nom":"Forêt communale de Nissan-Lez-Ensérune","dep":"34","dom":false,"essence":"autre","substrat":"neutre","elev":16,"slopeDeg":1.9,"aspect":108},"geometry":{"type":"MultiPolygon","coordinates":[[[[3.122,43.2678],[3.1204,43.2688],[3.1192,43.2675],[3.1198,43.2688],[3.1186,43.2694],[3.1214,43.2699],[3.1191,43.2699],[3.1181,43.2713],[3.117,43.2704],[3.118,43.2693],[3.1141,43.2682],[3.1211,43.2668],[3.1162,43.2667],[3.114,43.2653],[3.1153,43.2661],[3.1123,43.2678],[3.1139,43.2681],[3.1124,43.2712],[3.1145,43.2698],[3.1168,43.2702],[3.1156,43.2712],[3.1181,43.2714],[3.1177,43.2723],[3.1202,43.272],[3.1204,43.2733],[3.1182,43.2731],[3.1192,43.2751],[3.1219,43.2722],[3.1233,43.2725],[3.1229,43.2715],[3.1262,43.272],[3.1244,43.2728],[3.1259,43.2739],[3.1301,43.2739],[3.1248,43.2695],[3.1262,43.269],[3.122,43.2678]]],[[[3.0993,43.2757],[3.1064,43.2776],[3.1082,43.2764],[3.1092,43.277],[3.1079,43.2778],[3.1127,43.2792],[3.1162,43.2787],[3.1115,43.2786],[3.1141,43.2769],[3.1103,43.2776],[3.1062,43.2738],[3.1051,43.2743],[3.1048,43.2726],[3.0995,43.2714],[3.0993,43.2757]]],[[[3.131,43.2828],[3.1436,43.2845],[3.1394,43.2816],[3.1408,43.2805],[3.14,43.2793],[3.1356,43.2817],[3.1338,43.2812],[3.1362,43.2808],[3.1353,43.2793],[3.1292,43.2805],[3.1304,43.2795],[3.1278,43.2778],[3.1275,43.2792],[3.1297,43.2807],[3.1287,43.2812],[3.1326,43.2806],[3.1299,43.2815],[3.1339,43.282],[3.131,43.2828]]],[[[3.1205,43.2781],[3.1146,43.2779],[3.1184,43.2783],[3.1207,43.2811],[3.1278,43.2824],[3.1244,43.2815],[3.1258,43.2809],[3.123,43.2794],[3.126,43.28],[3.1252,43.278],[3.1217,43.2771],[3.122,43.2783],[3.1205,43.2781]]],[[[3.1415,43.2767],[3.1405,43.2768],[3.1428,43.2733],[3.1367,43.2748],[3.1404,43.2768],[3.1407,43.2784],[3.1426,43.278],[3.1415,43.2767]]],[[[3.1133,43.2743],[3.1151,43.2748],[3.1136,43.2735],[3.1156,43.2742],[3.1154,43.2726],[3.1175,43.2736],[3.115,43.2717],[3.1102,43.2736],[3.1133,43.2743]]]]}},{"type":"Feature","properties":{"id":"F15765I","nom":"Forêt domaniale des Avant-Monts","dep":"34","dom":true,"essence":"feuillu","substrat":"acide","elev":551,"slopeDeg":6.8,"aspect":354},"geometry":{"type":"MultiPolygon","coordinates":[[[[2.7289,43.4709],[2.7306,43.4725],[2.7399,43.4735],[2.7409,43.4719],[2.745,43.4721],[2.7488,43.4696],[2.7441,43.4683],[2.7426,43.4663],[2.7376,43.4657],[2.7363,43.4629],[2.7342,43.4622],[2.7358,43.4609],[2.7368,43.4617],[2.7367,43.4606],[2.7344,43.4604],[2.7339,43.459],[2.7271,43.4591],[2.7268,43.456],[2.7247,43.4565],[2.7255,43.4545],[2.7226,43.4568],[2.7219,43.4546],[2.7213,43.457],[2.7211,43.4556],[2.7161,43.4557],[2.7169,43.4547],[2.7159,43.4539],[2.7186,43.454],[2.7195,43.4554],[2.7205,43.4539],[2.7247,43.4541],[2.7215,43.4536],[2.7217,43.4522],[2.7165,43.4516],[2.7221,43.4493],[2.7199,43.449],[2.7275,43.4489],[2.7283,43.4464],[2.7317,43.4453],[2.7287,43.4414],[2.7317,43.4358],[2.7327,43.4364],[2.7318,43.4379],[2.7352,43.4367],[2.7417,43.4377],[2.7404,43.4341],[2.743,43.4316],[2.736,43.4295],[2.7328,43.4253],[2.7302,43.4255],[2.7243,43.4299],[2.7177,43.4281],[2.7216,43.4304],[2.7188,43.4302],[2.7191,43.4315],[2.7169,43.4317],[2.7177,43.4329],[2.7163,43.4336],[2.716,43.4381],[2.7106,43.4366],[2.7069,43.4334],[2.7,43.4328],[2.6921,43.4296],[2.6737,43.4304],[2.6712,43.4271],[2.6684,43.4291],[2.6641,43.4273],[2.6613,43.4279],[2.6599,43.4295],[2.6634,43.4299],[2.6567,43.4319],[2.6594,43.4325],[2.657,43.435],[2.6594,43.434],[2.6566,43.4367],[2.6659,43.4389],[2.6611,43.4427],[2.6623,43.4433],[2.6623,43.4473],[2.6635,43.4484],[2.6623,43.4496],[2.6681,43.4548],[2.6709,43.4551],[2.6709,43.4537],[2.6739,43.4526],[2.673,43.4514],[2.675,43.4488],[2.6824,43.4471],[2.6818,43.4447],[2.6849,43.4384],[2.6906,43.4382],[2.6913,43.4397],[2.6913,43.4381],[2.6927,43.438],[2.6936,43.44],[2.697,43.4408],[2.6981,43.4395],[2.7034,43.4398],[2.7057,43.443],[2.7017,43.4442],[2.7038,43.4456],[2.7006,43.4482],[2.7062,43.4499],[2.7051,43.4522],[2.7064,43.4527],[2.7032,43.4546],[2.703,43.4611],[2.7061,43.4603],[2.7036,43.4653],[2.707,43.4628],[2.7091,43.4649],[2.71,43.4631],[2.7094,43.4675],[2.7122,43.4702],[2.7133,43.468],[2.7124,43.4675],[2.7143,43.4673],[2.713,43.4653],[2.7166,43.4636],[2.7183,43.4656],[2.7169,43.4669],[2.7175,43.4688],[2.7191,43.4687],[2.7193,43.4651],[2.7217,43.4648],[2.7218,43.4705],[2.723,43.4682],[2.7254,43.4684],[2.7241,43.471],[2.7266,43.4717],[2.7269,43.4685],[2.729,43.4683],[2.7289,43.4709]]],[[[2.7515,43.4392],[2.7397,43.4398],[2.7407,43.4415],[2.7435,43.4404],[2.75,43.4427],[2.7457,43.4463],[2.7455,43.448],[2.7557,43.4505],[2.7523,43.4515],[2.7522,43.4527],[2.7537,43.4526],[2.7521,43.4552],[2.7537,43.4562],[2.7521,43.4572],[2.7528,43.4589],[2.7514,43.4601],[2.7536,43.46],[2.7545,43.4607],[2.7529,43.4607],[2.7551,43.4626],[2.7583,43.4633],[2.7585,43.4596],[2.762,43.461],[2.761,43.4629],[2.7622,43.4608],[2.7655,43.4596],[2.7607,43.4572],[2.7636,43.4549],[2.7683,43.4552],[2.7695,43.4577],[2.7776,43.4593],[2.7763,43.4609],[2.7773,43.4618],[2.7796,43.4602],[2.778,43.4553],[2.7803,43.4542],[2.7827,43.4551],[2.7851,43.4541],[2.7886,43.4567],[2.7941,43.4564],[2.7947,43.4584],[2.8088,43.4603],[2.8088,43.4619],[2.8134,43.4648],[2.8152,43.4633],[2.8188,43.4637],[2.824,43.462],[2.8275,43.464],[2.8295,43.4612],[2.8336,43.4603],[2.8368,43.4631],[2.8395,43.4625],[2.8404,43.4607],[2.8446,43.4622],[2.8465,43.4612],[2.8445,43.4593],[2.8408,43.4594],[2.843,43.455],[2.831,43.4532],[2.8305,43.4572],[2.8346,43.4567],[2.8347,43.4582],[2.8324,43.4598],[2.8309,43.4576],[2.8207,43.4569],[2.8103,43.4527],[2.7977,43.445],[2.7932,43.4445],[2.7879,43.4462],[2.7787,43.4388],[2.7615,43.4374],[2.7555,43.4395],[2.7515,43.4392]]],[[[2.9086,43.4993],[2.9042,43.4989],[2.8991,43.5009],[2.8931,43.5004],[2.8868,43.4993],[2.8756,43.4937],[2.875,43.4929],[2.8788,43.4927],[2.8826,43.489],[2.8792,43.4822],[2.8766,43.4825],[2.8766,43.4804],[2.8706,43.4844],[2.8657,43.4845],[2.8583,43.4826],[2.8513,43.4831],[2.8439,43.479],[2.8371,43.4804],[2.8234,43.4769],[2.8221,43.4794],[2.8255,43.4819],[2.8222,43.4823],[2.8212,43.4838],[2.8254,43.4825],[2.8279,43.4836],[2.8309,43.4873],[2.8416,43.4917],[2.8399,43.4941],[2.8434,43.4959],[2.8462,43.4934],[2.8482,43.4882],[2.8541,43.4901],[2.8528,43.4882],[2.8593,43.4879],[2.8606,43.4916],[2.863,43.4937],[2.8627,43.4959],[2.8597,43.4952],[2.8627,43.4985],[2.8697,43.4983],[2.87,43.4946],[2.8713,43.4971],[2.8704,43.4986],[2.8734,43.498],[2.8744,43.4997],[2.8778,43.5005],[2.8788,43.4985],[2.8808,43.5005],[2.8825,43.5001],[2.8824,43.5017],[2.8861,43.5013],[2.8854,43.5039],[2.8873,43.505],[2.8838,43.506],[2.8822,43.5051],[2.8818,43.5071],[2.8863,43.5074],[2.8863,43.5098],[2.8939,43.5106],[2.8949,43.509],[2.9038,43.5105],[2.9056,43.5051],[2.9121,43.5019],[2.9086,43.4993]]],[[[2.9445,43.5394],[2.9408,43.5405],[2.943,43.5411],[2.9454,43.5453],[2.9469,43.5424],[2.9485,43.5441],[2.9515,43.5438],[2.9514,43.5423],[2.948,43.541],[2.9502,43.5397],[2.9539,43.5416],[2.954,43.5437],[2.9588,43.5427],[2.9529,43.5383],[2.9445,43.5394]]]]}},{"type":"Feature","properties":{"id":"F15781Y","nom":"Forêt communale de Vacquières","dep":"34","dom":false,"essence":"mixte","substrat":"calcaire","elev":111,"slopeDeg":1.2,"aspect":188},"geometry":{"type":"Polygon","coordinates":[[[3.9482,43.8119],[3.9472,43.8134],[3.9518,43.8068],[3.9532,43.808],[3.9593,43.8055],[3.9468,43.8036],[3.9422,43.8099],[3.9482,43.8119]]]}},{"type":"Feature","properties":{"id":"F15766J","nom":"Forêt communale de Saint-Vincent De Barbeyrargues","dep":"34","dom":false,"essence":"conifere","substrat":"calcaire","elev":107,"slopeDeg":3.5,"aspect":312},"geometry":{"type":"Polygon","coordinates":[[[3.8783,43.7236],[3.8827,43.7206],[3.8798,43.7129],[3.8787,43.7114],[3.8762,43.7114],[3.8732,43.7201],[3.8755,43.7239],[3.8783,43.7236]]]}},{"type":"Feature","properties":{"id":"F15787E","nom":"Forêt communale de Rouet","dep":"34","dom":false,"essence":"feuillu","substrat":"calcaire","elev":304,"slopeDeg":5.1,"aspect":298},"geometry":{"type":"Polygon","coordinates":[[[3.8295,43.8015],[3.8208,43.802],[3.8232,43.8054],[3.8271,43.8056],[3.8262,43.81],[3.8288,43.8122],[3.8274,43.8136],[3.8304,43.8136],[3.8354,43.8051],[3.8322,43.8043],[3.831,43.8024],[3.8319,43.8007],[3.8295,43.8015]]]}},{"type":"Feature","properties":{"id":"F15768L","nom":"Forêt communale de Plaissan","dep":"34","dom":false,"essence":"conifere","substrat":"acide","elev":107,"slopeDeg":6.1,"aspect":263},"geometry":{"type":"Polygon","coordinates":[[[3.5431,43.5563],[3.5445,43.5609],[3.5471,43.5605],[3.5448,43.5611],[3.5456,43.5622],[3.5479,43.5595],[3.5453,43.5584],[3.5472,43.5567],[3.5446,43.5546],[3.5452,43.5538],[3.5423,43.5539],[3.5426,43.5517],[3.5362,43.5513],[3.5391,43.5566],[3.5431,43.5563]]]}},{"type":"Feature","properties":{"id":"F15769M","nom":"Forêt communale de Cambon Et Salvergues","dep":"34","dom":false,"essence":"conifere","substrat":"acide","elev":1064,"slopeDeg":1.2,"aspect":154},"geometry":{"type":"MultiPolygon","coordinates":[[[[2.8907,43.603],[2.8888,43.6023],[2.8879,43.6046],[2.8915,43.6037],[2.8937,43.6069],[2.898,43.6042],[2.8907,43.603]]],[[[2.8688,43.6207],[2.8718,43.6203],[2.873,43.6223],[2.8756,43.6208],[2.8754,43.6191],[2.8681,43.6191],[2.8668,43.6178],[2.8663,43.6194],[2.8688,43.6207]]],[[[2.925,43.6297],[2.9229,43.6299],[2.9248,43.6326],[2.925,43.6297]]],[[[2.8404,43.6375],[2.8415,43.6373],[2.8407,43.6354],[2.8382,43.638],[2.8404,43.6375]]]]}},{"type":"Feature","properties":{"id":"F15770N","nom":"Forêt communale de Mourèze","dep":"34","dom":false,"essence":"feuillu","substrat":"calcaire","elev":226,"slopeDeg":1.2,"aspect":48},"geometry":{"type":"MultiPolygon","coordinates":[[[[3.364,43.6178],[3.3641,43.6198],[3.3533,43.6205],[3.3517,43.6233],[3.3492,43.6242],[3.3504,43.6281],[3.3539,43.6274],[3.3522,43.625],[3.3531,43.6239],[3.3579,43.6235],[3.3571,43.6289],[3.3595,43.6295],[3.3625,43.6269],[3.3616,43.6231],[3.3664,43.6184],[3.366,43.617],[3.364,43.6178]]],[[[3.3712,43.613],[3.3677,43.6137],[3.3685,43.6163],[3.3774,43.6146],[3.3829,43.6096],[3.3796,43.6093],[3.3784,43.607],[3.3743,43.6084],[3.3737,43.6068],[3.3706,43.6072],[3.369,43.6059],[3.3699,43.6089],[3.3714,43.6094],[3.3701,43.612],[3.375,43.6109],[3.3751,43.6145],[3.3712,43.613]]],[[[3.3401,43.6049],[3.3492,43.6039],[3.3516,43.6012],[3.3568,43.5989],[3.3559,43.5982],[3.3387,43.6053],[3.3401,43.6049]]],[[[3.3508,43.6084],[3.3496,43.6097],[3.353,43.6103],[3.3535,43.6092],[3.3517,43.6082],[3.3543,43.6065],[3.3508,43.6084]]],[[[3.3667,43.6063],[3.3662,43.6064],[3.3663,43.6066],[3.3664,43.6068],[3.3666,43.6072],[3.3668,43.6076],[3.367,43.608],[3.3671,43.6081],[3.3669,43.6081],[3.3671,43.6084],[3.3674,43.6089],[3.3677,43.6092],[3.3678,43.6093],[3.368,43.6093],[3.3681,43.6096],[3.3682,43.6099],[3.3682,43.6099],[3.3682,43.6103],[3.3682,43.6103],[3.3682,43.6104],[3.3683,43.6105],[3.3685,43.6106],[3.3685,43.6106],[3.3685,43.6106],[3.3687,43.6109],[3.3689,43.6113],[3.369,43.6114],[3.369,43.6115],[3.369,43.6118],[3.369,43.6121],[3.369,43.6122],[3.3691,43.6122],[3.3692,43.6122],[3.3693,43.6121],[3.3693,43.6121],[3.3692,43.6117],[3.3692,43.6117],[3.3691,43.6114],[3.3691,43.6113],[3.369,43.611],[3.3691,43.611],[3.369,43.6107],[3.369,43.6106],[3.3688,43.6101],[3.3688,43.6101],[3.3688,43.6101],[3.3687,43.6096],[3.3685,43.6092],[3.3684,43.609],[3.3683,43.6088],[3.3683,43.6087],[3.3681,43.6082],[3.3679,43.6077],[3.3678,43.6075],[3.3678,43.6075],[3.3676,43.607],[3.3675,43.6065],[3.3675,43.6062],[3.3674,43.6062],[3.367,43.6063],[3.3667,43.6063]]]]}},{"type":"Feature","properties":{"id":"F15772P","nom":"Forêt communale de Cessenon Sur Orb","dep":"34","dom":false,"essence":"conifere","substrat":"acide","elev":105,"slopeDeg":2.6,"aspect":170},"geometry":{"type":"Polygon","coordinates":[[[3.0067,43.4654],[3.0182,43.4636],[3.0134,43.4589],[3.0137,43.4601],[3.0107,43.4602],[3.011,43.4628],[3.0103,43.4603],[3.0072,43.4611],[3.0082,43.4628],[3.0055,43.4622],[3.0067,43.4654]]]}},{"type":"Feature","properties":{"id":"F15773Q","nom":"Forêt domaniale de Monts-D'Orb","dep":"34","dom":true,"essence":"feuillu","substrat":"acide","elev":570,"slopeDeg":1.9,"aspect":185},"geometry":{"type":"MultiPolygon","coordinates":[[[[3.1033,43.6919],[3.1045,43.6902],[3.1037,43.6917],[3.1066,43.6928],[3.1015,43.694],[3.1029,43.6897],[3.1001,43.6906],[3.1006,43.6887],[3.0974,43.6917],[3.0974,43.689],[3.0922,43.6891],[3.0886,43.6918],[3.092,43.6949],[3.0906,43.6966],[3.0887,43.6936],[3.085,43.6941],[3.0853,43.6915],[3.0831,43.6899],[3.0802,43.6928],[3.0772,43.6935],[3.0754,43.6916],[3.0746,43.6964],[3.0795,43.6977],[3.074,43.705],[3.0692,43.7067],[3.0682,43.7088],[3.072,43.7111],[3.0726,43.7089],[3.0741,43.7096],[3.0768,43.7069],[3.078,43.7096],[3.0803,43.7101],[3.0784,43.7139],[3.0794,43.7212],[3.084,43.7239],[3.0879,43.7235],[3.0887,43.7251],[3.0938,43.7233],[3.0968,43.7244],[3.0969,43.7233],[3.105,43.7208],[3.1063,43.7221],[3.1051,43.7208],[3.1065,43.7195],[3.1148,43.7185],[3.1146,43.7152],[3.1156,43.7181],[3.1238,43.72],[3.1213,43.7186],[3.1247,43.7167],[3.1228,43.7151],[3.1247,43.7164],[3.1271,43.7148],[3.1318,43.7151],[3.1294,43.7166],[3.1297,43.7181],[3.1326,43.718],[3.1331,43.7154],[3.1373,43.7186],[3.1358,43.721],[3.1401,43.7202],[3.1428,43.7151],[3.1346,43.7129],[3.1326,43.7037],[3.1416,43.6982],[3.1395,43.6955],[3.1371,43.6959],[3.1385,43.6942],[3.1412,43.6943],[3.1391,43.6936],[3.1375,43.6909],[3.1396,43.6929],[3.1405,43.6911],[3.1422,43.6912],[3.138,43.688],[3.1382,43.6865],[3.1312,43.6871],[3.1302,43.6851],[3.1252,43.684],[3.1225,43.6887],[3.1179,43.6877],[3.12,43.6892],[3.1188,43.6898],[3.1164,43.6851],[3.1174,43.6863],[3.1143,43.6878],[3.1139,43.6861],[3.1156,43.6851],[3.1126,43.6844],[3.1139,43.6857],[3.1121,43.6855],[3.1114,43.6885],[3.1145,43.6884],[3.1155,43.6912],[3.1106,43.688],[3.103,43.6897],[3.1033,43.6919]]],[[[3.0566,43.7896],[3.0557,43.7927],[3.0488,43.8002],[3.051,43.8056],[3.0602,43.8095],[3.0676,43.8069],[3.0701,43.8082],[3.0723,43.807],[3.0719,43.8086],[3.074,43.8099],[3.0779,43.8072],[3.0784,43.8082],[3.0782,43.8033],[3.0758,43.8025],[3.0801,43.8026],[3.0788,43.8012],[3.0756,43.802],[3.0748,43.7998],[3.0721,43.8005],[3.0779,43.7985],[3.0807,43.7934],[3.0846,43.7938],[3.084,43.7914],[3.0866,43.7891],[3.0849,43.788],[3.0847,43.7854],[3.0824,43.7847],[3.0847,43.7847],[3.0881,43.7807],[3.0849,43.7786],[3.0805,43.78],[3.0754,43.7784],[3.082,43.7786],[3.0832,43.7778],[3.0821,43.7751],[3.0862,43.7741],[3.0856,43.7726],[3.0797,43.7727],[3.0794,43.7702],[3.0862,43.7682],[3.0834,43.7648],[3.0891,43.7663],[3.0863,43.7637],[3.0869,43.7615],[3.0733,43.7629],[3.0724,43.7651],[3.076,43.7685],[3.0719,43.7713],[3.0667,43.772],[3.0653,43.7729],[3.0655,43.7762],[3.0589,43.7795],[3.057,43.7828],[3.0584,43.7858],[3.0566,43.7896]]],[[[3.2174,43.7733],[3.2175,43.7722],[3.2141,43.7701],[3.2265,43.7694],[3.2307,43.7709],[3.2332,43.7699],[3.2344,43.762],[3.2292,43.764],[3.2249,43.7627],[3.2245,43.7605],[3.2271,43.7593],[3.2249,43.7581],[3.2253,43.7558],[3.2309,43.757],[3.2359,43.7618],[3.2394,43.7611],[3.2415,43.7591],[3.2406,43.7569],[3.2427,43.7569],[3.2413,43.7532],[3.2428,43.7528],[3.2414,43.7514],[3.2425,43.75],[3.2393,43.7506],[3.2404,43.7528],[3.237,43.7534],[3.2387,43.7523],[3.2379,43.7503],[3.2333,43.7484],[3.2307,43.7448],[3.2276,43.7481],[3.2289,43.7495],[3.228,43.7501],[3.2259,43.7474],[3.228,43.7449],[3.2251,43.7438],[3.2254,43.7473],[3.2223,43.7462],[3.2182,43.7482],[3.2156,43.7478],[3.2141,43.7495],[3.2161,43.7497],[3.2127,43.752],[3.213,43.754],[3.2179,43.7568],[3.2154,43.7589],[3.2114,43.7594],[3.2089,43.7654],[3.1992,43.7622],[3.1978,43.7657],[3.1895,43.7672],[3.1894,43.7695],[3.186,43.7689],[3.1867,43.7726],[3.1911,43.7723],[3.1924,43.7739],[3.1886,43.7766],[3.194,43.7765],[3.2016,43.7788],[3.2131,43.7739],[3.2166,43.7744],[3.2174,43.7733]]],[[[3.1535,43.7918],[3.1513,43.7971],[3.1543,43.7981],[3.1606,43.7945],[3.1612,43.8029],[3.1657,43.809],[3.161,43.8109],[3.1654,43.8106],[3.1668,43.8127],[3.1826,43.8053],[3.1812,43.8034],[3.1782,43.8025],[3.1808,43.7989],[3.1853,43.7983],[3.1849,43.7967],[3.1904,43.7917],[3.1815,43.7912],[3.1819,43.7895],[3.1848,43.7884],[3.1816,43.7857],[3.1853,43.7815],[3.1795,43.7789],[3.1736,43.78],[3.1664,43.7791],[3.1582,43.7852],[3.1577,43.7879],[3.1535,43.7918]]],[[[3.0536,43.747],[3.054,43.7484],[3.0578,43.7474],[3.0588,43.7453],[3.0562,43.743],[3.0602,43.7429],[3.063,43.746],[3.0625,43.7472],[3.0674,43.7476],[3.0653,43.7486],[3.07,43.7529],[3.0714,43.7534],[3.0717,43.7506],[3.0752,43.7517],[3.0761,43.7506],[3.0799,43.7545],[3.085,43.7528],[3.0904,43.7543],[3.0901,43.7556],[3.0922,43.7561],[3.0936,43.7542],[3.0936,43.7559],[3.0964,43.758],[3.0971,43.7491],[3.1072,43.7481],[3.1009,43.7446],[3.0971,43.7466],[3.0917,43.746],[3.0917,43.7443],[3.0946,43.7434],[3.0953,43.7416],[3.0936,43.7418],[3.0937,43.74],[3.0926,43.742],[3.0917,43.7412],[3.0929,43.7394],[3.0905,43.7414],[3.0916,43.7432],[3.0884,43.7444],[3.0871,43.7432],[3.0843,43.7439],[3.0842,43.7421],[3.0868,43.7411],[3.0867,43.74],[3.0858,43.7411],[3.0816,43.741],[3.0831,43.7425],[3.0807,43.7414],[3.0807,43.7384],[3.0828,43.7378],[3.0827,43.7391],[3.0829,43.7373],[3.0805,43.7383],[3.0812,43.7351],[3.0759,43.7351],[3.0796,43.7328],[3.0774,43.7304],[3.0761,43.7329],[3.0778,43.7332],[3.0718,43.7343],[3.0727,43.7301],[3.0705,43.7337],[3.0677,43.7324],[3.0667,43.7339],[3.0653,43.7329],[3.062,43.7347],[3.0612,43.7327],[3.0555,43.7334],[3.0536,43.7313],[3.054,43.7339],[3.0598,43.7381],[3.0535,43.7424],[3.0525,43.7458],[3.0536,43.747]]],[[[3.1083,43.7915],[3.1063,43.7944],[3.1157,43.7927],[3.1162,43.7893],[3.1176,43.7907],[3.1258,43.7916],[3.1245,43.7893],[3.1279,43.7878],[3.131,43.7937],[3.1335,43.7927],[3.1308,43.7846],[3.1231,43.7852],[3.124,43.7831],[3.1227,43.7822],[3.12,43.7832],[3.1195,43.7809],[3.117,43.7808],[3.1144,43.7775],[3.1153,43.7766],[3.1128,43.7766],[3.1148,43.7754],[3.112,43.7751],[3.1072,43.7695],[3.1061,43.7714],[3.1075,43.7723],[3.1037,43.7731],[3.1035,43.776],[3.1022,43.7753],[3.1015,43.7744],[3.1041,43.7711],[3.1032,43.7707],[3.1056,43.7684],[3.1,43.7667],[3.0998,43.7696],[3.0936,43.7715],[3.0915,43.7706],[3.0946,43.774],[3.0915,43.7766],[3.0927,43.7806],[3.0985,43.7759],[3.0969,43.7784],[3.0991,43.7805],[3.1034,43.7796],[3.105,43.7809],[3.1107,43.7808],[3.1079,43.7831],[3.1119,43.7857],[3.1103,43.7856],[3.1105,43.7866],[3.1049,43.7901],[3.109,43.7903],[3.1083,43.7915]]],[[[3.1942,43.705],[3.1954,43.7064],[3.1947,43.7043],[3.1982,43.7036],[3.1977,43.7048],[3.1988,43.7046],[3.2018,43.702],[3.2011,43.6964],[3.2024,43.6967],[3.2035,43.6924],[3.202,43.6923],[3.2033,43.6905],[3.2057,43.6915],[3.205,43.6881],[3.206,43.6863],[3.1982,43.6777],[3.1974,43.6739],[3.1942,43.6717],[3.1945,43.681],[3.1967,43.6838],[3.1927,43.6866],[3.1919,43.6897],[3.1894,43.6908],[3.19,43.6923],[3.1882,43.6927],[3.1915,43.6951],[3.1911,43.6988],[3.1941,43.7015],[3.1932,43.7027],[3.1942,43.705]]],[[[3.2212,43.6902],[3.2162,43.6874],[3.2136,43.6888],[3.2133,43.6932],[3.2123,43.6906],[3.209,43.693],[3.2058,43.6933],[3.2041,43.6968],[3.204,43.6983],[3.2058,43.6985],[3.2041,43.6989],[3.2046,43.6999],[3.2079,43.6992],[3.2085,43.6977],[3.2113,43.698],[3.2102,43.7],[3.2052,43.702],[3.2121,43.7036],[3.215,43.7059],[3.2146,43.7076],[3.2177,43.7048],[3.2154,43.7034],[3.2182,43.7006],[3.2157,43.6986],[3.2174,43.6974],[3.2166,43.6961],[3.2239,43.6926],[3.2212,43.6902]]],[[[3.0859,43.836],[3.0892,43.8348],[3.0831,43.8277],[3.0778,43.8324],[3.0811,43.8351],[3.0859,43.836]]],[[[3.117,43.815],[3.1173,43.8176],[3.1246,43.814],[3.1263,43.8108],[3.1282,43.8128],[3.1294,43.8119],[3.129,43.8083],[3.1269,43.8085],[3.1277,43.8099],[3.1209,43.8119],[3.1213,43.8096],[3.1189,43.8099],[3.1206,43.813],[3.117,43.815]]],[[[3.1063,43.8196],[3.1046,43.8192],[3.1061,43.8215],[3.1052,43.8219],[3.1038,43.8192],[3.1008,43.821],[3.1019,43.8226],[3.1047,43.822],[3.1082,43.8253],[3.1107,43.8245],[3.1125,43.8227],[3.1096,43.8222],[3.114,43.8155],[3.1095,43.8172],[3.1106,43.8201],[3.1075,43.8207],[3.1063,43.8196]]],[[[3.0548,43.7514],[3.0576,43.7519],[3.0601,43.7548],[3.0624,43.7537],[3.0608,43.7522],[3.0624,43.751],[3.0584,43.7484],[3.0542,43.7502],[3.0548,43.7514]]],[[[3.2414,43.7491],[3.2441,43.7476],[3.2397,43.7431],[3.2363,43.7463],[3.2387,43.7497],[3.2414,43.7491]]],[[[3.0906,43.7313],[3.0922,43.7298],[3.0898,43.7283],[3.0872,43.7312],[3.0886,43.7315],[3.0894,43.7299],[3.0906,43.7308],[3.0896,43.733],[3.0906,43.7313]]],[[[3.1515,43.6899],[3.1498,43.6907],[3.1531,43.6932],[3.1537,43.6906],[3.1515,43.6899]]],[[[3.0112,43.6923],[3.0148,43.6937],[3.0154,43.6919],[3.0145,43.6906],[3.0112,43.6923]]],[[[3.1123,43.8202],[3.112,43.8213],[3.1141,43.8215],[3.1153,43.8189],[3.113,43.8181],[3.1123,43.8202]]],[[[3.1495,43.6937],[3.1517,43.6958],[3.1516,43.6941],[3.1467,43.6907],[3.1478,43.6907],[3.145,43.6901],[3.1495,43.6937]]],[[[3.091,43.8338],[3.0933,43.8337],[3.0926,43.8305],[3.0912,43.8309],[3.091,43.8338]]]]}},{"type":"Feature","properties":{"id":"F15774R","nom":"Forêt communale du Bousquet D'Orb","dep":"34","dom":false,"essence":"feuillu","substrat":"acide","elev":426,"slopeDeg":10.1,"aspect":31},"geometry":{"type":"Polygon","coordinates":[[[3.1511,43.7086],[3.1549,43.7067],[3.1382,43.7011],[3.1326,43.7037],[3.1346,43.7129],[3.1388,43.7142],[3.1451,43.7153],[3.1533,43.7123],[3.1511,43.7086]]]}},{"type":"Feature","properties":{"id":"F15775S","nom":"Forêt communale de Montoulieu","dep":"34","dom":false,"essence":"feuillu","substrat":"calcaire","elev":388,"slopeDeg":11.2,"aspect":297},"geometry":{"type":"Polygon","coordinates":[[[3.8217,43.9135],[3.8102,43.9013],[3.8055,43.9041],[3.8088,43.9055],[3.8093,43.9082],[3.8132,43.911],[3.8182,43.92],[3.8217,43.9225],[3.8229,43.9264],[3.8262,43.9274],[3.8292,43.9248],[3.8217,43.9135]]]}},{"type":"Feature","properties":{"id":"F15776T","nom":"Forêt communale d'Aniane","dep":"34","dom":false,"essence":"feuillu","substrat":"calcaire","elev":94,"slopeDeg":0.9,"aspect":219},"geometry":{"type":"MultiPolygon","coordinates":[[[[3.613,43.6512],[3.6053,43.654],[3.5961,43.6526],[3.5901,43.6545],[3.5932,43.6586],[3.5954,43.6585],[3.5949,43.657],[3.5965,43.6564],[3.5969,43.6579],[3.5952,43.6594],[3.5991,43.6629],[3.5968,43.6648],[3.5984,43.6668],[3.597,43.668],[3.5978,43.6694],[3.6018,43.6703],[3.6084,43.6757],[3.6101,43.6729],[3.6087,43.6707],[3.6166,43.6686],[3.6182,43.6699],[3.6201,43.6679],[3.6269,43.6681],[3.626,43.6648],[3.6295,43.6629],[3.6234,43.661],[3.6242,43.6617],[3.6232,43.6623],[3.6215,43.662],[3.622,43.6612],[3.6188,43.6627],[3.6142,43.6672],[3.6123,43.666],[3.6149,43.6608],[3.6221,43.6569],[3.6239,43.6528],[3.6219,43.6524],[3.622,43.6501],[3.6186,43.6476],[3.613,43.6512]]],[[[3.5597,43.7238],[3.5671,43.7243],[3.5783,43.7144],[3.5771,43.7122],[3.5642,43.7089],[3.5613,43.7069],[3.5546,43.7099],[3.5534,43.7151],[3.5544,43.7199],[3.5597,43.7238]]],[[[3.6245,43.6887],[3.6257,43.6821],[3.6196,43.6828],[3.6181,43.6854],[3.6186,43.6843],[3.6157,43.6838],[3.6126,43.6887],[3.608,43.6856],[3.6082,43.6882],[3.6029,43.6902],[3.6039,43.6912],[3.6026,43.6923],[3.6075,43.6942],[3.6107,43.6973],[3.6125,43.6997],[3.6102,43.6985],[3.6132,43.7011],[3.6131,43.7027],[3.6174,43.7025],[3.6219,43.7007],[3.6233,43.6987],[3.6243,43.6894],[3.6224,43.6883],[3.6245,43.6887]]],[[[3.62,43.6802],[3.6236,43.6806],[3.6239,43.6817],[3.6269,43.6804],[3.6272,43.6757],[3.6259,43.6756],[3.6261,43.6767],[3.6239,43.6753],[3.62,43.6802]]]]}},{"type":"Feature","properties":{"id":"F15777U","nom":"Forêt communale de Saint-Félix De L'Héras","dep":"34","dom":false,"essence":"autre","substrat":"calcaire","elev":700,"slopeDeg":2.7,"aspect":262},"geometry":{"type":"Polygon","coordinates":[[[3.3125,43.8348],[3.3189,43.8373],[3.3269,43.8347],[3.3313,43.8288],[3.3269,43.8268],[3.3156,43.828],[3.3127,43.8304],[3.3125,43.8348]]]}},{"type":"Feature","properties":{"id":"F15778V","nom":"Forêt domaniale de Notre-Dame De Parlatges","dep":"34","dom":true,"essence":"conifere","substrat":"acide","elev":459,"slopeDeg":15.1,"aspect":323},"geometry":{"type":"MultiPolygon","coordinates":[[[[3.4374,43.7853],[3.4385,43.7831],[3.4419,43.7814],[3.4424,43.7774],[3.4378,43.7727],[3.4377,43.7695],[3.4272,43.7683],[3.4234,43.7692],[3.421,43.7647],[3.4161,43.7625],[3.4144,43.7642],[3.4155,43.7621],[3.4133,43.7612],[3.4098,43.7651],[3.4126,43.7608],[3.4054,43.7555],[3.3953,43.7544],[3.3858,43.7492],[3.3805,43.7491],[3.3715,43.7568],[3.3676,43.7565],[3.3667,43.7575],[3.3689,43.759],[3.3663,43.7601],[3.3763,43.7653],[3.3736,43.7642],[3.3769,43.7639],[3.3773,43.762],[3.3802,43.7628],[3.3781,43.7609],[3.3801,43.7592],[3.3858,43.7602],[3.3863,43.7582],[3.3882,43.7581],[3.3867,43.7616],[3.3899,43.762],[3.3913,43.7597],[3.3936,43.7635],[3.3914,43.764],[3.39,43.7624],[3.3906,43.764],[3.3884,43.7647],[3.3904,43.766],[3.3898,43.7668],[3.3881,43.7663],[3.3866,43.7677],[3.3858,43.766],[3.3849,43.7673],[3.3878,43.7695],[3.3927,43.7688],[3.3911,43.7731],[3.3922,43.7736],[3.3945,43.7738],[3.3925,43.7735],[3.4019,43.7703],[3.3987,43.7741],[3.394,43.7754],[3.3951,43.7777],[3.3917,43.7769],[3.3904,43.7782],[3.3881,43.7758],[3.3849,43.7756],[3.3846,43.7778],[3.3889,43.7786],[3.3884,43.7816],[3.3839,43.7823],[3.3837,43.7844],[3.3783,43.7853],[3.3688,43.7773],[3.3675,43.773],[3.3663,43.7737],[3.3621,43.7717],[3.3613,43.7766],[3.3641,43.7789],[3.3632,43.7808],[3.3649,43.7827],[3.363,43.7851],[3.3634,43.7836],[3.3595,43.781],[3.3588,43.7853],[3.3571,43.7859],[3.3525,43.7843],[3.3504,43.7852],[3.3498,43.7815],[3.3473,43.7814],[3.3499,43.7789],[3.348,43.7759],[3.3451,43.7759],[3.3443,43.7744],[3.3437,43.7777],[3.3376,43.7792],[3.3343,43.7825],[3.3334,43.7853],[3.3354,43.7872],[3.3294,43.7921],[3.3254,43.8026],[3.3291,43.7979],[3.332,43.7983],[3.3312,43.7996],[3.3323,43.7999],[3.3373,43.7992],[3.3385,43.8001],[3.3343,43.8018],[3.3409,43.8032],[3.3472,43.8073],[3.3552,43.8053],[3.3591,43.8123],[3.3627,43.8081],[3.3659,43.8075],[3.3717,43.8028],[3.3728,43.7926],[3.3703,43.7845],[3.377,43.7889],[3.3802,43.7889],[3.3846,43.7882],[3.386,43.7866],[3.3893,43.7878],[3.3946,43.7862],[3.397,43.7839],[3.3966,43.7817],[3.4022,43.783],[3.4059,43.7823],[3.4069,43.783],[3.4048,43.7858],[3.4085,43.7872],[3.4077,43.7889],[3.4161,43.7882],[3.4241,43.7922],[3.423,43.7882],[3.4345,43.7873],[3.4374,43.7853]]],[[[3.4657,43.736],[3.4643,43.7374],[3.4672,43.7405],[3.4556,43.7375],[3.4542,43.7402],[3.4494,43.7411],[3.4494,43.7424],[3.4478,43.7428],[3.4494,43.7437],[3.4433,43.7432],[3.4403,43.7404],[3.4404,43.743],[3.4437,43.744],[3.4424,43.7457],[3.4397,43.7448],[3.4391,43.7491],[3.4475,43.7479],[3.4531,43.7502],[3.4488,43.7474],[3.4558,43.749],[3.4588,43.7449],[3.4622,43.7467],[3.4635,43.7509],[3.4689,43.75],[3.474,43.7468],[3.4716,43.7377],[3.4806,43.7289],[3.4733,43.7276],[3.4708,43.7318],[3.4657,43.736]]],[[[3.4538,43.7644],[3.4471,43.7612],[3.4456,43.7624],[3.4497,43.7638],[3.452,43.7681],[3.4538,43.765],[3.456,43.7672],[3.4538,43.7644]]],[[[3.4428,43.7612],[3.4435,43.7597],[3.4404,43.7605],[3.4426,43.765],[3.4443,43.763],[3.4428,43.7612]]],[[[3.4486,43.7572],[3.4541,43.757],[3.4538,43.7548],[3.4474,43.757],[3.4486,43.7572]]]]}},{"type":"Feature","properties":{"id":"F15779W","nom":"Forêt communale de Neffiès","dep":"34","dom":false,"essence":"autre","substrat":"calcaire","elev":307,"slopeDeg":3.7,"aspect":132},"geometry":{"type":"Polygon","coordinates":[[[3.3169,43.5489],[3.3169,43.5543],[3.3228,43.5528],[3.3255,43.5555],[3.3269,43.5546],[3.3292,43.5556],[3.3317,43.5535],[3.3286,43.5491],[3.33,43.547],[3.3273,43.5456],[3.3263,43.5477],[3.3284,43.5488],[3.3277,43.5504],[3.3192,43.5474],[3.3169,43.5489]]]}},{"type":"Feature","properties":{"id":"F15780X","nom":"Forêt communale de Saint-Pargoire","dep":"34","dom":false,"essence":"autre","substrat":"calcaire","elev":160,"slopeDeg":1.9,"aspect":14},"geometry":{"type":"MultiPolygon","coordinates":[[[[3.5739,43.5378],[3.5765,43.5389],[3.5782,43.5361],[3.5789,43.5368],[3.58,43.5286],[3.5743,43.5264],[3.5716,43.5274],[3.5728,43.5281],[3.5727,43.532],[3.5678,43.5331],[3.5736,43.535],[3.5739,43.5378]]],[[[3.5647,43.537],[3.5647,43.5419],[3.5701,43.5384],[3.5684,43.5372],[3.5682,43.5395],[3.5667,43.5364],[3.563,43.5355],[3.5657,43.5353],[3.5637,43.5342],[3.561,43.5363],[3.5647,43.537]]]]}},{"type":"Feature","properties":{"id":"F15782Z","nom":"Forêt communale de Mireval","dep":"34","dom":false,"essence":"autre","substrat":"calcaire","elev":92,"slopeDeg":7.6,"aspect":140},"geometry":{"type":"Polygon","coordinates":[[[3.7902,43.5302],[3.7926,43.532],[3.8003,43.5332],[3.8046,43.5321],[3.801,43.5316],[3.799,43.5271],[3.7865,43.5239],[3.7877,43.5222],[3.7818,43.5194],[3.7819,43.5222],[3.7772,43.5176],[3.7757,43.5201],[3.7843,43.5245],[3.7902,43.5302]]]}},{"type":"Feature","properties":{"id":"F15788F","nom":"Forêt communale de Le Pradal","dep":"34","dom":false,"essence":"mixte","substrat":"acide","elev":537,"slopeDeg":11.4,"aspect":87},"geometry":{"type":"Polygon","coordinates":[[[3.0977,43.647],[3.0997,43.6475],[3.1008,43.6393],[3.0937,43.6395],[3.0917,43.6415],[3.0873,43.6429],[3.0865,43.6417],[3.0852,43.6432],[3.0977,43.647]]]}},{"type":"Feature","properties":{"id":"F15789G","nom":"Forêt communale de Lunas","dep":"34","dom":false,"essence":"feuillu","substrat":"acide","elev":341,"slopeDeg":8.9,"aspect":273},"geometry":{"type":"MultiPolygon","coordinates":[[[[3.1774,43.721],[3.1761,43.719],[3.1819,43.7192],[3.1792,43.723],[3.1756,43.7225],[3.1772,43.7246],[3.1763,43.7265],[3.1892,43.7263],[3.1922,43.7248],[3.1893,43.7221],[3.1912,43.722],[3.1949,43.7183],[3.19,43.7182],[3.1873,43.7161],[3.1874,43.7147],[3.181,43.7114],[3.1811,43.7148],[3.1721,43.7155],[3.17,43.7175],[3.1727,43.7195],[3.1711,43.7195],[3.1727,43.7222],[3.1774,43.721]]],[[[3.1409,43.7345],[3.1434,43.7319],[3.1447,43.7332],[3.153,43.7307],[3.1522,43.7272],[3.1533,43.7264],[3.15,43.7256],[3.1524,43.7235],[3.154,43.7241],[3.1524,43.7221],[3.1555,43.7231],[3.1533,43.7176],[3.1537,43.7207],[3.1491,43.7234],[3.1497,43.7251],[3.1443,43.7248],[3.1436,43.7263],[3.1398,43.7277],[3.1406,43.7252],[3.1373,43.725],[3.1401,43.7248],[3.14,43.7238],[3.1339,43.7243],[3.1336,43.7276],[3.1358,43.7287],[3.1349,43.7292],[3.139,43.7297],[3.1409,43.7345]]],[[[3.2203,43.7381],[3.2184,43.7358],[3.2199,43.7347],[3.2176,43.7315],[3.2178,43.7293],[3.2134,43.7288],[3.2171,43.7377],[3.2203,43.7381]]],[[[3.1588,43.726],[3.1591,43.7237],[3.1575,43.7237],[3.1554,43.7263],[3.1588,43.726]]],[[[3.161,43.7208],[3.16,43.7193],[3.1576,43.7225],[3.161,43.7208]]]]}},{"type":"Feature","properties":{"id":"F15790H","nom":"Forêt domaniale du Somail","dep":"34","dom":true,"essence":"conifere","substrat":"acide","elev":983,"slopeDeg":6.3,"aspect":352},"geometry":{"type":"MultiPolygon","coordinates":[[[[2.8023,43.5612],[2.8014,43.5621],[2.8075,43.5575],[2.8032,43.5584],[2.8032,43.5575],[2.8001,43.5576],[2.7982,43.5551],[2.8009,43.5584],[2.7989,43.5623],[2.801,43.5643],[2.8015,43.5733],[2.8068,43.5755],[2.815,43.5756],[2.8229,43.5799],[2.8247,43.5788],[2.8236,43.5741],[2.8199,43.5699],[2.8212,43.5684],[2.8166,43.5687],[2.8168,43.566],[2.8212,43.5637],[2.8216,43.5598],[2.8258,43.56],[2.8291,43.5584],[2.8283,43.5554],[2.8334,43.5547],[2.8353,43.5525],[2.8312,43.5529],[2.8306,43.551],[2.8289,43.5509],[2.8259,43.5525],[2.8257,43.5541],[2.8237,43.5543],[2.8254,43.5493],[2.8248,43.5478],[2.8211,43.5493],[2.8203,43.5465],[2.824,43.5458],[2.822,43.5453],[2.8212,43.5427],[2.8176,43.5459],[2.8139,43.5464],[2.8113,43.5444],[2.8079,43.5467],[2.8058,43.5455],[2.8086,43.5418],[2.8075,43.5412],[2.7897,43.5431],[2.783,43.5373],[2.7824,43.5353],[2.7848,43.5317],[2.7887,43.5306],[2.787,43.5291],[2.7877,43.5273],[2.7912,43.526],[2.7959,43.5278],[2.7973,43.5248],[2.7897,43.5184],[2.7882,43.522],[2.7886,43.5181],[2.7847,43.5167],[2.783,43.5137],[2.7794,43.5138],[2.7791,43.5124],[2.7722,43.5099],[2.7698,43.5108],[2.7715,43.5129],[2.7705,43.5146],[2.7718,43.5154],[2.7699,43.516],[2.7798,43.5211],[2.7856,43.5257],[2.7866,43.5281],[2.7734,43.5357],[2.7735,43.5344],[2.7705,43.5351],[2.7712,43.5329],[2.7702,43.5317],[2.7568,43.5329],[2.7557,43.5341],[2.7569,43.5378],[2.7531,43.5415],[2.7517,43.548],[2.7472,43.5517],[2.7427,43.5494],[2.7349,43.5601],[2.7307,43.5617],[2.7245,43.5617],[2.7252,43.5676],[2.7276,43.5698],[2.7292,43.5685],[2.7335,43.5756],[2.7438,43.5717],[2.7564,43.5721],[2.7554,43.5703],[2.7613,43.5639],[2.765,43.5619],[2.7662,43.5616],[2.7676,43.5646],[2.7792,43.559],[2.7826,43.5613],[2.7834,43.5589],[2.7854,43.5596],[2.7896,43.5562],[2.7896,43.5517],[2.7937,43.5519],[2.7979,43.5546],[2.8079,43.5567],[2.8111,43.5618],[2.8067,43.5645],[2.8038,43.5627],[2.8057,43.5607],[2.8023,43.5612]]],[[[2.6813,43.5326],[2.681,43.5339],[2.6827,43.5341],[2.6824,43.5317],[2.6859,43.5313],[2.6831,43.5348],[2.6894,43.5348],[2.6942,43.5389],[2.6997,43.5369],[2.6976,43.5355],[2.6988,43.5348],[2.698,43.5331],[2.7009,43.5313],[2.701,43.5287],[2.7065,43.531],[2.7095,43.5299],[2.711,43.5317],[2.7065,43.534],[2.7081,43.5362],[2.715,43.5336],[2.7176,43.5369],[2.7251,43.5328],[2.7241,43.5353],[2.7264,43.5382],[2.732,43.5408],[2.7351,43.5387],[2.7391,43.5426],[2.7465,43.5315],[2.7388,43.5283],[2.7403,43.5273],[2.7394,43.5261],[2.7419,43.5263],[2.7422,43.5206],[2.7403,43.52],[2.7381,43.5213],[2.7366,43.5206],[2.7374,43.5199],[2.7337,43.5202],[2.731,43.5222],[2.732,43.5175],[2.7264,43.518],[2.7236,43.5164],[2.7238,43.5137],[2.7225,43.5132],[2.7236,43.5127],[2.7203,43.5133],[2.7215,43.5149],[2.7171,43.5152],[2.7162,43.5141],[2.7181,43.5094],[2.712,43.5137],[2.7114,43.5124],[2.7134,43.5103],[2.7105,43.5126],[2.7061,43.5115],[2.7037,43.5089],[2.7025,43.5097],[2.7026,43.5054],[2.6988,43.5051],[2.6997,43.5056],[2.6973,43.5065],[2.6964,43.5047],[2.6942,43.5047],[2.6939,43.5017],[2.6891,43.5027],[2.6877,43.5019],[2.6882,43.5002],[2.6867,43.5017],[2.6844,43.5006],[2.6843,43.5025],[2.6779,43.5033],[2.6734,43.5002],[2.6622,43.5008],[2.6608,43.5034],[2.664,43.5027],[2.6636,43.5042],[2.6673,43.51],[2.6703,43.5091],[2.6725,43.5134],[2.6754,43.5144],[2.67,43.5201],[2.6712,43.5256],[2.6695,43.5281],[2.6729,43.5292],[2.6796,43.5286],[2.6803,43.5307],[2.6822,43.5306],[2.6813,43.5326]]],[[[2.6817,43.64],[2.6798,43.6398],[2.6818,43.6367],[2.6778,43.6367],[2.6798,43.6356],[2.679,43.6342],[2.6781,43.6332],[2.6756,43.6341],[2.6748,43.6328],[2.6754,43.6339],[2.6657,43.6375],[2.6651,43.6421],[2.6653,43.6394],[2.6641,43.6397],[2.6647,43.6379],[2.6632,43.6366],[2.6682,43.6334],[2.6672,43.6302],[2.6693,43.63],[2.6701,43.6283],[2.667,43.6282],[2.667,43.6268],[2.6658,43.6282],[2.6652,43.6257],[2.6664,43.6306],[2.6642,43.6307],[2.6637,43.6268],[2.6613,43.6276],[2.6612,43.6295],[2.6599,43.6297],[2.6597,43.6283],[2.6597,43.63],[2.6579,43.6295],[2.6565,43.6323],[2.6595,43.6342],[2.6569,43.6366],[2.6544,43.635],[2.6546,43.6371],[2.6504,43.64],[2.6506,43.6429],[2.6527,43.6454],[2.6523,43.649],[2.6551,43.6498],[2.6574,43.6433],[2.6638,43.6422],[2.6652,43.6432],[2.6654,43.647],[2.6743,43.6467],[2.6784,43.6443],[2.6806,43.6453],[2.6829,43.6411],[2.6817,43.64]]],[[[2.6889,43.6279],[2.691,43.6288],[2.6901,43.63],[2.6916,43.6299],[2.6919,43.6316],[2.6945,43.6317],[2.6944,43.6333],[2.6933,43.6331],[2.6944,43.6346],[2.6975,43.6338],[2.6973,43.6374],[2.702,43.6406],[2.7021,43.6423],[2.7077,43.6372],[2.7068,43.636],[2.7083,43.6371],[2.7051,43.633],[2.7057,43.6321],[2.7045,43.6326],[2.7041,43.6315],[2.7033,43.6332],[2.6978,43.6337],[2.7005,43.6301],[2.7029,43.6301],[2.7055,43.6276],[2.7042,43.6269],[2.6999,43.6285],[2.699,43.6265],[2.6973,43.6265],[2.6984,43.6253],[2.6969,43.6241],[2.6911,43.6246],[2.6899,43.623],[2.6871,43.6248],[2.6889,43.6279]]],[[[2.7788,43.6153],[2.7742,43.6197],[2.7716,43.615],[2.7747,43.6123],[2.7713,43.6104],[2.771,43.6143],[2.7686,43.6142],[2.7697,43.6169],[2.7685,43.6201],[2.7712,43.6225],[2.7752,43.6221],[2.7816,43.6262],[2.7892,43.6237],[2.7861,43.6175],[2.7833,43.6151],[2.7806,43.6131],[2.7788,43.6153]]],[[[2.7236,43.6402],[2.725,43.6374],[2.7284,43.6359],[2.7238,43.6311],[2.7244,43.6298],[2.7218,43.6336],[2.7229,43.6352],[2.7215,43.6355],[2.7212,43.6336],[2.7167,43.6308],[2.7181,43.6275],[2.7128,43.6265],[2.7138,43.6276],[2.7119,43.6301],[2.7135,43.6315],[2.7156,43.6305],[2.7136,43.6321],[2.7155,43.6339],[2.7162,43.6379],[2.7152,43.6394],[2.7135,43.639],[2.713,43.6413],[2.7141,43.6403],[2.7152,43.6412],[2.7133,43.642],[2.7126,43.6443],[2.7216,43.6447],[2.7238,43.6431],[2.7236,43.6402]]],[[[2.7073,43.5647],[2.7055,43.5652],[2.7087,43.5659],[2.7074,43.5671],[2.7001,43.5695],[2.7011,43.5709],[2.6998,43.572],[2.7018,43.5744],[2.6969,43.5764],[2.6966,43.5786],[2.7022,43.5788],[2.7143,43.573],[2.7125,43.57],[2.7108,43.5701],[2.7125,43.5689],[2.7113,43.5681],[2.7123,43.5666],[2.7117,43.5677],[2.7089,43.5667],[2.7107,43.5643],[2.7073,43.5647]]],[[[2.774,43.5777],[2.7835,43.5768],[2.784,43.5749],[2.7961,43.5723],[2.7925,43.5701],[2.7873,43.5696],[2.7875,43.5675],[2.7804,43.5675],[2.7789,43.5745],[2.7767,43.5741],[2.774,43.5777]]],[[[2.6439,43.6103],[2.6413,43.6078],[2.6409,43.609],[2.6426,43.6094],[2.6405,43.6101],[2.6401,43.6074],[2.6391,43.6087],[2.6407,43.6111],[2.6382,43.6111],[2.638,43.6092],[2.6353,43.6111],[2.6401,43.6173],[2.6466,43.6169],[2.6444,43.6177],[2.6477,43.6206],[2.6471,43.6213],[2.6583,43.6162],[2.6529,43.6148],[2.6533,43.6163],[2.6511,43.617],[2.6467,43.614],[2.6458,43.6152],[2.6447,43.6147],[2.6476,43.6112],[2.6439,43.6103]]],[[[2.6633,43.556],[2.6646,43.5583],[2.6695,43.5568],[2.6678,43.555],[2.6724,43.5509],[2.6702,43.5498],[2.6714,43.5493],[2.6667,43.5447],[2.662,43.547],[2.6615,43.5496],[2.6589,43.5519],[2.6633,43.556]]],[[[2.7353,43.6227],[2.7322,43.6211],[2.7303,43.6224],[2.7302,43.6246],[2.7346,43.6296],[2.7334,43.6294],[2.7368,43.6298],[2.7362,43.6306],[2.7381,43.6315],[2.7399,43.6286],[2.7437,43.6293],[2.7447,43.6263],[2.7422,43.6242],[2.7423,43.6217],[2.7423,43.6236],[2.7377,43.622],[2.7353,43.6227]]],[[[2.6647,43.5789],[2.6636,43.5774],[2.6614,43.5787],[2.6614,43.5814],[2.6639,43.5826],[2.6619,43.584],[2.6655,43.5826],[2.6652,43.5843],[2.6691,43.5873],[2.6733,43.5867],[2.6716,43.5881],[2.6735,43.5896],[2.6756,43.5904],[2.6787,43.5891],[2.677,43.5848],[2.6719,43.5848],[2.6708,43.5823],[2.6675,43.5817],[2.6683,43.5798],[2.6647,43.5789]]],[[[2.646,43.5856],[2.6511,43.5862],[2.6541,43.588],[2.6608,43.5834],[2.6574,43.5827],[2.6548,43.5844],[2.6549,43.5828],[2.6518,43.5823],[2.6535,43.5814],[2.65,43.5805],[2.6496,43.5792],[2.6458,43.5837],[2.6438,43.5799],[2.6412,43.5801],[2.6389,43.5825],[2.6456,43.5841],[2.646,43.5856]]],[[[2.635,43.6247],[2.6317,43.6281],[2.6384,43.6243],[2.6394,43.6246],[2.6382,43.6267],[2.6442,43.6261],[2.6423,43.626],[2.6432,43.6229],[2.6476,43.6224],[2.6438,43.6208],[2.6448,43.6192],[2.6425,43.6182],[2.6395,43.6188],[2.6408,43.6192],[2.6361,43.6231],[2.6358,43.6198],[2.6386,43.6184],[2.6362,43.6178],[2.632,43.6208],[2.6344,43.6218],[2.635,43.6247]]],[[[2.7452,43.6149],[2.7446,43.6183],[2.7517,43.6157],[2.7507,43.614],[2.7468,43.6147],[2.7341,43.6095],[2.7317,43.6098],[2.7321,43.6122],[2.7333,43.6118],[2.736,43.6159],[2.7338,43.6183],[2.7336,43.6174],[2.7317,43.6181],[2.7323,43.6202],[2.7377,43.6165],[2.7435,43.6159],[2.7424,43.6143],[2.7452,43.6149]]],[[[2.6908,43.6433],[2.688,43.6454],[2.6836,43.6462],[2.6858,43.648],[2.6864,43.651],[2.6995,43.6475],[2.6979,43.6483],[2.6948,43.6442],[2.6908,43.6433]]],[[[2.82,43.5884],[2.8301,43.5882],[2.8317,43.5864],[2.8151,43.5836],[2.8135,43.5872],[2.82,43.5884]]],[[[2.6409,43.6372],[2.6442,43.6385],[2.6485,43.6371],[2.6458,43.6375],[2.6419,43.6355],[2.6443,43.6328],[2.6486,43.6342],[2.648,43.631],[2.6421,43.6321],[2.6428,43.6299],[2.6448,43.6289],[2.6431,43.6285],[2.6387,43.6294],[2.6377,43.6311],[2.6354,43.6306],[2.6409,43.6372]]],[[[2.8327,43.5858],[2.8385,43.5842],[2.8377,43.582],[2.841,43.5795],[2.8397,43.5797],[2.8381,43.5764],[2.8326,43.5803],[2.8308,43.5793],[2.8277,43.5808],[2.8283,43.5833],[2.8321,43.5821],[2.8326,43.5804],[2.8342,43.581],[2.8339,43.5836],[2.8318,43.5842],[2.8327,43.5858]]],[[[2.7293,43.5426],[2.7266,43.545],[2.7302,43.5462],[2.7297,43.5476],[2.7335,43.5502],[2.7326,43.5522],[2.7338,43.5519],[2.7357,43.5493],[2.7366,43.5438],[2.7293,43.5426]]],[[[2.7137,43.5834],[2.7163,43.5838],[2.7174,43.5822],[2.7166,43.5847],[2.7224,43.5828],[2.721,43.5809],[2.7223,43.5793],[2.7096,43.5809],[2.7121,43.5806],[2.7109,43.583],[2.7122,43.584],[2.7132,43.5835],[2.7125,43.5818],[2.7154,43.5819],[2.7137,43.5834]]],[[[2.6691,43.5337],[2.6652,43.5341],[2.6647,43.5353],[2.6702,43.5372],[2.6715,43.5347],[2.6691,43.5337]]],[[[2.7243,43.5809],[2.7268,43.5819],[2.7301,43.5767],[2.726,43.577],[2.7243,43.5809]]],[[[2.6751,43.6307],[2.6738,43.6297],[2.6703,43.631],[2.6731,43.634],[2.6733,43.6321],[2.676,43.6313],[2.6751,43.6307]]]]}},{"type":"Feature","properties":{"id":"F15783A","nom":"Forêt communale de Saint-Pons","dep":"34","dom":false,"essence":"conifere","substrat":"acide","elev":563,"slopeDeg":4.9,"aspect":279},"geometry":{"type":"Polygon","coordinates":[[[2.7335,43.4417],[2.7309,43.4421],[2.7367,43.4448],[2.7404,43.4447],[2.7423,43.4431],[2.7411,43.4455],[2.7426,43.4458],[2.7422,43.4474],[2.7446,43.448],[2.75,43.4427],[2.7435,43.4404],[2.7407,43.4415],[2.7397,43.4399],[2.7335,43.4417]]]}},{"type":"Feature","properties":{"id":"F15784B","nom":"Forêt communale de Minerve","dep":"34","dom":false,"essence":"autre","substrat":"neutre","elev":353,"slopeDeg":3.8,"aspect":144},"geometry":{"type":"MultiPolygon","coordinates":[[[[2.6958,43.3671],[2.6965,43.3693],[2.6983,43.3696],[2.7032,43.3654],[2.7064,43.3652],[2.7074,43.3683],[2.7159,43.3625],[2.7194,43.3576],[2.7181,43.3626],[2.726,43.3635],[2.7314,43.3571],[2.7265,43.3581],[2.7296,43.3505],[2.7258,43.3493],[2.7276,43.3485],[2.7233,43.35],[2.7155,43.3491],[2.7137,43.3465],[2.7107,43.3462],[2.7061,43.3507],[2.6935,43.3582],[2.6894,43.368],[2.6905,43.3697],[2.6911,43.3675],[2.6933,43.3676],[2.6942,43.3654],[2.6958,43.3671]]],[[[2.7504,43.3779],[2.7539,43.3792],[2.7499,43.3817],[2.7508,43.3822],[2.7591,43.3795],[2.7622,43.3738],[2.7599,43.3729],[2.7641,43.3694],[2.7622,43.3681],[2.7631,43.3659],[2.7603,43.3672],[2.7563,43.3669],[2.7553,43.3622],[2.747,43.3677],[2.7443,43.3713],[2.7455,43.3748],[2.744,43.3787],[2.7456,43.3799],[2.7481,43.377],[2.7504,43.3779]]],[[[2.7354,43.364],[2.7384,43.3653],[2.7358,43.371],[2.7328,43.3719],[2.7241,43.3693],[2.7159,43.3699],[2.7141,43.3719],[2.7148,43.3741],[2.7159,43.3722],[2.7212,43.3733],[2.7226,43.3718],[2.7274,43.3738],[2.7293,43.3728],[2.7337,43.3741],[2.7378,43.3734],[2.7395,43.3648],[2.7354,43.364]]],[[[2.7459,43.3615],[2.7467,43.3626],[2.75,43.3617],[2.7505,43.3597],[2.7545,43.3569],[2.7529,43.3555],[2.7493,43.3558],[2.7462,43.3582],[2.7459,43.3615]]],[[[2.7099,43.3764],[2.7143,43.3759],[2.7094,43.3755],[2.7072,43.3731],[2.706,43.3745],[2.707,43.3759],[2.7044,43.3768],[2.7074,43.3789],[2.7099,43.3764]]],[[[2.6904,43.3738],[2.69,43.3704],[2.6879,43.3691],[2.6869,43.3718],[2.6904,43.3738]]],[[[2.6942,43.3709],[2.6949,43.3681],[2.6912,43.3697],[2.6926,43.3705],[2.6918,43.3722],[2.6942,43.3722],[2.6942,43.3709]]]]}},{"type":"Feature","properties":{"id":"F15785C","nom":"Forêt communale de Combes","dep":"34","dom":false,"essence":"feuillu","substrat":"acide","elev":541,"slopeDeg":10.6,"aspect":145},"geometry":{"type":"MultiPolygon","coordinates":[[[[3.0266,43.5966],[3.0255,43.6003],[3.0289,43.6004],[3.03,43.6065],[3.0338,43.609],[3.0339,43.6111],[3.0472,43.6113],[3.0445,43.6082],[3.0423,43.6081],[3.0421,43.6109],[3.0394,43.6115],[3.0385,43.609],[3.0403,43.6087],[3.0408,43.6069],[3.0434,43.6059],[3.0449,43.6068],[3.0461,43.6053],[3.0427,43.6043],[3.0425,43.6015],[3.041,43.6044],[3.0421,43.6052],[3.0399,43.6057],[3.04,43.6068],[3.0358,43.6066],[3.0369,43.6039],[3.036,43.6035],[3.0355,43.6062],[3.0334,43.6062],[3.0329,43.6075],[3.0299,43.6033],[3.0324,43.5995],[3.0344,43.599],[3.0328,43.5991],[3.0339,43.5964],[3.0305,43.5965],[3.031,43.5949],[3.0329,43.5946],[3.0312,43.5934],[3.0344,43.5915],[3.0333,43.5901],[3.0316,43.592],[3.0322,43.5903],[3.0276,43.5887],[3.0266,43.5966]]],[[[3.0531,43.5983],[3.0544,43.598],[3.0526,43.5959],[3.051,43.596],[3.05,43.5982],[3.0516,43.5974],[3.0513,43.6003],[3.0497,43.6019],[3.0519,43.6021],[3.0517,43.6036],[3.0535,43.6045],[3.0527,43.6052],[3.0546,43.6063],[3.0528,43.6084],[3.0552,43.609],[3.0605,43.607],[3.0596,43.6054],[3.0611,43.6053],[3.0613,43.6038],[3.0577,43.6023],[3.0586,43.6],[3.0609,43.5995],[3.0582,43.5982],[3.0621,43.598],[3.0608,43.5968],[3.0609,43.594],[3.0586,43.5967],[3.0594,43.5974],[3.0569,43.597],[3.0573,43.5982],[3.0542,43.5995],[3.0531,43.5983]]],[[[3.0621,43.6171],[3.0637,43.6163],[3.0611,43.6113],[3.0625,43.6103],[3.0606,43.6096],[3.0628,43.6086],[3.0602,43.6086],[3.0583,43.6115],[3.0529,43.6115],[3.0584,43.6181],[3.0595,43.6179],[3.0586,43.6166],[3.0597,43.6176],[3.0611,43.6163],[3.0621,43.6171]]],[[[3.0566,43.5896],[3.0526,43.5885],[3.0489,43.59],[3.0491,43.5918],[3.0523,43.5936],[3.0552,43.5921],[3.0536,43.5905],[3.0566,43.5896]]]]}},{"type":"Feature","properties":{"id":"F15786D","nom":"Forêt communale de Claret","dep":"34","dom":false,"essence":"feuillu","substrat":"calcaire","elev":260,"slopeDeg":9.9,"aspect":140},"geometry":{"type":"Polygon","coordinates":[[[3.8797,43.8755],[3.8775,43.8753],[3.8744,43.8723],[3.8691,43.8716],[3.8665,43.8735],[3.8634,43.8708],[3.8573,43.8701],[3.8543,43.8676],[3.8568,43.8666],[3.852,43.8675],[3.8524,43.8733],[3.857,43.8771],[3.869,43.8761],[3.8721,43.8779],[3.8774,43.8785],[3.8959,43.8776],[3.9042,43.8786],[3.9028,43.8772],[3.8937,43.8759],[3.8895,43.8769],[3.8855,43.8754],[3.8797,43.8755]]]}},{"type":"Feature","properties":{"id":"F15793K","nom":"Forêt communale d'Assas","dep":"34","dom":false,"essence":"mixte","substrat":"calcaire","elev":110,"slopeDeg":1.6,"aspect":280},"geometry":{"type":"MultiPolygon","coordinates":[[[[3.8751,43.7357],[3.8757,43.7375],[3.8768,43.7361],[3.8763,43.7376],[3.8821,43.7376],[3.8815,43.7385],[3.889,43.7416],[3.892,43.7412],[3.8921,43.7381],[3.8893,43.7353],[3.8903,43.7334],[3.8871,43.7331],[3.8846,43.7301],[3.8842,43.7277],[3.8862,43.7277],[3.8867,43.7255],[3.8754,43.7287],[3.8729,43.7339],[3.8759,43.7353],[3.8754,43.7369],[3.8751,43.7357]]],[[[3.8757,43.7239],[3.8753,43.728],[3.885,43.7246],[3.8838,43.7212],[3.8761,43.7238],[3.877,43.7247],[3.8757,43.7239]]]]}},{"type":"Feature","properties":{"id":"F15794L","nom":"Forêt communale de Cournonterral","dep":"34","dom":false,"essence":"feuillu","substrat":"calcaire","elev":127,"slopeDeg":1.8,"aspect":121},"geometry":{"type":"MultiPolygon","coordinates":[[[[3.6908,43.6037],[3.6949,43.6019],[3.6957,43.5983],[3.7026,43.5928],[3.7031,43.5896],[3.7001,43.5878],[3.6956,43.5882],[3.6899,43.5862],[3.694,43.5843],[3.698,43.5798],[3.6998,43.5802],[3.7006,43.5767],[3.7055,43.5708],[3.7073,43.5719],[3.7084,43.57],[3.7051,43.5699],[3.6934,43.5837],[3.6889,43.5857],[3.6727,43.5808],[3.6723,43.5793],[3.6779,43.5797],[3.6828,43.5771],[3.6701,43.5774],[3.6663,43.5723],[3.6673,43.5694],[3.6661,43.5683],[3.6595,43.5716],[3.6618,43.5735],[3.6621,43.5769],[3.6703,43.5821],[3.671,43.5888],[3.6686,43.5942],[3.6702,43.5966],[3.6812,43.601],[3.6863,43.6046],[3.6908,43.6037]]],[[[3.6903,43.6102],[3.6967,43.6104],[3.6972,43.6069],[3.6909,43.6041],[3.6866,43.605],[3.6871,43.6082],[3.6903,43.6102]]]]}},{"type":"Feature","properties":{"id":"F15791I","nom":"Forêt communale de Vic-La-Gardiole","dep":"34","dom":false,"essence":"autre","substrat":"calcaire","elev":133,"slopeDeg":10.9,"aspect":119},"geometry":{"type":"Polygon","coordinates":[[[3.7511,43.485],[3.7545,43.487],[3.7516,43.4903],[3.7533,43.4936],[3.7595,43.4953],[3.7733,43.5029],[3.7722,43.4987],[3.7768,43.4953],[3.7685,43.4857],[3.7627,43.4891],[3.757,43.479],[3.7488,43.4836],[3.7511,43.485]]]}},{"type":"Feature","properties":{"id":"F15792J","nom":"Forêt communale d'Avène-Les-Bains","dep":"34","dom":false,"essence":"conifere","substrat":"acide","elev":359,"slopeDeg":14.8,"aspect":74},"geometry":{"type":"Polygon","coordinates":[[[3.1015,43.753],[3.1037,43.7505],[3.1084,43.7506],[3.1072,43.7481],[3.0971,43.7491],[3.0962,43.7567],[3.0988,43.7556],[3.1018,43.7563],[3.1015,43.753]]]}},{"type":"Feature","properties":{"id":"F15795M","nom":"Forêt communale de Saint-Gély Du Fesc","dep":"34","dom":false,"essence":"conifere","substrat":"calcaire","elev":116,"slopeDeg":4.8,"aspect":147},"geometry":{"type":"Polygon","coordinates":[[[3.783,43.6865],[3.7873,43.6904],[3.7903,43.6903],[3.7972,43.6886],[3.7957,43.6872],[3.7975,43.6859],[3.795,43.6858],[3.7956,43.687],[3.792,43.6896],[3.7844,43.6815],[3.7797,43.6843],[3.783,43.6865]]]}},{"type":"Feature","properties":{"id":"F15801S","nom":"Forêt communale de Ganges","dep":"34","dom":false,"essence":"mixte","substrat":"calcaire","elev":433,"slopeDeg":11,"aspect":153},"geometry":{"type":"Polygon","coordinates":[[[3.7158,43.9542],[3.7154,43.958],[3.7197,43.9633],[3.728,43.9554],[3.7252,43.9537],[3.728,43.9505],[3.7251,43.9524],[3.7228,43.9521],[3.7169,43.9482],[3.7168,43.9504],[3.7146,43.9516],[3.7168,43.9533],[3.7158,43.9542]]]}},{"type":"Feature","properties":{"id":"F15802T","nom":"Forêt communale de Lauroux","dep":"34","dom":false,"essence":"autre","substrat":"calcaire","elev":386,"slopeDeg":5.2,"aspect":57},"geometry":{"type":"MultiPolygon","coordinates":[[[[3.284,43.7664],[3.2841,43.7674],[3.2822,43.7654],[3.2671,43.7696],[3.2653,43.7712],[3.2658,43.7754],[3.2642,43.7755],[3.2656,43.7777],[3.2679,43.7779],[3.2709,43.7764],[3.2711,43.775],[3.278,43.7745],[3.2772,43.7702],[3.2855,43.769],[3.2952,43.7617],[3.2914,43.7594],[3.2877,43.7635],[3.2827,43.7654],[3.284,43.7664]]],[[[3.2742,43.7919],[3.2789,43.7905],[3.2793,43.7877],[3.2822,43.7867],[3.2797,43.7838],[3.2822,43.7835],[3.2829,43.7794],[3.2789,43.7765],[3.2734,43.7783],[3.2729,43.7804],[3.2705,43.7809],[3.2724,43.7816],[3.277,43.7801],[3.272,43.7831],[3.2715,43.791],[3.2657,43.7942],[3.2745,43.793],[3.2725,43.7907],[3.2742,43.7919]]]]}},{"type":"Feature","properties":{"id":"F15803U","nom":"Forêt communale de Fraisse-Sur-Agout","dep":"34","dom":false,"essence":"feuillu","substrat":"acide","elev":778,"slopeDeg":3,"aspect":184},"geometry":{"type":"MultiPolygon","coordinates":[[[[2.8436,43.5743],[2.8448,43.5764],[2.8377,43.582],[2.8385,43.5842],[2.8324,43.5861],[2.8341,43.5864],[2.8329,43.5868],[2.834,43.5891],[2.8361,43.59],[2.8356,43.592],[2.831,43.5941],[2.8313,43.5957],[2.8337,43.5954],[2.8325,43.5986],[2.8307,43.5965],[2.8286,43.5968],[2.8291,43.5959],[2.8264,43.5965],[2.8267,43.5979],[2.8317,43.5995],[2.8305,43.6015],[2.8346,43.6026],[2.8316,43.6033],[2.8268,43.6072],[2.8222,43.6079],[2.8244,43.6148],[2.8302,43.6122],[2.8305,43.6065],[2.8377,43.6032],[2.8411,43.6002],[2.8398,43.5989],[2.8446,43.5999],[2.8465,43.5988],[2.8457,43.5975],[2.8511,43.5952],[2.8522,43.5921],[2.8501,43.5895],[2.8511,43.5879],[2.8477,43.5881],[2.8504,43.5874],[2.8529,43.5755],[2.8442,43.5734],[2.8436,43.5743]]],[[[2.7572,43.6142],[2.7666,43.617],[2.7683,43.6142],[2.7713,43.6137],[2.7725,43.6071],[2.7707,43.6078],[2.7709,43.6063],[2.7667,43.608],[2.7627,43.6061],[2.7594,43.607],[2.7598,43.6082],[2.7487,43.6075],[2.7545,43.612],[2.7544,43.6137],[2.7572,43.6142]]],[[[2.8257,43.5883],[2.8135,43.5872],[2.8151,43.5838],[2.8044,43.5819],[2.8027,43.5829],[2.8045,43.5882],[2.8036,43.5905],[2.8106,43.5907],[2.8109,43.5896],[2.8109,43.5906],[2.8237,43.5927],[2.8257,43.5905],[2.8257,43.5883]]],[[[2.7887,43.5918],[2.7933,43.5936],[2.7947,43.589],[2.797,43.5868],[2.7943,43.5849],[2.7974,43.5828],[2.7945,43.5818],[2.7913,43.5829],[2.7884,43.5806],[2.7848,43.5833],[2.7884,43.5861],[2.7938,43.5848],[2.7912,43.5872],[2.7939,43.5915],[2.7931,43.5933],[2.7902,43.5896],[2.7791,43.593],[2.7747,43.5917],[2.7708,43.5948],[2.7746,43.5974],[2.7792,43.5967],[2.7793,43.5942],[2.7852,43.5917],[2.7888,43.5921],[2.7901,43.5935],[2.789,43.5951],[2.7906,43.595],[2.7887,43.5918]]],[[[2.7512,43.5779],[2.7531,43.5769],[2.7524,43.5793],[2.7542,43.5796],[2.7535,43.5809],[2.7555,43.5809],[2.7564,43.5767],[2.7635,43.5732],[2.7503,43.5719],[2.7496,43.5744],[2.7509,43.5759],[2.7478,43.578],[2.7494,43.5796],[2.7512,43.5779]]],[[[2.8116,43.6192],[2.8123,43.6207],[2.8151,43.6209],[2.8141,43.6203],[2.8171,43.6163],[2.816,43.6144],[2.8141,43.6173],[2.814,43.6125],[2.8104,43.6117],[2.8064,43.613],[2.8055,43.6147],[2.8104,43.6164],[2.8136,43.6198],[2.8116,43.6192]]],[[[2.7767,43.5742],[2.7715,43.5743],[2.7636,43.5793],[2.7623,43.5794],[2.7612,43.5771],[2.7595,43.5784],[2.7623,43.5804],[2.761,43.5811],[2.7631,43.581],[2.7693,43.5775],[2.774,43.5778],[2.7767,43.5742]]],[[[2.7844,43.5819],[2.7839,43.581],[2.7873,43.5782],[2.7777,43.5813],[2.776,43.5837],[2.779,43.5831],[2.7795,43.5847],[2.7774,43.5853],[2.7781,43.5864],[2.7804,43.5856],[2.7815,43.5869],[2.7828,43.5854],[2.7806,43.5833],[2.7844,43.5819]]],[[[2.8152,43.6384],[2.8151,43.6403],[2.8228,43.6387],[2.8162,43.6362],[2.8151,43.6342],[2.8152,43.6384]]],[[[2.754,43.5903],[2.7516,43.5925],[2.7488,43.5916],[2.7489,43.5937],[2.755,43.594],[2.7544,43.5916],[2.756,43.5908],[2.754,43.5903]]],[[[2.7543,43.5874],[2.7568,43.5885],[2.759,43.5866],[2.7581,43.5854],[2.7543,43.5874]]],[[[2.7636,43.6047],[2.7687,43.6029],[2.7625,43.6037],[2.7627,43.6024],[2.7622,43.6041],[2.7636,43.6047]]],[[[2.7631,43.5952],[2.7643,43.593],[2.761,43.5952],[2.7613,43.5964],[2.7631,43.5952]]],[[[2.8094,43.621],[2.8091,43.6187],[2.8063,43.6188],[2.8094,43.621]]]]}},{"type":"Feature","properties":{"id":"F15796N","nom":"Forêt communale de Prémian","dep":"34","dom":false,"essence":"mixte","substrat":"acide","elev":1002,"slopeDeg":6.2,"aspect":294},"geometry":{"type":"Polygon","coordinates":[[[2.8032,43.5584],[2.8075,43.5575],[2.8063,43.5593],[2.8011,43.5612],[2.8057,43.5607],[2.8038,43.5627],[2.8056,43.564],[2.8111,43.5618],[2.8079,43.5567],[2.7979,43.5546],[2.8001,43.5576],[2.804,43.5575],[2.8032,43.5584]]]}},{"type":"Feature","properties":{"id":"F15797O","nom":"Forêt communale de Clapiers","dep":"34","dom":false,"essence":"conifere","substrat":"acide","elev":78,"slopeDeg":0.9,"aspect":284},"geometry":{"type":"MultiPolygon","coordinates":[[[[3.8842,43.6691],[3.8832,43.6712],[3.8821,43.6705],[3.8839,43.6694],[3.8792,43.6648],[3.8804,43.6623],[3.8794,43.6633],[3.8774,43.6611],[3.8737,43.6612],[3.8756,43.6598],[3.8725,43.658],[3.8706,43.6591],[3.8702,43.6574],[3.8681,43.659],[3.8701,43.6585],[3.8712,43.6602],[3.8698,43.662],[3.8725,43.6626],[3.873,43.6655],[3.8776,43.6683],[3.8774,43.6704],[3.8791,43.6702],[3.8775,43.6703],[3.8781,43.6711],[3.8821,43.6727],[3.8827,43.6752],[3.8848,43.6711],[3.8836,43.6709],[3.8898,43.6675],[3.886,43.6685],[3.8883,43.667],[3.8869,43.6663],[3.8842,43.6691]]],[[[3.8886,43.6602],[3.8803,43.6591],[3.8806,43.6622],[3.8854,43.6644],[3.888,43.6628],[3.8866,43.6603],[3.89,43.6621],[3.8886,43.6602]]],[[[3.8969,43.665],[3.9031,43.6649],[3.9015,43.6635],[3.8988,43.6644],[3.8978,43.66],[3.8969,43.665]]],[[[3.8743,43.6579],[3.8781,43.6594],[3.8736,43.6551],[3.8716,43.6556],[3.8743,43.6579]]]]}},{"type":"Feature","properties":{"id":"F15798P","nom":"Forêt communale d'Azillanet","dep":"34","dom":false,"essence":"conifere","substrat":"neutre","elev":232,"slopeDeg":4.7,"aspect":157},"geometry":{"type":"Polygon","coordinates":[[[2.7658,43.3315],[2.7673,43.3307],[2.7683,43.3319],[2.7661,43.3327],[2.7681,43.3327],[2.7735,43.3287],[2.7689,43.3288],[2.7698,43.3298],[2.7664,43.3288],[2.7658,43.3315]]]}},{"type":"Feature","properties":{"id":"F15799Q","nom":"Forêt départementale du Salagou","dep":"34","dom":false,"essence":"autre","substrat":"acide","elev":142,"slopeDeg":6.7,"aspect":194},"geometry":{"type":"MultiPolygon","coordinates":[[[[3.3882,43.6617],[3.3874,43.6629],[3.3813,43.6626],[3.3793,43.6651],[3.3749,43.6645],[3.3718,43.6668],[3.3693,43.665],[3.3643,43.6677],[3.364,43.6693],[3.363,43.6684],[3.3596,43.6703],[3.3597,43.6724],[3.3565,43.6727],[3.3624,43.6733],[3.3687,43.6676],[3.3738,43.6683],[3.3776,43.6663],[3.3793,43.6679],[3.3816,43.6636],[3.3878,43.6637],[3.394,43.662],[3.3943,43.6609],[3.3882,43.6617]]],[[[3.3359,43.6544],[3.3379,43.6563],[3.347,43.6581],[3.3455,43.6572],[3.3452,43.6542],[3.3468,43.654],[3.3444,43.654],[3.3466,43.6527],[3.3436,43.6539],[3.3461,43.6519],[3.3443,43.6499],[3.3408,43.6499],[3.3359,43.6544]]],[[[3.3592,43.6511],[3.3566,43.6521],[3.3546,43.6557],[3.3571,43.6573],[3.3641,43.6564],[3.3639,43.6523],[3.3592,43.6511]]],[[[3.3687,43.6756],[3.3706,43.6802],[3.379,43.6754],[3.3773,43.673],[3.3687,43.6756]]]]}},{"type":"Feature","properties":{"id":"F15800R","nom":"Forêt domaniale de La Gardiole","dep":"34","dom":true,"essence":"autre","substrat":"calcaire","elev":222,"slopeDeg":2.7,"aspect":330},"geometry":{"type":"MultiPolygon","coordinates":[[[[3.7821,43.522],[3.781,43.5168],[3.7717,43.5147],[3.7799,43.5081],[3.7783,43.507],[3.7793,43.5061],[3.7584,43.4948],[3.7534,43.4933],[3.749,43.4972],[3.7439,43.5055],[3.7403,43.5079],[3.7523,43.5184],[3.7618,43.5232],[3.7648,43.5203],[3.7649,43.5176],[3.7695,43.5159],[3.7757,43.5201],[3.7772,43.5176],[3.7792,43.5185],[3.7821,43.522]]],[[[3.7246,43.4718],[3.728,43.4708],[3.7313,43.4722],[3.7385,43.4792],[3.7463,43.4841],[3.755,43.4798],[3.7521,43.4788],[3.7481,43.4796],[3.7479,43.4772],[3.7442,43.4765],[3.741,43.4725],[3.7412,43.475],[3.7384,43.476],[3.7391,43.4745],[3.7354,43.4722],[3.7359,43.47],[3.7335,43.4673],[3.7293,43.4679],[3.7285,43.4707],[3.7258,43.4699],[3.724,43.4651],[3.7159,43.4586],[3.7115,43.4509],[3.7092,43.4527],[3.7048,43.4492],[3.706,43.453],[3.7106,43.455],[3.7078,43.4568],[3.7042,43.4631],[3.7073,43.4665],[3.7114,43.4667],[3.7175,43.4732],[3.7246,43.4718]]]]}},{"type":"Feature","properties":{"id":"F15805W","nom":"Forêt communale de Fozières","dep":"34","dom":false,"essence":"conifere","substrat":"acide","elev":366,"slopeDeg":11,"aspect":288},"geometry":{"type":"MultiPolygon","coordinates":[[[[3.3793,43.7483],[3.3759,43.7474],[3.3738,43.7552],[3.3805,43.7491],[3.3793,43.7483]]],[[[3.3439,43.7502],[3.3485,43.7455],[3.3434,43.7462],[3.3409,43.7483],[3.3439,43.7502]]],[[[3.3488,43.7521],[3.351,43.7507],[3.3493,43.7491],[3.3458,43.7506],[3.3488,43.7521]]]]}},{"type":"Feature","properties":{"id":"F15806X","nom":"Forêt communale de Fos","dep":"34","dom":false,"essence":"feuillu","substrat":"acide","elev":385,"slopeDeg":5,"aspect":186},"geometry":{"type":"Polygon","coordinates":[[[3.2369,43.5785],[3.2328,43.573],[3.2271,43.5715],[3.2257,43.5794],[3.2271,43.5807],[3.2355,43.5851],[3.2369,43.5832],[3.2369,43.5785]]]}},{"type":"Feature","properties":{"id":"F15807Y","nom":"Forêt communale de Cabrières","dep":"34","dom":false,"essence":"feuillu","substrat":"calcaire","elev":302,"slopeDeg":3.2,"aspect":68},"geometry":{"type":"MultiPolygon","coordinates":[[[[3.3482,43.6014],[3.353,43.5994],[3.3493,43.6004],[3.3516,43.5982],[3.3465,43.5983],[3.3476,43.5962],[3.3407,43.5921],[3.3365,43.5955],[3.3355,43.5952],[3.3369,43.5939],[3.3328,43.5926],[3.329,43.5927],[3.329,43.5945],[3.3262,43.5953],[3.3257,43.5934],[3.3207,43.5933],[3.3178,43.5912],[3.316,43.5921],[3.3186,43.5949],[3.3249,43.5957],[3.3282,43.5992],[3.3316,43.6062],[3.334,43.607],[3.337,43.6077],[3.3389,43.6052],[3.3482,43.6014]]],[[[3.3207,43.5649],[3.316,43.5604],[3.3104,43.5599],[3.3103,43.5612],[3.3125,43.5611],[3.3118,43.5621],[3.3136,43.5641],[3.3141,43.5676],[3.3197,43.5684],[3.3232,43.5656],[3.3207,43.5649]]],[[[3.3456,43.5894],[3.3477,43.5889],[3.3473,43.588],[3.3449,43.5895],[3.346,43.5914],[3.3526,43.5933],[3.3521,43.5946],[3.3576,43.5943],[3.3564,43.5917],[3.3538,43.5927],[3.3487,43.59],[3.3465,43.5914],[3.3456,43.5894]]],[[[3.3372,43.5567],[3.3535,43.5542],[3.3504,43.5529],[3.3357,43.5568],[3.3372,43.5567]]]]}},{"type":"Feature","properties":{"id":"F15808Z","nom":"Forêt communale de Saint-Jean De Bueges","dep":"34","dom":false,"essence":"autre","substrat":"calcaire","elev":284,"slopeDeg":10.4,"aspect":72},"geometry":{"type":"Polygon","coordinates":[[[3.6271,43.8341],[3.6319,43.8355],[3.6373,43.8329],[3.6342,43.8319],[3.6271,43.8341]]]}},{"type":"Feature","properties":{"id":"F15809A","nom":"Forêt communale de Villetelle","dep":"34","dom":false,"essence":"conifere","substrat":"calcaire","elev":57,"slopeDeg":2.4,"aspect":89},"geometry":{"type":"Polygon","coordinates":[[[4.1304,43.7277],[4.13,43.7325],[4.1334,43.7342],[4.1347,43.7309],[4.1323,43.7265],[4.1306,43.7259],[4.1304,43.7277]]]}},{"type":"Feature","properties":{"id":"F15810B","nom":"Forêt communale de Laroque","dep":"34","dom":false,"essence":"feuillu","substrat":"calcaire","elev":357,"slopeDeg":8.8,"aspect":285},"geometry":{"type":"Polygon","coordinates":[[[3.7444,43.9257],[3.7513,43.9247],[3.7579,43.9257],[3.7588,43.9238],[3.7573,43.9205],[3.7523,43.9182],[3.7501,43.915],[3.7453,43.9119],[3.7385,43.912],[3.7389,43.9144],[3.7332,43.9172],[3.7352,43.9193],[3.7323,43.9203],[3.7375,43.9219],[3.7374,43.9231],[3.7399,43.9228],[3.7393,43.9251],[3.7444,43.9257]]]}},{"type":"Feature","properties":{"id":"F15811C","nom":"Forêt communale de Pézènes Les Mines","dep":"34","dom":false,"essence":"feuillu","substrat":"calcaire","elev":291,"slopeDeg":3.2,"aspect":262},"geometry":{"type":"Polygon","coordinates":[[[3.2302,43.5979],[3.2395,43.5996],[3.2489,43.5988],[3.2508,43.5968],[3.241,43.5976],[3.2284,43.5959],[3.2183,43.5976],[3.2212,43.6006],[3.2302,43.5979]]]}},{"type":"Feature","properties":{"id":"F29147A","nom":"Forêt communale de Le Soulié","dep":"34","dom":false,"essence":"autre","substrat":"acide","elev":868,"slopeDeg":1.5,"aspect":235},"geometry":{"type":"MultiPolygon","coordinates":[[[[2.7239,43.5569],[2.7218,43.5581],[2.7219,43.556],[2.7199,43.5567],[2.7188,43.5554],[2.7181,43.5565],[2.7205,43.5579],[2.7173,43.5588],[2.7174,43.5598],[2.7229,43.5589],[2.7239,43.5569]]],[[[2.7105,43.5321],[2.711,43.531],[2.7095,43.5299],[2.7071,43.5307],[2.7078,43.533],[2.7105,43.5321]]],[[[2.6947,43.56],[2.6985,43.5606],[2.6978,43.5576],[2.6947,43.56]]],[[[2.6661,43.5423],[2.6646,43.5443],[2.6667,43.5447],[2.6675,43.5428],[2.6661,43.5423]]]]}},{"type":"Feature","properties":{"id":"F29867S","nom":"Forêt communale de Quarante","dep":"34","dom":false,"essence":"conifere","substrat":"calcaire","elev":172,"slopeDeg":1.9,"aspect":290},"geometry":{"type":"MultiPolygon","coordinates":[[[[2.9837,43.3673],[2.9821,43.3672],[2.9833,43.3692],[2.9817,43.3692],[2.9816,43.368],[2.9759,43.3681],[2.974,43.3684],[2.9735,43.3702],[2.9779,43.3724],[2.981,43.371],[2.9813,43.3719],[2.9787,43.3722],[2.9791,43.3733],[2.9824,43.3712],[2.9859,43.3713],[2.9857,43.37],[2.9872,43.3696],[2.9837,43.3673]]],[[[2.965,43.3716],[2.959,43.3677],[2.9596,43.3701],[2.9619,43.3707],[2.9605,43.3719],[2.9623,43.3736],[2.9645,43.3742],[2.965,43.3716]]],[[[2.9677,43.3616],[2.971,43.3625],[2.9696,43.3621],[2.9736,43.359],[2.971,43.3573],[2.9673,43.3596],[2.9677,43.3616]]],[[[2.9727,43.3764],[2.9706,43.3751],[2.9656,43.3759],[2.9714,43.3765],[2.9676,43.3769],[2.9702,43.3785],[2.9735,43.3782],[2.9727,43.3764]]],[[[2.9693,43.3658],[2.9725,43.3663],[2.9732,43.3644],[2.9703,43.3658],[2.9692,43.3648],[2.9693,43.3658]]]]}},{"type":"Feature","properties":{"id":"F48836H","nom":"Forêt communale de Pignan","dep":"34","dom":false,"essence":"autre","substrat":"calcaire","elev":117,"slopeDeg":0.9,"aspect":131},"geometry":{"type":"MultiPolygon","coordinates":[[[[3.7039,43.5929],[3.7106,43.5947],[3.7084,43.593],[3.7122,43.5917],[3.7119,43.59],[3.7091,43.586],[3.7075,43.586],[3.708,43.5851],[3.7029,43.5883],[3.7025,43.5922],[3.7039,43.5929]]],[[[3.7404,43.5825],[3.745,43.582],[3.7462,43.5801],[3.7413,43.5776],[3.7376,43.5808],[3.7404,43.5825]]]]}},{"type":"Feature","properties":{"id":"F49246B","nom":"Forêt communale de Saturargues","dep":"34","dom":false,"essence":"autre","substrat":"calcaire","elev":48,"slopeDeg":1.6,"aspect":300},"geometry":{"type":"Polygon","coordinates":[[[4.1253,43.7243],[4.1275,43.7246],[4.1246,43.7163],[4.1165,43.7165],[4.1188,43.7229],[4.1183,43.721],[4.1214,43.7186],[4.1253,43.7243]]]}},{"type":"Feature","properties":{"id":"F49488J","nom":"Forêt domaniale du Pic Saint Loup","dep":"34","dom":true,"essence":"feuillu","substrat":"calcaire","elev":238,"slopeDeg":1.5,"aspect":120},"geometry":{"type":"Polygon","coordinates":[[[3.7743,43.7725],[3.7781,43.7712],[3.7803,43.7666],[3.761,43.7607],[3.7708,43.7511],[3.7705,43.7476],[3.769,43.7462],[3.7639,43.7457],[3.7606,43.748],[3.7616,43.7458],[3.7702,43.742],[3.7695,43.739],[3.7581,43.7395],[3.7546,43.737],[3.7509,43.739],[3.746,43.7385],[3.73,43.7332],[3.7287,43.7306],[3.7264,43.7298],[3.7222,43.7293],[3.7191,43.7305],[3.7157,43.7359],[3.7213,43.736],[3.7201,43.7398],[3.7157,43.7399],[3.715,43.743],[3.7196,43.7431],[3.7271,43.7465],[3.7254,43.7478],[3.73,43.7475],[3.7303,43.7491],[3.7333,43.7492],[3.7339,43.7517],[3.7309,43.752],[3.7473,43.7567],[3.7436,43.7587],[3.739,43.7571],[3.7323,43.7582],[3.7285,43.7618],[3.7272,43.7663],[3.7409,43.7669],[3.7552,43.7731],[3.7572,43.7749],[3.7558,43.7758],[3.7609,43.7771],[3.7726,43.7776],[3.7734,43.7743],[3.7721,43.7735],[3.7743,43.7725]]]}},{"type":"Feature","properties":{"id":"F49613E","nom":"Forêt communale de Valergues","dep":"34","dom":false,"essence":"conifere","substrat":"calcaire","elev":28,"slopeDeg":0.3,"aspect":197},"geometry":{"type":"MultiPolygon","coordinates":[[[[4.0574,43.6796],[4.0591,43.6793],[4.0534,43.6789],[4.0527,43.6799],[4.0544,43.6804],[4.0505,43.6828],[4.057,43.6824],[4.0588,43.6797],[4.0574,43.6796]]],[[[4.0478,43.6813],[4.0494,43.6816],[4.0483,43.6825],[4.0492,43.6829],[4.0508,43.6805],[4.049,43.6792],[4.0478,43.6813]]]]}},{"type":"Feature","properties":{"id":"F58343Y","nom":"Forêt Les Monts D'Agde - Site 34-297","dep":"34","dom":false,"essence":"conifere","substrat":"neutre","elev":46,"slopeDeg":1.1,"aspect":109},"geometry":{"type":"MultiPolygon","coordinates":[[[[3.5007,43.292],[3.5,43.2903],[3.4991,43.2919],[3.504,43.2932],[3.5063,43.2905],[3.5021,43.2889],[3.4985,43.2895],[3.498,43.2905],[3.5011,43.2891],[3.5034,43.2909],[3.5022,43.2929],[3.5007,43.292]]],[[[3.5031,43.2993],[3.5058,43.3028],[3.5073,43.3005],[3.5069,43.2981],[3.5031,43.2993]]]]}},{"type":"Feature","properties":{"id":"F58425C","nom":"Forêt Basse Plaine Del¿audesecteurplagedevendres-Site34-948","dep":"34","dom":false,"essence":"conifere","substrat":"neutre","elev":1,"slopeDeg":0.1,"aspect":266},"geometry":{"type":"Polygon","coordinates":[[[3.2398,43.2261],[3.2416,43.2278],[3.2429,43.2272],[3.2342,43.2207],[3.236,43.2249],[3.2398,43.2261]]]}},{"type":"Feature","properties":{"id":"F58514N","nom":"Forêt communale de Cébazan","dep":"34","dom":false,"essence":"conifere","substrat":"calcaire","elev":179,"slopeDeg":3.5,"aspect":215},"geometry":{"type":"MultiPolygon","coordinates":[[[[3.0051,43.4054],[3.0063,43.4044],[2.9921,43.4021],[2.992,43.4004],[2.9887,43.4007],[2.99,43.3994],[2.994,43.3997],[2.9899,43.3985],[2.9907,43.398],[2.9871,43.3996],[2.9875,43.4011],[2.9831,43.402],[2.9871,43.4046],[2.9833,43.4028],[2.9843,43.4041],[2.9885,43.4054],[3.0049,43.4074],[3.0098,43.4095],[3.009,43.4086],[3.015,43.4129],[3.0197,43.4101],[3.0152,43.4081],[3.0223,43.4086],[3.0203,43.4077],[3.0258,43.4068],[3.0062,43.4068],[2.9976,43.405],[3.0051,43.4054]]],[[[2.9743,43.4128],[2.9758,43.412],[2.9736,43.4107],[2.9747,43.4098],[2.9731,43.4097],[2.9739,43.4085],[2.9729,43.4083],[2.9638,43.408],[2.9611,43.4107],[2.9652,43.4116],[2.964,43.4105],[2.9649,43.4094],[2.9682,43.409],[2.9704,43.4112],[2.9691,43.4119],[2.9743,43.4128]]],[[[2.9915,43.4181],[2.9983,43.4175],[2.9963,43.4169],[2.9972,43.416],[2.9952,43.4161],[2.9949,43.4144],[2.9911,43.4139],[2.9875,43.415],[2.9949,43.4166],[2.9914,43.4163],[2.9933,43.4172],[2.9908,43.4178],[2.9816,43.416],[2.9823,43.417],[2.98,43.4178],[2.9915,43.4181]]],[[[2.9634,43.3998],[2.9706,43.3985],[2.9717,43.3956],[2.9696,43.3955],[2.9685,43.3937],[2.965,43.3937],[2.9644,43.3949],[2.9623,43.3934],[2.9604,43.3956],[2.9671,43.3946],[2.9697,43.3967],[2.9655,43.399],[2.9609,43.3983],[2.9634,43.3998]]],[[[2.993,43.4129],[2.9952,43.4128],[2.9954,43.4111],[2.9904,43.4111],[2.9904,43.4096],[2.9854,43.4116],[2.9855,43.4101],[2.9831,43.4098],[2.9852,43.4108],[2.9844,43.412],[2.993,43.4129]]],[[[2.9994,43.4148],[3.0031,43.416],[3.006,43.4154],[3.0048,43.4125],[3.0034,43.4126],[3.0046,43.4141],[3.0037,43.4156],[3.0027,43.4138],[2.9994,43.4148]]],[[[2.9806,43.4139],[2.9767,43.4153],[2.9815,43.4141],[2.9866,43.4161],[2.9846,43.4156],[2.9861,43.4145],[2.9806,43.4139]]]]}},{"type":"Feature","properties":{"id":"F65280T","nom":"Forêt communale de Lodève","dep":"34","dom":false,"essence":"conifere","substrat":"calcaire","elev":405,"slopeDeg":10.5,"aspect":74},"geometry":{"type":"Polygon","coordinates":[[[3.2846,43.7403],[3.282,43.7379],[3.2757,43.7417],[3.2642,43.7413],[3.266,43.744],[3.2734,43.7467],[3.2732,43.7457],[3.2797,43.7418],[3.2815,43.743],[3.2846,43.7403]]]}},{"type":"Feature","properties":{"id":"F15824P","nom":"Forêt communale de Pelouse","dep":"48","dom":false,"essence":"conifere","substrat":"acide","elev":1297,"slopeDeg":1.8,"aspect":171},"geometry":{"type":"MultiPolygon","coordinates":[[[[3.6006,44.6157],[3.5928,44.6167],[3.5903,44.6148],[3.5751,44.6111],[3.5651,44.6119],[3.5699,44.6208],[3.5785,44.6201],[3.5799,44.619],[3.5793,44.6178],[3.5829,44.6175],[3.5823,44.6191],[3.5835,44.6203],[3.5948,44.6232],[3.596,44.6224],[3.601,44.6255],[3.6103,44.6206],[3.6146,44.6112],[3.6118,44.6112],[3.6089,44.6145],[3.6072,44.613],[3.6006,44.6157]]],[[[3.5932,44.5834],[3.5936,44.5816],[3.5876,44.5858],[3.5853,44.5948],[3.5862,44.5864],[3.5851,44.5862],[3.5801,44.5948],[3.578,44.6019],[3.5784,44.6048],[3.584,44.6074],[3.5876,44.6129],[3.5889,44.613],[3.5958,44.6052],[3.5925,44.6059],[3.5857,44.6041],[3.5893,44.5884],[3.5932,44.5834]]],[[[3.6186,44.5953],[3.6082,44.6012],[3.6113,44.6033],[3.6093,44.6066],[3.6104,44.6092],[3.6143,44.6096],[3.6123,44.6028],[3.6187,44.5966],[3.6186,44.5953]]],[[[3.613,44.5583],[3.6203,44.556],[3.6201,44.552],[3.6173,44.5509],[3.6103,44.5519],[3.613,44.5583]]],[[[3.5863,44.5521],[3.5894,44.5515],[3.5864,44.5513],[3.5849,44.5469],[3.5839,44.551],[3.5863,44.5521]]]]}},{"type":"Feature","properties":{"id":"F99953I","nom":"Forêt sectionale du Villaret De Barjac","dep":"48","dom":false,"essence":"autre","substrat":"calcaire","elev":895,"slopeDeg":15.1,"aspect":315},"geometry":{"type":"Polygon","coordinates":[[[3.3962,44.4868],[3.3968,44.4878],[3.3992,44.4866],[3.3955,44.4851],[3.3962,44.4868]]]}},{"type":"Feature","properties":{"id":"F16164R","nom":"Forêt sectionale de Valadou","dep":"48","dom":false,"essence":"autre","substrat":"calcaire","elev":785,"slopeDeg":7.4,"aspect":269},"geometry":{"type":"Polygon","coordinates":[[[3.3032,44.5645],[3.3,44.5667],[3.3031,44.5698],[3.3057,44.5655],[3.3074,44.5653],[3.3032,44.5645]]]}},{"type":"Feature","properties":{"id":"F16169W","nom":"Forêt sectionale de Fontjulien","dep":"48","dom":false,"essence":"mixte","substrat":"calcaire","elev":836,"slopeDeg":3.2,"aspect":298},"geometry":{"type":"Polygon","coordinates":[[[3.26,44.4093],[3.2667,44.4112],[3.2721,44.4105],[3.2704,44.4088],[3.2612,44.4063],[3.26,44.4093]]]}},{"type":"Feature","properties":{"id":"F16199A","nom":"Forêt sectionale du Haut-Village D'Allenc","dep":"48","dom":false,"essence":"autre","substrat":"acide","elev":1475,"slopeDeg":2.7,"aspect":161},"geometry":{"type":"Polygon","coordinates":[[[3.7986,44.5878],[3.788,44.5848],[3.7863,44.5857],[3.7893,44.5882],[3.7943,44.5891],[3.7968,44.5879],[3.8005,44.5907],[3.8044,44.5902],[3.8044,44.5931],[3.8105,44.5942],[3.8101,44.5913],[3.7986,44.5878]]]}},{"type":"Feature","properties":{"id":"F27624L","nom":"Forêt sectionale de Florac D'Auroux","dep":"48","dom":false,"essence":"conifere","substrat":"acide","elev":1077,"slopeDeg":0.6,"aspect":190},"geometry":{"type":"Polygon","coordinates":[[[3.7436,44.7414],[3.7459,44.7416],[3.7449,44.7383],[3.7418,44.7389],[3.7424,44.7418],[3.7436,44.7414]]]}},{"type":"Feature","properties":{"id":"F27625M","nom":"Forêt communale de Villefort","dep":"48","dom":false,"essence":"conifere","substrat":"acide","elev":765,"slopeDeg":9.5,"aspect":40},"geometry":{"type":"Polygon","coordinates":[[[3.9291,44.4287],[3.9233,44.4256],[3.9238,44.4329],[3.9268,44.436],[3.9277,44.4351],[3.9308,44.4363],[3.9314,44.4349],[3.9287,44.4335],[3.9304,44.4329],[3.9291,44.4287]]]}},{"type":"Feature","properties":{"id":"F27626N","nom":"Forêt sectionale d'Auroux","dep":"48","dom":false,"essence":"mixte","substrat":"acide","elev":990,"slopeDeg":9.2,"aspect":51},"geometry":{"type":"Polygon","coordinates":[[[3.7176,44.7536],[3.7204,44.7545],[3.7187,44.7526],[3.7163,44.7538],[3.7178,44.7554],[3.7176,44.7536]]]}},{"type":"Feature","properties":{"id":"F27691A","nom":"Forêt du Bramadou","dep":"48","dom":false,"essence":"conifere","substrat":"acide","elev":958,"slopeDeg":1,"aspect":193},"geometry":{"type":"Polygon","coordinates":[[[3.6698,44.2541],[3.6693,44.252],[3.6676,44.2523],[3.6679,44.2547],[3.6664,44.2529],[3.6649,44.2536],[3.6671,44.2568],[3.6698,44.2541]]]}},{"type":"Feature","properties":{"id":"F28687I","nom":"Forêt sectionale de Plagnes","dep":"48","dom":false,"essence":"autre","substrat":"acide","elev":1122,"slopeDeg":2.3,"aspect":47},"geometry":{"type":"Polygon","coordinates":[[[3.204,44.8477],[3.2073,44.849],[3.2084,44.8475],[3.2066,44.8466],[3.204,44.8477]]]}},{"type":"Feature","properties":{"id":"F28839E","nom":"Forêt communale des Rousses","dep":"48","dom":false,"essence":"mixte","substrat":"acide","elev":1200,"slopeDeg":9.8,"aspect":19},"geometry":{"type":"Polygon","coordinates":[[[3.5572,44.1861],[3.5583,44.1853],[3.5522,44.1825],[3.5508,44.1847],[3.552,44.188],[3.5506,44.1894],[3.5572,44.1861]]]}},{"type":"Feature","properties":{"id":"F16170X","nom":"Forêt sectionale de Sauvages","dep":"48","dom":false,"essence":"mixte","substrat":"acide","elev":1261,"slopeDeg":8.4,"aspect":241},"geometry":{"type":"Polygon","coordinates":[[[3.7203,44.5172],[3.7246,44.5177],[3.7269,44.5198],[3.7308,44.5196],[3.7275,44.5155],[3.727,44.5128],[3.7164,44.5157],[3.7203,44.5172]]]}},{"type":"Feature","properties":{"id":"F16171Y","nom":"Forêt sectionale de la Borie","dep":"48","dom":false,"essence":"autre","substrat":"calcaire","elev":1161,"slopeDeg":5.1,"aspect":359},"geometry":{"type":"Polygon","coordinates":[[[3.5723,44.4345],[3.5704,44.4365],[3.5749,44.4333],[3.5734,44.4326],[3.5723,44.4345]]]}},{"type":"Feature","properties":{"id":"F16172Z","nom":"Forêt sectionale des Couffours-Hauts","dep":"48","dom":false,"essence":"feuillu","substrat":"acide","elev":1286,"slopeDeg":6.9,"aspect":286},"geometry":{"type":"MultiPolygon","coordinates":[[[[3.4002,44.8946],[3.4016,44.8947],[3.3957,44.8936],[3.3899,44.8905],[3.3858,44.8921],[3.3806,44.8905],[3.3837,44.892],[3.3816,44.8956],[3.3832,44.8984],[3.3861,44.895],[3.3901,44.8951],[3.3879,44.8986],[3.39,44.8978],[3.39,44.8962],[3.4002,44.8946]]],[[[3.3837,44.8889],[3.3845,44.89],[3.3881,44.8896],[3.3845,44.8866],[3.3832,44.8871],[3.3837,44.8889]]]]}},{"type":"Feature","properties":{"id":"F16129I","nom":"Forêt sectionale de Salecrux","dep":"48","dom":false,"essence":"mixte","substrat":"acide","elev":1131,"slopeDeg":3,"aspect":338},"geometry":{"type":"MultiPolygon","coordinates":[[[[3.0838,44.7783],[3.0824,44.7781],[3.0815,44.7824],[3.0837,44.782],[3.0837,44.7851],[3.0861,44.7849],[3.085,44.7806],[3.086,44.7787],[3.0838,44.7783]]],[[[3.0863,44.7752],[3.0852,44.7733],[3.0832,44.7736],[3.0827,44.7764],[3.0862,44.7772],[3.0863,44.7752]]]]}},{"type":"Feature","properties":{"id":"F16130J","nom":"Forêt communale de Chadenet","dep":"48","dom":false,"essence":"conifere","substrat":"acide","elev":897,"slopeDeg":0.5,"aspect":67},"geometry":{"type":"MultiPolygon","coordinates":[[[[3.6236,44.5312],[3.6258,44.5321],[3.624,44.526],[3.6258,44.5213],[3.6217,44.5232],[3.6204,44.5254],[3.6203,44.5279],[3.6205,44.527],[3.6236,44.5312]]],[[[3.6495,44.5087],[3.6528,44.5067],[3.6551,44.5021],[3.6436,44.5054],[3.6444,44.5076],[3.6462,44.5074],[3.6447,44.5083],[3.6456,44.5091],[3.6471,44.5055],[3.6501,44.5041],[3.6486,44.5101],[3.6495,44.5087]]],[[[3.66,44.5317],[3.6586,44.5329],[3.6656,44.5345],[3.6646,44.5255],[3.6637,44.5294],[3.66,44.5317]]],[[[3.6283,44.5152],[3.6325,44.5161],[3.635,44.5143],[3.634,44.5137],[3.6348,44.5125],[3.6315,44.5139],[3.6314,44.5114],[3.6283,44.5152]]],[[[3.6526,44.4965],[3.6608,44.4931],[3.6547,44.4936],[3.654,44.4926],[3.6526,44.4965]]],[[[3.6475,44.526],[3.649,44.5221],[3.647,44.5212],[3.6463,44.5248],[3.6445,44.5249],[3.6462,44.5265],[3.6475,44.526]]],[[[3.634,44.5212],[3.6286,44.5207],[3.6326,44.5228],[3.6348,44.522],[3.634,44.5212]]],[[[3.6572,44.4994],[3.6612,44.4976],[3.6605,44.4964],[3.6558,44.4975],[3.6572,44.4994]]],[[[3.6361,44.507],[3.6346,44.5055],[3.6326,44.5068],[3.6335,44.5081],[3.6339,44.5067],[3.6361,44.507]]],[[[3.6415,44.5293],[3.6453,44.5302],[3.6424,44.5278],[3.6415,44.5293]]]]}},{"type":"Feature","properties":{"id":"F16007Q","nom":"Forêt communale du Malzieu-Ville","dep":"48","dom":false,"essence":"conifere","substrat":"acide","elev":932,"slopeDeg":7.7,"aspect":50},"geometry":{"type":"Polygon","coordinates":[[[3.3328,44.8465],[3.3258,44.8509],[3.3258,44.8539],[3.3278,44.8524],[3.327,44.851],[3.33,44.85],[3.3308,44.8514],[3.3369,44.8465],[3.3383,44.8432],[3.3328,44.8465]]]}},{"type":"Feature","properties":{"id":"F16015Y","nom":"Forêt sectionale de Vitrolles De Lanuéjols","dep":"48","dom":false,"essence":"autre","substrat":"acide","elev":1099,"slopeDeg":12,"aspect":250},"geometry":{"type":"Polygon","coordinates":[[[3.611,44.4985],[3.6114,44.5001],[3.6182,44.4981],[3.611,44.4985]]]}},{"type":"Feature","properties":{"id":"F16020D","nom":"Forêt sectionale de Saint-Julien-Du-Tournel","dep":"48","dom":false,"essence":"conifere","substrat":"acide","elev":1100,"slopeDeg":13.2,"aspect":207},"geometry":{"type":"Polygon","coordinates":[[[3.6775,44.5052],[3.6745,44.5052],[3.6814,44.5095],[3.6872,44.5093],[3.6848,44.5053],[3.6844,44.5068],[3.6814,44.506],[3.68,44.5038],[3.6775,44.5052]]]}},{"type":"Feature","properties":{"id":"F16026J","nom":"Forêt sectionale de Noalhac","dep":"48","dom":false,"essence":"mixte","substrat":"acide","elev":1109,"slopeDeg":3.3,"aspect":48},"geometry":{"type":"Polygon","coordinates":[[[3.1012,44.8088],[3.1021,44.8056],[3.0997,44.8051],[3.0974,44.8072],[3.0977,44.809],[3.1012,44.8088]]]}},{"type":"Feature","properties":{"id":"F16027K","nom":"Forêt sectionale d'Espradels","dep":"48","dom":false,"essence":"mixte","substrat":"acide","elev":1259,"slopeDeg":2.3,"aspect":89},"geometry":{"type":"MultiPolygon","coordinates":[[[[3.8455,44.6462],[3.8441,44.6429],[3.8498,44.6387],[3.8653,44.6424],[3.8688,44.6392],[3.8685,44.6355],[3.8741,44.6314],[3.8692,44.6301],[3.8675,44.6314],[3.8594,44.6303],[3.8562,44.6343],[3.8563,44.6363],[3.8552,44.6343],[3.8513,44.634],[3.8546,44.6353],[3.8531,44.6381],[3.8491,44.6359],[3.8473,44.6369],[3.8414,44.6326],[3.8381,44.6265],[3.8289,44.6344],[3.8279,44.6384],[3.8307,44.6396],[3.8328,44.6388],[3.8315,44.6407],[3.8323,44.6419],[3.8371,44.6394],[3.8421,44.6408],[3.838,44.645],[3.8392,44.6478],[3.8439,44.6476],[3.8455,44.6462]]],[[[3.8546,44.6501],[3.8566,44.6497],[3.8547,44.6468],[3.8502,44.6469],[3.8455,44.6501],[3.8446,44.6512],[3.8458,44.6518],[3.8436,44.6541],[3.8453,44.6547],[3.8464,44.6579],[3.8546,44.6501]]]]}},{"type":"Feature","properties":{"id":"F28866F","nom":"Forêt communale de Naussac-Fontanes-Fontanes","dep":"48","dom":false,"essence":"conifere","substrat":"acide","elev":812,"slopeDeg":4.2,"aspect":55},"geometry":{"type":"Polygon","coordinates":[[[3.7738,44.7951],[3.7689,44.7965],[3.771,44.7975],[3.7748,44.7965],[3.778,44.7988],[3.7795,44.7973],[3.7738,44.7951]]]}},{"type":"Feature","properties":{"id":"F29884J","nom":"Forêt du Groupement Forestier Des Baumes","dep":"48","dom":false,"essence":"conifere","substrat":"acide","elev":948,"slopeDeg":12.8,"aspect":57},"geometry":{"type":"Polygon","coordinates":[[[3.9514,44.5336],[3.9516,44.5355],[3.9496,44.5377],[3.951,44.5411],[3.9546,44.5413],[3.9586,44.5391],[3.9548,44.5343],[3.9591,44.5391],[3.9605,44.5387],[3.9599,44.5365],[3.9627,44.5373],[3.9621,44.5343],[3.96,44.5323],[3.9639,44.5348],[3.9673,44.533],[3.9689,44.5303],[3.9684,44.5288],[3.9667,44.5289],[3.9675,44.5273],[3.9618,44.5267],[3.965,44.5236],[3.9686,44.5256],[3.9704,44.5249],[3.964,44.523],[3.9673,44.5195],[3.9645,44.521],[3.9559,44.5194],[3.9539,44.5279],[3.9522,44.5275],[3.9515,44.5332],[3.9571,44.5324],[3.9514,44.5336]]]}},{"type":"Feature","properties":{"id":"F29911K","nom":"Forêt sectionale de Feybesse Haute Et Feybesse Basse","dep":"48","dom":false,"essence":"conifere","substrat":"acide","elev":1115,"slopeDeg":2.6,"aspect":60},"geometry":{"type":"Polygon","coordinates":[[[3.3089,44.6283],[3.3109,44.6277],[3.3116,44.6259],[3.3079,44.6261],[3.3089,44.6283]]]}},{"type":"Feature","properties":{"id":"F29912L","nom":"Forêt sectionale de Cayres Feybesse Haute Et Feybesse Basse","dep":"48","dom":false,"essence":"autre","substrat":"acide","elev":1052,"slopeDeg":0.4,"aspect":30},"geometry":{"type":"Polygon","coordinates":[[[3.3296,44.6256],[3.332,44.6242],[3.3299,44.6227],[3.3296,44.6256]]]}},{"type":"Feature","properties":{"id":"F31137O","nom":"Forêt sectionale de Ressenades","dep":"48","dom":false,"essence":"autre","substrat":"acide","elev":1360,"slopeDeg":1.1,"aspect":54},"geometry":{"type":"Polygon","coordinates":[[[3.1591,44.5604],[3.1604,44.5554],[3.1564,44.5575],[3.1591,44.5604]]]}},{"type":"Feature","properties":{"id":"F31277Y","nom":"Forêt sectionale de la Borie","dep":"48","dom":false,"essence":"autre","substrat":"calcaire","elev":1043,"slopeDeg":3.7,"aspect":280},"geometry":{"type":"Polygon","coordinates":[[[3.3663,44.2498],[3.3675,44.2521],[3.3721,44.253],[3.3718,44.2485],[3.3659,44.2484],[3.3663,44.2498]]]}},{"type":"Feature","properties":{"id":"F49675O","nom":"Forêt sectionale de Saint-Laurent-De-Muret","dep":"48","dom":false,"essence":"mixte","substrat":"acide","elev":1233,"slopeDeg":4.4,"aspect":44},"geometry":{"type":"Polygon","coordinates":[[[3.1976,44.5956],[3.1969,44.5977],[3.2017,44.5982],[3.2063,44.5943],[3.1979,44.5944],[3.1976,44.5956]]]}},{"type":"Feature","properties":{"id":"F58320B","nom":"Forêt communale d'Allenc","dep":"48","dom":false,"essence":"autre","substrat":"calcaire","elev":1273,"slopeDeg":7,"aspect":359},"geometry":{"type":"Polygon","coordinates":[[[3.6973,44.5197],[3.6974,44.5179],[3.6946,44.518],[3.6936,44.5212],[3.6973,44.5197]]]}},{"type":"Feature","properties":{"id":"F16028L","nom":"Forêt sectionale de Belvezet Et La-Vialle Et La-Vialette","dep":"48","dom":false,"essence":"conifere","substrat":"calcaire","elev":1202,"slopeDeg":2.5,"aspect":254},"geometry":{"type":"Polygon","coordinates":[[[3.7587,44.5625],[3.7566,44.5671],[3.7592,44.5656],[3.7597,44.5625],[3.7587,44.5625]]]}},{"type":"Feature","properties":{"id":"F16029M","nom":"Forêt sectionale de Berc","dep":"48","dom":false,"essence":"autre","substrat":"acide","elev":1136,"slopeDeg":1.2,"aspect":61},"geometry":{"type":"Polygon","coordinates":[[[3.2085,44.8421],[3.2089,44.8411],[3.2062,44.8402],[3.2052,44.8417],[3.2085,44.8421]]]}},{"type":"Feature","properties":{"id":"F16030N","nom":"Forêt sectionale de Montmirat","dep":"48","dom":false,"essence":"conifere","substrat":"calcaire","elev":991,"slopeDeg":4.9,"aspect":109},"geometry":{"type":"MultiPolygon","coordinates":[[[[3.5347,44.408],[3.5386,44.4109],[3.5372,44.4136],[3.542,44.407],[3.5327,44.4053],[3.5347,44.408]]],[[[3.5438,44.4263],[3.5417,44.4248],[3.5382,44.4262],[3.5431,44.4286],[3.5454,44.4271],[3.5438,44.4263]]]]}},{"type":"Feature","properties":{"id":"F16036T","nom":"Forêt sectionale de Dièges","dep":"48","dom":false,"essence":"autre","substrat":"acide","elev":1326,"slopeDeg":4.7,"aspect":352},"geometry":{"type":"Polygon","coordinates":[[[3.3869,44.9222],[3.382,44.9272],[3.3812,44.9301],[3.3843,44.9267],[3.39,44.925],[3.3869,44.9222]]]}},{"type":"Feature","properties":{"id":"F16037U","nom":"Forêt sectionale de Malmont","dep":"48","dom":false,"essence":"conifere","substrat":"calcaire","elev":1324,"slopeDeg":5,"aspect":315},"geometry":{"type":"MultiPolygon","coordinates":[[[[3.6805,44.5179],[3.6809,44.5197],[3.6847,44.5216],[3.6875,44.5142],[3.6784,44.5116],[3.6805,44.5179]]],[[[3.6979,44.5174],[3.7007,44.5147],[3.6992,44.5124],[3.6962,44.518],[3.6979,44.5174]]]]}},{"type":"Feature","properties":{"id":"F16038V","nom":"Forêt domaniale de Mende","dep":"48","dom":true,"essence":"conifere","substrat":"calcaire","elev":845,"slopeDeg":13.1,"aspect":258},"geometry":{"type":"MultiPolygon","coordinates":[[[[3.4713,44.4733],[3.4699,44.4742],[3.4703,44.4773],[3.4672,44.4776],[3.4636,44.4815],[3.4653,44.4838],[3.463,44.4849],[3.4671,44.4901],[3.4648,44.492],[3.466,44.4937],[3.4643,44.5029],[3.4627,44.5057],[3.461,44.506],[3.4676,44.51],[3.4693,44.5106],[3.4699,44.5095],[3.483,44.5139],[3.4861,44.5124],[3.4898,44.5128],[3.4898,44.5113],[3.4873,44.5099],[3.4944,44.5106],[3.5033,44.5055],[3.5067,44.5063],[3.5099,44.4993],[3.5088,44.4978],[3.5102,44.4948],[3.5057,44.4946],[3.506,44.4932],[3.5155,44.4913],[3.5198,44.495],[3.5223,44.4935],[3.5237,44.4956],[3.5285,44.4962],[3.5304,44.496],[3.5281,44.4944],[3.5294,44.4925],[3.5369,44.4931],[3.5368,44.4962],[3.5402,44.4966],[3.5422,44.4999],[3.5383,44.5023],[3.539,44.5052],[3.5348,44.5095],[3.538,44.5086],[3.5394,44.5097],[3.5393,44.5078],[3.5454,44.5057],[3.5487,44.5016],[3.5526,44.5038],[3.5515,44.5012],[3.554,44.4984],[3.5523,44.4963],[3.5477,44.4959],[3.5451,44.5005],[3.5425,44.4951],[3.5389,44.4944],[3.5404,44.493],[3.5389,44.4905],[3.5288,44.4905],[3.5267,44.4928],[3.5211,44.4918],[3.518,44.4894],[3.5185,44.4871],[3.5164,44.4863],[3.5163,44.4845],[3.5155,44.4886],[3.514,44.4879],[3.5131,44.489],[3.5036,44.485],[3.4989,44.4848],[3.4984,44.4824],[3.4919,44.48],[3.4877,44.4804],[3.4851,44.4827],[3.4865,44.4846],[3.4761,44.4824],[3.4713,44.4831],[3.4704,44.4812],[3.4739,44.4768],[3.4713,44.4733]]],[[[3.4736,44.4681],[3.4744,44.4667],[3.4767,44.4676],[3.4748,44.469],[3.4756,44.471],[3.4913,44.4744],[3.4897,44.4729],[3.4957,44.472],[3.5031,44.4669],[3.5104,44.4652],[3.5157,44.4596],[3.5176,44.4613],[3.5212,44.4584],[3.5197,44.4573],[3.5212,44.4558],[3.5211,44.4529],[3.5241,44.454],[3.5301,44.4507],[3.5337,44.4506],[3.5336,44.4495],[3.5508,44.4471],[3.5531,44.4451],[3.554,44.4413],[3.555,44.4415],[3.5554,44.4365],[3.5502,44.4313],[3.5497,44.4259],[3.5465,44.4263],[3.54,44.4196],[3.5365,44.4181],[3.5355,44.4186],[3.539,44.4202],[3.5408,44.4239],[3.5453,44.427],[3.5431,44.4286],[3.5475,44.4285],[3.5498,44.432],[3.5509,44.435],[3.5504,44.4439],[3.5409,44.4452],[3.5387,44.4427],[3.5408,44.436],[3.5264,44.4368],[3.5243,44.4399],[3.5183,44.4361],[3.5173,44.4377],[3.5143,44.4374],[3.5134,44.4367],[3.5157,44.4361],[3.5136,44.4353],[3.5115,44.4385],[3.5119,44.4408],[3.5152,44.4442],[3.5133,44.4511],[3.5087,44.4519],[3.5056,44.45],[3.5054,44.4475],[3.5002,44.4476],[3.4988,44.4502],[3.5006,44.451],[3.4975,44.4505],[3.4964,44.4519],[3.4963,44.4613],[3.4979,44.4624],[3.4938,44.4596],[3.4876,44.4633],[3.4866,44.4656],[3.4855,44.4615],[3.4796,44.4615],[3.4786,44.4598],[3.4771,44.4601],[3.4783,44.4587],[3.4677,44.4609],[3.468,44.4595],[3.4725,44.4589],[3.4742,44.457],[3.4715,44.4556],[3.4722,44.4542],[3.4682,44.4566],[3.4659,44.4556],[3.468,44.4575],[3.4606,44.4636],[3.4574,44.4704],[3.4499,44.4771],[3.4476,44.4732],[3.4437,44.4735],[3.4392,44.4718],[3.4346,44.4746],[3.4328,44.4739],[3.4314,44.4779],[3.4406,44.476],[3.4447,44.4768],[3.447,44.4791],[3.4474,44.4777],[3.4506,44.4773],[3.4552,44.4796],[3.4593,44.4791],[3.4589,44.4781],[3.4622,44.4753],[3.4671,44.4752],[3.4701,44.4689],[3.4736,44.4681]]],[[[3.5992,44.5021],[3.5876,44.5012],[3.5851,44.5026],[3.585,44.5041],[3.583,44.5018],[3.5801,44.501],[3.5758,44.5025],[3.5739,44.5049],[3.5698,44.5033],[3.5648,44.5039],[3.5652,44.5061],[3.5688,44.5085],[3.5624,44.5112],[3.5636,44.5063],[3.5616,44.5045],[3.5573,44.5054],[3.5583,44.5035],[3.557,44.501],[3.5556,44.5059],[3.56,44.5076],[3.5596,44.5101],[3.5535,44.5154],[3.5465,44.5131],[3.5321,44.5165],[3.5203,44.5154],[3.5156,44.5138],[3.5155,44.512],[3.5097,44.5125],[3.5159,44.5181],[3.5195,44.5185],[3.5189,44.5202],[3.5228,44.5202],[3.5244,44.5215],[3.5255,44.5185],[3.532,44.5188],[3.5352,44.521],[3.5351,44.524],[3.5415,44.5207],[3.5433,44.5226],[3.5469,44.5221],[3.5502,44.5255],[3.5553,44.5245],[3.5602,44.527],[3.5621,44.5248],[3.5624,44.5265],[3.5652,44.5259],[3.5655,44.5245],[3.5705,44.5237],[3.5746,44.5211],[3.576,44.5225],[3.578,44.521],[3.5808,44.5216],[3.5817,44.5172],[3.5754,44.5182],[3.5664,44.5224],[3.5659,44.5194],[3.5555,44.5169],[3.5555,44.5145],[3.5589,44.5128],[3.566,44.5131],[3.5673,44.511],[3.5749,44.5084],[3.5787,44.5096],[3.5783,44.5053],[3.5889,44.5108],[3.5869,44.5073],[3.5928,44.5047],[3.5927,44.5035],[3.6065,44.5065],[3.6079,44.5059],[3.6064,44.5041],[3.6189,44.502],[3.6181,44.5009],[3.5992,44.5021]]],[[[3.4415,44.4845],[3.4377,44.4812],[3.4394,44.4794],[3.4279,44.4809],[3.4251,44.4853],[3.4215,44.4869],[3.4211,44.4892],[3.4187,44.4891],[3.4196,44.4915],[3.4123,44.4944],[3.4145,44.4966],[3.4138,44.4985],[3.4192,44.4996],[3.4231,44.4968],[3.4247,44.4932],[3.4234,44.493],[3.4271,44.4902],[3.4262,44.4884],[3.4314,44.4837],[3.4359,44.4863],[3.4376,44.4851],[3.4437,44.489],[3.4533,44.4864],[3.4528,44.4892],[3.4544,44.4903],[3.4527,44.4917],[3.4532,44.4947],[3.4577,44.4952],[3.457,44.4929],[3.459,44.4876],[3.4573,44.4832],[3.4509,44.4821],[3.4487,44.4839],[3.4446,44.4843],[3.4478,44.4857],[3.4453,44.4867],[3.4415,44.4845]]],[[[3.3777,44.4822],[3.37,44.4773],[3.3722,44.4757],[3.3708,44.4741],[3.3729,44.4717],[3.3645,44.4733],[3.3584,44.4676],[3.3602,44.4642],[3.358,44.4622],[3.3646,44.4615],[3.3637,44.4579],[3.3619,44.4574],[3.3649,44.4543],[3.3587,44.456],[3.3562,44.4529],[3.3538,44.4557],[3.347,44.4552],[3.348,44.4577],[3.3435,44.4592],[3.3347,44.453],[3.334,44.4556],[3.3429,44.4612],[3.3512,44.4589],[3.3515,44.4575],[3.3529,44.4583],[3.3523,44.4591],[3.3562,44.4566],[3.3567,44.4577],[3.3603,44.4576],[3.3614,44.4599],[3.3556,44.4602],[3.3555,44.4627],[3.3583,44.4644],[3.3554,44.4675],[3.3614,44.4751],[3.3644,44.4761],[3.3673,44.4748],[3.365,44.4776],[3.3655,44.4791],[3.3764,44.4855],[3.3859,44.4856],[3.389,44.4835],[3.3858,44.4796],[3.3842,44.4804],[3.3837,44.4833],[3.3777,44.4822]]],[[[3.4643,44.5151],[3.4643,44.512],[3.4565,44.5072],[3.4626,44.5023],[3.4627,44.4956],[3.4581,44.4961],[3.457,44.5012],[3.4533,44.5018],[3.4556,44.5026],[3.4514,44.5094],[3.4537,44.5121],[3.4574,44.5113],[3.457,44.5128],[3.4589,44.5125],[3.4595,44.5139],[3.4552,44.5227],[3.4492,44.5201],[3.4362,44.5178],[3.432,44.514],[3.4294,44.5145],[3.4331,44.5181],[3.4317,44.5187],[3.4335,44.5203],[3.4369,44.5193],[3.4478,44.5214],[3.4537,44.5244],[3.4516,44.5244],[3.4518,44.5253],[3.4546,44.5253],[3.4563,44.5272],[3.459,44.5238],[3.4636,44.5226],[3.4641,44.5182],[3.4626,44.518],[3.4643,44.5151]]],[[[3.5222,44.4745],[3.5283,44.4761],[3.5356,44.4746],[3.5345,44.4728],[3.5365,44.4728],[3.5361,44.4704],[3.54,44.4702],[3.5375,44.468],[3.5403,44.4636],[3.538,44.4579],[3.5354,44.4604],[3.5307,44.4603],[3.5249,44.466],[3.5188,44.467],[3.5217,44.4675],[3.5197,44.4716],[3.5174,44.472],[3.5175,44.4704],[3.516,44.4701],[3.5153,44.4736],[3.5186,44.4754],[3.5222,44.4745]]],[[[3.4068,44.4984],[3.408,44.4976],[3.4085,44.4994],[3.4079,44.496],[3.4096,44.4929],[3.4159,44.4909],[3.4178,44.4818],[3.4211,44.4804],[3.4201,44.4772],[3.4188,44.4773],[3.419,44.4749],[3.421,44.4747],[3.4217,44.4723],[3.4263,44.4751],[3.4278,44.472],[3.4194,44.4709],[3.4155,44.4729],[3.4167,44.4735],[3.4153,44.4768],[3.4162,44.4794],[3.413,44.4821],[3.4121,44.4855],[3.4032,44.492],[3.4043,44.494],[3.4024,44.499],[3.4068,44.4984]]],[[[3.6646,44.5255],[3.6599,44.5209],[3.6604,44.5233],[3.6552,44.5225],[3.6542,44.5195],[3.6509,44.52],[3.6474,44.5244],[3.6494,44.5305],[3.6586,44.5329],[3.6637,44.5294],[3.6646,44.5255]]],[[[3.6203,44.556],[3.6199,44.5573],[3.6189,44.5565],[3.613,44.5583],[3.6144,44.5598],[3.6135,44.5614],[3.6145,44.5633],[3.6126,44.5638],[3.6172,44.5668],[3.6204,44.5633],[3.6189,44.5616],[3.6206,44.5576],[3.6232,44.5565],[3.6234,44.5518],[3.6181,44.5469],[3.6152,44.547],[3.6158,44.5493],[3.6132,44.5503],[3.6115,44.5494],[3.6122,44.5477],[3.608,44.5476],[3.6125,44.5451],[3.6123,44.5426],[3.6042,44.5481],[3.6054,44.5523],[3.6196,44.5517],[3.6203,44.556]]],[[[3.4874,44.5414],[3.4918,44.5402],[3.4909,44.5386],[3.4945,44.538],[3.4987,44.5398],[3.4998,44.5465],[3.5012,44.5472],[3.5028,44.5458],[3.5041,44.5479],[3.5057,44.5477],[3.5022,44.5374],[3.4866,44.5285],[3.4852,44.5294],[3.4853,44.5344],[3.4875,44.5353],[3.4874,44.5414]]],[[[3.342,44.4845],[3.3396,44.4844],[3.339,44.4872],[3.3413,44.4893],[3.3378,44.488],[3.3364,44.4831],[3.3338,44.4841],[3.337,44.4875],[3.3324,44.4901],[3.3325,44.4924],[3.3357,44.4907],[3.3343,44.4942],[3.3402,44.4934],[3.3409,44.498],[3.3438,44.4988],[3.3497,44.4954],[3.3437,44.484],[3.342,44.4845]]],[[[3.5138,44.5385],[3.5144,44.5395],[3.5163,44.5387],[3.5173,44.5313],[3.5185,44.5359],[3.5226,44.5371],[3.5245,44.5347],[3.5242,44.5299],[3.5224,44.5283],[3.5179,44.5301],[3.5213,44.5273],[3.52,44.5261],[3.5158,44.5296],[3.5074,44.5254],[3.5073,44.5315],[3.5108,44.5319],[3.5087,44.5336],[3.5104,44.5348],[3.5139,44.533],[3.5123,44.5372],[3.5138,44.5385]]],[[[3.6321,44.5652],[3.6261,44.5633],[3.6223,44.5658],[3.6259,44.5685],[3.6351,44.5705],[3.6355,44.5732],[3.641,44.573],[3.6426,44.5707],[3.6433,44.5724],[3.6434,44.5697],[3.6321,44.5652]]],[[[3.6338,44.5036],[3.6415,44.4984],[3.6426,44.496],[3.6291,44.4949],[3.6334,44.4974],[3.631,44.4973],[3.6335,44.4986],[3.6333,44.5007],[3.6299,44.503],[3.6209,44.5036],[3.6213,44.5057],[3.6254,44.5063],[3.6323,44.5051],[3.6338,44.5036]]],[[[3.6012,44.4948],[3.5962,44.4957],[3.5912,44.4931],[3.5857,44.4922],[3.5846,44.4931],[3.5897,44.4937],[3.5803,44.4967],[3.5796,44.4997],[3.5858,44.4985],[3.5926,44.4999],[3.5924,44.4963],[3.5968,44.4971],[3.5982,44.496],[3.6091,44.4955],[3.6082,44.4935],[3.6012,44.4948]]],[[[3.4751,44.4507],[3.4771,44.4449],[3.4551,44.4442],[3.4551,44.446],[3.4583,44.4456],[3.4751,44.4507]]],[[[3.5807,44.5283],[3.5773,44.5251],[3.5744,44.5289],[3.5685,44.5263],[3.5653,44.5296],[3.5609,44.5297],[3.5627,44.5331],[3.5642,44.5334],[3.5696,44.5297],[3.5719,44.5299],[3.572,44.5322],[3.5735,44.5324],[3.5782,44.5295],[3.5821,44.5301],[3.5868,44.5274],[3.5918,44.5274],[3.5915,44.5261],[3.5892,44.5257],[3.5809,44.5292],[3.5807,44.5283]]],[[[3.4727,44.5426],[3.4714,44.5437],[3.4657,44.5399],[3.4671,44.5428],[3.465,44.5437],[3.4655,44.5453],[3.4676,44.545],[3.4666,44.5466],[3.4729,44.5448],[3.4758,44.5465],[3.4733,44.5479],[3.4786,44.5464],[3.4731,44.5423],[3.4724,44.5385],[3.4737,44.5351],[3.4726,44.535],[3.4756,44.5309],[3.4746,44.53],[3.4711,44.5315],[3.4714,44.5335],[3.4673,44.5346],[3.4685,44.5375],[3.4669,44.5382],[3.4692,44.5405],[3.4703,44.539],[3.4727,44.5426]]],[[[3.6236,44.5312],[3.6205,44.527],[3.6206,44.5353],[3.6255,44.5372],[3.6258,44.5337],[3.6301,44.5305],[3.6258,44.5254],[3.6309,44.5294],[3.6271,44.5258],[3.6262,44.5211],[3.624,44.526],[3.6258,44.5321],[3.6236,44.5312]]],[[[3.3811,44.5007],[3.3835,44.5017],[3.3812,44.508],[3.3848,44.5068],[3.3857,44.5056],[3.3846,44.5051],[3.3865,44.5045],[3.3847,44.4987],[3.3817,44.4989],[3.3776,44.4969],[3.373,44.5003],[3.368,44.501],[3.3681,44.502],[3.3736,44.502],[3.3787,44.4986],[3.3811,44.5007]]],[[[3.3242,44.4708],[3.3259,44.4683],[3.3352,44.4651],[3.3321,44.4632],[3.3322,44.4649],[3.3293,44.4672],[3.3262,44.4659],[3.3258,44.4679],[3.3086,44.4726],[3.3077,44.4743],[3.3242,44.4708]]],[[[3.5792,44.534],[3.5773,44.5353],[3.5776,44.5381],[3.5752,44.5407],[3.5785,44.5399],[3.5843,44.535],[3.5866,44.5352],[3.5866,44.5323],[3.581,44.5322],[3.5792,44.534]]],[[[3.5576,44.542],[3.5594,44.5476],[3.5632,44.5437],[3.5683,44.5449],[3.5705,44.5437],[3.5691,44.5421],[3.5664,44.5439],[3.5658,44.5425],[3.5613,44.5411],[3.562,44.5395],[3.5577,44.5402],[3.5576,44.542]]],[[[3.6302,44.5742],[3.6285,44.5721],[3.6252,44.5742],[3.6273,44.5709],[3.6203,44.5681],[3.6266,44.5711],[3.6245,44.5745],[3.6269,44.5774],[3.6306,44.5771],[3.6302,44.5742]]],[[[3.6112,44.4945],[3.6191,44.4964],[3.6238,44.4943],[3.616,44.4938],[3.6119,44.4921],[3.6107,44.4925],[3.6112,44.4945]]],[[[3.6535,44.4995],[3.6544,44.5008],[3.6573,44.4995],[3.6547,44.4965],[3.6477,44.4956],[3.649,44.4978],[3.6535,44.4995]]],[[[3.436,44.5259],[3.4343,44.5261],[3.4357,44.5283],[3.4397,44.5288],[3.4437,44.5268],[3.4401,44.5268],[3.4396,44.5248],[3.4371,44.5256],[3.4368,44.5239],[3.436,44.5259]]],[[[3.6051,44.5113],[3.6064,44.5126],[3.6072,44.5093],[3.6019,44.5097],[3.6028,44.5116],[3.6008,44.5122],[3.5987,44.5101],[3.6018,44.5147],[3.603,44.5116],[3.6051,44.5113]]],[[[3.5297,44.5451],[3.5313,44.5441],[3.5245,44.5417],[3.5218,44.5434],[3.5236,44.545],[3.5297,44.5451]]],[[[3.5833,44.5146],[3.5819,44.5153],[3.5838,44.5193],[3.5889,44.5195],[3.5833,44.5146]]],[[[3.4356,44.5307],[3.439,44.5302],[3.4403,44.5322],[3.4417,44.531],[3.445,44.5326],[3.4415,44.5286],[3.4415,44.5309],[3.4394,44.529],[3.4346,44.5306],[3.4305,44.5302],[3.4335,44.5319],[3.4356,44.5307]]],[[[3.5652,44.4674],[3.5688,44.4691],[3.5745,44.4668],[3.5728,44.4654],[3.5705,44.4672],[3.5699,44.4659],[3.5652,44.4674]]],[[[3.277,44.5325],[3.274,44.5297],[3.2717,44.5301],[3.272,44.5318],[3.2748,44.5334],[3.277,44.5325]]],[[[3.4768,44.477],[3.4791,44.4784],[3.4743,44.4723],[3.4719,44.4719],[3.4737,44.4755],[3.4768,44.477]]],[[[3.592,44.517],[3.5879,44.5123],[3.5861,44.5127],[3.592,44.517]]],[[[3.5925,44.512],[3.5896,44.5139],[3.5927,44.5145],[3.5927,44.5125],[3.5943,44.5131],[3.5925,44.512]]],[[[3.595,44.5129],[3.5977,44.5147],[3.5968,44.5126],[3.5937,44.5112],[3.595,44.5129]]],[[[3.3794,44.5107],[3.3784,44.5103],[3.3778,44.5118],[3.3795,44.5129],[3.3813,44.5116],[3.3792,44.5121],[3.3794,44.5107]]],[[[3.5891,44.5174],[3.5884,44.5168],[3.5879,44.5164],[3.5877,44.5163],[3.5869,44.5157],[3.5868,44.5156],[3.5859,44.5149],[3.5859,44.5148],[3.5844,44.5137],[3.584,44.514],[3.5853,44.515],[3.5855,44.5152],[3.5862,44.5157],[3.5866,44.516],[3.5871,44.5166],[3.5873,44.5168],[3.5876,44.5172],[3.5882,44.5178],[3.5882,44.5178],[3.5891,44.5174]]]]}},{"type":"Feature","properties":{"id":"F16040X","nom":"Forêt sectionale de Saint-Martin-Du-Born","dep":"48","dom":false,"essence":"conifere","substrat":"acide","elev":1370,"slopeDeg":5,"aspect":234},"geometry":{"type":"Polygon","coordinates":[[[3.5571,44.5961],[3.5508,44.5903],[3.5514,44.5946],[3.5582,44.5976],[3.5571,44.5961]]]}},{"type":"Feature","properties":{"id":"F16132L","nom":"Forêt sectionale de Ferluc","dep":"48","dom":false,"essence":"autre","substrat":"acide","elev":1208,"slopeDeg":1.2,"aspect":237},"geometry":{"type":"MultiPolygon","coordinates":[[[[3.4227,44.8193],[3.419,44.8215],[3.4186,44.8237],[3.4215,44.8237],[3.423,44.8217],[3.425,44.8222],[3.4227,44.8193]]],[[[3.4142,44.8202],[3.4164,44.8223],[3.419,44.8206],[3.417,44.8187],[3.4123,44.8183],[3.4142,44.8202]]]]}},{"type":"Feature","properties":{"id":"F16134N","nom":"Forêt sectionale de Bouquet Et Gauzines Et Ricardès","dep":"48","dom":false,"essence":"conifere","substrat":"calcaire","elev":839,"slopeDeg":3.2,"aspect":211},"geometry":{"type":"MultiPolygon","coordinates":[[[[3.2226,44.3593],[3.2246,44.361],[3.2234,44.3629],[3.2195,44.3641],[3.2202,44.3658],[3.2139,44.3675],[3.2173,44.3683],[3.2159,44.3694],[3.2111,44.3709],[3.21,44.3686],[3.2116,44.3663],[3.2115,44.3633],[3.2138,44.3632],[3.2151,44.3656],[3.217,44.3642],[3.2143,44.363],[3.2157,44.3622],[3.2137,44.3603],[3.2121,44.3619],[3.2083,44.3612],[3.2066,44.3627],[3.2061,44.3687],[3.2027,44.3705],[3.2081,44.3716],[3.2092,44.3689],[3.2109,44.371],[3.2124,44.3707],[3.212,44.3726],[3.2193,44.3734],[3.2214,44.3712],[3.2214,44.368],[3.2246,44.3668],[3.226,44.3637],[3.2244,44.3629],[3.2302,44.3595],[3.2279,44.3591],[3.2283,44.3576],[3.226,44.356],[3.2273,44.3594],[3.2226,44.3593]]],[[[3.2383,44.3568],[3.235,44.3518],[3.2293,44.3519],[3.231,44.3526],[3.2294,44.3528],[3.23,44.3545],[3.233,44.3532],[3.2345,44.3562],[3.2304,44.3559],[3.2303,44.3581],[3.2393,44.3567],[3.2383,44.3568]]]]}},{"type":"Feature","properties":{"id":"F16135O","nom":"Forêt sectionale du Crouzet De Chambon-Le-Château","dep":"48","dom":false,"essence":"autre","substrat":"acide","elev":965,"slopeDeg":10.6,"aspect":64},"geometry":{"type":"Polygon","coordinates":[[[3.6423,44.8715],[3.6375,44.8719],[3.6389,44.8744],[3.6448,44.8725],[3.6423,44.8715]]]}},{"type":"Feature","properties":{"id":"F16138R","nom":"Forêt sectionale de Dièges Et La-Molle","dep":"48","dom":false,"essence":"conifere","substrat":"acide","elev":1294,"slopeDeg":4.3,"aspect":261},"geometry":{"type":"Polygon","coordinates":[[[3.4035,44.9521],[3.4014,44.9555],[3.4068,44.9536],[3.4115,44.9476],[3.404,44.9462],[3.4028,44.9479],[3.4035,44.9521]]]}},{"type":"Feature","properties":{"id":"F15876P","nom":"Forêt sectionale du Mazel Et L'Arzalier","dep":"48","dom":false,"essence":"conifere","substrat":"calcaire","elev":1204,"slopeDeg":0.4,"aspect":289},"geometry":{"type":"MultiPolygon","coordinates":[[[[3.6944,44.5791],[3.6933,44.5802],[3.7079,44.5799],[3.7109,44.5661],[3.6944,44.5791]]],[[[3.7038,44.5695],[3.707,44.5682],[3.7092,44.5651],[3.7036,44.565],[3.7027,44.568],[3.7038,44.5695]]]]}},{"type":"Feature","properties":{"id":"F15877Q","nom":"Forêt communale de Saint-Alban-Sur-Limagnole","dep":"48","dom":false,"essence":"conifere","substrat":"acide","elev":976,"slopeDeg":2.2,"aspect":289},"geometry":{"type":"Polygon","coordinates":[[[3.3765,44.8016],[3.3816,44.7987],[3.3772,44.7985],[3.3744,44.7962],[3.3724,44.7991],[3.3749,44.7994],[3.3721,44.8069],[3.3754,44.8082],[3.3766,44.8074],[3.3748,44.8028],[3.3765,44.8016]]]}},{"type":"Feature","properties":{"id":"F15878R","nom":"Forêt sectionale d'Aspres","dep":"48","dom":false,"essence":"conifere","substrat":"acide","elev":1127,"slopeDeg":5.2,"aspect":169},"geometry":{"type":"Polygon","coordinates":[[[3.4582,44.5704],[3.4584,44.5657],[3.4572,44.565],[3.4574,44.5672],[3.4552,44.569],[3.4582,44.5704]]]}},{"type":"Feature","properties":{"id":"F15880T","nom":"Forêt sectionale d'Arzenc-D'Apcher","dep":"48","dom":false,"essence":"feuillu","substrat":"acide","elev":772,"slopeDeg":9.7,"aspect":25},"geometry":{"type":"Polygon","coordinates":[[[3.1044,44.8588],[3.101,44.8588],[3.0997,44.8605],[3.1019,44.8612],[3.1033,44.8653],[3.1051,44.8665],[3.1059,44.8647],[3.1043,44.863],[3.1077,44.8602],[3.1044,44.8588]]]}},{"type":"Feature","properties":{"id":"F15962X","nom":"Forêt sectionale du Masseguin","dep":"48","dom":false,"essence":"autre","substrat":"acide","elev":1137,"slopeDeg":4.7,"aspect":345},"geometry":{"type":"MultiPolygon","coordinates":[[[[3.627,44.4937],[3.6223,44.4951],[3.629,44.4949],[3.6294,44.4925],[3.627,44.4937]]],[[[3.6109,44.4917],[3.6085,44.4933],[3.6104,44.4938],[3.6119,44.4921],[3.6109,44.4917]]]]}},{"type":"Feature","properties":{"id":"F15968D","nom":"Forêt sectionale d'Ancelpont","dep":"48","dom":false,"essence":"autre","substrat":"acide","elev":1166,"slopeDeg":2.1,"aspect":58},"geometry":{"type":"Polygon","coordinates":[[[3.6444,44.8313],[3.6437,44.8324],[3.646,44.8336],[3.6451,44.8344],[3.6491,44.8342],[3.6452,44.8306],[3.6444,44.8313]]]}},{"type":"Feature","properties":{"id":"F16041Y","nom":"Forêt communale de Badaroux","dep":"48","dom":false,"essence":"conifere","substrat":"calcaire","elev":1029,"slopeDeg":5,"aspect":144},"geometry":{"type":"MultiPolygon","coordinates":[[[[3.5496,44.5517],[3.5531,44.5485],[3.546,44.5433],[3.5445,44.5441],[3.5466,44.5474],[3.5459,44.5488],[3.5419,44.5503],[3.5416,44.5491],[3.5386,44.5494],[3.5428,44.5548],[3.5471,44.5499],[3.5496,44.5517]]],[[[3.5513,44.5453],[3.5542,44.5441],[3.5516,44.5431],[3.5513,44.5453]]]]}},{"type":"Feature","properties":{"id":"F16044B","nom":"Forêt sectionale du Crouzet De Meyrueis","dep":"48","dom":false,"essence":"conifere","substrat":"acide","elev":994,"slopeDeg":6.8,"aspect":50},"geometry":{"type":"Polygon","coordinates":[[[3.4869,44.1784],[3.4882,44.1841],[3.4913,44.1862],[3.4926,44.1812],[3.4955,44.1816],[3.4972,44.177],[3.4879,44.1764],[3.4869,44.1784]]]}},{"type":"Feature","properties":{"id":"F16045C","nom":"Forêt sectionale de l'Hermet","dep":"48","dom":false,"essence":"autre","substrat":"acide","elev":1119,"slopeDeg":8.6,"aspect":74},"geometry":{"type":"Polygon","coordinates":[[[3.8528,44.5251],[3.8436,44.5246],[3.8467,44.5301],[3.8513,44.5293],[3.8508,44.5271],[3.8555,44.5279],[3.8586,44.5259],[3.8543,44.5244],[3.8528,44.5251]]]}},{"type":"Feature","properties":{"id":"F16046D","nom":"Forêt sectionale de Mirandol","dep":"48","dom":false,"essence":"conifere","substrat":"acide","elev":1291,"slopeDeg":7.1,"aspect":112},"geometry":{"type":"MultiPolygon","coordinates":[[[[3.8061,44.5828],[3.8069,44.5798],[3.803,44.5786],[3.8063,44.5758],[3.8076,44.5726],[3.8059,44.5726],[3.8013,44.5772],[3.7963,44.5746],[3.7965,44.5726],[3.8011,44.5671],[3.8012,44.5655],[3.7991,44.5652],[3.8025,44.5615],[3.8031,44.5578],[3.7967,44.5671],[3.7982,44.5705],[3.7947,44.5717],[3.7921,44.5705],[3.7943,44.5691],[3.7905,44.57],[3.7883,44.5722],[3.7865,44.5802],[3.7894,44.5799],[3.7908,44.5814],[3.7909,44.5843],[3.7891,44.586],[3.8063,44.5896],[3.8082,44.588],[3.8095,44.5826],[3.811,44.5829],[3.8098,44.5812],[3.8111,44.5796],[3.8097,44.5748],[3.8115,44.5727],[3.8122,44.5739],[3.8148,44.5722],[3.8106,44.5703],[3.8154,44.5709],[3.8154,44.5662],[3.8084,44.5707],[3.8096,44.5701],[3.8064,44.577],[3.8076,44.5808],[3.8056,44.5845],[3.8061,44.5828]]],[[[3.7937,44.5662],[3.7958,44.5674],[3.8002,44.5614],[3.7948,44.5637],[3.7937,44.5662]]]]}},{"type":"Feature","properties":{"id":"F15990Z","nom":"Forêt sectionale du Villaret","dep":"48","dom":false,"essence":"feuillu","substrat":"acide","elev":1088,"slopeDeg":16.8,"aspect":351},"geometry":{"type":"MultiPolygon","coordinates":[[[[3.4676,44.1274],[3.467,44.133],[3.4726,44.1287],[3.4714,44.1269],[3.4695,44.1273],[3.4697,44.1284],[3.4676,44.1274]]],[[[3.4691,44.1377],[3.4694,44.1363],[3.4676,44.1351],[3.4655,44.1359],[3.4682,44.1393],[3.4691,44.1377]]],[[[3.4769,44.1364],[3.4776,44.1345],[3.4762,44.1342],[3.4726,44.1368],[3.4748,44.1381],[3.4769,44.1364]]],[[[3.4599,44.1312],[3.4582,44.1327],[3.4599,44.1342],[3.4626,44.132],[3.4599,44.1312]]]]}},{"type":"Feature","properties":{"id":"F16005O","nom":"Forêt sectionale du Mont D'Arzenc-De-Randon","dep":"48","dom":false,"essence":"conifere","substrat":"acide","elev":1343,"slopeDeg":5.1,"aspect":60},"geometry":{"type":"Polygon","coordinates":[[[3.6335,44.6178],[3.6386,44.6203],[3.6415,44.6194],[3.6377,44.6177],[3.6335,44.6178]]]}},{"type":"Feature","properties":{"id":"F15828T","nom":"Forêt sectionale du Buisson","dep":"48","dom":false,"essence":"conifere","substrat":"acide","elev":1210,"slopeDeg":1.4,"aspect":315},"geometry":{"type":"Polygon","coordinates":[[[3.2161,44.6203],[3.2228,44.6164],[3.2034,44.6167],[3.2025,44.62],[3.2111,44.6228],[3.2161,44.6203]]]}},{"type":"Feature","properties":{"id":"F15829U","nom":"Forêt sectionale de Chabrits","dep":"48","dom":false,"essence":"autre","substrat":"calcaire","elev":757,"slopeDeg":3.1,"aspect":319},"geometry":{"type":"Polygon","coordinates":[[[3.4371,44.5288],[3.4288,44.5275],[3.4346,44.5306],[3.4392,44.5291],[3.4371,44.5288]]]}},{"type":"Feature","properties":{"id":"F15836B","nom":"Forêt sectionale du Villeret","dep":"48","dom":false,"essence":"conifere","substrat":"acide","elev":1267,"slopeDeg":4.5,"aspect":93},"geometry":{"type":"Polygon","coordinates":[[[3.6823,44.7346],[3.6892,44.7364],[3.6914,44.7348],[3.6884,44.7312],[3.6828,44.7283],[3.6833,44.7258],[3.6747,44.7334],[3.6814,44.7354],[3.6823,44.7346]]]}},{"type":"Feature","properties":{"id":"F15917E","nom":"Forêt sectionale de la Fage-Montivernoux","dep":"48","dom":false,"essence":"mixte","substrat":"acide","elev":1219,"slopeDeg":3.3,"aspect":271},"geometry":{"type":"Polygon","coordinates":[[[3.1777,44.7672],[3.1859,44.7721],[3.1904,44.7672],[3.1829,44.7602],[3.184,44.7656],[3.1881,44.7667],[3.1862,44.7692],[3.1777,44.7672]]]}},{"type":"Feature","properties":{"id":"F15921I","nom":"Forêt sectionale d'Alteyrac","dep":"48","dom":false,"essence":"mixte","substrat":"acide","elev":1094,"slopeDeg":6,"aspect":171},"geometry":{"type":"Polygon","coordinates":[[[3.5141,44.5585],[3.5158,44.5609],[3.5141,44.5618],[3.5188,44.5612],[3.519,44.5597],[3.5173,44.5597],[3.5165,44.5574],[3.5141,44.5585]]]}},{"type":"Feature","properties":{"id":"F15927O","nom":"Forêt sectionale de Fraissinet-De-Fourques","dep":"48","dom":false,"essence":"autre","substrat":"acide","elev":1231,"slopeDeg":6.4,"aspect":13},"geometry":{"type":"Polygon","coordinates":[[[3.552,44.188],[3.5508,44.1847],[3.5522,44.1825],[3.5489,44.1817],[3.548,44.1896],[3.552,44.188]]]}},{"type":"Feature","properties":{"id":"F15928P","nom":"Forêt sectionale des Usagers De La Peyre","dep":"48","dom":false,"essence":"autre","substrat":"acide","elev":1320,"slopeDeg":8.3,"aspect":185},"geometry":{"type":"Polygon","coordinates":[[[3.7855,44.576],[3.7832,44.5789],[3.7846,44.583],[3.7836,44.5837],[3.7891,44.586],[3.7909,44.5843],[3.7908,44.5814],[3.7894,44.5799],[3.7868,44.5809],[3.7855,44.576]]]}},{"type":"Feature","properties":{"id":"F16152F","nom":"Forêt sectionale des Anglards","dep":"48","dom":false,"essence":"mixte","substrat":"acide","elev":1197,"slopeDeg":4.4,"aspect":275},"geometry":{"type":"Polygon","coordinates":[[[3.1584,44.7862],[3.1668,44.7811],[3.1655,44.7779],[3.1586,44.7757],[3.1537,44.7793],[3.155,44.7802],[3.1531,44.7809],[3.1539,44.7842],[3.1584,44.7862]]]}},{"type":"Feature","properties":{"id":"F16153G","nom":"Forêt sectionale des Ducs","dep":"48","dom":false,"essence":"feuillu","substrat":"acide","elev":1396,"slopeDeg":6.5,"aspect":226},"geometry":{"type":"MultiPolygon","coordinates":[[[[3.4086,44.8898],[3.4112,44.8892],[3.4134,44.8862],[3.4114,44.8843],[3.4129,44.8835],[3.407,44.8787],[3.4069,44.8764],[3.4048,44.8761],[3.4037,44.8781],[3.3997,44.8757],[3.3976,44.8773],[3.3934,44.8762],[3.3926,44.8747],[3.4003,44.8867],[3.4086,44.8898]]],[[[3.4148,44.8914],[3.4196,44.8965],[3.4274,44.8903],[3.4359,44.8795],[3.4291,44.8845],[3.4176,44.8869],[3.4098,44.8906],[3.4148,44.8914]]],[[[3.4115,44.8787],[3.4177,44.879],[3.4147,44.8803],[3.4156,44.8826],[3.4177,44.882],[3.4229,44.8787],[3.421,44.8787],[3.4228,44.8773],[3.4215,44.8764],[3.4261,44.8718],[3.4253,44.873],[3.4191,44.8721],[3.4204,44.8732],[3.419,44.8753],[3.4166,44.8747],[3.4162,44.8761],[3.4176,44.877],[3.4138,44.8775],[3.4123,44.8763],[3.4086,44.8775],[3.4117,44.8777],[3.4115,44.8787]]],[[[3.4114,44.8693],[3.4123,44.8708],[3.4263,44.871],[3.4258,44.869],[3.4108,44.868],[3.4114,44.8693]]]]}},{"type":"Feature","properties":{"id":"F15840F","nom":"Forêt sectionale du Marlet Et Mialanette","dep":"48","dom":false,"essence":"autre","substrat":"acide","elev":1017,"slopeDeg":9.2,"aspect":245},"geometry":{"type":"Polygon","coordinates":[[[3.3896,44.8272],[3.3884,44.8284],[3.3867,44.8279],[3.3866,44.8293],[3.3882,44.8287],[3.3887,44.8316],[3.3911,44.8325],[3.3917,44.8318],[3.3889,44.8303],[3.3907,44.8294],[3.3897,44.8276],[3.3915,44.8268],[3.3896,44.8272]]]}},{"type":"Feature","properties":{"id":"F15843I","nom":"Forêt sectionale d'Auzenc","dep":"48","dom":false,"essence":"conifere","substrat":"acide","elev":1411,"slopeDeg":6.4,"aspect":212},"geometry":{"type":"MultiPolygon","coordinates":[[[[3.3698,44.9695],[3.3623,44.9696],[3.3593,44.9631],[3.3573,44.9629],[3.3624,44.9714],[3.3728,44.9758],[3.3698,44.9695]]],[[[3.3682,44.9638],[3.3658,44.9676],[3.3682,44.9656],[3.3696,44.9691],[3.3697,44.9632],[3.3682,44.9638]]]]}},{"type":"Feature","properties":{"id":"F15881U","nom":"Forêt du Groupement Forestier De Campis","dep":"48","dom":false,"essence":"conifere","substrat":"acide","elev":976,"slopeDeg":15,"aspect":335},"geometry":{"type":"Polygon","coordinates":[[[3.4852,44.1586],[3.4923,44.1581],[3.494,44.1565],[3.4915,44.1533],[3.4857,44.1512],[3.4812,44.1559],[3.4852,44.1586]]]}},{"type":"Feature","properties":{"id":"F15882V","nom":"Forêt domaniale du Mont-Lozère-Finiels","dep":"48","dom":true,"essence":"conifere","substrat":"acide","elev":1519,"slopeDeg":7.5,"aspect":167},"geometry":{"type":"Polygon","coordinates":[[[3.7426,44.4072],[3.7378,44.4038],[3.7343,44.4036],[3.7342,44.4024],[3.7321,44.4039],[3.7288,44.403],[3.7295,44.4054],[3.7268,44.4047],[3.7239,44.4078],[3.725,44.4093],[3.7267,44.4108],[3.7361,44.4128],[3.7261,44.4123],[3.7252,44.4106],[3.719,44.4158],[3.7127,44.4162],[3.7138,44.4182],[3.71,44.4175],[3.7073,44.4198],[3.709,44.4211],[3.7014,44.4208],[3.7015,44.4182],[3.7061,44.4185],[3.7015,44.4178],[3.701,44.4151],[3.6972,44.4141],[3.7004,44.4125],[3.6998,44.4097],[3.6949,44.4112],[3.695,44.4091],[3.6937,44.4094],[3.6863,44.4114],[3.684,44.4136],[3.68,44.4101],[3.6815,44.4072],[3.6798,44.4063],[3.679,44.4022],[3.6753,44.4067],[3.6768,44.4086],[3.675,44.4173],[3.6773,44.4189],[3.6586,44.4215],[3.6466,44.4145],[3.6389,44.4176],[3.6582,44.4247],[3.6605,44.4289],[3.6649,44.4309],[3.6726,44.438],[3.6805,44.4347],[3.6867,44.4356],[3.7121,44.4308],[3.7273,44.4299],[3.7391,44.426],[3.7457,44.4269],[3.7554,44.4246],[3.7592,44.4211],[3.7743,44.4264],[3.7919,44.4173],[3.7973,44.4088],[3.7992,44.4031],[3.7879,44.3997],[3.789,44.3948],[3.7872,44.3936],[3.7799,44.3966],[3.7743,44.4012],[3.7749,44.4115],[3.7612,44.4075],[3.7501,44.4169],[3.7505,44.4082],[3.7444,44.4103],[3.7422,44.4093],[3.7426,44.4072]]]}},{"type":"Feature","properties":{"id":"F15883W","nom":"Forêt sectionale de Paros","dep":"48","dom":false,"essence":"conifere","substrat":"calcaire","elev":964,"slopeDeg":5.6,"aspect":141},"geometry":{"type":"MultiPolygon","coordinates":[[[[3.5238,44.4072],[3.5222,44.4116],[3.5251,44.4106],[3.5254,44.405],[3.524,44.4049],[3.5238,44.4072]]],[[[3.5154,44.3993],[3.5171,44.4007],[3.5201,44.3978],[3.5154,44.3993]]]]}},{"type":"Feature","properties":{"id":"F15885Y","nom":"Forêt sectionale de Chabanettes Et Chantejals","dep":"48","dom":false,"essence":"conifere","substrat":"acide","elev":1082,"slopeDeg":1.4,"aspect":314},"geometry":{"type":"Polygon","coordinates":[[[3.1772,44.8224],[3.1725,44.8224],[3.1742,44.8241],[3.1772,44.8224]]]}},{"type":"Feature","properties":{"id":"F58345A","nom":"Forêt sectionale de Grèzes De  Banassac","dep":"48","dom":false,"essence":"autre","substrat":"calcaire","elev":750,"slopeDeg":9.7,"aspect":328},"geometry":{"type":"Polygon","coordinates":[[[3.1826,44.4331],[3.1849,44.433],[3.1846,44.4317],[3.1771,44.4315],[3.1688,44.4292],[3.1717,44.4316],[3.1826,44.4331]]]}},{"type":"Feature","properties":{"id":"F15845K","nom":"Forêt sectionale de Bac Et Clauzel Et Fraissinet Et Perjuret","dep":"48","dom":false,"essence":"mixte","substrat":"acide","elev":878,"slopeDeg":8.7,"aspect":352},"geometry":{"type":"Polygon","coordinates":[[[3.5245,44.1961],[3.5257,44.1981],[3.5243,44.201],[3.5255,44.2049],[3.5283,44.2069],[3.5321,44.2068],[3.5288,44.205],[3.527,44.202],[3.5307,44.2028],[3.5315,44.1993],[3.5245,44.1961]]]}},{"type":"Feature","properties":{"id":"F15930R","nom":"Forêt communale de Cultures","dep":"48","dom":false,"essence":"autre","substrat":"calcaire","elev":714,"slopeDeg":0.3,"aspect":21},"geometry":{"type":"MultiPolygon","coordinates":[[[[3.3952,44.4854],[3.3968,44.4797],[3.3893,44.4768],[3.3857,44.4795],[3.389,44.4835],[3.3952,44.4854]]],[[[3.3819,44.5009],[3.3787,44.4986],[3.3743,44.5015],[3.3833,44.5027],[3.3832,44.5007],[3.3819,44.5009]]]]}},{"type":"Feature","properties":{"id":"F15931S","nom":"Forêt sectionale de Fourques","dep":"48","dom":false,"essence":"feuillu","substrat":"calcaire","elev":894,"slopeDeg":0.6,"aspect":249},"geometry":{"type":"Polygon","coordinates":[[[3.5303,44.207],[3.529,44.2089],[3.5212,44.2097],[3.5208,44.212],[3.5281,44.2105],[3.5303,44.207]]]}},{"type":"Feature","properties":{"id":"F15932T","nom":"Forêt domaniale du Goulet","dep":"48","dom":true,"essence":"conifere","substrat":"acide","elev":1258,"slopeDeg":13.1,"aspect":222},"geometry":{"type":"MultiPolygon","coordinates":[[[[3.8176,44.5082],[3.8176,44.505],[3.8132,44.5031],[3.8037,44.5058],[3.7936,44.511],[3.798,44.514],[3.801,44.5119],[3.8042,44.5123],[3.8034,44.5135],[3.7958,44.5175],[3.7976,44.5152],[3.7928,44.5113],[3.7873,44.5139],[3.778,44.5209],[3.7762,44.5242],[3.7768,44.5276],[3.7784,44.5287],[3.7819,44.5278],[3.785,44.5302],[3.7935,44.5287],[3.8033,44.5293],[3.802,44.5269],[3.803,44.5219],[3.7995,44.5249],[3.7981,44.5219],[3.8018,44.5191],[3.8083,44.5172],[3.8159,44.5183],[3.8178,44.511],[3.8144,44.5091],[3.8113,44.5096],[3.8104,44.5075],[3.8118,44.5087],[3.8146,44.5075],[3.8176,44.5082]]],[[[3.8612,44.509],[3.8627,44.5086],[3.8602,44.5073],[3.8616,44.5053],[3.8571,44.5053],[3.8543,44.5067],[3.8544,44.5091],[3.8478,44.5101],[3.8469,44.514],[3.8545,44.5157],[3.8546,44.518],[3.8511,44.5216],[3.8482,44.5227],[3.849,44.5198],[3.8462,44.5198],[3.8451,44.5227],[3.84,44.5224],[3.8402,44.5211],[3.8347,44.5204],[3.8347,44.5189],[3.8293,44.5182],[3.8263,44.5266],[3.8276,44.5277],[3.8318,44.527],[3.8354,44.5258],[3.8331,44.5248],[3.8435,44.5232],[3.8501,44.5253],[3.8573,44.5234],[3.8616,44.5242],[3.8678,44.5207],[3.8698,44.5228],[3.8718,44.52],[3.876,44.519],[3.8745,44.5171],[3.8707,44.5168],[3.8644,44.5208],[3.8572,44.5216],[3.8575,44.5195],[3.8549,44.5167],[3.8588,44.5171],[3.861,44.5159],[3.8588,44.5094],[3.8612,44.509]]],[[[3.7379,44.5197],[3.7384,44.5215],[3.7434,44.5235],[3.7421,44.5244],[3.742,44.5229],[3.7396,44.526],[3.7384,44.5234],[3.7375,44.524],[3.7361,44.5256],[3.7369,44.5272],[3.7331,44.5289],[3.7327,44.5317],[3.7295,44.5318],[3.7308,44.5335],[3.7426,44.5375],[3.7524,44.5358],[3.7481,44.5334],[3.7516,44.5282],[3.7453,44.5208],[3.7422,44.5107],[3.7351,44.5115],[3.7379,44.5197]]],[[[3.8696,44.5436],[3.8705,44.543],[3.8691,44.5437],[3.8687,44.5409],[3.8707,44.5383],[3.8696,44.5372],[3.8709,44.5355],[3.8728,44.5356],[3.871,44.5335],[3.8662,44.5372],[3.8617,44.5379],[3.8621,44.5408],[3.859,44.5402],[3.8558,44.5476],[3.8598,44.5482],[3.8622,44.5459],[3.8696,44.5436]]],[[[3.8053,44.5296],[3.8128,44.5304],[3.8116,44.5292],[3.8136,44.5248],[3.813,44.523],[3.8118,44.5244],[3.8112,44.5203],[3.8063,44.5221],[3.8053,44.5296]]],[[[3.8975,44.5571],[3.9046,44.5543],[3.9027,44.5508],[3.9048,44.5473],[3.8985,44.5505],[3.8966,44.5505],[3.8971,44.5484],[3.8925,44.5507],[3.8966,44.553],[3.8961,44.5566],[3.8975,44.5571]]],[[[3.8697,44.5023],[3.8689,44.5029],[3.8734,44.5036],[3.869,44.5033],[3.8717,44.5077],[3.8761,44.5069],[3.8746,44.5035],[3.8703,44.5013],[3.8697,44.5023]]],[[[3.8906,44.4878],[3.886,44.4887],[3.8919,44.4924],[3.8929,44.4891],[3.8906,44.4878]]],[[[3.8903,44.5467],[3.8975,44.5468],[3.8946,44.5445],[3.8881,44.5443],[3.8903,44.5467]]],[[[3.8458,44.5291],[3.8442,44.5258],[3.8405,44.5267],[3.8418,44.5302],[3.8458,44.5291]]],[[[3.8885,44.5314],[3.8881,44.5338],[3.8928,44.5325],[3.8935,44.5309],[3.8919,44.5299],[3.8885,44.5314]]],[[[3.9022,44.4861],[3.9017,44.4875],[3.9006,44.4858],[3.8995,44.4865],[3.902,44.4897],[3.9037,44.4876],[3.9026,44.4842],[3.9022,44.4861]]],[[[3.8517,44.5512],[3.8522,44.5532],[3.8512,44.5533],[3.8468,44.5497],[3.8531,44.5551],[3.8535,44.5531],[3.8517,44.5512]]],[[[3.8984,44.4917],[3.8975,44.488],[3.896,44.489],[3.8964,44.4917],[3.8984,44.4917]]]]}},{"type":"Feature","properties":{"id":"F15933U","nom":"Forêt du Centre Hospitalier De Florac","dep":"48","dom":false,"essence":"autre","substrat":"calcaire","elev":713,"slopeDeg":16.9,"aspect":232},"geometry":{"type":"Polygon","coordinates":[[[3.5988,44.3256],[3.6016,44.3291],[3.6048,44.329],[3.6029,44.3258],[3.5988,44.3256]]]}},{"type":"Feature","properties":{"id":"F15815G","nom":"Forêt communale de Bourgs-Sur-Colagne-Chirac","dep":"48","dom":false,"essence":"autre","substrat":"acide","elev":971,"slopeDeg":11.1,"aspect":188},"geometry":{"type":"MultiPolygon","coordinates":[[[[3.1739,44.5631],[3.1795,44.5593],[3.1728,44.5599],[3.1714,44.5625],[3.1724,44.5643],[3.1739,44.5631]]],[[[3.2134,44.5337],[3.2176,44.5318],[3.2158,44.5298],[3.2111,44.5321],[3.2134,44.5337]]]]}},{"type":"Feature","properties":{"id":"F15816H","nom":"Forêt sectionale de Malassagne","dep":"48","dom":false,"essence":"autre","substrat":"acide","elev":1170,"slopeDeg":1.2,"aspect":53},"geometry":{"type":"Polygon","coordinates":[[[3.4266,44.6189],[3.4284,44.618],[3.422,44.616],[3.4168,44.6204],[3.4197,44.621],[3.4266,44.6189]]]}},{"type":"Feature","properties":{"id":"F15817I","nom":"Forêt sectionale de Montchamps","dep":"48","dom":false,"essence":"conifere","substrat":"acide","elev":1046,"slopeDeg":5,"aspect":248},"geometry":{"type":"Polygon","coordinates":[[[3.3764,44.7398],[3.3749,44.7411],[3.3779,44.7432],[3.3822,44.7434],[3.3806,44.7402],[3.3764,44.7398]]]}},{"type":"Feature","properties":{"id":"F15820L","nom":"Forêt sectionale de la Brugère","dep":"48","dom":false,"essence":"autre","substrat":"acide","elev":1266,"slopeDeg":0.7,"aspect":278},"geometry":{"type":"Polygon","coordinates":[[[3.45,44.5775],[3.4505,44.5788],[3.4474,44.5808],[3.4565,44.5838],[3.4555,44.5769],[3.4483,44.5728],[3.45,44.5775]]]}},{"type":"Feature","properties":{"id":"F15821M","nom":"Forêt sectionale de Coulagnes-Hautes","dep":"48","dom":false,"essence":"conifere","substrat":"acide","elev":1238,"slopeDeg":4.3,"aspect":299},"geometry":{"type":"MultiPolygon","coordinates":[[[[3.561,44.6366],[3.5648,44.6385],[3.5675,44.6353],[3.564,44.6315],[3.5608,44.6304],[3.5588,44.6222],[3.5562,44.6231],[3.5538,44.6259],[3.5547,44.6274],[3.5529,44.6275],[3.5511,44.6304],[3.5439,44.6289],[3.5395,44.6298],[3.5351,44.6279],[3.5314,44.629],[3.5472,44.6314],[3.561,44.6366]]],[[[3.548,44.6208],[3.5511,44.6226],[3.552,44.6206],[3.5612,44.6192],[3.5558,44.6169],[3.557,44.6153],[3.5561,44.6127],[3.5546,44.6149],[3.544,44.6165],[3.5437,44.6203],[3.548,44.6208]]],[[[3.5651,44.6119],[3.5596,44.6116],[3.5664,44.6215],[3.57,44.6212],[3.5651,44.6119]]]]}},{"type":"Feature","properties":{"id":"F15822N","nom":"Forêt de l'Hôpital De Marvejols","dep":"48","dom":false,"essence":"autre","substrat":"calcaire","elev":691,"slopeDeg":1.1,"aspect":311},"geometry":{"type":"Polygon","coordinates":[[[3.29,44.5377],[3.2888,44.5391],[3.2901,44.5396],[3.2921,44.538],[3.2912,44.5364],[3.29,44.5377]]]}},{"type":"Feature","properties":{"id":"F15825Q","nom":"Forêt sectionale d'Esclanèdes","dep":"48","dom":false,"essence":"autre","substrat":"calcaire","elev":871,"slopeDeg":7.8,"aspect":49},"geometry":{"type":"Polygon","coordinates":[[[3.3763,44.4768],[3.3758,44.4795],[3.3722,44.4792],[3.3776,44.4822],[3.3837,44.4833],[3.3842,44.4804],[3.3893,44.4768],[3.384,44.4788],[3.3785,44.4746],[3.3846,44.4722],[3.3778,44.4745],[3.3763,44.4768]]]}},{"type":"Feature","properties":{"id":"F15826R","nom":"Forêt sectionale d'Alzons","dep":"48","dom":false,"essence":"conifere","substrat":"acide","elev":980,"slopeDeg":7.8,"aspect":116},"geometry":{"type":"MultiPolygon","coordinates":[[[[3.947,44.5353],[3.9439,44.5374],[3.9386,44.5385],[3.9367,44.5461],[3.9403,44.5462],[3.9422,44.5445],[3.9436,44.5455],[3.943,44.5443],[3.945,44.5421],[3.9482,44.5427],[3.9456,44.5404],[3.9493,44.5349],[3.9494,44.5327],[3.947,44.5353]]],[[[3.9401,44.5502],[3.9369,44.5516],[3.9374,44.5537],[3.9426,44.553],[3.9466,44.5503],[3.9439,44.548],[3.9401,44.5502]]],[[[3.9219,44.5696],[3.9233,44.563],[3.9197,44.5586],[3.9196,44.5681],[3.9229,44.5716],[3.9219,44.5696]]]]}},{"type":"Feature","properties":{"id":"F15827S","nom":"Forêt sectionale des Aubars","dep":"48","dom":false,"essence":"autre","substrat":"acide","elev":1186,"slopeDeg":3,"aspect":13},"geometry":{"type":"Polygon","coordinates":[[[3.1111,44.7827],[3.1134,44.781],[3.1092,44.7822],[3.1085,44.7838],[3.1102,44.7846],[3.11,44.7834],[3.1117,44.7837],[3.1111,44.7827]]]}},{"type":"Feature","properties":{"id":"F15935W","nom":"Forêt sectionale de Chazette Et Soulier","dep":"48","dom":false,"essence":"conifere","substrat":"acide","elev":903,"slopeDeg":6.5,"aspect":65},"geometry":{"type":"Polygon","coordinates":[[[3.3376,44.8442],[3.3366,44.8457],[3.3395,44.8497],[3.3399,44.8465],[3.3407,44.8455],[3.342,44.8467],[3.3446,44.8419],[3.3412,44.8407],[3.3376,44.8442]]]}},{"type":"Feature","properties":{"id":"F15830V","nom":"Forêt sectionale de Chaulhac De La-Fage-Saint-Julien","dep":"48","dom":false,"essence":"mixte","substrat":"acide","elev":1191,"slopeDeg":2.6,"aspect":28},"geometry":{"type":"Polygon","coordinates":[[[3.1993,44.7898],[3.1953,44.7919],[3.2025,44.7934],[3.201,44.7921],[3.2019,44.7923],[3.2024,44.7875],[3.1976,44.785],[3.1961,44.7879],[3.1971,44.7869],[3.2002,44.7875],[3.1993,44.7898]]]}},{"type":"Feature","properties":{"id":"F15831W","nom":"Forêt sectionale de Mararèche","dep":"48","dom":false,"essence":"autre","substrat":"acide","elev":1247,"slopeDeg":1.6,"aspect":331},"geometry":{"type":"Polygon","coordinates":[[[3.6511,44.7514],[3.6508,44.7472],[3.6469,44.7512],[3.6511,44.7514]]]}},{"type":"Feature","properties":{"id":"F15832X","nom":"Forêt sectionale d'Esfagoux","dep":"48","dom":false,"essence":"conifere","substrat":"acide","elev":1105,"slopeDeg":6.9,"aspect":91},"geometry":{"type":"MultiPolygon","coordinates":[[[[3.8545,44.6653],[3.8602,44.6657],[3.86,44.6679],[3.8656,44.6726],[3.8648,44.6533],[3.855,44.6498],[3.8464,44.6579],[3.8496,44.6593],[3.8503,44.6636],[3.8545,44.6653]]],[[[3.8534,44.6673],[3.8415,44.6609],[3.8398,44.6628],[3.8472,44.6692],[3.8526,44.6769],[3.8548,44.6767],[3.855,44.678],[3.853,44.6786],[3.8546,44.6859],[3.8617,44.6818],[3.8555,44.6771],[3.8562,44.6754],[3.8542,44.6741],[3.855,44.6715],[3.8511,44.6693],[3.8517,44.6682],[3.8543,44.6687],[3.8534,44.6673]]]]}},{"type":"Feature","properties":{"id":"F15851Q","nom":"Forêt sectionale du Bougès","dep":"48","dom":false,"essence":"conifere","substrat":"acide","elev":1159,"slopeDeg":16,"aspect":238},"geometry":{"type":"MultiPolygon","coordinates":[[[[3.6984,44.2971],[3.6971,44.3009],[3.6913,44.3028],[3.688,44.3061],[3.7,44.3019],[3.7026,44.2992],[3.6984,44.2971]]],[[[3.7129,44.2956],[3.7107,44.2907],[3.7027,44.2879],[3.7083,44.292],[3.7112,44.2965],[3.7129,44.2956]]]]}},{"type":"Feature","properties":{"id":"F15833Y","nom":"Forêt sectionale de Pourcarès Et Ribevenès","dep":"48","dom":false,"essence":"conifere","substrat":"acide","elev":941,"slopeDeg":9.7,"aspect":6},"geometry":{"type":"Polygon","coordinates":[[[3.4595,44.1587],[3.4588,44.155],[3.4562,44.158],[3.4479,44.1626],[3.4498,44.1627],[3.4496,44.1665],[3.4541,44.1658],[3.4546,44.1608],[3.4595,44.1587]]]}},{"type":"Feature","properties":{"id":"F15834Z","nom":"Forêt sectionale de Villesoule","dep":"48","dom":false,"essence":"autre","substrat":"acide","elev":1277,"slopeDeg":2.6,"aspect":233},"geometry":{"type":"Polygon","coordinates":[[[3.6836,44.6016],[3.6861,44.6043],[3.6895,44.6038],[3.6875,44.602],[3.6836,44.6016]]]}},{"type":"Feature","properties":{"id":"F15835A","nom":"Forêt sectionale de Laubarnès","dep":"48","dom":false,"essence":"conifere","substrat":"acide","elev":1155,"slopeDeg":4.6,"aspect":98},"geometry":{"type":"Polygon","coordinates":[[[3.824,44.6559],[3.8206,44.6572],[3.8173,44.6607],[3.824,44.6586],[3.824,44.6559]]]}},{"type":"Feature","properties":{"id":"F15837C","nom":"Forêt sectionale du Crouzet Et Chaffol","dep":"48","dom":false,"essence":"conifere","substrat":"acide","elev":1440,"slopeDeg":1.5,"aspect":224},"geometry":{"type":"Polygon","coordinates":[[[3.5935,44.6929],[3.5948,44.6911],[3.5915,44.6891],[3.5938,44.6877],[3.5927,44.6867],[3.5953,44.6859],[3.5932,44.6837],[3.5892,44.6815],[3.59,44.6852],[3.5889,44.686],[3.5853,44.6851],[3.5851,44.6835],[3.5826,44.6821],[3.5784,44.6824],[3.5756,44.6843],[3.5732,44.6901],[3.5673,44.6907],[3.5628,44.6967],[3.5638,44.6991],[3.5615,44.7014],[3.5713,44.6967],[3.5785,44.6989],[3.5916,44.697],[3.5951,44.6959],[3.5944,44.6936],[3.5887,44.6965],[3.5798,44.6964],[3.5924,44.6932],[3.5923,44.6919],[3.5935,44.6929]]]}},{"type":"Feature","properties":{"id":"F15838D","nom":"Forêt domaniale du Mont-Lozère","dep":"48","dom":true,"essence":"conifere","substrat":"acide","elev":1571,"slopeDeg":8.1,"aspect":120},"geometry":{"type":"MultiPolygon","coordinates":[[[[3.8914,44.3922],[3.8892,44.3932],[3.8858,44.3878],[3.9015,44.3762],[3.9065,44.3754],[3.905,44.3752],[3.9055,44.3732],[3.8946,44.3703],[3.8946,44.373],[3.8913,44.3719],[3.8883,44.3843],[3.8861,44.3837],[3.8867,44.3778],[3.8804,44.3817],[3.8801,44.3801],[3.8748,44.3784],[3.8728,44.3798],[3.8735,44.3805],[3.871,44.3808],[3.8714,44.3858],[3.8684,44.3853],[3.8674,44.3881],[3.8663,44.388],[3.8671,44.3824],[3.863,44.38],[3.8666,44.3756],[3.8673,44.3697],[3.8558,44.3661],[3.8557,44.3679],[3.8443,44.3728],[3.8413,44.3719],[3.8418,44.3679],[3.8405,44.367],[3.8357,44.3655],[3.8356,44.364],[3.8292,44.3632],[3.8222,44.373],[3.8243,44.3769],[3.8284,44.3746],[3.8303,44.3757],[3.8333,44.3742],[3.8333,44.3758],[3.8342,44.3752],[3.8389,44.3792],[3.8419,44.38],[3.8573,44.3785],[3.8594,44.3825],[3.8544,44.3827],[3.8526,44.3811],[3.8572,44.3809],[3.8567,44.3797],[3.8514,44.38],[3.8519,44.3848],[3.8535,44.3832],[3.8603,44.3836],[3.8558,44.3854],[3.8619,44.3845],[3.8623,44.3865],[3.8556,44.3874],[3.8523,44.3854],[3.8536,44.3889],[3.8486,44.3892],[3.8471,44.3872],[3.8422,44.3889],[3.8402,44.3902],[3.8411,44.3935],[3.8354,44.3939],[3.8279,44.3914],[3.8277,44.3994],[3.8249,44.4031],[3.8258,44.4058],[3.8239,44.4074],[3.8227,44.4127],[3.8246,44.4147],[3.8142,44.4173],[3.8071,44.4173],[3.8074,44.4185],[3.8029,44.4195],[3.7972,44.4196],[3.7919,44.4173],[3.7889,44.4184],[3.7907,44.4284],[3.7897,44.4298],[3.794,44.4311],[3.7918,44.4345],[3.7966,44.4426],[3.795,44.4464],[3.7997,44.4463],[3.8012,44.448],[3.8011,44.4429],[3.8031,44.4371],[3.8025,44.4294],[3.8108,44.4284],[3.8101,44.4263],[3.8166,44.4238],[3.8312,44.4207],[3.8381,44.4155],[3.8422,44.4158],[3.8414,44.4175],[3.8434,44.4189],[3.8444,44.4238],[3.8404,44.4373],[3.8473,44.4344],[3.8511,44.4291],[3.8549,44.4275],[3.8573,44.4299],[3.8615,44.4272],[3.8635,44.4277],[3.8636,44.4296],[3.8617,44.43],[3.8662,44.4309],[3.8661,44.4295],[3.8757,44.4247],[3.8762,44.4196],[3.8589,44.4189],[3.855,44.4137],[3.8647,44.4137],[3.8695,44.4122],[3.868,44.409],[3.8625,44.4066],[3.8683,44.4034],[3.8635,44.4013],[3.864,44.3994],[3.8746,44.3997],[3.8752,44.4028],[3.8774,44.4026],[3.8774,44.4008],[3.8815,44.3981],[3.8841,44.3983],[3.8916,44.3948],[3.8914,44.3922]]],[[[3.7607,44.4219],[3.7592,44.4211],[3.7554,44.4246],[3.7457,44.4269],[3.7391,44.426],[3.7273,44.4299],[3.6937,44.4338],[3.6991,44.4397],[3.6965,44.443],[3.6998,44.4428],[3.6994,44.4448],[3.7033,44.4446],[3.7027,44.4485],[3.7057,44.447],[3.7059,44.448],[3.7251,44.4459],[3.7304,44.4426],[3.735,44.4355],[3.7401,44.435],[3.7411,44.4367],[3.7394,44.4407],[3.7398,44.4437],[3.7412,44.4461],[3.7445,44.4462],[3.7473,44.4499],[3.7471,44.4473],[3.7514,44.442],[3.7533,44.4355],[3.7561,44.4334],[3.7642,44.4318],[3.7653,44.4304],[3.7644,44.4277],[3.7653,44.425],[3.7684,44.4241],[3.7607,44.4219]]]]}},{"type":"Feature","properties":{"id":"F15839E","nom":"Forêt sectionale des Maurels","dep":"48","dom":false,"essence":"autre","substrat":"acide","elev":1346,"slopeDeg":2.9,"aspect":23},"geometry":{"type":"Polygon","coordinates":[[[3.7231,44.6128],[3.7182,44.6145],[3.7198,44.6169],[3.7255,44.6149],[3.7231,44.6128]]]}},{"type":"Feature","properties":{"id":"F15841G","nom":"Forêt sectionale de l'Herm","dep":"48","dom":false,"essence":"conifere","substrat":"acide","elev":1036,"slopeDeg":8.9,"aspect":84},"geometry":{"type":"MultiPolygon","coordinates":[[[[3.8303,44.6772],[3.8218,44.6788],[3.8259,44.6787],[3.8278,44.6824],[3.83,44.6822],[3.8325,44.6804],[3.8303,44.6772]]],[[[3.8316,44.6899],[3.8325,44.6918],[3.8332,44.6886],[3.8297,44.6849],[3.8315,44.6863],[3.8316,44.6899]]]]}},{"type":"Feature","properties":{"id":"F15842H","nom":"Forêt sectionale de Longviala","dep":"48","dom":false,"essence":"conifere","substrat":"calcaire","elev":958,"slopeDeg":2.3,"aspect":10},"geometry":{"type":"Polygon","coordinates":[[[3.1229,44.37],[3.1225,44.3735],[3.1277,44.3729],[3.1251,44.3709],[3.1347,44.3677],[3.1343,44.3629],[3.1359,44.362],[3.1405,44.3653],[3.1386,44.3625],[3.1401,44.3599],[3.139,44.3582],[3.1351,44.3586],[3.1341,44.3603],[3.1324,44.3571],[3.1243,44.3606],[3.1236,44.3625],[3.121,44.3618],[3.1194,44.3648],[3.1229,44.37]]]}},{"type":"Feature","properties":{"id":"F15852R","nom":"Forêt sectionale de Mallecombes","dep":"48","dom":false,"essence":"autre","substrat":"acide","elev":1296,"slopeDeg":7.2,"aspect":239},"geometry":{"type":"Polygon","coordinates":[[[3.7782,44.5066],[3.778,44.5129],[3.7823,44.5141],[3.7797,44.5115],[3.7782,44.5066]]]}},{"type":"Feature","properties":{"id":"F15846L","nom":"Forêt sectionale du Mont De Chaudeyrac","dep":"48","dom":false,"essence":"autre","substrat":"acide","elev":1231,"slopeDeg":1.7,"aspect":29},"geometry":{"type":"Polygon","coordinates":[[[3.7333,44.6732],[3.7309,44.6741],[3.7337,44.6754],[3.7352,44.6745],[3.7333,44.6732]]]}},{"type":"Feature","properties":{"id":"F15847M","nom":"Forêt sectionale d'Ancette","dep":"48","dom":false,"essence":"conifere","substrat":"acide","elev":1203,"slopeDeg":0.6,"aspect":32},"geometry":{"type":"MultiPolygon","coordinates":[[[[3.6213,44.8156],[3.6235,44.8142],[3.6234,44.8123],[3.6206,44.8114],[3.6197,44.8137],[3.6213,44.8156]]],[[[3.6077,44.814],[3.6056,44.8146],[3.6057,44.8161],[3.6089,44.8148],[3.6077,44.814]]]]}},{"type":"Feature","properties":{"id":"F15848N","nom":"Forêt communale de Serverette","dep":"48","dom":false,"essence":"conifere","substrat":"acide","elev":1058,"slopeDeg":3.9,"aspect":30},"geometry":{"type":"Polygon","coordinates":[[[3.3881,44.6735],[3.3797,44.6727],[3.3717,44.6751],[3.3713,44.685],[3.3778,44.6882],[3.377,44.6839],[3.3789,44.6821],[3.3796,44.6786],[3.3806,44.6776],[3.3859,44.6786],[3.3889,44.6746],[3.3881,44.6735]]]}},{"type":"Feature","properties":{"id":"F15849O","nom":"Forêt communale du C.C.A.S. De Fontans","dep":"48","dom":false,"essence":"conifere","substrat":"acide","elev":1034,"slopeDeg":2.6,"aspect":211},"geometry":{"type":"MultiPolygon","coordinates":[[[[3.3573,44.7298],[3.3546,44.7286],[3.3521,44.7298],[3.3503,44.7286],[3.3495,44.7316],[3.3573,44.7298]]],[[[3.4107,44.7464],[3.4077,44.7489],[3.407,44.7522],[3.4089,44.7522],[3.4086,44.7494],[3.4124,44.749],[3.4107,44.7464]]],[[[3.3475,44.7476],[3.3441,44.7452],[3.343,44.748],[3.3491,44.748],[3.3475,44.7476]]],[[[3.4168,44.7522],[3.4167,44.7512],[3.4145,44.7519],[3.4172,44.7535],[3.4191,44.7525],[3.4168,44.7522]]],[[[3.4168,44.7553],[3.4158,44.7567],[3.4202,44.7555],[3.4193,44.7538],[3.4168,44.7553]]],[[[3.4037,44.7515],[3.403,44.7542],[3.4059,44.7545],[3.4039,44.7538],[3.405,44.7521],[3.4037,44.7515]]]]}},{"type":"Feature","properties":{"id":"F15850P","nom":"Forêt sectionale de Belvezet Et La-Vialle Et La-Vialette Et Les-Moulins","dep":"48","dom":false,"essence":"conifere","substrat":"calcaire","elev":1193,"slopeDeg":0.5,"aspect":77},"geometry":{"type":"MultiPolygon","coordinates":[[[[3.7426,44.5407],[3.742,44.5378],[3.7404,44.5391],[3.7372,44.539],[3.7314,44.546],[3.7333,44.5478],[3.7374,44.5452],[3.7387,44.5466],[3.7451,44.5464],[3.7456,44.5445],[3.7426,44.5407]]],[[[3.7517,44.5911],[3.7535,44.5948],[3.7571,44.5967],[3.7612,44.5895],[3.7542,44.5863],[3.7504,44.5879],[3.7517,44.5911]]],[[[3.7833,44.5923],[3.7743,44.5932],[3.7749,44.5976],[3.7821,44.5992],[3.7833,44.5923]]],[[[3.7692,44.5365],[3.7691,44.5348],[3.7595,44.5364],[3.7587,44.5428],[3.7632,44.5416],[3.7692,44.5365]]],[[[3.7197,44.5775],[3.715,44.5753],[3.7128,44.5777],[3.7155,44.5796],[3.7197,44.5775]]]]}},{"type":"Feature","properties":{"id":"F15853S","nom":"Forêt sectionale de Recoules Et Recoulettes Et Rescos","dep":"48","dom":false,"essence":"feuillu","substrat":"neutre","elev":1158,"slopeDeg":7.6,"aspect":94},"geometry":{"type":"Polygon","coordinates":[[[2.9978,44.673],[3.0032,44.6728],[3.0016,44.6707],[3.0035,44.6692],[3.0045,44.6709],[3.0095,44.6721],[3.0087,44.6747],[3.0113,44.6729],[3.01,44.6706],[3.0137,44.6723],[3.0167,44.6701],[3.0186,44.6708],[3.0156,44.6637],[3.0105,44.6631],[3.0128,44.6656],[3.0104,44.6661],[3.0094,44.6705],[3.0063,44.6696],[3.0052,44.6658],[3.0025,44.6672],[3.0002,44.6663],[2.9956,44.6703],[2.9978,44.673]]]}},{"type":"Feature","properties":{"id":"F15854T","nom":"Forêt sectionale de Saint-Jean-De-Chazorne","dep":"48","dom":false,"essence":"conifere","substrat":"acide","elev":913,"slopeDeg":1.8,"aspect":129},"geometry":{"type":"Polygon","coordinates":[[[3.9694,44.5072],[3.9685,44.5029],[3.9729,44.493],[3.9715,44.4903],[3.9627,44.4957],[3.9665,44.497],[3.9644,44.5006],[3.9597,44.5035],[3.9622,44.5089],[3.9699,44.5084],[3.9694,44.5072]]]}},{"type":"Feature","properties":{"id":"F15856V","nom":"Forêt sectionale de Sepches","dep":"48","dom":false,"essence":"autre","substrat":"acide","elev":1067,"slopeDeg":0.3,"aspect":313},"geometry":{"type":"Polygon","coordinates":[[[3.4016,44.7532],[3.403,44.7535],[3.4035,44.7519],[3.3999,44.7523],[3.4016,44.7532]]]}},{"type":"Feature","properties":{"id":"F15857W","nom":"Forêt communale de Saint-Etienne-Du-Valdonnez","dep":"48","dom":false,"essence":"conifere","substrat":"acide","elev":1019,"slopeDeg":18.4,"aspect":270},"geometry":{"type":"Polygon","coordinates":[[[3.5693,44.4483],[3.5676,44.4484],[3.5673,44.4522],[3.5701,44.4512],[3.5693,44.4483]]]}},{"type":"Feature","properties":{"id":"F15871K","nom":"Forêt sectionale du Bacon","dep":"48","dom":false,"essence":"conifere","substrat":"acide","elev":1163,"slopeDeg":0.4,"aspect":12},"geometry":{"type":"Polygon","coordinates":[[[3.1993,44.8559],[3.2015,44.8524],[3.195,44.8488],[3.1902,44.8489],[3.1899,44.8517],[3.1916,44.8546],[3.1993,44.8559]]]}},{"type":"Feature","properties":{"id":"F15936X","nom":"Forêt sectionale de Civeyrac","dep":"48","dom":false,"essence":"mixte","substrat":"acide","elev":1059,"slopeDeg":4.6,"aspect":81},"geometry":{"type":"Polygon","coordinates":[[[3.2974,44.8326],[3.2996,44.8317],[3.2989,44.8304],[3.2971,44.8312],[3.2974,44.8326]]]}},{"type":"Feature","properties":{"id":"F15858X","nom":"Forêt sectionale de Saint-Flour-De-Mercoire","dep":"48","dom":false,"essence":"conifere","substrat":"acide","elev":1077,"slopeDeg":4.5,"aspect":68},"geometry":{"type":"MultiPolygon","coordinates":[[[[3.8133,44.6928],[3.8152,44.6935],[3.8181,44.6829],[3.8154,44.6802],[3.8136,44.6827],[3.8099,44.6826],[3.811,44.6872],[3.8084,44.6868],[3.8087,44.6887],[3.8133,44.6928]]],[[[3.834,44.6912],[3.8329,44.6954],[3.8351,44.6949],[3.8366,44.6968],[3.8372,44.6904],[3.8399,44.6891],[3.8382,44.6885],[3.834,44.6912]]]]}},{"type":"Feature","properties":{"id":"F15859Y","nom":"Forêt sectionale de Villeneuve","dep":"48","dom":false,"essence":"autre","substrat":"acide","elev":1333,"slopeDeg":4,"aspect":21},"geometry":{"type":"MultiPolygon","coordinates":[[[[3.7485,44.6039],[3.7417,44.6037],[3.7421,44.6062],[3.7405,44.6077],[3.7437,44.6069],[3.7487,44.6089],[3.7549,44.6079],[3.7563,44.6141],[3.7555,44.6187],[3.7591,44.6209],[3.7623,44.6196],[3.7658,44.6156],[3.7702,44.6082],[3.7704,44.6067],[3.7485,44.6039]]],[[[3.7363,44.6062],[3.7371,44.6037],[3.731,44.6041],[3.7363,44.6062]]]]}},{"type":"Feature","properties":{"id":"F15861A","nom":"Forêt sectionale de la Piguière","dep":"48","dom":false,"essence":"conifere","substrat":"calcaire","elev":886,"slopeDeg":6.5,"aspect":85},"geometry":{"type":"Polygon","coordinates":[[[3.2278,44.3691],[3.2278,44.3679],[3.2246,44.3668],[3.2214,44.368],[3.2214,44.3712],[3.2193,44.3734],[3.2205,44.3754],[3.2193,44.3786],[3.2212,44.3774],[3.2204,44.3791],[3.2237,44.3794],[3.2255,44.3813],[3.227,44.3793],[3.2284,44.3816],[3.2316,44.38],[3.2321,44.3768],[3.2287,44.3757],[3.2317,44.3761],[3.2323,44.3745],[3.2293,44.3741],[3.2311,44.3722],[3.2283,44.372],[3.2283,44.3702],[3.23,44.3714],[3.2278,44.3691]]]}},{"type":"Feature","properties":{"id":"F15862B","nom":"Forêt sectionale de Montbrun Et Cros-Garnon Et Cavaladette","dep":"48","dom":false,"essence":"feuillu","substrat":"calcaire","elev":993,"slopeDeg":3.3,"aspect":187},"geometry":{"type":"MultiPolygon","coordinates":[[[[3.4806,44.3016],[3.4819,44.3047],[3.4864,44.3059],[3.4864,44.3075],[3.4881,44.3081],[3.4873,44.3105],[3.4882,44.315],[3.4856,44.3172],[3.4862,44.3187],[3.493,44.3192],[3.4927,44.3177],[3.4943,44.3161],[3.5037,44.3184],[3.5049,44.3152],[3.4976,44.3132],[3.4981,44.3145],[3.4969,44.3148],[3.4959,44.3138],[3.4974,44.3132],[3.4902,44.3126],[3.4909,44.3089],[3.4941,44.3065],[3.4931,44.3029],[3.4889,44.2989],[3.488,44.2961],[3.4922,44.2892],[3.4843,44.2875],[3.4823,44.2953],[3.4715,44.2932],[3.4725,44.2965],[3.4783,44.2975],[3.4806,44.3016]]],[[[3.5218,44.3203],[3.5262,44.3168],[3.5242,44.3143],[3.5203,44.316],[3.5218,44.3203]]],[[[3.5078,44.3258],[3.5042,44.3262],[3.5084,44.3276],[3.5125,44.3253],[3.5078,44.3258]]]]}},{"type":"Feature","properties":{"id":"F15863C","nom":"Forêt communale de Saint-Juéry","dep":"48","dom":false,"essence":"conifere","substrat":"acide","elev":1042,"slopeDeg":3.9,"aspect":182},"geometry":{"type":"Polygon","coordinates":[[[3.0746,44.834],[3.0729,44.8345],[3.0765,44.8361],[3.0823,44.8313],[3.0794,44.8278],[3.0759,44.8267],[3.0747,44.8293],[3.0775,44.8306],[3.0741,44.831],[3.0753,44.8327],[3.0746,44.834]]]}},{"type":"Feature","properties":{"id":"F15864D","nom":"Forêt sectionale de Rouges-Parets Et Les-Abrits Et Teissonières","dep":"48","dom":false,"essence":"autre","substrat":"calcaire","elev":800,"slopeDeg":1.7,"aspect":181},"geometry":{"type":"MultiPolygon","coordinates":[[[[3.2389,44.3868],[3.2405,44.3881],[3.2393,44.3907],[3.2411,44.3928],[3.2424,44.3902],[3.2417,44.3875],[3.2388,44.3856],[3.2348,44.3853],[3.2389,44.3868]]],[[[3.2297,44.3851],[3.225,44.3839],[3.2236,44.3852],[3.2305,44.3873],[3.231,44.3855],[3.2297,44.3851]]]]}},{"type":"Feature","properties":{"id":"F15865E","nom":"Forêt sectionale de Cabrunas Et Pougnadoires","dep":"48","dom":false,"essence":"autre","substrat":"calcaire","elev":838,"slopeDeg":1.9,"aspect":143},"geometry":{"type":"Polygon","coordinates":[[[3.3686,44.3598],[3.3716,44.3563],[3.3669,44.3563],[3.3628,44.3632],[3.3683,44.365],[3.3696,44.3669],[3.3727,44.3647],[3.3728,44.3599],[3.3656,44.3643],[3.3686,44.3598]]]}},{"type":"Feature","properties":{"id":"F15866F","nom":"Forêt sectionale de la Fage D'Arzenc-De-Randon","dep":"48","dom":false,"essence":"autre","substrat":"acide","elev":1431,"slopeDeg":1.8,"aspect":17},"geometry":{"type":"Polygon","coordinates":[[[3.6109,44.6198],[3.6151,44.624],[3.6187,44.6138],[3.6131,44.6137],[3.6109,44.6198]]]}},{"type":"Feature","properties":{"id":"F15867G","nom":"Forêt sectionale du Massegros Et Inos","dep":"48","dom":false,"essence":"autre","substrat":"calcaire","elev":890,"slopeDeg":2.4,"aspect":294},"geometry":{"type":"MultiPolygon","coordinates":[[[[3.1447,44.2908],[3.1419,44.291],[3.1395,44.2958],[3.1416,44.2971],[3.145,44.2941],[3.1471,44.2888],[3.1501,44.2861],[3.1435,44.2824],[3.1417,44.2896],[3.1447,44.2908]]],[[[3.1608,44.2903],[3.1609,44.2832],[3.1583,44.2826],[3.1541,44.2851],[3.1608,44.2903]]]]}},{"type":"Feature","properties":{"id":"F15868H","nom":"Forêt sectionale de la Roche","dep":"48","dom":false,"essence":"autre","substrat":"acide","elev":1286,"slopeDeg":6.8,"aspect":268},"geometry":{"type":"Polygon","coordinates":[[[3.4623,44.8142],[3.4603,44.8148],[3.4601,44.8183],[3.4677,44.8193],[3.4707,44.8176],[3.47,44.8152],[3.4752,44.8148],[3.4767,44.8127],[3.4636,44.8085],[3.4593,44.812],[3.4595,44.8132],[3.463,44.8115],[3.4617,44.8125],[3.4633,44.8134],[3.4623,44.8142]]]}},{"type":"Feature","properties":{"id":"F15870J","nom":"Forêt communale de Florac-Trois-Rivières-Florac","dep":"48","dom":false,"essence":"autre","substrat":"calcaire","elev":622,"slopeDeg":14.8,"aspect":55},"geometry":{"type":"Polygon","coordinates":[[[3.5931,44.3226],[3.5951,44.3213],[3.5917,44.3192],[3.5884,44.3219],[3.5928,44.3224],[3.593,44.3215],[3.5931,44.3226]]]}},{"type":"Feature","properties":{"id":"F15872L","nom":"Forêt sectionale de Gourgons","dep":"48","dom":false,"essence":"conifere","substrat":"acide","elev":1299,"slopeDeg":2.9,"aspect":184},"geometry":{"type":"Polygon","coordinates":[[[3.646,44.5962],[3.6578,44.589],[3.6568,44.587],[3.6492,44.5854],[3.6476,44.5874],[3.6445,44.5881],[3.6383,44.6008],[3.6344,44.6044],[3.643,44.6008],[3.6452,44.6018],[3.6421,44.6021],[3.6411,44.6034],[3.6423,44.6046],[3.6308,44.611],[3.6355,44.6118],[3.6493,44.6029],[3.648,44.6016],[3.6499,44.6009],[3.6478,44.599],[3.6459,44.5978],[3.6423,44.5982],[3.6418,44.5948],[3.6431,44.5918],[3.645,44.5928],[3.6446,44.5949],[3.646,44.5962]]]}},{"type":"Feature","properties":{"id":"F15874N","nom":"Forêt sectionale des Faux De Saint-Alban-Sur-Limagnole","dep":"48","dom":false,"essence":"conifere","substrat":"acide","elev":1210,"slopeDeg":5.3,"aspect":328},"geometry":{"type":"Polygon","coordinates":[[[3.4547,44.7933],[3.4561,44.7905],[3.4432,44.7924],[3.4328,44.7906],[3.4319,44.7958],[3.429,44.7954],[3.4279,44.7966],[3.4297,44.7998],[3.4291,44.8015],[3.4309,44.8027],[3.4294,44.8037],[3.4337,44.8042],[3.4336,44.8016],[3.4375,44.7982],[3.4375,44.7951],[3.4443,44.7985],[3.4547,44.7933]]]}},{"type":"Feature","properties":{"id":"F15937Y","nom":"Forêt sectionale de la Fage De Lachamp","dep":"48","dom":false,"essence":"conifere","substrat":"acide","elev":1044,"slopeDeg":6.9,"aspect":173},"geometry":{"type":"Polygon","coordinates":[[[3.3686,44.6221],[3.3684,44.6199],[3.3651,44.6231],[3.3658,44.6271],[3.368,44.6264],[3.3686,44.6221]]]}},{"type":"Feature","properties":{"id":"F15879S","nom":"Forêt sectionale de la Vayssière De Rieutort-De-Randon","dep":"48","dom":false,"essence":"conifere","substrat":"acide","elev":1191,"slopeDeg":0.7,"aspect":224},"geometry":{"type":"Polygon","coordinates":[[[3.4088,44.6279],[3.4103,44.6263],[3.4143,44.6271],[3.4157,44.6248],[3.4145,44.6255],[3.4133,44.6238],[3.4153,44.6207],[3.4021,44.6235],[3.4088,44.6279]]]}},{"type":"Feature","properties":{"id":"F15886Z","nom":"Forêt sectionale de Courbepeyre","dep":"48","dom":false,"essence":"conifere","substrat":"acide","elev":1050,"slopeDeg":3.7,"aspect":281},"geometry":{"type":"MultiPolygon","coordinates":[[[[3.1194,44.8321],[3.1179,44.8357],[3.1218,44.8331],[3.122,44.8347],[3.1245,44.8347],[3.1276,44.8376],[3.1311,44.8374],[3.1283,44.8362],[3.1281,44.8337],[3.1194,44.8321]]],[[[3.1038,44.8353],[3.1043,44.8333],[3.0995,44.8336],[3.1038,44.8353]]]]}},{"type":"Feature","properties":{"id":"F15888B","nom":"Forêt sectionale du Fromental","dep":"48","dom":false,"essence":"conifere","substrat":"acide","elev":1392,"slopeDeg":1.5,"aspect":223},"geometry":{"type":"MultiPolygon","coordinates":[[[[3.1387,44.5651],[3.1438,44.5622],[3.1466,44.5485],[3.1421,44.5541],[3.1375,44.5541],[3.1351,44.5577],[3.1252,44.5628],[3.1228,44.5674],[3.131,44.5695],[3.1305,44.5828],[3.1324,44.5847],[3.1351,44.5842],[3.1364,44.5817],[3.141,44.5806],[3.1366,44.572],[3.1387,44.5709],[3.1403,44.5674],[3.1387,44.5651]]],[[[3.1388,44.5491],[3.1398,44.5494],[3.1407,44.5459],[3.1383,44.5484],[3.1361,44.5485],[3.1388,44.5491]]]]}},{"type":"Feature","properties":{"id":"F15891E","nom":"Forêt sectionale de Nojaret","dep":"48","dom":false,"essence":"conifere","substrat":"calcaire","elev":897,"slopeDeg":10.1,"aspect":343},"geometry":{"type":"MultiPolygon","coordinates":[[[[3.5773,44.5164],[3.5728,44.5187],[3.5659,44.5194],[3.5664,44.5224],[3.5754,44.5182],[3.5817,44.5172],[3.581,44.5154],[3.5773,44.5164]]],[[[3.5913,44.5334],[3.5903,44.5343],[3.5924,44.5359],[3.596,44.535],[3.5917,44.5322],[3.5913,44.5334]]],[[[3.5832,44.5281],[3.5841,44.527],[3.5806,44.5264],[3.5807,44.5283],[3.5832,44.5281]]]]}},{"type":"Feature","properties":{"id":"F15892F","nom":"Forêt sectionale du Marguefré","dep":"48","dom":false,"essence":"conifere","substrat":"calcaire","elev":789,"slopeDeg":4.5,"aspect":275},"geometry":{"type":"MultiPolygon","coordinates":[[[[3.2712,44.3851],[3.2701,44.3815],[3.2635,44.3769],[3.2606,44.3765],[3.2592,44.3794],[3.2546,44.382],[3.2461,44.3815],[3.2469,44.384],[3.2489,44.3844],[3.2492,44.387],[3.2507,44.3867],[3.25,44.3846],[3.2511,44.3859],[3.2515,44.385],[3.2511,44.3823],[3.2533,44.386],[3.2546,44.3849],[3.2576,44.3863],[3.2554,44.3857],[3.2551,44.3882],[3.2582,44.3895],[3.2548,44.39],[3.2534,44.3923],[3.2519,44.3917],[3.2531,44.3935],[3.2563,44.3938],[3.2524,44.3958],[3.2496,44.3948],[3.2464,44.3978],[3.2554,44.396],[3.2584,44.3971],[3.2571,44.3939],[3.2591,44.3946],[3.2619,44.3916],[3.2693,44.3911],[3.2708,44.388],[3.2662,44.3894],[3.271,44.3875],[3.2712,44.3861],[3.2698,44.3863],[3.2712,44.3851]]],[[[3.2433,44.383],[3.2418,44.3832],[3.241,44.3808],[3.2428,44.382],[3.246,44.3808],[3.2448,44.3777],[3.2418,44.3777],[3.2386,44.3856],[3.242,44.3879],[3.2411,44.3928],[3.2479,44.3952],[3.2499,44.3924],[3.2489,44.3909],[3.2434,44.3923],[3.2425,44.3912],[3.2451,44.3905],[3.2442,44.3898],[3.2456,44.3891],[3.2453,44.3877],[3.2475,44.3876],[3.2448,44.382],[3.2439,44.3827],[3.2452,44.3861],[3.2433,44.383]]]]}},{"type":"Feature","properties":{"id":"F15889C","nom":"Forêt sectionale du Liconès","dep":"48","dom":false,"essence":"conifere","substrat":"acide","elev":1309,"slopeDeg":5.2,"aspect":194},"geometry":{"type":"MultiPolygon","coordinates":[[[[3.3592,44.9088],[3.3567,44.9088],[3.3847,44.9243],[3.3869,44.9222],[3.3901,44.9251],[3.3916,44.9232],[3.3803,44.9173],[3.3668,44.9051],[3.3642,44.9066],[3.3619,44.9058],[3.3632,44.9079],[3.3592,44.9088]]],[[[3.3477,44.9019],[3.3492,44.9043],[3.351,44.9028],[3.3482,44.9008],[3.3472,44.9009],[3.3477,44.9019]]]]}},{"type":"Feature","properties":{"id":"F15890D","nom":"Forêt sectionale de La-Vacheresse Et Le-Villard-Grand","dep":"48","dom":false,"essence":"autre","substrat":"acide","elev":1275,"slopeDeg":8,"aspect":276},"geometry":{"type":"Polygon","coordinates":[[[3.3553,44.9472],[3.3565,44.9447],[3.3557,44.9428],[3.3501,44.9444],[3.3565,44.9492],[3.3553,44.9472]]]}},{"type":"Feature","properties":{"id":"F15894H","nom":"Forêt communale de Mende","dep":"48","dom":false,"essence":"conifere","substrat":"acide","elev":1210,"slopeDeg":5.1,"aspect":126},"geometry":{"type":"Polygon","coordinates":[[[3.4495,44.5663],[3.4483,44.5728],[3.4538,44.5756],[3.4537,44.5706],[3.4568,44.568],[3.4559,44.5643],[3.4539,44.5644],[3.4528,44.5617],[3.4504,44.5623],[3.4488,44.564],[3.4495,44.5663]]]}},{"type":"Feature","properties":{"id":"F15895I","nom":"Forêt sectionale de Barre-Des-Cévennes","dep":"48","dom":false,"essence":"feuillu","substrat":"acide","elev":946,"slopeDeg":0.6,"aspect":172},"geometry":{"type":"Polygon","coordinates":[[[3.6819,44.2376],[3.6776,44.2325],[3.6725,44.2319],[3.6655,44.2335],[3.6686,44.2371],[3.6667,44.2392],[3.6688,44.24],[3.6679,44.2409],[3.6694,44.2432],[3.6675,44.2454],[3.6731,44.2517],[3.6848,44.2496],[3.6852,44.2449],[3.691,44.2421],[3.6888,44.239],[3.6846,44.2394],[3.6819,44.2376]]]}},{"type":"Feature","properties":{"id":"F15899M","nom":"Forêt sectionale de Venède","dep":"48","dom":false,"essence":"mixte","substrat":"calcaire","elev":840,"slopeDeg":6.3,"aspect":319},"geometry":{"type":"Polygon","coordinates":[[[3.5214,44.4802],[3.522,44.4763],[3.5237,44.4744],[3.5182,44.4757],[3.5211,44.4764],[3.5214,44.4788],[3.5175,44.4775],[3.5154,44.4793],[3.5214,44.4802]]]}},{"type":"Feature","properties":{"id":"F15900N","nom":"Forêt sectionale de Saint-Sauveur-De-Ginestoux","dep":"48","dom":false,"essence":"conifere","substrat":"acide","elev":1445,"slopeDeg":2.2,"aspect":15},"geometry":{"type":"Polygon","coordinates":[[[3.5682,44.6987],[3.5773,44.704],[3.5815,44.7037],[3.5783,44.6988],[3.5713,44.6967],[3.5682,44.6987]]]}},{"type":"Feature","properties":{"id":"F15896J","nom":"Forêt sectionale de Brunaves","dep":"48","dom":false,"essence":"conifere","substrat":"calcaire","elev":836,"slopeDeg":3,"aspect":138},"geometry":{"type":"Polygon","coordinates":[[[3.3051,44.399],[3.3042,44.4],[3.3068,44.4008],[3.3057,44.4008],[3.3051,44.4048],[3.3087,44.406],[3.3125,44.4054],[3.3168,44.4074],[3.3147,44.4061],[3.3168,44.4064],[3.3161,44.4034],[3.3143,44.4038],[3.3137,44.4022],[3.3123,44.4031],[3.3111,44.4019],[3.3135,44.4016],[3.3142,44.4],[3.3122,44.3976],[3.3102,44.3966],[3.3113,44.3981],[3.3072,44.3977],[3.3051,44.399]]]}},{"type":"Feature","properties":{"id":"F15897K","nom":"Forêt sectionale de Florensac","dep":"48","dom":false,"essence":"conifere","substrat":"acide","elev":1063,"slopeDeg":5.3,"aspect":95},"geometry":{"type":"MultiPolygon","coordinates":[[[[3.6727,44.8016],[3.6641,44.8055],[3.663,44.8048],[3.6644,44.8034],[3.6629,44.8033],[3.66,44.8061],[3.6648,44.8079],[3.676,44.8052],[3.6824,44.8064],[3.6869,44.8045],[3.6822,44.7999],[3.6824,44.8012],[3.6727,44.8016]]],[[[3.6639,44.8004],[3.6614,44.8006],[3.663,44.8022],[3.665,44.8011],[3.6639,44.8004]]]]}},{"type":"Feature","properties":{"id":"F15901O","nom":"Forêt domaniale des Laubies","dep":"48","dom":true,"essence":"conifere","substrat":"acide","elev":1416,"slopeDeg":8.1,"aspect":222},"geometry":{"type":"MultiPolygon","coordinates":[[[[3.6502,44.4345],[3.6439,44.4358],[3.6397,44.4335],[3.6354,44.4357],[3.641,44.4401],[3.6364,44.4402],[3.6352,44.4419],[3.6329,44.441],[3.6404,44.4519],[3.661,44.4454],[3.6649,44.4423],[3.659,44.4355],[3.6502,44.4345]]],[[[3.6256,44.4554],[3.6334,44.4541],[3.6219,44.4413],[3.62,44.4371],[3.6107,44.4361],[3.6215,44.4505],[3.6191,44.4574],[3.6256,44.4554]]]]}},{"type":"Feature","properties":{"id":"F15903Q","nom":"Forêt sectionale de la Pigeyre","dep":"48","dom":false,"essence":"feuillu","substrat":"acide","elev":1048,"slopeDeg":9.2,"aspect":71},"geometry":{"type":"Polygon","coordinates":[[[3.837,44.4476],[3.8359,44.4464],[3.8381,44.4463],[3.837,44.4438],[3.8345,44.4453],[3.834,44.4478],[3.8317,44.4474],[3.8352,44.4502],[3.837,44.4476]]]}},{"type":"Feature","properties":{"id":"F15911Y","nom":"Forêt communale de Bédouès-Cocurès-Cocurès","dep":"48","dom":false,"essence":"feuillu","substrat":"acide","elev":701,"slopeDeg":13.1,"aspect":316},"geometry":{"type":"Polygon","coordinates":[[[3.6331,44.3488],[3.6308,44.3535],[3.6361,44.3531],[3.6374,44.3503],[3.6389,44.3504],[3.6397,44.3439],[3.6331,44.3488]]]}},{"type":"Feature","properties":{"id":"F15904R","nom":"Forêt sectionale de Boirelac Et Chayla-D'Ance","dep":"48","dom":false,"essence":"conifere","substrat":"acide","elev":1232,"slopeDeg":5.4,"aspect":342},"geometry":{"type":"Polygon","coordinates":[[[3.5712,44.8102],[3.5742,44.8111],[3.574,44.812],[3.5762,44.8103],[3.5807,44.8123],[3.5768,44.8012],[3.5752,44.8011],[3.5753,44.8054],[3.5754,44.8065],[3.5775,44.8062],[3.5772,44.8089],[3.5757,44.8104],[3.5724,44.81],[3.5726,44.8088],[3.5712,44.8102]]]}},{"type":"Feature","properties":{"id":"F15906T","nom":"Forêt sectionale de Combret","dep":"48","dom":false,"essence":"mixte","substrat":"acide","elev":1071,"slopeDeg":5.9,"aspect":136},"geometry":{"type":"Polygon","coordinates":[[[3.1711,44.518],[3.1717,44.5238],[3.1733,44.5227],[3.1724,44.5212],[3.1736,44.5193],[3.1751,44.5207],[3.1789,44.5177],[3.1821,44.5174],[3.1791,44.5152],[3.182,44.5131],[3.1816,44.5117],[3.1781,44.5119],[3.1777,44.5131],[3.1794,44.5138],[3.1784,44.5148],[3.1756,44.5143],[3.1751,44.5129],[3.1773,44.5125],[3.1754,44.5097],[3.1681,44.5102],[3.1712,44.5144],[3.1711,44.518]]]}},{"type":"Feature","properties":{"id":"F15912Z","nom":"Forêt sectionale de Bac Clauzel  Montcamp Fraissinet  Perjuret Veygalier L'Hom","dep":"48","dom":false,"essence":"autre","substrat":"acide","elev":1015,"slopeDeg":11.8,"aspect":357},"geometry":{"type":"Polygon","coordinates":[[[3.5429,44.1938],[3.5393,44.1972],[3.5396,44.2026],[3.545,44.1939],[3.5443,44.193],[3.5429,44.1938]]]}},{"type":"Feature","properties":{"id":"F15913A","nom":"Forêt domaniale du Bramont","dep":"48","dom":true,"essence":"conifere","substrat":"acide","elev":941,"slopeDeg":11.7,"aspect":293},"geometry":{"type":"MultiPolygon","coordinates":[[[[3.5698,44.4507],[3.5724,44.4506],[3.5675,44.4522],[3.5696,44.4518],[3.571,44.4532],[3.5736,44.4511],[3.5738,44.4524],[3.5734,44.4553],[3.5698,44.4555],[3.5706,44.4563],[3.5786,44.4555],[3.5813,44.4576],[3.5772,44.4565],[3.5782,44.4575],[3.5873,44.4605],[3.5847,44.4583],[3.5883,44.4563],[3.5953,44.4596],[3.5834,44.4511],[3.579,44.4512],[3.5744,44.4465],[3.5714,44.4461],[3.5746,44.446],[3.5772,44.4421],[3.5784,44.4419],[3.5782,44.4434],[3.5806,44.4427],[3.5798,44.4398],[3.5754,44.4408],[3.5778,44.4398],[3.5814,44.4344],[3.5864,44.4324],[3.5859,44.4301],[3.5818,44.4329],[3.579,44.4311],[3.5665,44.4399],[3.5637,44.4403],[3.5603,44.4386],[3.5608,44.435],[3.557,44.4314],[3.5611,44.4295],[3.5575,44.4273],[3.5597,44.4218],[3.5513,44.4193],[3.5438,44.4189],[3.547,44.4218],[3.5562,44.4227],[3.5521,44.4268],[3.5536,44.4282],[3.5528,44.4303],[3.5563,44.4374],[3.5566,44.4412],[3.5578,44.4411],[3.5593,44.4441],[3.5573,44.4447],[3.5576,44.446],[3.5604,44.444],[3.564,44.4461],[3.5639,44.4477],[3.5691,44.4432],[3.565,44.4486],[3.5694,44.4484],[3.5698,44.4507]]],[[[3.5935,44.4702],[3.5933,44.4678],[3.5957,44.4657],[3.5944,44.4644],[3.5963,44.4638],[3.589,44.4632],[3.5865,44.4662],[3.587,44.4685],[3.5892,44.4687],[3.5888,44.4704],[3.5897,44.4693],[3.5935,44.4702]]],[[[3.582,44.4703],[3.5831,44.4704],[3.5845,44.4665],[3.5819,44.4671],[3.5798,44.4701],[3.582,44.4703]]]]}},{"type":"Feature","properties":{"id":"F15938Z","nom":"Forêt sectionale de Villechailles","dep":"48","dom":false,"essence":"autre","substrat":"acide","elev":979,"slopeDeg":12.1,"aspect":236},"geometry":{"type":"Polygon","coordinates":[[[3.3681,44.8457],[3.3641,44.8464],[3.3694,44.8476],[3.3722,44.8462],[3.3681,44.8457]]]}},{"type":"Feature","properties":{"id":"F15907U","nom":"Forêt sectionale de Ferluguet","dep":"48","dom":false,"essence":"feuillu","substrat":"acide","elev":1254,"slopeDeg":3.8,"aspect":253},"geometry":{"type":"MultiPolygon","coordinates":[[[[3.4748,44.7658],[3.4793,44.7643],[3.4824,44.7654],[3.4852,44.7645],[3.4852,44.7629],[3.4833,44.7634],[3.479,44.7609],[3.4779,44.7624],[3.473,44.7589],[3.4724,44.7578],[3.4742,44.7568],[3.4716,44.7563],[3.4693,44.7569],[3.4682,44.762],[3.4659,44.7615],[3.4618,44.7673],[3.4682,44.7676],[3.4693,44.7663],[3.4685,44.7652],[3.47,44.7643],[3.4719,44.7659],[3.4748,44.7658]]],[[[3.4967,44.7727],[3.493,44.772],[3.4909,44.7741],[3.4975,44.7734],[3.4967,44.7727]]]]}},{"type":"Feature","properties":{"id":"F15908V","nom":"Forêt sectionale des Fonts","dep":"48","dom":false,"essence":"feuillu","substrat":"calcaire","elev":868,"slopeDeg":9.7,"aspect":178},"geometry":{"type":"Polygon","coordinates":[[[3.4738,44.4747],[3.4733,44.4731],[3.4714,44.4726],[3.4739,44.4764],[3.4721,44.4792],[3.4759,44.4822],[3.4793,44.4785],[3.4738,44.4747]]]}},{"type":"Feature","properties":{"id":"F15909W","nom":"Forêt sectionale de Trélans Et Noubloux","dep":"48","dom":false,"essence":"autre","substrat":"acide","elev":1018,"slopeDeg":3.8,"aspect":45},"geometry":{"type":"Polygon","coordinates":[[[3.0926,44.4863],[3.0928,44.4851],[3.0873,44.4886],[3.0894,44.4909],[3.0926,44.4863]]]}},{"type":"Feature","properties":{"id":"F15910X","nom":"Forêt sectionale de Banassac","dep":"48","dom":false,"essence":"conifere","substrat":"calcaire","elev":588,"slopeDeg":6.1,"aspect":299},"geometry":{"type":"Polygon","coordinates":[[[3.1944,44.4272],[3.1926,44.4257],[3.1898,44.4264],[3.1943,44.4286],[3.1944,44.4272]]]}},{"type":"Feature","properties":{"id":"F15914B","nom":"Forêt sectionale de Laubert","dep":"48","dom":false,"essence":"conifere","substrat":"acide","elev":1349,"slopeDeg":1.9,"aspect":120},"geometry":{"type":"MultiPolygon","coordinates":[[[[3.6302,44.6178],[3.6336,44.618],[3.6323,44.6166],[3.6473,44.6133],[3.6372,44.612],[3.6308,44.6164],[3.6278,44.6168],[3.6139,44.6089],[3.6148,44.6109],[3.613,44.6138],[3.6172,44.6134],[3.6302,44.6178]]],[[[3.6348,44.6003],[3.6356,44.5993],[3.6318,44.5978],[3.6301,44.6026],[3.6323,44.6033],[3.6348,44.6003]]],[[[3.6253,44.611],[3.629,44.6104],[3.6284,44.6071],[3.6253,44.611]]]]}},{"type":"Feature","properties":{"id":"F15916D","nom":"Forêt sectionale du Sapet","dep":"48","dom":false,"essence":"autre","substrat":"acide","elev":1258,"slopeDeg":2.1,"aspect":358},"geometry":{"type":"Polygon","coordinates":[[[3.6463,44.7479],[3.6475,44.7464],[3.6412,44.7466],[3.6415,44.7483],[3.6463,44.7479]]]}},{"type":"Feature","properties":{"id":"F15918F","nom":"Forêt sectionale de Villevieille","dep":"48","dom":false,"essence":"conifere","substrat":"acide","elev":1208,"slopeDeg":3.5,"aspect":84},"geometry":{"type":"MultiPolygon","coordinates":[[[[3.7907,44.6749],[3.7933,44.6733],[3.792,44.6722],[3.789,44.6741],[3.7865,44.6708],[3.7843,44.6719],[3.7841,44.6732],[3.7867,44.6745],[3.7907,44.6749]]],[[[3.796,44.6761],[3.7923,44.6778],[3.7977,44.6783],[3.7964,44.6727],[3.7934,44.6741],[3.7958,44.6748],[3.796,44.6761]]]]}},{"type":"Feature","properties":{"id":"F15919G","nom":"Forêt sectionale du Domal","dep":"48","dom":false,"essence":"conifere","substrat":"calcaire","elev":852,"slopeDeg":2.3,"aspect":134},"geometry":{"type":"Polygon","coordinates":[[[3.2711,44.3825],[3.2713,44.3866],[3.2723,44.3849],[3.2725,44.3867],[3.2749,44.3862],[3.2745,44.3841],[3.2776,44.3845],[3.276,44.3859],[3.2784,44.3845],[3.2788,44.3855],[3.2849,44.3815],[3.2826,44.3751],[3.2796,44.3729],[3.2743,44.3718],[3.2739,44.3705],[3.2686,44.3697],[3.2635,44.3767],[3.2703,44.3818],[3.2749,44.3823],[3.2741,44.3834],[3.2711,44.3825]]]}},{"type":"Feature","properties":{"id":"F15920H","nom":"Forêt sectionale de Prades Et Nissoulogres Et Les Lacs Et Jouanas","dep":"48","dom":false,"essence":"conifere","substrat":"calcaire","elev":1046,"slopeDeg":2.6,"aspect":288},"geometry":{"type":"MultiPolygon","coordinates":[[[[3.4683,44.3956],[3.4683,44.3976],[3.4663,44.3986],[3.4665,44.3963],[3.4635,44.3963],[3.466,44.4001],[3.4692,44.4008],[3.475,44.3984],[3.4735,44.3971],[3.475,44.396],[3.4719,44.396],[3.4724,44.394],[3.4683,44.3956]]],[[[3.4568,44.3812],[3.4575,44.3806],[3.4532,44.381],[3.4541,44.3843],[3.4594,44.3884],[3.4598,44.3853],[3.4568,44.3812]]]]}},{"type":"Feature","properties":{"id":"F15922J","nom":"Forêt sectionale de Mialanes","dep":"48","dom":false,"essence":"conifere","substrat":"acide","elev":1178,"slopeDeg":6.5,"aspect":253},"geometry":{"type":"MultiPolygon","coordinates":[[[[3.4314,44.8612],[3.4126,44.8605],[3.4148,44.8614],[3.4131,44.8612],[3.4136,44.8641],[3.4099,44.8654],[3.4087,44.8681],[3.4296,44.869],[3.4314,44.8612]]],[[[3.3923,44.8627],[3.3913,44.8598],[3.3903,44.8634],[3.3941,44.866],[3.3951,44.865],[3.3923,44.8627]]]]}},{"type":"Feature","properties":{"id":"F15924L","nom":"Forêt communale d'Altier - Villespasses Et Valfournès","dep":"48","dom":false,"essence":"mixte","substrat":"acide","elev":1111,"slopeDeg":23.4,"aspect":48},"geometry":{"type":"Polygon","coordinates":[[[3.8605,44.4441],[3.8621,44.4383],[3.8636,44.438],[3.8614,44.4371],[3.8621,44.4356],[3.863,44.4349],[3.8647,44.4378],[3.8665,44.4368],[3.8648,44.4345],[3.8689,44.434],[3.8671,44.4357],[3.8694,44.4338],[3.867,44.4298],[3.8662,44.4309],[3.8614,44.4302],[3.8551,44.4346],[3.8476,44.444],[3.8506,44.4479],[3.8545,44.4489],[3.8536,44.4458],[3.8571,44.4457],[3.8544,44.4438],[3.8577,44.4426],[3.8587,44.4436],[3.8573,44.4447],[3.8605,44.4441]]]}},{"type":"Feature","properties":{"id":"F15925M","nom":"Forêt sectionale de la Vialette","dep":"48","dom":false,"essence":"conifere","substrat":"acide","elev":1186,"slopeDeg":3.4,"aspect":103},"geometry":{"type":"Polygon","coordinates":[[[3.3892,44.8509],[3.3914,44.8544],[3.3937,44.8505],[3.3892,44.8509]]]}},{"type":"Feature","properties":{"id":"F15939A","nom":"Forêt sectionale de la Rouvière De Saint-Alban-Sur-Limagnole","dep":"48","dom":false,"essence":"conifere","substrat":"acide","elev":1005,"slopeDeg":2.4,"aspect":220},"geometry":{"type":"MultiPolygon","coordinates":[[[[3.3545,44.7977],[3.3537,44.801],[3.3566,44.8045],[3.3593,44.8036],[3.3591,44.8015],[3.3561,44.7995],[3.3595,44.8008],[3.3604,44.7983],[3.3622,44.7979],[3.3616,44.795],[3.3598,44.7947],[3.3577,44.7972],[3.3545,44.7977]]],[[[3.3714,44.8016],[3.3727,44.8041],[3.3749,44.7994],[3.3701,44.8],[3.3697,44.801],[3.3714,44.8016]]]]}},{"type":"Feature","properties":{"id":"F15940B","nom":"Forêt sectionale du Bouchet Et Chadenet","dep":"48","dom":false,"essence":"conifere","substrat":"acide","elev":1065,"slopeDeg":11.9,"aspect":54},"geometry":{"type":"Polygon","coordinates":[[[3.6373,44.5052],[3.6359,44.5024],[3.6338,44.5036],[3.637,44.5064],[3.6373,44.5052]]]}},{"type":"Feature","properties":{"id":"F15941C","nom":"Forêt du C.C.A.S. De Grandrieu","dep":"48","dom":false,"essence":"conifere","substrat":"acide","elev":1165,"slopeDeg":5.3,"aspect":116},"geometry":{"type":"Polygon","coordinates":[[[3.6388,44.7967],[3.6413,44.7934],[3.636,44.7932],[3.6388,44.7967]]]}},{"type":"Feature","properties":{"id":"F15954P","nom":"Forêt communale de Prunières","dep":"48","dom":false,"essence":"autre","substrat":"acide","elev":948,"slopeDeg":5.8,"aspect":66},"geometry":{"type":"MultiPolygon","coordinates":[[[[3.3398,44.8391],[3.3385,44.8383],[3.3328,44.8419],[3.331,44.8445],[3.3322,44.8462],[3.3412,44.8408],[3.3398,44.8391]]],[[[3.3461,44.8388],[3.3478,44.8394],[3.347,44.8367],[3.3456,44.8365],[3.3461,44.8388]]]]}},{"type":"Feature","properties":{"id":"F15942D","nom":"Forêt sectionale de Puylaurent","dep":"48","dom":false,"essence":"feuillu","substrat":"acide","elev":1113,"slopeDeg":5.1,"aspect":65},"geometry":{"type":"MultiPolygon","coordinates":[[[[3.8874,44.5416],[3.8885,44.5381],[3.8855,44.5369],[3.8821,44.5416],[3.8849,44.5418],[3.8843,44.5428],[3.8795,44.5449],[3.8836,44.5461],[3.8874,44.5416]]],[[[3.8698,44.5455],[3.8678,44.5473],[3.8688,44.5488],[3.8741,44.5462],[3.8724,44.5439],[3.8698,44.5455]]]]}},{"type":"Feature","properties":{"id":"F15943E","nom":"Forêt sectionale de Rieisses","dep":"48","dom":false,"essence":"mixte","substrat":"calcaire","elev":579,"slopeDeg":18.3,"aspect":321},"geometry":{"type":"Polygon","coordinates":[[[3.2948,44.2968],[3.296,44.2983],[3.2985,44.2955],[3.3003,44.2954],[3.3008,44.2922],[3.2963,44.2917],[3.2943,44.2929],[3.2884,44.2911],[3.2788,44.2931],[3.2799,44.2953],[3.289,44.294],[3.2948,44.2968]]]}},{"type":"Feature","properties":{"id":"F15945G","nom":"Forêt sectionale de Luc","dep":"48","dom":false,"essence":"conifere","substrat":"acide","elev":1223,"slopeDeg":1.8,"aspect":148},"geometry":{"type":"Polygon","coordinates":[[[3.8632,44.6491],[3.8586,44.6481],[3.8567,44.6497],[3.871,44.6562],[3.8821,44.6571],[3.8839,44.655],[3.8789,44.6527],[3.8846,44.6499],[3.8822,44.6466],[3.8829,44.6439],[3.8845,44.644],[3.8849,44.6425],[3.8805,44.6447],[3.8676,44.6465],[3.8688,44.647],[3.8666,44.6487],[3.8632,44.6491]]]}},{"type":"Feature","properties":{"id":"F15959U","nom":"Forêt sectionale de Sainte-Enimie","dep":"48","dom":false,"essence":"autre","substrat":"calcaire","elev":1090,"slopeDeg":12.2,"aspect":297},"geometry":{"type":"MultiPolygon","coordinates":[[[[3.4275,44.3173],[3.4234,44.3198],[3.417,44.3178],[3.42,44.3197],[3.4212,44.3274],[3.4248,44.3261],[3.4254,44.3239],[3.424,44.3231],[3.428,44.3215],[3.4309,44.3157],[3.4282,44.3151],[3.4275,44.3173]]],[[[3.3937,44.375],[3.3969,44.3746],[3.3987,44.3727],[3.3906,44.3701],[3.3907,44.3735],[3.3935,44.3726],[3.3913,44.3759],[3.3937,44.375]]]]}},{"type":"Feature","properties":{"id":"F15947I","nom":"Forêt sectionale de Trébatut","dep":"48","dom":false,"essence":"feuillu","substrat":"acide","elev":1061,"slopeDeg":2,"aspect":112},"geometry":{"type":"MultiPolygon","coordinates":[[[[3.1679,44.51],[3.1663,44.5087],[3.1678,44.508],[3.1661,44.5081],[3.166,44.5103],[3.1635,44.5127],[3.1674,44.5141],[3.1711,44.5189],[3.1712,44.5144],[3.1679,44.51]]],[[[3.162,44.5487],[3.1638,44.5469],[3.1626,44.5462],[3.154,44.5489],[3.1548,44.5515],[3.162,44.5487]]]]}},{"type":"Feature","properties":{"id":"F15960V","nom":"Forêt sectionale de Sainte-Lucie","dep":"48","dom":false,"essence":"autre","substrat":"acide","elev":876,"slopeDeg":6.3,"aspect":114},"geometry":{"type":"Polygon","coordinates":[[[3.2883,44.6112],[3.2909,44.6098],[3.2886,44.6117],[3.2895,44.6124],[3.2938,44.6099],[3.2873,44.6077],[3.2894,44.6084],[3.2883,44.6112]]]}},{"type":"Feature","properties":{"id":"F15948J","nom":"Forêt sectionale de Vareilles De Lanuéjols","dep":"48","dom":false,"essence":"conifere","substrat":"acide","elev":1245,"slopeDeg":13.4,"aspect":286},"geometry":{"type":"MultiPolygon","coordinates":[[[[3.6043,44.4634],[3.6047,44.466],[3.6099,44.4654],[3.6081,44.4697],[3.6184,44.4666],[3.6159,44.4626],[3.6061,44.4613],[3.6043,44.4634]]],[[[3.5948,44.4758],[3.5931,44.4769],[3.598,44.4786],[3.5983,44.4809],[3.6018,44.4795],[3.6079,44.4798],[3.6081,44.4786],[3.5948,44.4758]]]]}},{"type":"Feature","properties":{"id":"F15949K","nom":"Forêt domaniale de la Croix-De-Bor","dep":"48","dom":true,"essence":"conifere","substrat":"acide","elev":1402,"slopeDeg":3.4,"aspect":128},"geometry":{"type":"MultiPolygon","coordinates":[[[[3.4999,44.7816],[3.5023,44.7852],[3.5341,44.7826],[3.5465,44.7837],[3.5477,44.7802],[3.5412,44.7764],[3.5471,44.7715],[3.5482,44.7732],[3.548,44.7703],[3.5454,44.768],[3.541,44.7687],[3.5401,44.7656],[3.5385,44.7649],[3.5318,44.7643],[3.5314,44.7634],[3.5371,44.7605],[3.5313,44.7528],[3.5385,44.7465],[3.5431,44.7395],[3.5439,44.7416],[3.5486,44.7436],[3.5567,44.745],[3.5581,44.7418],[3.5674,44.7411],[3.5668,44.7387],[3.5741,44.7367],[3.5712,44.7347],[3.5734,44.7328],[3.5733,44.7286],[3.5711,44.7302],[3.5678,44.7288],[3.572,44.7258],[3.5717,44.7223],[3.5649,44.7204],[3.5587,44.7119],[3.5589,44.7051],[3.5637,44.6993],[3.5358,44.6872],[3.5389,44.6889],[3.5412,44.6939],[3.5367,44.7069],[3.546,44.7047],[3.5482,44.7057],[3.5448,44.7073],[3.5411,44.707],[3.5393,44.7097],[3.5364,44.7083],[3.5359,44.7126],[3.5386,44.7175],[3.5437,44.7192],[3.542,44.724],[3.5407,44.7251],[3.5379,44.7236],[3.5369,44.726],[3.5415,44.7287],[3.5508,44.7227],[3.559,44.7234],[3.5594,44.7244],[3.552,44.7238],[3.5455,44.7269],[3.542,44.731],[3.5426,44.7351],[3.5295,44.7437],[3.5168,44.7336],[3.5092,44.7227],[3.5073,44.7303],[3.512,44.7381],[3.5175,44.7367],[3.5174,44.7409],[3.5157,44.7422],[3.5187,44.7442],[3.5164,44.7463],[3.5178,44.7481],[3.5171,44.7497],[3.5143,44.751],[3.5181,44.7529],[3.5196,44.7527],[3.519,44.7515],[3.5216,44.7524],[3.5273,44.7671],[3.5239,44.7694],[3.5171,44.7695],[3.5099,44.7676],[3.4951,44.7676],[3.5082,44.7689],[3.5024,44.7746],[3.498,44.7767],[3.4999,44.7816]]],[[[3.4951,44.7535],[3.4938,44.7551],[3.5064,44.7558],[3.4951,44.7535]]]]}},{"type":"Feature","properties":{"id":"F15950L","nom":"Forêt domaniale de la Gardille","dep":"48","dom":true,"essence":"conifere","substrat":"acide","elev":1244,"slopeDeg":7,"aspect":360},"geometry":{"type":"MultiPolygon","coordinates":[[[[3.789,44.6046],[3.7866,44.6002],[3.7749,44.5976],[3.7742,44.5937],[3.763,44.5941],[3.7626,44.598],[3.7775,44.6062],[3.7765,44.6126],[3.7788,44.6161],[3.7845,44.6139],[3.784,44.6115],[3.7878,44.6086],[3.7869,44.6053],[3.7913,44.6053],[3.789,44.6046]]],[[[3.8594,44.6486],[3.8663,44.6488],[3.8688,44.647],[3.867,44.6466],[3.8668,44.643],[3.85,44.6386],[3.8441,44.6429],[3.8458,44.6469],[3.857,44.6462],[3.8592,44.6468],[3.8594,44.6486]]],[[[3.8227,44.5768],[3.8255,44.5788],[3.8248,44.5814],[3.8208,44.5799],[3.8202,44.5816],[3.8283,44.5859],[3.8275,44.5871],[3.8296,44.5879],[3.8318,44.5878],[3.8355,44.5843],[3.8405,44.5823],[3.8353,44.5818],[3.8347,44.5831],[3.8298,44.5833],[3.8322,44.5798],[3.8319,44.5777],[3.8264,44.5754],[3.8295,44.5758],[3.8266,44.5747],[3.8305,44.5718],[3.829,44.5719],[3.8293,44.5686],[3.8281,44.5692],[3.8284,44.5719],[3.8201,44.5716],[3.8208,44.575],[3.8243,44.5763],[3.8227,44.5768]]],[[[3.8134,44.6352],[3.8128,44.6319],[3.8047,44.6227],[3.798,44.6259],[3.8015,44.6318],[3.8007,44.6357],[3.8108,44.6377],[3.8134,44.6352]]],[[[3.8645,44.5839],[3.865,44.5884],[3.8672,44.5878],[3.8675,44.5889],[3.8689,44.5874],[3.872,44.5899],[3.8751,44.5891],[3.8788,44.5861],[3.8829,44.5782],[3.8807,44.5779],[3.8796,44.5759],[3.8808,44.5759],[3.8804,44.5727],[3.8779,44.5737],[3.8782,44.5752],[3.8771,44.5744],[3.8743,44.5798],[3.8742,44.583],[3.8715,44.5862],[3.8645,44.5839]]],[[[3.8419,44.5745],[3.8476,44.579],[3.8464,44.5808],[3.8508,44.5801],[3.8523,44.5819],[3.8535,44.5818],[3.8567,44.5761],[3.851,44.576],[3.8553,44.5752],[3.8512,44.5742],[3.8504,44.576],[3.8441,44.5755],[3.8423,44.5725],[3.8419,44.5745]]],[[[3.8518,44.5835],[3.8517,44.582],[3.8458,44.5818],[3.8428,44.584],[3.8442,44.5858],[3.8423,44.5842],[3.8385,44.5869],[3.8418,44.5882],[3.8435,44.5865],[3.8478,44.587],[3.8518,44.5835]]],[[[3.8336,44.5711],[3.833,44.5734],[3.8341,44.5742],[3.8352,44.5705],[3.8336,44.5711]]]]}},{"type":"Feature","properties":{"id":"F15951M","nom":"Forêt sectionale du Mazel De La-Canourgue","dep":"48","dom":false,"essence":"autre","substrat":"calcaire","elev":752,"slopeDeg":2.5,"aspect":21},"geometry":{"type":"Polygon","coordinates":[[[3.2699,44.4136],[3.2719,44.4114],[3.2744,44.4111],[3.274,44.4102],[3.2667,44.4112],[3.2597,44.4092],[3.2591,44.4106],[3.2592,44.4124],[3.2699,44.4136]]]}},{"type":"Feature","properties":{"id":"F15952N","nom":"Forêt sectionale de Trelans","dep":"48","dom":false,"essence":"autre","substrat":"acide","elev":1072,"slopeDeg":7.6,"aspect":81},"geometry":{"type":"Polygon","coordinates":[[[3.0758,44.4983],[3.0755,44.4994],[3.0779,44.5007],[3.0798,44.4987],[3.0762,44.497],[3.0758,44.4983]]]}},{"type":"Feature","properties":{"id":"F15953O","nom":"Forêt sectionale de Paulhac","dep":"48","dom":false,"essence":"conifere","substrat":"acide","elev":1215,"slopeDeg":3.8,"aspect":98},"geometry":{"type":"MultiPolygon","coordinates":[[[[3.3566,44.9491],[3.356,44.9518],[3.3624,44.9514],[3.3652,44.9534],[3.3671,44.9516],[3.3648,44.9493],[3.37,44.9491],[3.3717,44.9464],[3.3678,44.9442],[3.3635,44.9461],[3.3641,44.943],[3.369,44.9397],[3.3669,44.9385],[3.3647,44.9395],[3.3634,44.9375],[3.3593,44.9386],[3.3605,44.9415],[3.3597,44.9455],[3.3566,44.9491]]],[[[3.3701,44.932],[3.368,44.9331],[3.3691,44.9387],[3.3751,44.9393],[3.373,44.9318],[3.3701,44.932]]],[[[3.3696,44.965],[3.3702,44.97],[3.3768,44.963],[3.3728,44.9634],[3.3717,44.9603],[3.3702,44.9603],[3.3683,44.9636],[3.3697,44.9632],[3.3696,44.965]]],[[[3.3703,44.9567],[3.3719,44.9534],[3.3689,44.9553],[3.3703,44.9567]]]]}},{"type":"Feature","properties":{"id":"F15955Q","nom":"Forêt communale du Malzieu-Forain","dep":"48","dom":false,"essence":"conifere","substrat":"acide","elev":1379,"slopeDeg":5.5,"aspect":275},"geometry":{"type":"MultiPolygon","coordinates":[[[[3.3953,44.9106],[3.3965,44.9121],[3.3928,44.9134],[3.4007,44.9152],[3.4035,44.9127],[3.4116,44.9169],[3.415,44.9158],[3.4163,44.9144],[3.415,44.9137],[3.4192,44.9083],[3.417,44.9063],[3.4195,44.905],[3.4176,44.9007],[3.4196,44.8965],[3.4148,44.8914],[3.4079,44.8907],[3.4094,44.8944],[3.4058,44.8946],[3.4051,44.8999],[3.4028,44.9012],[3.405,44.9049],[3.4028,44.9072],[3.4025,44.9103],[3.3953,44.9106]]],[[[3.4137,44.9205],[3.4145,44.9192],[3.4114,44.9177],[3.4108,44.922],[3.4136,44.9223],[3.4137,44.9205]]]]}},{"type":"Feature","properties":{"id":"F15956R","nom":"Forêt sectionale d'Allenc","dep":"48","dom":false,"essence":"autre","substrat":"acide","elev":1202,"slopeDeg":1.1,"aspect":347},"geometry":{"type":"Polygon","coordinates":[[[3.6634,44.5566],[3.6589,44.5573],[3.6588,44.5595],[3.6616,44.5602],[3.6645,44.5566],[3.6634,44.5566]]]}},{"type":"Feature","properties":{"id":"F15957S","nom":"Forêt sectionale d'Allenc Et La-Prade","dep":"48","dom":false,"essence":"conifere","substrat":"acide","elev":1172,"slopeDeg":3.6,"aspect":142},"geometry":{"type":"Polygon","coordinates":[[[3.659,44.5572],[3.6675,44.5564],[3.6707,44.5535],[3.6637,44.5474],[3.6643,44.549],[3.6629,44.5496],[3.66,44.5481],[3.6569,44.5516],[3.6562,44.5465],[3.6537,44.548],[3.6516,44.5449],[3.6473,44.5458],[3.6505,44.5495],[3.6542,44.5503],[3.6544,44.5535],[3.6581,44.555],[3.659,44.5572]]]}},{"type":"Feature","properties":{"id":"F15958T","nom":"Forêt sectionale de Raspaillac","dep":"48","dom":false,"essence":"conifere","substrat":"acide","elev":942,"slopeDeg":11.3,"aspect":122},"geometry":{"type":"Polygon","coordinates":[[[3.4073,44.5421],[3.4073,44.5435],[3.4045,44.5446],[3.4076,44.5447],[3.4134,44.5405],[3.417,44.54],[3.4124,44.5394],[3.4073,44.5421]]]}},{"type":"Feature","properties":{"id":"F15961W","nom":"Forêt sectionale de Fraissinet-Langlade","dep":"48","dom":false,"essence":"conifere","substrat":"acide","elev":1381,"slopeDeg":7.6,"aspect":254},"geometry":{"type":"Polygon","coordinates":[[[3.434,44.8487],[3.4311,44.8504],[3.4194,44.8487],[3.4212,44.8497],[3.4204,44.8523],[3.4178,44.8528],[3.4193,44.8531],[3.416,44.856],[3.4168,44.8585],[3.4136,44.8603],[3.4387,44.8607],[3.442,44.8543],[3.434,44.8487]]]}},{"type":"Feature","properties":{"id":"F15963Y","nom":"Forêt sectionale d'Esteyres","dep":"48","dom":false,"essence":"autre","substrat":"acide","elev":1143,"slopeDeg":11.9,"aspect":274},"geometry":{"type":"MultiPolygon","coordinates":[[[[3.4328,44.7906],[3.4248,44.7907],[3.427,44.7937],[3.4307,44.7943],[3.4325,44.794],[3.4328,44.7906]]],[[[3.4186,44.7924],[3.4202,44.7928],[3.4199,44.7905],[3.4154,44.7907],[3.4186,44.7924]]]]}},{"type":"Feature","properties":{"id":"F15964Z","nom":"Forêt sectionale de Montagnac","dep":"48","dom":false,"essence":"autre","substrat":"acide","elev":1244,"slopeDeg":3.7,"aspect":357},"geometry":{"type":"Polygon","coordinates":[[[3.5801,44.8093],[3.5812,44.8112],[3.5856,44.8077],[3.5829,44.8087],[3.5824,44.8053],[3.5768,44.8012],[3.5775,44.8053],[3.5801,44.8093]]]}},{"type":"Feature","properties":{"id":"F15980P","nom":"Forêt sectionale de Saint-Bonnet-De-Montauroux","dep":"48","dom":false,"essence":"conifere","substrat":"acide","elev":812,"slopeDeg":10.8,"aspect":33},"geometry":{"type":"Polygon","coordinates":[[[3.7152,44.8085],[3.7171,44.8115],[3.7174,44.8094],[3.721,44.8083],[3.7238,44.8102],[3.7262,44.8082],[3.7235,44.8056],[3.714,44.8066],[3.7152,44.8085]]]}},{"type":"Feature","properties":{"id":"F15965A","nom":"Forêt sectionale de Salvinsac","dep":"48","dom":false,"essence":"autre","substrat":"calcaire","elev":850,"slopeDeg":4.2,"aspect":33},"geometry":{"type":"Polygon","coordinates":[[[3.4493,44.1921],[3.445,44.1925],[3.4529,44.1955],[3.4558,44.1951],[3.4558,44.1936],[3.4617,44.191],[3.4589,44.1941],[3.4647,44.196],[3.4625,44.1887],[3.4577,44.1885],[3.4546,44.1902],[3.4546,44.1918],[3.4493,44.1921]]]}},{"type":"Feature","properties":{"id":"F15966B","nom":"Forêt domaniale de Charpal","dep":"48","dom":true,"essence":"conifere","substrat":"acide","elev":1342,"slopeDeg":2.6,"aspect":230},"geometry":{"type":"MultiPolygon","coordinates":[[[[3.6107,44.6199],[3.601,44.6255],[3.596,44.6224],[3.5948,44.6232],[3.5835,44.6203],[3.5826,44.6174],[3.5793,44.6178],[3.5799,44.619],[3.5785,44.6201],[3.5648,44.6216],[3.563,44.6201],[3.5589,44.6221],[3.5608,44.6304],[3.564,44.6315],[3.5674,44.6355],[3.5704,44.6361],[3.5611,44.6412],[3.5628,44.6417],[3.5635,44.6448],[3.563,44.6511],[3.5651,44.6584],[3.563,44.6623],[3.5505,44.6596],[3.5461,44.6614],[3.5478,44.6676],[3.5657,44.6665],[3.5664,44.6604],[3.569,44.6594],[3.5684,44.6513],[3.5694,44.6509],[3.5898,44.661],[3.5932,44.6609],[3.5936,44.6583],[3.595,44.6576],[3.5933,44.6522],[3.5897,44.6479],[3.5981,44.6468],[3.5907,44.6446],[3.579,44.6355],[3.5952,44.6383],[3.6069,44.6457],[3.6181,44.6503],[3.6191,44.6495],[3.6168,44.6464],[3.6189,44.6398],[3.6158,44.6348],[3.6141,44.6347],[3.6197,44.6271],[3.6107,44.6199]]],[[[3.5512,44.6129],[3.558,44.6113],[3.5738,44.6109],[3.5903,44.6148],[3.5905,44.6128],[3.5951,44.6097],[3.6053,44.6096],[3.595,44.6095],[3.5896,44.6137],[3.5861,44.6123],[3.584,44.6074],[3.5776,44.6044],[3.5707,44.6031],[3.5642,44.6046],[3.5568,44.5997],[3.5518,44.5981],[3.5495,44.5991],[3.5519,44.6032],[3.5529,44.6093],[3.5461,44.6133],[3.5512,44.6129]]],[[[3.626,44.6046],[3.631,44.6008],[3.6242,44.6052],[3.6198,44.6035],[3.6125,44.6042],[3.62,44.6037],[3.6235,44.6054],[3.626,44.6046]]]]}},{"type":"Feature","properties":{"id":"F15967C","nom":"Forêt domaniale de Fontmort","dep":"48","dom":true,"essence":"conifere","substrat":"acide","elev":1010,"slopeDeg":13.7,"aspect":206},"geometry":{"type":"MultiPolygon","coordinates":[[[[3.7597,44.2622],[3.7627,44.2618],[3.7623,44.2672],[3.7721,44.2695],[3.7735,44.2691],[3.7744,44.2651],[3.7785,44.2628],[3.7809,44.2647],[3.7798,44.2659],[3.7834,44.271],[3.7786,44.2711],[3.7811,44.2748],[3.7845,44.2773],[3.7893,44.2742],[3.7865,44.2707],[3.7842,44.2708],[3.7841,44.2684],[3.7853,44.2695],[3.7882,44.266],[3.7854,44.2588],[3.7818,44.2582],[3.778,44.2533],[3.7731,44.2552],[3.7727,44.2534],[3.7749,44.2507],[3.7719,44.2489],[3.7725,44.2479],[3.7781,44.2487],[3.7796,44.2472],[3.775,44.247],[3.773,44.2447],[3.7773,44.2447],[3.7748,44.2406],[3.7787,44.2376],[3.7786,44.2345],[3.7797,44.2344],[3.776,44.2346],[3.7781,44.2317],[3.7752,44.23],[3.7719,44.2289],[3.7725,44.2374],[3.7663,44.2435],[3.7713,44.2364],[3.7664,44.2414],[3.763,44.2403],[3.7623,44.2384],[3.7645,44.2348],[3.7634,44.2343],[3.7616,44.2374],[3.7606,44.2328],[3.7585,44.2321],[3.7562,44.2341],[3.7522,44.2326],[3.7519,44.236],[3.7533,44.2366],[3.7507,44.2365],[3.7489,44.2394],[3.7471,44.2397],[3.7467,44.2373],[3.7463,44.2384],[3.7401,44.2382],[3.7376,44.2411],[3.7327,44.2413],[3.7291,44.2441],[3.7267,44.2439],[3.7296,44.2432],[3.7295,44.2382],[3.7223,44.2417],[3.7201,44.2414],[3.7177,44.238],[3.721,44.2454],[3.7174,44.2497],[3.7197,44.2541],[3.7187,44.2567],[3.7211,44.2584],[3.7198,44.2596],[3.7228,44.2601],[3.7244,44.2662],[3.7268,44.2672],[3.7296,44.2664],[3.7315,44.2703],[3.7341,44.2702],[3.7376,44.2663],[3.7368,44.2652],[3.7392,44.2591],[3.7365,44.2544],[3.7382,44.2557],[3.7426,44.2514],[3.7462,44.2514],[3.7477,44.2559],[3.752,44.2596],[3.7527,44.258],[3.7599,44.2591],[3.7546,44.2617],[3.7544,44.263],[3.7597,44.2622]]],[[[3.6855,44.2167],[3.6888,44.2183],[3.6858,44.2192],[3.6882,44.2196],[3.6869,44.2199],[3.6867,44.2217],[3.685,44.2202],[3.6829,44.2244],[3.6783,44.2228],[3.6721,44.226],[3.6709,44.2311],[3.6714,44.2322],[3.6776,44.2325],[3.6819,44.2376],[3.685,44.2392],[3.6892,44.2389],[3.6923,44.2419],[3.6941,44.2372],[3.6968,44.2367],[3.6941,44.236],[3.689,44.2299],[3.6912,44.2283],[3.6952,44.2301],[3.6954,44.2285],[3.6978,44.2277],[3.6961,44.2271],[3.6972,44.2248],[3.6926,44.2226],[3.6975,44.2235],[3.7006,44.2155],[3.6978,44.2123],[3.6962,44.2181],[3.6928,44.2193],[3.6926,44.217],[3.6905,44.2156],[3.6928,44.2145],[3.6904,44.2119],[3.6855,44.2167]]],[[[3.8011,44.2674],[3.802,44.2664],[3.7953,44.2609],[3.7886,44.2634],[3.7909,44.2684],[3.7946,44.2663],[3.7961,44.267],[3.7935,44.269],[3.7958,44.2703],[3.8011,44.2674]]],[[[3.74,44.2132],[3.7415,44.2128],[3.7395,44.2109],[3.7308,44.2153],[3.728,44.2244],[3.7298,44.225],[3.7338,44.219],[3.7351,44.2189],[3.7318,44.2174],[3.7328,44.2158],[3.74,44.2132]]],[[[3.7911,44.2587],[3.7959,44.259],[3.7957,44.2549],[3.7871,44.2523],[3.7893,44.2562],[3.7921,44.2579],[3.7911,44.2587]]],[[[3.7824,44.2304],[3.7819,44.2293],[3.7729,44.2276],[3.7797,44.2283],[3.7721,44.2264],[3.779,44.2274],[3.7757,44.2216],[3.7743,44.2222],[3.7757,44.2242],[3.7745,44.2242],[3.7745,44.2259],[3.7708,44.226],[3.7728,44.2273],[3.7711,44.2274],[3.7717,44.2282],[3.7803,44.2299],[3.7796,44.2313],[3.7824,44.2304]]],[[[3.7924,44.2258],[3.7912,44.2224],[3.786,44.225],[3.7823,44.229],[3.7839,44.2298],[3.7865,44.2266],[3.7891,44.2288],[3.79,44.2275],[3.7888,44.2266],[3.7924,44.2258]]],[[[3.792,44.2219],[3.7945,44.2267],[3.7964,44.2271],[3.7963,44.2245],[3.792,44.2219]]]]}},{"type":"Feature","properties":{"id":"F15969E","nom":"Forêt sectionale de Bécus","dep":"48","dom":false,"essence":"conifere","substrat":"acide","elev":1163,"slopeDeg":3.7,"aspect":256},"geometry":{"type":"MultiPolygon","coordinates":[[[[3.1491,44.7952],[3.156,44.7986],[3.157,44.7936],[3.1491,44.7952]]],[[[3.1511,44.7846],[3.1491,44.7859],[3.159,44.788],[3.1597,44.7868],[3.1539,44.7842],[3.1511,44.7846]]]]}},{"type":"Feature","properties":{"id":"F15971G","nom":"Forêt sectionale de Fraissinet-De-Peyre","dep":"48","dom":false,"essence":"autre","substrat":"acide","elev":1153,"slopeDeg":3.4,"aspect":266},"geometry":{"type":"MultiPolygon","coordinates":[[[[3.3071,44.6244],[3.3054,44.6209],[3.3057,44.6258],[3.3072,44.6265],[3.3071,44.6244]]],[[[3.3035,44.622],[3.3024,44.6169],[3.3001,44.6172],[3.3035,44.622]]]]}},{"type":"Feature","properties":{"id":"F15973I","nom":"Forêt sectionale de Duc Et Malavialette Et Pertuzades Et Mas-De-Donat","dep":"48","dom":false,"essence":"conifere","substrat":"calcaire","elev":945,"slopeDeg":2.6,"aspect":310},"geometry":{"type":"Polygon","coordinates":[[[3.1896,44.3826],[3.1924,44.3825],[3.192,44.3813],[3.1936,44.3825],[3.1947,44.3808],[3.1935,44.3758],[3.19,44.3745],[3.1878,44.3718],[3.1857,44.3725],[3.1847,44.3758],[3.1801,44.3756],[3.1777,44.3787],[3.1772,44.3819],[3.1796,44.3797],[3.182,44.3808],[3.1817,44.3837],[3.1896,44.3826]]]}},{"type":"Feature","properties":{"id":"F15975K","nom":"Forêt sectionale des Salces Et Fromental","dep":"48","dom":false,"essence":"feuillu","substrat":"acide","elev":1231,"slopeDeg":12.1,"aspect":201},"geometry":{"type":"MultiPolygon","coordinates":[[[[3.1336,44.5471],[3.1319,44.552],[3.1267,44.5571],[3.1271,44.5586],[3.1294,44.5594],[3.1299,44.5574],[3.1321,44.5582],[3.1336,44.5569],[3.134,44.5539],[3.1406,44.5526],[3.1404,44.5484],[3.1398,44.5494],[3.1361,44.5485],[3.1383,44.5483],[3.139,44.541],[3.1452,44.5355],[3.146,44.5333],[3.1442,44.5328],[3.1467,44.5306],[3.1471,44.527],[3.1498,44.5252],[3.1492,44.523],[3.1464,44.5239],[3.1436,44.529],[3.142,44.5335],[3.1429,44.5338],[3.1393,44.5369],[3.1336,44.5471]]],[[[3.1633,44.5419],[3.1629,44.5409],[3.1585,44.5415],[3.153,44.5474],[3.1624,44.5464],[3.162,44.5439],[3.1642,44.5428],[3.1633,44.5419]]]]}},{"type":"Feature","properties":{"id":"F15976L","nom":"Forêt communale de Barjac","dep":"48","dom":false,"essence":"conifere","substrat":"calcaire","elev":1019,"slopeDeg":10.6,"aspect":132},"geometry":{"type":"MultiPolygon","coordinates":[[[[3.4,44.5229],[3.3942,44.5213],[3.3948,44.5197],[3.39,44.5198],[3.3871,44.5182],[3.4011,44.5192],[3.4048,44.5223],[3.4106,44.5182],[3.4053,44.5192],[3.4015,44.5172],[3.3822,44.5181],[3.3917,44.5236],[3.3917,44.5258],[3.3958,44.5247],[3.3947,44.5287],[3.4031,44.5291],[3.4031,44.5265],[3.4012,44.5257],[3.4041,44.5231],[3.4,44.5229]]],[[[3.3953,44.5343],[3.3975,44.5362],[3.3988,44.5304],[3.3952,44.534],[3.392,44.5343],[3.3894,44.5367],[3.3903,44.538],[3.3944,44.5368],[3.3908,44.5445],[3.3959,44.548],[3.3952,44.543],[3.399,44.5409],[3.3976,44.5369],[3.3957,44.5385],[3.3943,44.5365],[3.3953,44.5343]]],[[[3.4298,44.5714],[3.4319,44.5722],[3.4294,44.5696],[3.4307,44.5662],[3.4267,44.565],[3.4244,44.5662],[3.4241,44.5692],[3.4273,44.5691],[3.4298,44.5714]]],[[[3.3902,44.5116],[3.3892,44.5125],[3.3906,44.5155],[3.3925,44.512],[3.3949,44.5127],[3.3942,44.5098],[3.3902,44.5116]]],[[[3.4149,44.5584],[3.4107,44.5599],[3.4149,44.5632],[3.4142,44.5609],[3.4164,44.559],[3.4149,44.5584]]],[[[3.428,44.5627],[3.4303,44.5636],[3.4309,44.5627],[3.4287,44.5606],[3.4276,44.5607],[3.428,44.5627]]],[[[3.4293,44.5749],[3.4284,44.5731],[3.4258,44.574],[3.4282,44.5757],[3.4293,44.5749]]]]}},{"type":"Feature","properties":{"id":"F15981Q","nom":"Forêt sectionale de Bac Et Boissets","dep":"48","dom":false,"essence":"autre","substrat":"calcaire","elev":949,"slopeDeg":10.8,"aspect":238},"geometry":{"type":"Polygon","coordinates":[[[3.4272,44.3756],[3.4287,44.3727],[3.4225,44.3714],[3.4222,44.3763],[3.4238,44.3781],[3.4281,44.3783],[3.4272,44.3756]]]}},{"type":"Feature","properties":{"id":"F15983S","nom":"Forêt du Centre Hospitalier Fanny Ramadier De Saint-Chély D'Apcher","dep":"48","dom":false,"essence":"conifere","substrat":"acide","elev":1184,"slopeDeg":3.3,"aspect":329},"geometry":{"type":"MultiPolygon","coordinates":[[[[3.431,44.5847],[3.43,44.5833],[3.4264,44.5863],[3.4325,44.5854],[3.4349,44.5863],[3.4349,44.5876],[3.4391,44.5882],[3.4393,44.5868],[3.4345,44.5842],[3.4362,44.5818],[3.4361,44.5837],[3.439,44.5846],[3.4379,44.5816],[3.4365,44.5814],[3.437,44.5803],[3.4347,44.5817],[3.4328,44.5853],[3.431,44.5847]]],[[[3.4279,44.597],[3.4277,44.5992],[3.4307,44.5975],[3.4279,44.597]]],[[[3.437,44.5921],[3.438,44.5908],[3.4366,44.5904],[3.4351,44.5931],[3.4373,44.5942],[3.436,44.5928],[3.437,44.5921]]],[[[3.433,44.5946],[3.4335,44.5965],[3.4358,44.5958],[3.4346,44.5941],[3.433,44.5946]]]]}},{"type":"Feature","properties":{"id":"F15978N","nom":"Forêt sectionale de l'Estivalet","dep":"48","dom":false,"essence":"conifere","substrat":"acide","elev":1129,"slopeDeg":1.9,"aspect":272},"geometry":{"type":"MultiPolygon","coordinates":[[[[3.389,44.8651],[3.3808,44.8611],[3.3821,44.8626],[3.3798,44.8641],[3.3816,44.8644],[3.3823,44.8632],[3.3845,44.8641],[3.3795,44.8671],[3.3782,44.87],[3.3865,44.8696],[3.389,44.8651]]],[[[3.3723,44.8673],[3.3686,44.865],[3.3694,44.8636],[3.3719,44.8636],[3.3705,44.8628],[3.3679,44.8643],[3.3675,44.8623],[3.3658,44.8629],[3.3694,44.8674],[3.374,44.8691],[3.3744,44.8676],[3.3723,44.8673]]],[[[3.374,44.859],[3.3695,44.8573],[3.3693,44.8599],[3.374,44.859]]]]}},{"type":"Feature","properties":{"id":"F15984T","nom":"Forêt sectionale de Montbel","dep":"48","dom":false,"essence":"conifere","substrat":"acide","elev":1311,"slopeDeg":4.6,"aspect":273},"geometry":{"type":"MultiPolygon","coordinates":[[[[3.7201,44.6096],[3.7181,44.6104],[3.721,44.6129],[3.7138,44.6127],[3.7176,44.6147],[3.7231,44.6128],[3.7308,44.6042],[3.7268,44.6041],[3.7201,44.6096]]],[[[3.7072,44.6098],[3.7033,44.6091],[3.7051,44.6073],[3.704,44.6072],[3.701,44.6101],[3.7012,44.6115],[3.7032,44.6123],[3.7072,44.6098]]],[[[3.7094,44.6084],[3.7106,44.6078],[3.709,44.6064],[3.7064,44.6078],[3.7094,44.6084]]],[[[3.702,44.6206],[3.6987,44.6215],[3.6995,44.6229],[3.7041,44.6207],[3.702,44.6206]]]]}},{"type":"Feature","properties":{"id":"F15985U","nom":"Forêt communale de la Villedieu-Monts De Randon","dep":"48","dom":false,"essence":"conifere","substrat":"acide","elev":1323,"slopeDeg":5.2,"aspect":270},"geometry":{"type":"MultiPolygon","coordinates":[[[[3.5357,44.6874],[3.5339,44.6865],[3.5296,44.6883],[3.5186,44.6997],[3.5168,44.6996],[3.5174,44.701],[3.5193,44.7004],[3.5202,44.7021],[3.5242,44.6985],[3.5267,44.6984],[3.526,44.6939],[3.5279,44.6933],[3.5313,44.6948],[3.5357,44.6879],[3.5402,44.6923],[3.5389,44.6889],[3.5357,44.6874]]],[[[3.5376,44.7382],[3.5375,44.7361],[3.5312,44.7388],[3.5245,44.7366],[3.523,44.7324],[3.5168,44.7336],[3.5294,44.7437],[3.5401,44.7368],[3.5376,44.7382]]],[[[3.5149,44.7262],[3.5182,44.7252],[3.5175,44.7233],[3.5142,44.7215],[3.5099,44.7234],[3.5118,44.7268],[3.5149,44.7262]]]]}},{"type":"Feature","properties":{"id":"F15987W","nom":"Forêt sectionale de Conzes","dep":"48","dom":false,"essence":"feuillu","substrat":"acide","elev":1185,"slopeDeg":2.3,"aspect":327},"geometry":{"type":"Polygon","coordinates":[[[3.8402,44.5125],[3.8411,44.511],[3.8446,44.5106],[3.8445,44.5095],[3.8376,44.511],[3.8341,44.5138],[3.8299,44.5133],[3.8402,44.5154],[3.8388,44.5131],[3.8402,44.5125]]]}},{"type":"Feature","properties":{"id":"F15989Y","nom":"Forêt communale de Servières-Monts De Randon","dep":"48","dom":false,"essence":"mixte","substrat":"acide","elev":1209,"slopeDeg":1.2,"aspect":131},"geometry":{"type":"MultiPolygon","coordinates":[[[[3.4349,44.5586],[3.4359,44.56],[3.4379,44.5581],[3.4353,44.5556],[3.4334,44.5579],[3.4349,44.5586]]],[[[3.4296,44.598],[3.4283,44.5991],[3.4301,44.601],[3.4321,44.5994],[3.4296,44.598]]],[[[3.428,44.5963],[3.4263,44.5962],[3.4293,44.597],[3.4302,44.5951],[3.4291,44.5946],[3.428,44.5963]]]]}},{"type":"Feature","properties":{"id":"F15986V","nom":"Forêt sectionale du Rouget","dep":"48","dom":false,"essence":"conifere","substrat":"acide","elev":1173,"slopeDeg":6.5,"aspect":260},"geometry":{"type":"MultiPolygon","coordinates":[[[[3.4225,44.8194],[3.4292,44.8173],[3.4162,44.8086],[3.4147,44.8041],[3.4103,44.8044],[3.4106,44.8063],[3.4121,44.8066],[3.4109,44.8072],[3.4133,44.8088],[3.4132,44.8109],[3.4183,44.8142],[3.4225,44.8194]]],[[[3.3939,44.8038],[3.3945,44.8021],[3.3918,44.7989],[3.3904,44.7999],[3.3912,44.802],[3.3897,44.8042],[3.3927,44.8054],[3.3939,44.8038]]]]}},{"type":"Feature","properties":{"id":"F15993C","nom":"Forêt sectionale de la Bessière De Saint-Pierre-De-Nogaret","dep":"48","dom":false,"essence":"feuillu","substrat":"acide","elev":1060,"slopeDeg":1.9,"aspect":284},"geometry":{"type":"MultiPolygon","coordinates":[[[[3.1018,44.5124],[3.104,44.5128],[3.1024,44.5154],[3.1083,44.5167],[3.1075,44.5139],[3.1056,44.5133],[3.1099,44.5068],[3.1071,44.5058],[3.1128,44.4989],[3.1099,44.4981],[3.1099,44.5007],[3.1076,44.5018],[3.1075,44.5047],[3.1053,44.5055],[3.1018,44.5124]]],[[[3.1112,44.5158],[3.1195,44.5093],[3.1218,44.5046],[3.1179,44.5036],[3.1157,44.5072],[3.1093,44.5129],[3.1096,44.5151],[3.1112,44.5158]]]]}},{"type":"Feature","properties":{"id":"F15995E","nom":"Forêt sectionale de la Malène Et Cauquenas Et Consorts","dep":"48","dom":false,"essence":"conifere","substrat":"calcaire","elev":761,"slopeDeg":4,"aspect":181},"geometry":{"type":"MultiPolygon","coordinates":[[[[3.3158,44.3106],[3.3115,44.3105],[3.3106,44.3131],[3.3137,44.3161],[3.3131,44.3174],[3.3147,44.3176],[3.3156,44.3157],[3.3185,44.3159],[3.3247,44.3115],[3.324,44.3089],[3.3192,44.3066],[3.3208,44.3096],[3.3194,44.3087],[3.3165,44.31],[3.3171,44.3118],[3.3147,44.3142],[3.315,44.3118],[3.3166,44.3113],[3.3158,44.3106]]],[[[3.3044,44.3482],[3.3065,44.3502],[3.3035,44.3493],[3.3029,44.3505],[3.3066,44.3519],[3.3094,44.3478],[3.3054,44.3471],[3.3044,44.3482]]],[[[3.3098,44.33],[3.3137,44.3278],[3.3104,44.3274],[3.3035,44.3303],[3.3059,44.3322],[3.3098,44.33]]],[[[3.3142,44.3224],[3.3136,44.3251],[3.316,44.3278],[3.3174,44.3269],[3.3159,44.3236],[3.3164,44.3219],[3.3142,44.3224]]]]}},{"type":"Feature","properties":{"id":"F16054L","nom":"Forêt sectionale de Verrières","dep":"48","dom":false,"essence":"conifere","substrat":"acide","elev":1113,"slopeDeg":2.4,"aspect":66},"geometry":{"type":"MultiPolygon","coordinates":[[[[3.6246,44.8751],[3.6207,44.8752],[3.6283,44.8776],[3.6298,44.8752],[3.6247,44.874],[3.6246,44.8751]]],[[[3.604,44.8687],[3.6054,44.8663],[3.6017,44.8675],[3.6018,44.8699],[3.604,44.8687]]]]}},{"type":"Feature","properties":{"id":"F15997G","nom":"Forêt sectionale de Saint-Jean-La-Fouillouse-Brugère-Gibert-Crouzet-Tribe ","dep":"48","dom":false,"essence":"conifere","substrat":"acide","elev":1288,"slopeDeg":4.7,"aspect":62},"geometry":{"type":"Polygon","coordinates":[[[3.6672,44.7126],[3.6751,44.711],[3.6748,44.7087],[3.6816,44.7054],[3.6791,44.7044],[3.6805,44.7029],[3.6719,44.7036],[3.6619,44.7069],[3.6672,44.7126]]]}},{"type":"Feature","properties":{"id":"F16006P","nom":"Forêt sectionale de Crémadet Et Vergougnoux","dep":"48","dom":false,"essence":"feuillu","substrat":"acide","elev":824,"slopeDeg":10.4,"aspect":330},"geometry":{"type":"Polygon","coordinates":[[[3.7123,44.2412],[3.7122,44.244],[3.7148,44.2442],[3.7165,44.2489],[3.7174,44.2497],[3.7194,44.2485],[3.721,44.2454],[3.7203,44.2428],[3.7158,44.2403],[3.7123,44.2396],[3.7123,44.2412]]]}},{"type":"Feature","properties":{"id":"F15998H","nom":"Forêt sectionale de l'Estival","dep":"48","dom":false,"essence":"conifere","substrat":"acide","elev":1223,"slopeDeg":3.6,"aspect":255},"geometry":{"type":"MultiPolygon","coordinates":[[[[3.4338,44.8488],[3.4228,44.8448],[3.4145,44.8455],[3.4248,44.8496],[3.4311,44.8504],[3.4338,44.8488]]],[[[3.414,44.8437],[3.4167,44.8432],[3.4147,44.8414],[3.4127,44.8346],[3.4112,44.8367],[3.4087,44.8347],[3.4076,44.8365],[3.4098,44.839],[3.4091,44.841],[3.4102,44.8418],[3.4117,44.8401],[3.4114,44.8433],[3.414,44.8437]]]]}},{"type":"Feature","properties":{"id":"F16055M","nom":"Forêt sectionale du Ranc","dep":"48","dom":false,"essence":"feuillu","substrat":"acide","elev":923,"slopeDeg":5.4,"aspect":111},"geometry":{"type":"Polygon","coordinates":[[[3.8889,44.5378],[3.8903,44.5354],[3.8943,44.5334],[3.8902,44.5327],[3.8864,44.5352],[3.8855,44.5369],[3.8889,44.5378]]]}},{"type":"Feature","properties":{"id":"F16056N","nom":"Forêt domaniale du Roujanel","dep":"48","dom":true,"essence":"conifere","substrat":"acide","elev":938,"slopeDeg":1.7,"aspect":38},"geometry":{"type":"MultiPolygon","coordinates":[[[[3.93,44.5325],[3.9345,44.531],[3.9373,44.5363],[3.9368,44.538],[3.9379,44.5366],[3.9391,44.5384],[3.9439,44.5374],[3.9494,44.5327],[3.9508,44.5345],[3.9522,44.5275],[3.9539,44.5279],[3.9561,44.5175],[3.9544,44.5175],[3.9541,44.5157],[3.9515,44.5177],[3.9532,44.5159],[3.9505,44.514],[3.9445,44.515],[3.9456,44.5121],[3.9506,44.5113],[3.9529,44.5132],[3.9527,44.5155],[3.9553,44.5138],[3.9542,44.5123],[3.9578,44.5127],[3.9589,44.5098],[3.9606,44.5095],[3.9602,44.5124],[3.9623,44.5111],[3.9649,44.5119],[3.9645,44.5109],[3.9656,44.5126],[3.9697,44.5135],[3.9712,44.5096],[3.967,44.5082],[3.9662,44.5122],[3.9659,44.5083],[3.9622,44.5089],[3.9604,44.505],[3.9578,44.5042],[3.9542,44.5088],[3.9518,44.5098],[3.9472,44.5084],[3.9423,44.5094],[3.9409,44.511],[3.9449,44.5072],[3.9512,44.5082],[3.951,44.507],[3.9454,44.5057],[3.9405,44.5092],[3.9294,44.5093],[3.9299,44.5186],[3.9319,44.5215],[3.9276,44.5207],[3.9268,44.5186],[3.9202,44.5226],[3.9262,44.5219],[3.9267,44.5238],[3.9253,44.5261],[3.9278,44.527],[3.9249,44.5298],[3.93,44.5325]]],[[[3.9426,44.5475],[3.9424,44.545],[3.9376,44.5464],[3.9364,44.5455],[3.9386,44.5385],[3.9365,44.5397],[3.9313,44.5378],[3.9357,44.5391],[3.9343,44.54],[3.9359,44.5414],[3.9334,44.5459],[3.9278,44.5478],[3.9266,44.5514],[3.9213,44.5535],[3.9289,44.5545],[3.9349,44.5502],[3.9359,44.5507],[3.935,44.5524],[3.9394,44.5507],[3.9424,44.5485],[3.9408,44.5476],[3.9426,44.5475]]],[[[3.9632,44.5148],[3.959,44.5195],[3.9613,44.5209],[3.9652,44.5189],[3.9632,44.5148]]],[[[3.9224,44.518],[3.9221,44.5209],[3.9197,44.5214],[3.92,44.5224],[3.9239,44.5209],[3.9242,44.5176],[3.9224,44.518]]],[[[3.9212,44.5374],[3.9243,44.5371],[3.9193,44.5358],[3.9196,44.5376],[3.9212,44.5374]]]]}},{"type":"Feature","properties":{"id":"F15999I","nom":"Forêt sectionale des Huttes","dep":"48","dom":false,"essence":"mixte","substrat":"acide","elev":1114,"slopeDeg":7.2,"aspect":94},"geometry":{"type":"MultiPolygon","coordinates":[[[[3.8186,44.668],[3.8212,44.6696],[3.8199,44.6716],[3.8224,44.6709],[3.8199,44.662],[3.8178,44.6613],[3.8163,44.6626],[3.8185,44.6654],[3.8127,44.6678],[3.8152,44.668],[3.816,44.6696],[3.8186,44.668]]],[[[3.8265,44.6665],[3.8249,44.6664],[3.8264,44.6672],[3.8254,44.6694],[3.8279,44.6704],[3.8261,44.6712],[3.8276,44.6745],[3.8303,44.6702],[3.8282,44.6667],[3.8265,44.6665]]]]}},{"type":"Feature","properties":{"id":"F16001K","nom":"Forêt sectionale de Sainte-Eulalie","dep":"48","dom":false,"essence":"conifere","substrat":"acide","elev":1424,"slopeDeg":1.5,"aspect":26},"geometry":{"type":"MultiPolygon","coordinates":[[[[3.4945,44.8035],[3.5007,44.8001],[3.5119,44.8021],[3.5078,44.7988],[3.5079,44.7965],[3.5006,44.7973],[3.5027,44.7948],[3.51,44.7941],[3.5058,44.7909],[3.5037,44.7915],[3.4994,44.7879],[3.5038,44.7852],[3.5023,44.7852],[3.498,44.7767],[3.4952,44.775],[3.4855,44.776],[3.4834,44.7746],[3.4768,44.7744],[3.4755,44.7763],[3.4766,44.7788],[3.4738,44.7788],[3.4714,44.7765],[3.4707,44.7794],[3.4724,44.7822],[3.4725,44.7873],[3.4753,44.7894],[3.4781,44.7893],[3.4788,44.7868],[3.4814,44.7862],[3.4824,44.7827],[3.4894,44.7838],[3.4887,44.7848],[3.4946,44.7842],[3.4956,44.7875],[3.4921,44.7878],[3.49,44.7862],[3.4879,44.7877],[3.4896,44.7873],[3.4885,44.7886],[3.4863,44.7879],[3.4842,44.7907],[3.479,44.7901],[3.4823,44.7916],[3.481,44.7936],[3.4942,44.795],[3.4908,44.7992],[3.4875,44.7956],[3.4787,44.7945],[3.4817,44.8002],[3.4854,44.8019],[3.4841,44.8053],[3.4791,44.8012],[3.4805,44.8007],[3.4803,44.799],[3.4768,44.7963],[3.4783,44.8023],[3.4736,44.8027],[3.4713,44.8054],[3.4678,44.8047],[3.4781,44.8097],[3.4945,44.8035]]],[[[3.5269,44.7894],[3.5296,44.788],[3.5307,44.7854],[3.5118,44.7867],[3.5105,44.7903],[3.522,44.7886],[3.5232,44.7951],[3.5269,44.7894]]],[[[3.5121,44.7969],[3.5087,44.7968],[3.5119,44.7999],[3.5168,44.7986],[3.5176,44.799],[3.5164,44.8002],[3.5206,44.8003],[3.5211,44.8012],[3.5186,44.8039],[3.5288,44.798],[3.5246,44.7993],[3.5234,44.7984],[3.5256,44.7971],[3.525,44.7962],[3.5121,44.7969]]]]}},{"type":"Feature","properties":{"id":"F16002L","nom":"Forêt communale de Fontans","dep":"48","dom":false,"essence":"conifere","substrat":"acide","elev":974,"slopeDeg":2.4,"aspect":23},"geometry":{"type":"MultiPolygon","coordinates":[[[[3.3614,44.7353],[3.3615,44.7334],[3.3588,44.734],[3.3571,44.7318],[3.3552,44.7336],[3.3566,44.7351],[3.3535,44.7357],[3.3548,44.7378],[3.3614,44.7353]]],[[[3.3765,44.7356],[3.372,44.7351],[3.3733,44.7368],[3.3706,44.7403],[3.3782,44.736],[3.3765,44.7356]]],[[[3.3734,44.734],[3.3786,44.7325],[3.3741,44.7291],[3.3733,44.7311],[3.3755,44.7314],[3.3749,44.7336],[3.3734,44.734]]],[[[3.3808,44.7355],[3.3862,44.7358],[3.3862,44.7325],[3.3854,44.7315],[3.3849,44.7339],[3.3808,44.7355]]]]}},{"type":"Feature","properties":{"id":"F16003M","nom":"Forêt sectionale de Couffourmejols","dep":"48","dom":false,"essence":"mixte","substrat":"acide","elev":1260,"slopeDeg":6.1,"aspect":207},"geometry":{"type":"MultiPolygon","coordinates":[[[[3.3872,44.9028],[3.3812,44.9022],[3.3798,44.9008],[3.3822,44.8979],[3.3796,44.896],[3.3749,44.8971],[3.3747,44.8957],[3.3725,44.8962],[3.3803,44.9013],[3.3882,44.9096],[3.3906,44.9075],[3.3894,44.9053],[3.3907,44.9045],[3.3923,44.9052],[3.3989,44.9015],[3.4027,44.9014],[3.4008,44.898],[3.4017,44.8947],[3.3955,44.8953],[3.3907,44.8988],[3.3884,44.8989],[3.3896,44.9003],[3.3872,44.9028]]],[[[3.3936,44.9105],[3.3884,44.9099],[3.3928,44.9134],[3.3965,44.9121],[3.3936,44.9105]]]]}},{"type":"Feature","properties":{"id":"F16004N","nom":"Forêt sectionale du Mas De Mende","dep":"48","dom":false,"essence":"conifere","substrat":"acide","elev":1139,"slopeDeg":8.3,"aspect":81},"geometry":{"type":"Polygon","coordinates":[[[3.4634,44.5541],[3.464,44.5522],[3.4611,44.5537],[3.4594,44.5587],[3.4561,44.5606],[3.4558,44.563],[3.4585,44.5644],[3.4587,44.5626],[3.4567,44.5607],[3.4601,44.5589],[3.4634,44.5541]]]}},{"type":"Feature","properties":{"id":"F16008R","nom":"Forêt de la Communauté De Communes Des Cévennes Au Mont-Lozère","dep":"48","dom":false,"essence":"mixte","substrat":"acide","elev":265,"slopeDeg":3,"aspect":75},"geometry":{"type":"Polygon","coordinates":[[[3.8408,44.1506],[3.8355,44.1536],[3.8288,44.1603],[3.8319,44.161],[3.8363,44.1593],[3.8373,44.1578],[3.835,44.1565],[3.8392,44.1551],[3.8447,44.1579],[3.8408,44.1506]]]}},{"type":"Feature","properties":{"id":"F16009S","nom":"Forêt domaniale de Bayard","dep":"48","dom":true,"essence":"mixte","substrat":"acide","elev":728,"slopeDeg":12.6,"aspect":314},"geometry":{"type":"MultiPolygon","coordinates":[[[[3.972,44.4293],[3.9731,44.4267],[3.9717,44.4264],[3.9681,44.4288],[3.9626,44.4295],[3.9613,44.4329],[3.9626,44.4346],[3.9618,44.4379],[3.9599,44.4385],[3.9626,44.4388],[3.9643,44.438],[3.9623,44.4372],[3.9641,44.4366],[3.9683,44.4377],[3.9668,44.4363],[3.969,44.436],[3.9666,44.4337],[3.9721,44.4346],[3.9699,44.43],[3.972,44.4293]]],[[[3.9385,44.4341],[3.9434,44.4336],[3.9426,44.4355],[3.9444,44.4353],[3.9444,44.4336],[3.9475,44.4326],[3.9409,44.4301],[3.9366,44.4319],[3.9367,44.4337],[3.9385,44.4341]]],[[[3.9734,44.4523],[3.9795,44.4496],[3.976,44.4483],[3.9751,44.4497],[3.9725,44.4461],[3.9698,44.4496],[3.9734,44.4523]]],[[[3.903,44.4645],[3.9101,44.465],[3.9112,44.464],[3.9097,44.4621],[3.9074,44.4636],[3.9037,44.4616],[3.9032,44.4629],[3.9073,44.464],[3.9029,44.4635],[3.903,44.4645]]],[[[3.9076,44.4589],[3.904,44.4593],[3.9035,44.4558],[3.9001,44.4551],[3.9041,44.4604],[3.9098,44.4615],[3.9081,44.461],[3.9101,44.4601],[3.9098,44.459],[3.9076,44.4589]]],[[[3.9556,44.4338],[3.9582,44.4335],[3.9555,44.4312],[3.9522,44.4337],[3.9537,44.4361],[3.9566,44.4354],[3.9556,44.4338]]],[[[3.9778,44.4552],[3.9769,44.4556],[3.9798,44.4561],[3.9843,44.4525],[3.9818,44.4522],[3.9778,44.4552]]],[[[3.909,44.4574],[3.9104,44.457],[3.9071,44.4558],[3.9067,44.4574],[3.909,44.4574]]]]}},{"type":"Feature","properties":{"id":"F16010T","nom":"Forêt sectionale de Bramonas","dep":"48","dom":false,"essence":"conifere","substrat":"calcaire","elev":957,"slopeDeg":2.2,"aspect":289},"geometry":{"type":"MultiPolygon","coordinates":[[[[3.4467,44.4486],[3.4478,44.4486],[3.4476,44.4474],[3.4482,44.4486],[3.4516,44.4482],[3.4487,44.4468],[3.4467,44.4471],[3.4467,44.4486]]],[[[3.4551,44.4442],[3.4509,44.4452],[3.4527,44.4465],[3.4507,44.4468],[3.4528,44.4471],[3.4551,44.4442]]]]}},{"type":"Feature","properties":{"id":"F16011U","nom":"Forêt sectionale du Montet","dep":"48","dom":false,"essence":"autre","substrat":"calcaire","elev":1123,"slopeDeg":4.8,"aspect":225},"geometry":{"type":"Polygon","coordinates":[[[3.5663,44.425],[3.5681,44.4231],[3.5615,44.4213],[3.5612,44.4232],[3.5632,44.4258],[3.5663,44.425]]]}},{"type":"Feature","properties":{"id":"F16057O","nom":"Forêt sectionale de Ligeac","dep":"48","dom":false,"essence":"autre","substrat":"acide","elev":1011,"slopeDeg":3.5,"aspect":38},"geometry":{"type":"Polygon","coordinates":[[[3.7465,44.7916],[3.7466,44.7902],[3.7427,44.7925],[3.7439,44.7917],[3.7477,44.7934],[3.7465,44.7916]]]}},{"type":"Feature","properties":{"id":"F16012V","nom":"Forêt sectionale du Puech-Del-Mont","dep":"48","dom":false,"essence":"conifere","substrat":"acide","elev":1223,"slopeDeg":0.4,"aspect":91},"geometry":{"type":"MultiPolygon","coordinates":[[[[3.2009,44.7863],[3.202,44.7872],[3.2034,44.7831],[3.1979,44.7823],[3.2003,44.7828],[3.2029,44.7802],[3.1952,44.7824],[3.2009,44.7863]]],[[[3.1931,44.7822],[3.1944,44.7824],[3.1894,44.7789],[3.188,44.7763],[3.1844,44.7814],[3.1931,44.7822]]]]}},{"type":"Feature","properties":{"id":"F16013W","nom":"Forêt sectionale de Palhers","dep":"48","dom":false,"essence":"conifere","substrat":"calcaire","elev":730,"slopeDeg":6.3,"aspect":6},"geometry":{"type":"Polygon","coordinates":[[[3.2881,44.5284],[3.2872,44.5296],[3.2906,44.5299],[3.293,44.5262],[3.2907,44.5257],[3.2881,44.5284]]]}},{"type":"Feature","properties":{"id":"F16014X","nom":"Forêt sectionale du Tournel","dep":"48","dom":false,"essence":"mixte","substrat":"acide","elev":1282,"slopeDeg":5.9,"aspect":103},"geometry":{"type":"Polygon","coordinates":[[[3.6975,44.5193],[3.6961,44.5236],[3.6999,44.5228],[3.703,44.5186],[3.701,44.5164],[3.7078,44.5113],[3.7053,44.5081],[3.7032,44.5079],[3.7011,44.5142],[3.6975,44.5193]]]}},{"type":"Feature","properties":{"id":"F16065W","nom":"Forêt sectionale de Saint-Georges Saint-Jory La-Vayssière Les-Fonts Et Consorts","dep":"48","dom":false,"essence":"conifere","substrat":"calcaire","elev":829,"slopeDeg":1.2,"aspect":257},"geometry":{"type":"MultiPolygon","coordinates":[[[[3.2401,44.332],[3.2408,44.333],[3.2361,44.3353],[3.2379,44.3381],[3.2344,44.3398],[3.2428,44.3406],[3.2414,44.3332],[3.2432,44.3334],[3.2437,44.3374],[3.2441,44.3362],[3.2511,44.3371],[3.2516,44.3359],[3.2494,44.3366],[3.2496,44.3349],[3.2536,44.3332],[3.2532,44.3311],[3.2509,44.3296],[3.2516,44.3276],[3.2455,44.3305],[3.2457,44.3327],[3.2448,44.3308],[3.2431,44.332],[3.2436,44.3297],[3.2409,44.3289],[3.2401,44.332]]],[[[3.2103,44.3614],[3.2147,44.3603],[3.2147,44.3619],[3.2161,44.3608],[3.2196,44.3623],[3.2233,44.3581],[3.2211,44.3577],[3.2178,44.3607],[3.2148,44.3602],[3.2151,44.3577],[3.2124,44.3582],[3.2155,44.356],[3.2122,44.3567],[3.212,44.3557],[3.2154,44.3558],[3.216,44.3524],[3.2201,44.3513],[3.2205,44.3497],[3.2191,44.348],[3.2168,44.3495],[3.2137,44.3493],[3.2151,44.347],[3.2115,44.3445],[3.2096,44.3446],[3.2091,44.349],[3.2072,44.3504],[3.2128,44.3515],[3.2093,44.3612],[3.2103,44.3614]]],[[[3.2288,44.3424],[3.2306,44.3434],[3.2284,44.3444],[3.231,44.3488],[3.23,44.3487],[3.2293,44.3519],[3.235,44.3518],[3.2364,44.3495],[3.2356,44.3461],[3.2288,44.3424]]]]}},{"type":"Feature","properties":{"id":"F16016Z","nom":"Forêt sectionale d'Alzons Et Fagoux","dep":"48","dom":false,"essence":"feuillu","substrat":"acide","elev":861,"slopeDeg":15.9,"aspect":331},"geometry":{"type":"Polygon","coordinates":[[[3.9219,44.5695],[3.9231,44.5717],[3.9266,44.5709],[3.9244,44.5676],[3.9287,44.5651],[3.9289,44.5685],[3.9321,44.572],[3.9363,44.5738],[3.9438,44.5736],[3.9436,44.5712],[3.9378,44.5675],[3.9355,44.5632],[3.9309,44.56],[3.9252,44.5604],[3.9217,44.5669],[3.9219,44.5695]]]}},{"type":"Feature","properties":{"id":"F16017A","nom":"Forêt sectionale d'Auriac","dep":"48","dom":false,"essence":"mixte","substrat":"acide","elev":1211,"slopeDeg":7.9,"aspect":0},"geometry":{"type":"MultiPolygon","coordinates":[[[[3.6363,44.4829],[3.6392,44.4841],[3.6412,44.4829],[3.6427,44.4856],[3.6449,44.4864],[3.6458,44.4854],[3.6431,44.4838],[3.6447,44.4809],[3.6438,44.478],[3.6413,44.4794],[3.6425,44.481],[3.6413,44.482],[3.6396,44.4804],[3.6387,44.4828],[3.6363,44.4829]]],[[[3.6316,44.478],[3.629,44.4805],[3.6371,44.4811],[3.6349,44.4768],[3.6316,44.478]]],[[[3.654,44.4846],[3.6522,44.4849],[3.6534,44.4875],[3.6523,44.4886],[3.656,44.4882],[3.654,44.4846]]],[[[3.6315,44.4882],[3.6351,44.4862],[3.6305,44.4851],[3.6305,44.489],[3.6315,44.4882]]]]}},{"type":"Feature","properties":{"id":"F16018B","nom":"Forêt sectionale de Combelasais","dep":"48","dom":false,"essence":"autre","substrat":"calcaire","elev":956,"slopeDeg":3.7,"aspect":208},"geometry":{"type":"Polygon","coordinates":[[[3.2036,44.3065],[3.2041,44.304],[3.2013,44.308],[3.2042,44.3101],[3.2057,44.3086],[3.2029,44.3083],[3.2036,44.3065]]]}},{"type":"Feature","properties":{"id":"F16019C","nom":"Forêt sectionale de Fraissinet De Saint-Julien-Du-Tournel","dep":"48","dom":false,"essence":"mixte","substrat":"acide","elev":990,"slopeDeg":7.4,"aspect":281},"geometry":{"type":"Polygon","coordinates":[[[3.6943,44.4964],[3.6973,44.4997],[3.7004,44.4983],[3.7,44.4964],[3.6983,44.4971],[3.6945,44.4951],[3.6916,44.4973],[3.6943,44.4964]]]}},{"type":"Feature","properties":{"id":"F16021E","nom":"Forêt sectionale de Brouillet Et Falgouse","dep":"48","dom":false,"essence":"autre","substrat":"acide","elev":1144,"slopeDeg":6.7,"aspect":261},"geometry":{"type":"Polygon","coordinates":[[[3.1082,44.5325],[3.103,44.5283],[3.0985,44.5287],[3.1042,44.538],[3.1066,44.5392],[3.1092,44.5377],[3.1085,44.5343],[3.1111,44.533],[3.1082,44.5325]]]}},{"type":"Feature","properties":{"id":"F16024H","nom":"Forêt sectionale de Noubloux","dep":"48","dom":false,"essence":"autre","substrat":"acide","elev":1014,"slopeDeg":6.7,"aspect":61},"geometry":{"type":"Polygon","coordinates":[[[3.0852,44.4904],[3.0885,44.4919],[3.0894,44.4909],[3.0873,44.4886],[3.0852,44.4904]]]}},{"type":"Feature","properties":{"id":"F16025I","nom":"Forêt sectionale des Bessons","dep":"48","dom":false,"essence":"conifere","substrat":"acide","elev":1035,"slopeDeg":0.5,"aspect":160},"geometry":{"type":"Polygon","coordinates":[[[3.2766,44.7735],[3.2807,44.7754],[3.2807,44.7723],[3.282,44.7761],[3.2848,44.7735],[3.2836,44.7698],[3.2766,44.7735]]]}},{"type":"Feature","properties":{"id":"F16032P","nom":"Forêt sectionale de Grosfau","dep":"48","dom":false,"essence":"conifere","substrat":"acide","elev":1321,"slopeDeg":2.8,"aspect":58},"geometry":{"type":"Polygon","coordinates":[[[3.7716,44.6043],[3.7702,44.6111],[3.7664,44.6184],[3.7678,44.6261],[3.7702,44.6237],[3.7714,44.6255],[3.7759,44.6256],[3.7796,44.6279],[3.7849,44.6375],[3.7873,44.6382],[3.7874,44.6363],[3.7905,44.6336],[3.7892,44.6265],[3.7848,44.6245],[3.7799,44.6195],[3.7751,44.6197],[3.7792,44.6191],[3.7793,44.6169],[3.7811,44.6189],[3.7857,44.6178],[3.7813,44.6152],[3.7788,44.6161],[3.7765,44.6126],[3.7775,44.6062],[3.7729,44.6031],[3.7716,44.6043]]]}},{"type":"Feature","properties":{"id":"F16033Q","nom":"Forêt sectionale de Chaudeyrac Et Meissoussac","dep":"48","dom":false,"essence":"conifere","substrat":"acide","elev":1266,"slopeDeg":2.8,"aspect":45},"geometry":{"type":"Polygon","coordinates":[[[3.7723,44.6453],[3.7706,44.6462],[3.7695,44.6506],[3.7722,44.6465],[3.7773,44.6483],[3.7797,44.6465],[3.7748,44.6446],[3.7723,44.6453]]]}},{"type":"Feature","properties":{"id":"F16034R","nom":"Forêt sectionale du Born","dep":"48","dom":false,"essence":"conifere","substrat":"acide","elev":1339,"slopeDeg":3,"aspect":64},"geometry":{"type":"MultiPolygon","coordinates":[[[[3.5822,44.5749],[3.5804,44.5817],[3.5859,44.5837],[3.5941,44.5763],[3.5925,44.5733],[3.5892,44.5733],[3.59,44.5719],[3.5825,44.5683],[3.5808,44.5695],[3.5822,44.5749]]],[[[3.5642,44.5875],[3.5781,44.5854],[3.5796,44.5844],[3.5795,44.5825],[3.5775,44.58],[3.5752,44.5795],[3.5669,44.5801],[3.5672,44.5767],[3.5638,44.5806],[3.5605,44.5821],[3.563,44.5858],[3.5625,44.5873],[3.5642,44.5875]]],[[[3.5784,44.6034],[3.5745,44.6027],[3.5735,44.6006],[3.5755,44.6],[3.5753,44.5973],[3.5729,44.5964],[3.577,44.5896],[3.5736,44.5895],[3.572,44.5919],[3.5717,44.5885],[3.5693,44.589],[3.5672,44.5943],[3.5702,44.5971],[3.5706,44.6031],[3.5784,44.6048],[3.5784,44.6034]]],[[[3.5757,44.5954],[3.5771,44.5989],[3.5787,44.5994],[3.5828,44.5902],[3.5779,44.5906],[3.5757,44.5954]]]]}},{"type":"Feature","properties":{"id":"F16035S","nom":"Forêt domaniale des Gardons","dep":"48","dom":true,"essence":"mixte","substrat":"acide","elev":445,"slopeDeg":12.4,"aspect":262},"geometry":{"type":"MultiPolygon","coordinates":[[[[3.9315,44.1839],[3.934,44.1872],[3.9369,44.1824],[3.932,44.1817],[3.9296,44.1786],[3.9271,44.1785],[3.9275,44.175],[3.9306,44.1741],[3.9264,44.1736],[3.9283,44.1701],[3.9253,44.171],[3.925,44.1687],[3.9214,44.1691],[3.9213,44.1663],[3.9151,44.1673],[3.9162,44.1665],[3.9139,44.1643],[3.9171,44.1627],[3.9166,44.1615],[3.9187,44.159],[3.9067,44.1614],[3.905,44.1606],[3.9043,44.1633],[3.9011,44.1632],[3.9007,44.1678],[3.9072,44.1715],[3.906,44.1749],[3.8986,44.1741],[3.8947,44.1713],[3.8931,44.173],[3.895,44.1746],[3.8915,44.1746],[3.8944,44.1766],[3.8861,44.1782],[3.8895,44.1842],[3.8966,44.1828],[3.8897,44.1844],[3.8921,44.1884],[3.8899,44.1894],[3.8894,44.1926],[3.8961,44.1954],[3.8959,44.192],[3.8968,44.192],[3.8969,44.1959],[3.8994,44.1947],[3.8978,44.1967],[3.8981,44.2],[3.9,44.2017],[3.902,44.2015],[3.9039,44.199],[3.9029,44.1987],[3.9054,44.1965],[3.9032,44.1963],[3.9065,44.1938],[3.906,44.1921],[3.9109,44.1911],[3.9077,44.1933],[3.9166,44.1923],[3.9166,44.1887],[3.9114,44.187],[3.915,44.1853],[3.9163,44.1831],[3.9235,44.1869],[3.9254,44.1851],[3.9217,44.1813],[3.9238,44.1825],[3.9314,44.1818],[3.9315,44.1839]]],[[[3.8273,44.1366],[3.8229,44.1365],[3.8202,44.1325],[3.8168,44.1318],[3.8127,44.1288],[3.8068,44.129],[3.8076,44.1304],[3.8046,44.1327],[3.8053,44.1335],[3.804,44.1355],[3.8077,44.1392],[3.812,44.1396],[3.8089,44.1399],[3.8119,44.1431],[3.8168,44.1412],[3.812,44.1433],[3.815,44.1464],[3.8142,44.1471],[3.8103,44.1454],[3.8092,44.1484],[3.8073,44.1477],[3.804,44.1504],[3.7989,44.1478],[3.8015,44.1452],[3.7981,44.1416],[3.7931,44.1428],[3.7974,44.1502],[3.7952,44.1489],[3.7957,44.1474],[3.7926,44.147],[3.7899,44.1495],[3.7886,44.1547],[3.7908,44.1561],[3.7919,44.1541],[3.7925,44.1552],[3.7952,44.1546],[3.7945,44.1571],[3.7974,44.1564],[3.7965,44.1578],[3.7974,44.1588],[3.7996,44.1599],[3.8018,44.1582],[3.8012,44.1591],[3.803,44.16],[3.8043,44.1511],[3.8158,44.1528],[3.8146,44.1511],[3.8166,44.1484],[3.8197,44.1499],[3.8196,44.1523],[3.8249,44.1532],[3.8268,44.1498],[3.825,44.1468],[3.8264,44.1443],[3.8276,44.1463],[3.83,44.1434],[3.8331,44.1425],[3.841,44.1509],[3.8451,44.1496],[3.8486,44.1514],[3.8501,44.1498],[3.8519,44.1509],[3.8512,44.1524],[3.8532,44.1519],[3.8524,44.1461],[3.8447,44.1442],[3.842,44.1411],[3.8434,44.1362],[3.8382,44.1344],[3.8325,44.1373],[3.8273,44.1366]]],[[[3.7677,44.1878],[3.7718,44.1907],[3.7882,44.1873],[3.7887,44.1863],[3.785,44.1855],[3.7811,44.1808],[3.7828,44.1817],[3.7842,44.1811],[3.7834,44.1799],[3.7865,44.1791],[3.7868,44.173],[3.7816,44.1697],[3.7773,44.1763],[3.7777,44.175],[3.7758,44.1752],[3.7732,44.1726],[3.7708,44.1741],[3.767,44.1803],[3.7736,44.1876],[3.7677,44.1878]]],[[[3.8949,44.1556],[3.8973,44.1569],[3.897,44.1554],[3.8991,44.1543],[3.8985,44.1554],[3.8997,44.1559],[3.911,44.1545],[3.9115,44.1495],[3.909,44.1471],[3.9054,44.1479],[3.9073,44.1509],[3.9044,44.1492],[3.8957,44.1517],[3.8975,44.1485],[3.8953,44.1483],[3.8927,44.1512],[3.8944,44.1527],[3.893,44.1554],[3.8949,44.1556]]],[[[3.8729,44.1632],[3.8706,44.1599],[3.8593,44.1583],[3.8575,44.1598],[3.8609,44.1642],[3.8633,44.1632],[3.8675,44.1674],[3.8718,44.1689],[3.8756,44.1668],[3.8729,44.1632]]],[[[3.8093,44.1793],[3.8078,44.1765],[3.8107,44.1751],[3.8108,44.1762],[3.8139,44.1768],[3.8149,44.1724],[3.8118,44.1709],[3.8085,44.1713],[3.8057,44.1736],[3.8072,44.1765],[3.8019,44.176],[3.7996,44.1808],[3.797,44.1806],[3.7965,44.1831],[3.8055,44.1819],[3.8093,44.1793]]],[[[3.7408,44.1555],[3.7367,44.156],[3.7378,44.1582],[3.7362,44.1563],[3.7342,44.1579],[3.7383,44.1603],[3.7373,44.161],[3.7383,44.1616],[3.7418,44.1626],[3.7465,44.1612],[3.7466,44.159],[3.7442,44.1595],[3.7426,44.1556],[3.7408,44.1555]]],[[[3.9281,44.2075],[3.9271,44.2058],[3.9253,44.2086],[3.9226,44.2093],[3.9263,44.2121],[3.9288,44.2115],[3.9274,44.2125],[3.9321,44.2165],[3.9374,44.2164],[3.9304,44.2112],[3.9293,44.2077],[3.9281,44.2075]]],[[[3.8969,44.2073],[3.8958,44.2051],[3.8939,44.2054],[3.8945,44.2045],[3.8906,44.2049],[3.8907,44.2061],[3.8926,44.2058],[3.891,44.2075],[3.8897,44.2058],[3.8864,44.2055],[3.8839,44.207],[3.8847,44.2086],[3.8927,44.21],[3.8931,44.2109],[3.8897,44.2102],[3.8919,44.2117],[3.8936,44.2114],[3.8937,44.2096],[3.8915,44.2078],[3.8956,44.2092],[3.8968,44.2088],[3.8956,44.2075],[3.8969,44.2073]]],[[[3.8417,44.2375],[3.8437,44.2379],[3.846,44.2349],[3.8415,44.2339],[3.8461,44.2346],[3.8468,44.231],[3.8411,44.2313],[3.8398,44.2338],[3.841,44.2346],[3.8384,44.2349],[3.8417,44.2375]]],[[[3.8338,44.1551],[3.8354,44.1534],[3.8325,44.1548],[3.8324,44.1513],[3.831,44.1513],[3.8299,44.1537],[3.828,44.154],[3.8293,44.1555],[3.8274,44.1571],[3.8269,44.1611],[3.8338,44.1551]]],[[[3.8603,44.168],[3.8548,44.1658],[3.8513,44.1676],[3.8557,44.1681],[3.8545,44.1689],[3.855,44.1713],[3.8563,44.171],[3.8562,44.1693],[3.8594,44.1697],[3.8603,44.168]]],[[[3.8576,44.2194],[3.8607,44.218],[3.8595,44.2156],[3.8546,44.2154],[3.855,44.2193],[3.8576,44.2194]]],[[[3.7961,44.1321],[3.7936,44.1341],[3.7933,44.1356],[3.7956,44.1363],[3.7938,44.1391],[3.7989,44.1374],[3.8003,44.1356],[3.7971,44.1358],[3.7961,44.1321]]],[[[3.8505,44.1818],[3.8487,44.1824],[3.8487,44.184],[3.8515,44.1846],[3.8536,44.1833],[3.8531,44.1818],[3.8571,44.18],[3.851,44.1801],[3.8505,44.1818]]],[[[3.8882,44.1985],[3.8928,44.1994],[3.8941,44.1968],[3.8888,44.1945],[3.8882,44.1985]]],[[[3.743,44.1956],[3.7432,44.1939],[3.7471,44.1945],[3.7469,44.1932],[3.7412,44.1923],[3.739,44.196],[3.7416,44.1973],[3.743,44.1956]]],[[[3.9482,44.1736],[3.9528,44.1739],[3.9542,44.1729],[3.9537,44.1715],[3.957,44.1721],[3.9566,44.1707],[3.9516,44.1712],[3.9472,44.1737],[3.9482,44.1736]]],[[[3.8875,44.2032],[3.8911,44.2037],[3.8905,44.2016],[3.8889,44.2028],[3.8883,44.2008],[3.8936,44.2012],[3.8876,44.1993],[3.8875,44.2032]]],[[[3.8103,44.1684],[3.8102,44.1644],[3.8067,44.165],[3.8063,44.1671],[3.8103,44.1684]]],[[[3.7861,44.1348],[3.7858,44.1333],[3.7811,44.1359],[3.7823,44.137],[3.7861,44.1348]]],[[[3.7342,44.1993],[3.7319,44.2007],[3.7331,44.2021],[3.7369,44.2009],[3.7359,44.1986],[3.7342,44.1993]]],[[[3.734,44.1634],[3.7317,44.1624],[3.7326,44.1663],[3.7352,44.165],[3.734,44.1634]]],[[[3.9057,44.1997],[3.9069,44.1983],[3.906,44.1968],[3.903,44.2017],[3.9057,44.1997]]],[[[3.8007,44.1436],[3.8015,44.1446],[3.8046,44.1435],[3.8022,44.1421],[3.8001,44.1423],[3.8007,44.1436]]],[[[3.8152,44.1634],[3.817,44.162],[3.812,44.1631],[3.8131,44.1641],[3.8152,44.1634]]],[[[3.7355,44.1612],[3.7332,44.1605],[3.7332,44.1592],[3.7321,44.1605],[3.7344,44.1623],[3.7355,44.1612]]],[[[3.824,44.1605],[3.8184,44.1613],[3.8219,44.1621],[3.8256,44.1609],[3.824,44.1605]]],[[[3.86,44.2208],[3.859,44.2232],[3.8616,44.2231],[3.86,44.2208]]],[[[3.9187,44.1894],[3.9195,44.1914],[3.9216,44.1908],[3.9197,44.1888],[3.9187,44.1894]]]]}},{"type":"Feature","properties":{"id":"F16042Z","nom":"Forêt sectionale de l'Espinas","dep":"48","dom":false,"essence":"conifere","substrat":"acide","elev":1195,"slopeDeg":6.8,"aspect":298},"geometry":{"type":"Polygon","coordinates":[[[3.4348,44.5818],[3.4264,44.576],[3.4203,44.5761],[3.4177,44.5775],[3.4194,44.5776],[3.4209,44.5833],[3.4198,44.5838],[3.4233,44.5832],[3.4255,44.5844],[3.422,44.5876],[3.4348,44.5818]]]}},{"type":"Feature","properties":{"id":"F16052J","nom":"Forêt sectionale des Breschets","dep":"48","dom":false,"essence":"conifere","substrat":"acide","elev":1245,"slopeDeg":3.9,"aspect":67},"geometry":{"type":"Polygon","coordinates":[[[3.1071,44.7771],[3.1085,44.7796],[3.1087,44.7762],[3.112,44.7754],[3.1138,44.7785],[3.1147,44.7745],[3.1129,44.7735],[3.113,44.7716],[3.1105,44.7715],[3.1104,44.7685],[3.1124,44.7686],[3.1122,44.7674],[3.1058,44.7652],[3.1018,44.7658],[3.1043,44.7738],[3.1071,44.7771]]]}},{"type":"Feature","properties":{"id":"F16043A","nom":"Forêt sectionale des Couffours-Indivis","dep":"48","dom":false,"essence":"mixte","substrat":"acide","elev":1287,"slopeDeg":7.6,"aspect":250},"geometry":{"type":"Polygon","coordinates":[[[3.3872,44.8782],[3.3875,44.876],[3.3827,44.8798],[3.3873,44.8828],[3.3871,44.8865],[3.385,44.887],[3.3919,44.8921],[3.4015,44.8945],[3.4012,44.8922],[3.3951,44.8884],[3.3872,44.8782]]]}},{"type":"Feature","properties":{"id":"F16047E","nom":"Forêt sectionale de Pranlac","dep":"48","dom":false,"essence":"mixte","substrat":"acide","elev":1202,"slopeDeg":11.2,"aspect":130},"geometry":{"type":"Polygon","coordinates":[[[3.8688,44.6392],[3.8704,44.6439],[3.8684,44.6464],[3.8805,44.6447],[3.8862,44.6413],[3.8846,44.6407],[3.8856,44.6383],[3.8825,44.6392],[3.8845,44.636],[3.8823,44.6373],[3.8836,44.6359],[3.8812,44.6351],[3.8841,44.6328],[3.8824,44.631],[3.8784,44.6324],[3.8722,44.6324],[3.8689,44.6352],[3.8688,44.6392]]]}},{"type":"Feature","properties":{"id":"F16051I","nom":"Forêt sectionale de Masméjean","dep":"48","dom":false,"essence":"conifere","substrat":"acide","elev":1117,"slopeDeg":2.5,"aspect":126},"geometry":{"type":"MultiPolygon","coordinates":[[[[3.8782,44.5665],[3.8865,44.5647],[3.8904,44.5618],[3.895,44.5622],[3.8985,44.56],[3.8973,44.5592],[3.898,44.5583],[3.8942,44.5553],[3.8936,44.5565],[3.8924,44.5549],[3.8876,44.555],[3.8774,44.5582],[3.8758,44.5628],[3.8718,44.5622],[3.8679,44.5643],[3.8694,44.5677],[3.8782,44.5665]]],[[[3.8827,44.5708],[3.8834,44.5698],[3.8802,44.5695],[3.8683,44.5745],[3.8703,44.5752],[3.8671,44.5757],[3.8645,44.5796],[3.8645,44.584],[3.8715,44.5748],[3.8762,44.5752],[3.8827,44.5708]]]]}},{"type":"Feature","properties":{"id":"F16053K","nom":"Forêt sectionale des Oubrets","dep":"48","dom":false,"essence":"mixte","substrat":"acide","elev":1236,"slopeDeg":17.8,"aspect":241},"geometry":{"type":"MultiPolygon","coordinates":[[[[3.5317,44.1614],[3.5363,44.1598],[3.5367,44.1554],[3.5423,44.1501],[3.5369,44.1479],[3.5338,44.1488],[3.536,44.1512],[3.5338,44.1511],[3.5332,44.1531],[3.5269,44.1551],[3.5273,44.157],[3.5292,44.1579],[3.5275,44.1621],[3.5202,44.1589],[3.5194,44.1601],[3.5261,44.1641],[3.5317,44.1614]]],[[[3.5502,44.1423],[3.544,44.1394],[3.541,44.1402],[3.5475,44.1465],[3.5506,44.1443],[3.5502,44.1423]]]]}},{"type":"Feature","properties":{"id":"F16073E","nom":"Forêt sectionale du Roc","dep":"48","dom":false,"essence":"mixte","substrat":"acide","elev":1148,"slopeDeg":3.9,"aspect":298},"geometry":{"type":"Polygon","coordinates":[[[3.0964,44.7885],[3.0945,44.7896],[3.0965,44.7899],[3.0974,44.7917],[3.0955,44.792],[3.0986,44.7943],[3.1011,44.792],[3.1015,44.7836],[3.0994,44.7837],[3.0984,44.7871],[3.0995,44.7873],[3.0975,44.7899],[3.0964,44.7885]]]}},{"type":"Feature","properties":{"id":"F16058P","nom":"Forêt sectionale d'Ajalès","dep":"48","dom":false,"essence":"mixte","substrat":"acide","elev":1215,"slopeDeg":5.1,"aspect":307},"geometry":{"type":"Polygon","coordinates":[[[3.1045,44.7752],[3.1017,44.7647],[3.0939,44.7699],[3.0975,44.77],[3.0999,44.7741],[3.104,44.7774],[3.1045,44.7752]]]}},{"type":"Feature","properties":{"id":"F16059Q","nom":"Forêt sectionale d'Aubespeyre","dep":"48","dom":false,"essence":"conifere","substrat":"acide","elev":1235,"slopeDeg":1.4,"aspect":75},"geometry":{"type":"MultiPolygon","coordinates":[[[[3.6587,44.7598],[3.6544,44.7608],[3.6518,44.7588],[3.6519,44.7573],[3.6508,44.7597],[3.6568,44.7634],[3.6587,44.7598]]],[[[3.6568,44.7509],[3.6515,44.7517],[3.6527,44.7532],[3.6562,44.7533],[3.6576,44.7523],[3.6568,44.7509]]]]}},{"type":"Feature","properties":{"id":"F16060R","nom":"Forêt sectionale du Chastel-Nouvel","dep":"48","dom":false,"essence":"conifere","substrat":"acide","elev":1144,"slopeDeg":3,"aspect":163},"geometry":{"type":"Polygon","coordinates":[[[3.5103,44.5649],[3.5069,44.5642],[3.5082,44.5665],[3.5123,44.5671],[3.5117,44.5679],[3.5136,44.5686],[3.5133,44.5667],[3.5103,44.5649]]]}},{"type":"Feature","properties":{"id":"F16062T","nom":"Forêt sectionale de Ruassols Et La-Vernède","dep":"48","dom":false,"essence":"feuillu","substrat":"acide","elev":760,"slopeDeg":15.7,"aspect":356},"geometry":{"type":"Polygon","coordinates":[[[3.6482,44.3504],[3.6509,44.3484],[3.6489,44.3465],[3.65,44.345],[3.6491,44.3437],[3.6442,44.3509],[3.6482,44.3504]]]}},{"type":"Feature","properties":{"id":"F16063U","nom":"Forêt domaniale de la Loubière","dep":"48","dom":true,"essence":"conifere","substrat":"acide","elev":1260,"slopeDeg":10.7,"aspect":313},"geometry":{"type":"MultiPolygon","coordinates":[[[[3.6009,44.4944],[3.601,44.4909],[3.6058,44.4903],[3.6064,44.4925],[3.6087,44.4903],[3.6129,44.4903],[3.6136,44.4923],[3.6108,44.4918],[3.6148,44.4934],[3.6272,44.4924],[3.6247,44.4922],[3.6283,44.4896],[3.6251,44.486],[3.6285,44.481],[3.6252,44.4791],[3.6209,44.4808],[3.6194,44.483],[3.6227,44.4853],[3.6181,44.4883],[3.612,44.487],[3.6045,44.49],[3.5996,44.4883],[3.5979,44.4894],[3.594,44.4886],[3.5853,44.4917],[3.5962,44.4957],[3.6009,44.4944]]],[[[3.6309,44.495],[3.6426,44.496],[3.6487,44.4946],[3.6482,44.4919],[3.6423,44.4909],[3.6351,44.4862],[3.6305,44.489],[3.629,44.4949],[3.6309,44.495]]]]}},{"type":"Feature","properties":{"id":"F16064V","nom":"Forêt sectionale de Vitrolles De Rieutort-De-Randon","dep":"48","dom":false,"essence":"autre","substrat":"acide","elev":1445,"slopeDeg":5.7,"aspect":113},"geometry":{"type":"Polygon","coordinates":[[[3.5635,44.6395],[3.5648,44.6385],[3.5577,44.6352],[3.5356,44.6432],[3.5246,44.6428],[3.5227,44.6466],[3.5268,44.6475],[3.5296,44.6497],[3.5361,44.6493],[3.5405,44.6531],[3.5635,44.6395]]]}},{"type":"Feature","properties":{"id":"F16066X","nom":"Forêt sectionale de Choisinets","dep":"48","dom":false,"essence":"feuillu","substrat":"acide","elev":1069,"slopeDeg":5.1,"aspect":301},"geometry":{"type":"MultiPolygon","coordinates":[[[[3.8351,44.6666],[3.8375,44.6654],[3.8343,44.6617],[3.8258,44.661],[3.825,44.6651],[3.8287,44.6664],[3.8343,44.6654],[3.8351,44.6666]]],[[[3.8542,44.6822],[3.8491,44.6819],[3.8528,44.6877],[3.8548,44.6876],[3.8542,44.6822]]],[[[3.8398,44.6833],[3.8407,44.6811],[3.8382,44.6789],[3.8336,44.6791],[3.8347,44.6813],[3.8398,44.6833]]]]}},{"type":"Feature","properties":{"id":"F16067Y","nom":"Forêt sectionale de Cluzel Et Molines","dep":"48","dom":false,"essence":"autre","substrat":"calcaire","elev":1152,"slopeDeg":7.6,"aspect":45},"geometry":{"type":"Polygon","coordinates":[[[3.5434,44.4365],[3.5408,44.436],[3.5387,44.4427],[3.5409,44.4452],[3.5504,44.4439],[3.5509,44.435],[3.5467,44.4376],[3.5434,44.4365]]]}},{"type":"Feature","properties":{"id":"F16069A","nom":"Forêt domaniale de Ramponenche","dep":"48","dom":true,"essence":"conifere","substrat":"acide","elev":818,"slopeDeg":11.8,"aspect":185},"geometry":{"type":"MultiPolygon","coordinates":[[[[3.6327,44.3358],[3.6349,44.3372],[3.6309,44.3388],[3.6331,44.3395],[3.6275,44.3441],[3.6289,44.3445],[3.6295,44.3479],[3.6322,44.3492],[3.6366,44.347],[3.6414,44.3413],[3.6471,44.3391],[3.6492,44.335],[3.6508,44.3365],[3.6586,44.3364],[3.6636,44.3391],[3.6701,44.3378],[3.67,44.3392],[3.6723,44.3393],[3.6758,44.338],[3.6859,44.338],[3.6878,44.336],[3.6909,44.3358],[3.6931,44.333],[3.6999,44.3307],[3.6955,44.3271],[3.6858,44.3288],[3.6828,44.3313],[3.6806,44.327],[3.6748,44.3282],[3.6674,44.3244],[3.6626,44.325],[3.6576,44.3227],[3.6527,44.3246],[3.6492,44.3234],[3.6459,44.3264],[3.6415,44.3262],[3.6398,44.3283],[3.6353,44.3274],[3.6278,44.3289],[3.6182,44.3237],[3.6148,44.3287],[3.6136,44.3283],[3.615,44.3267],[3.6128,44.3261],[3.6111,44.3282],[3.6098,44.3276],[3.608,44.3292],[3.6105,44.3319],[3.6052,44.3327],[3.6036,44.3361],[3.6055,44.334],[3.6097,44.3333],[3.6094,44.3355],[3.6118,44.334],[3.6118,44.3356],[3.6194,44.3374],[3.6204,44.3337],[3.6189,44.3305],[3.6205,44.3293],[3.6208,44.3305],[3.6223,44.33],[3.6236,44.3351],[3.6292,44.336],[3.6279,44.3344],[3.6294,44.3323],[3.6321,44.333],[3.6321,44.3313],[3.6361,44.3324],[3.6367,44.3305],[3.6368,44.3326],[3.6383,44.3302],[3.637,44.3331],[3.6386,44.3335],[3.6327,44.3358]]],[[[3.6184,44.3003],[3.6112,44.3078],[3.6126,44.3083],[3.6168,44.3034],[3.6159,44.3044],[3.6173,44.3059],[3.6189,44.305],[3.6189,44.3063],[3.6235,44.3042],[3.622,44.3007],[3.6184,44.3003]]],[[[3.6239,44.3359],[3.6201,44.3386],[3.6226,44.3386],[3.6221,44.3405],[3.6243,44.3406],[3.6248,44.3381],[3.6295,44.3391],[3.625,44.3377],[3.6239,44.3359]]],[[[3.6189,44.3452],[3.6236,44.3435],[3.6212,44.3436],[3.6245,44.3422],[3.6244,44.3409],[3.6221,44.3408],[3.6189,44.3452]]],[[[3.5986,44.3347],[3.6005,44.3362],[3.6018,44.3349],[3.6004,44.3339],[3.5986,44.3347]]]]}},{"type":"Feature","properties":{"id":"F16097C","nom":"Forêt sectionale de Genestuéjols","dep":"48","dom":false,"essence":"mixte","substrat":"acide","elev":1196,"slopeDeg":4.7,"aspect":336},"geometry":{"type":"Polygon","coordinates":[[[3.1014,44.7839],[3.1015,44.7862],[3.1087,44.7822],[3.1086,44.7796],[3.1044,44.7741],[3.1047,44.7779],[3.1014,44.7839]]]}},{"type":"Feature","properties":{"id":"F16070B","nom":"Forêt sectionale d'Ayres","dep":"48","dom":false,"essence":"autre","substrat":"calcaire","elev":870,"slopeDeg":7.1,"aspect":259},"geometry":{"type":"MultiPolygon","coordinates":[[[[3.4444,44.1857],[3.4483,44.1898],[3.448,44.1887],[3.4511,44.1865],[3.4499,44.1836],[3.4483,44.183],[3.4495,44.182],[3.448,44.1815],[3.4445,44.1817],[3.4444,44.1857]]],[[[3.4553,44.1899],[3.4593,44.1884],[3.4539,44.1859],[3.4522,44.1864],[3.4521,44.1879],[3.4553,44.1899]]],[[[3.4466,44.1919],[3.4473,44.1903],[3.4431,44.1897],[3.445,44.1925],[3.4466,44.1919]]],[[[3.4429,44.1788],[3.4401,44.1777],[3.4432,44.1804],[3.4442,44.1793],[3.4429,44.1788]]]]}},{"type":"Feature","properties":{"id":"F16071C","nom":"Forêt sectionale de Chazes","dep":"48","dom":false,"essence":"feuillu","substrat":"acide","elev":1047,"slopeDeg":6.3,"aspect":299},"geometry":{"type":"Polygon","coordinates":[[[3.6732,44.3247],[3.6671,44.3251],[3.6748,44.3282],[3.6806,44.327],[3.6802,44.3253],[3.6732,44.3247]]]}},{"type":"Feature","properties":{"id":"F16072D","nom":"Forêt sectionale de Mijavols","dep":"48","dom":false,"essence":"autre","substrat":"acide","elev":1209,"slopeDeg":14,"aspect":243},"geometry":{"type":"MultiPolygon","coordinates":[[[[3.7308,44.3127],[3.7286,44.3075],[3.7206,44.3018],[3.7238,44.306],[3.722,44.306],[3.7216,44.3082],[3.7243,44.3084],[3.7237,44.3072],[3.7256,44.3055],[3.7264,44.3062],[3.7253,44.3072],[3.7282,44.3082],[3.7258,44.3084],[3.7267,44.3108],[3.7246,44.3109],[3.7234,44.313],[3.7254,44.3131],[3.7287,44.3099],[3.726,44.3138],[3.7294,44.3163],[3.7335,44.3155],[3.7308,44.3127]]],[[[3.711,44.3189],[3.7055,44.3216],[3.7065,44.3226],[3.7109,44.3203],[3.7156,44.3213],[3.7199,44.3198],[3.7198,44.317],[3.7167,44.32],[3.7158,44.3185],[3.711,44.3189]]],[[[3.7021,44.3085],[3.7034,44.3049],[3.6983,44.3075],[3.6986,44.3097],[3.6956,44.3098],[3.6958,44.3085],[3.6941,44.3099],[3.6974,44.3113],[3.7021,44.3085]]],[[[3.713,44.3015],[3.7121,44.3035],[3.7143,44.3029],[3.7151,44.3001],[3.719,44.3024],[3.7197,44.3013],[3.7156,44.2997],[3.713,44.3015]]],[[[3.7122,44.3094],[3.7195,44.3139],[3.7185,44.3126],[3.7199,44.3122],[3.7172,44.3118],[3.719,44.3105],[3.7168,44.3113],[3.7122,44.3094]]]]}},{"type":"Feature","properties":{"id":"F16074F","nom":"Forêt sectionale de Bellelande","dep":"48","dom":false,"essence":"autre","substrat":"acide","elev":1215,"slopeDeg":2.7,"aspect":347},"geometry":{"type":"MultiPolygon","coordinates":[[[[3.6754,44.7436],[3.6763,44.7429],[3.6743,44.7417],[3.6699,44.7466],[3.6743,44.7465],[3.6707,44.7503],[3.674,44.7499],[3.6712,44.7494],[3.6744,44.749],[3.6759,44.7456],[3.6789,44.7452],[3.6754,44.7436]]],[[[3.6751,44.7534],[3.6743,44.7516],[3.6718,44.7531],[3.6734,44.7553],[3.6751,44.7534]]]]}},{"type":"Feature","properties":{"id":"F16077I","nom":"Forêt sectionale du Beyrac","dep":"48","dom":false,"essence":"conifere","substrat":"acide","elev":1152,"slopeDeg":2.4,"aspect":178},"geometry":{"type":"Polygon","coordinates":[[[3.6361,44.5525],[3.6334,44.5521],[3.6287,44.5475],[3.6325,44.5564],[3.6322,44.5612],[3.6336,44.5641],[3.6392,44.567],[3.6467,44.5655],[3.6456,44.564],[3.637,44.5635],[3.6341,44.5618],[3.6357,44.5545],[3.6371,44.5551],[3.6361,44.5525]]]}},{"type":"Feature","properties":{"id":"F16078J","nom":"Forêt sectionale de Nasbinals","dep":"48","dom":false,"essence":"feuillu","substrat":"neutre","elev":1220,"slopeDeg":2.2,"aspect":2},"geometry":{"type":"MultiPolygon","coordinates":[[[[3.0273,44.6546],[3.0153,44.6533],[3.0154,44.6521],[3.021,44.6511],[3.0241,44.6522],[3.0245,44.6512],[3.0231,44.6508],[3.0231,44.6484],[3.0204,44.6469],[3.0187,44.6495],[3.0148,44.6485],[3.0136,44.6457],[3.0116,44.6465],[3.0151,44.6546],[3.0239,44.656],[3.0273,44.6546]]],[[[3.0216,44.6415],[3.022,44.6427],[3.0278,44.6427],[3.0347,44.6458],[3.0387,44.642],[3.0369,44.643],[3.0308,44.6411],[3.0216,44.6415]]],[[[3.0357,44.6735],[3.034,44.6737],[3.0324,44.6767],[3.0348,44.6774],[3.0373,44.6718],[3.0344,44.6663],[3.0352,44.6681],[3.0339,44.6695],[3.0357,44.6735]]],[[[3.049,44.6471],[3.0515,44.6469],[3.0507,44.6454],[3.0525,44.6448],[3.0469,44.6454],[3.049,44.6471]]]]}},{"type":"Feature","properties":{"id":"F16075G","nom":"Forêt sectionale de Chanteruéjols De Gabrias","dep":"48","dom":false,"essence":"conifere","substrat":"acide","elev":1121,"slopeDeg":9.2,"aspect":290},"geometry":{"type":"MultiPolygon","coordinates":[[[[3.3794,44.5378],[3.3843,44.5433],[3.3805,44.5457],[3.3828,44.5482],[3.3907,44.5497],[3.39,44.5521],[3.3955,44.5515],[3.398,44.5495],[3.3794,44.5378]]],[[[3.4151,44.5664],[3.4163,44.5664],[3.4119,44.5621],[3.4087,44.5631],[3.4055,44.5677],[3.4061,44.5692],[3.4151,44.5664]]]]}},{"type":"Feature","properties":{"id":"F16076H","nom":"Forêt sectionale de Charzel","dep":"48","dom":false,"essence":"mixte","substrat":"acide","elev":1233,"slopeDeg":4.7,"aspect":295},"geometry":{"type":"MultiPolygon","coordinates":[[[[3.4495,44.8047],[3.4495,44.8065],[3.4524,44.8062],[3.4569,44.8005],[3.4481,44.8007],[3.4469,44.8016],[3.4495,44.8047]]],[[[3.4556,44.7918],[3.4542,44.7938],[3.4578,44.7935],[3.459,44.7918],[3.4568,44.7895],[3.4556,44.7918]]]]}},{"type":"Feature","properties":{"id":"F16080L","nom":"Forêt sectionale de Prévenchères","dep":"48","dom":false,"essence":"autre","substrat":"acide","elev":924,"slopeDeg":1.4,"aspect":240},"geometry":{"type":"MultiPolygon","coordinates":[[[[3.9353,44.5324],[3.935,44.5314],[3.9309,44.5332],[3.9249,44.5298],[3.9278,44.527],[3.9253,44.5261],[3.9267,44.5238],[3.9262,44.5219],[3.9235,44.524],[3.923,44.5331],[3.9253,44.5319],[3.9285,44.5364],[3.931,44.536],[3.9353,44.5324]]],[[[3.8911,44.5301],[3.8941,44.5304],[3.8965,44.5281],[3.8891,44.527],[3.886,44.5249],[3.8854,44.5259],[3.8886,44.5291],[3.8902,44.5288],[3.89,44.5305],[3.8911,44.5301]]],[[[3.9216,44.5361],[3.9258,44.5378],[3.9257,44.5353],[3.9216,44.5361]]]]}},{"type":"Feature","properties":{"id":"F16081M","nom":"Forêt sectionale de la Bessière De Javols","dep":"48","dom":false,"essence":"mixte","substrat":"acide","elev":1069,"slopeDeg":1.2,"aspect":300},"geometry":{"type":"Polygon","coordinates":[[[3.3359,44.6634],[3.3344,44.6611],[3.3351,44.659],[3.3394,44.6584],[3.3348,44.657],[3.3318,44.6617],[3.3359,44.6634]]]}},{"type":"Feature","properties":{"id":"F16083O","nom":"Forêt sectionale des Courses","dep":"48","dom":false,"essence":"conifere","substrat":"acide","elev":960,"slopeDeg":1.9,"aspect":305},"geometry":{"type":"Polygon","coordinates":[[[3.3784,44.8029],[3.3748,44.8028],[3.3782,44.8094],[3.3784,44.8029]]]}},{"type":"Feature","properties":{"id":"F16084P","nom":"Forêt sectionale du Thort","dep":"48","dom":false,"essence":"feuillu","substrat":"acide","elev":1010,"slopeDeg":13.1,"aspect":94},"geometry":{"type":"MultiPolygon","coordinates":[[[[3.9195,44.5607],[3.9193,44.5561],[3.9121,44.5556],[3.9087,44.5576],[3.9109,44.56],[3.9138,44.5606],[3.9153,44.5587],[3.9146,44.5615],[3.9193,44.566],[3.9205,44.5642],[3.9195,44.5607]]],[[[3.9179,44.5709],[3.9187,44.5701],[3.9141,44.5702],[3.9079,44.5745],[3.9139,44.5751],[3.9115,44.5743],[3.9123,44.5734],[3.9141,44.5746],[3.9129,44.5724],[3.914,44.571],[3.9179,44.5709]]]]}},{"type":"Feature","properties":{"id":"F16091W","nom":"Forêt sectionale de la Malige","dep":"48","dom":false,"essence":"conifere","substrat":"acide","elev":1214,"slopeDeg":3.4,"aspect":206},"geometry":{"type":"Polygon","coordinates":[[[3.4389,44.7673],[3.4378,44.7694],[3.4393,44.7714],[3.4433,44.7714],[3.4413,44.7699],[3.442,44.7678],[3.4389,44.7673]]]}},{"type":"Feature","properties":{"id":"F16092X","nom":"Forêt sectionale de la Capelle Et Vialette","dep":"48","dom":false,"essence":"conifere","substrat":"calcaire","elev":820,"slopeDeg":2.6,"aspect":52},"geometry":{"type":"MultiPolygon","coordinates":[[[[3.3042,44.3771],[3.3051,44.3761],[3.3025,44.3719],[3.2988,44.3728],[3.2969,44.3766],[3.293,44.3777],[3.293,44.3795],[3.2919,44.379],[3.2908,44.3847],[3.2955,44.3845],[3.293,44.3863],[3.2963,44.3895],[3.2971,44.3885],[3.2956,44.387],[3.301,44.3864],[3.2995,44.3849],[3.3025,44.3851],[3.3042,44.3825],[3.305,44.3779],[3.3018,44.3773],[3.3013,44.376],[3.3042,44.3771]]],[[[3.3022,44.3916],[3.301,44.3928],[3.3032,44.3944],[3.3003,44.3989],[3.3018,44.399],[3.3015,44.4002],[3.3042,44.4001],[3.3072,44.3977],[3.3052,44.3981],[3.3061,44.3971],[3.3051,44.3967],[3.3064,44.3962],[3.3072,44.3973],[3.3079,44.393],[3.3138,44.3903],[3.3088,44.3866],[3.3091,44.3899],[3.3074,44.3901],[3.3072,44.3918],[3.3022,44.3916]]]]}},{"type":"Feature","properties":{"id":"F16085Q","nom":"Forêt sectionale d'Arzenc De Randon","dep":"48","dom":false,"essence":"conifere","substrat":"acide","elev":1393,"slopeDeg":2.5,"aspect":209},"geometry":{"type":"Polygon","coordinates":[[[3.5869,44.6371],[3.579,44.6355],[3.5907,44.6446],[3.6009,44.648],[3.6161,44.6565],[3.6179,44.6548],[3.6152,44.6516],[3.6162,44.6492],[3.6069,44.6457],[3.5952,44.6383],[3.5869,44.6371]]]}},{"type":"Feature","properties":{"id":"F16086R","nom":"Forêt sectionale d'Espinouse","dep":"48","dom":false,"essence":"feuillu","substrat":"acide","elev":1382,"slopeDeg":7.1,"aspect":75},"geometry":{"type":"Polygon","coordinates":[[[3.5497,44.7524],[3.5408,44.753],[3.5385,44.7571],[3.5429,44.7582],[3.5468,44.7573],[3.5499,44.7554],[3.5497,44.7524]]]}},{"type":"Feature","properties":{"id":"F16096B","nom":"Forêt sectionale de Daufage","dep":"48","dom":false,"essence":"conifere","substrat":"acide","elev":1214,"slopeDeg":5.7,"aspect":40},"geometry":{"type":"MultiPolygon","coordinates":[[[[3.7731,44.5429],[3.7694,44.5432],[3.7696,44.5485],[3.7767,44.5493],[3.7788,44.548],[3.7763,44.5454],[3.777,44.5431],[3.781,44.5421],[3.7781,44.5411],[3.7784,44.5397],[3.7823,44.5432],[3.7869,44.5434],[3.7877,44.5423],[3.786,44.5421],[3.7866,44.5403],[3.7904,44.54],[3.7913,44.5377],[3.7924,44.5382],[3.7907,44.5359],[3.7922,44.5346],[3.7945,44.5342],[3.7962,44.5383],[3.7977,44.5294],[3.7816,44.5293],[3.776,44.533],[3.7708,44.5339],[3.7693,44.5349],[3.7692,44.5383],[3.7716,44.5379],[3.7731,44.5428],[3.7739,44.542],[3.7766,44.5432],[3.7731,44.5429]]],[[[3.7908,44.5523],[3.7956,44.5493],[3.7914,44.5463],[3.789,44.5482],[3.7816,44.5493],[3.7792,44.5518],[3.775,44.5503],[3.7739,44.5513],[3.7801,44.5524],[3.7814,44.5546],[3.7839,44.5551],[3.7908,44.5523]]]]}},{"type":"Feature","properties":{"id":"F16087S","nom":"Forêt départementale indivise du Département Et Hôpitaux","dep":"48","dom":false,"essence":"conifere","substrat":"calcaire","elev":1022,"slopeDeg":8.4,"aspect":256},"geometry":{"type":"Polygon","coordinates":[[[3.4374,44.3899],[3.437,44.3851],[3.4395,44.3835],[3.4376,44.383],[3.4401,44.3818],[3.4397,44.3806],[3.4315,44.3766],[3.4297,44.3786],[3.4309,44.3797],[3.4304,44.3826],[3.4287,44.3825],[3.4287,44.3796],[3.4259,44.3806],[3.4246,44.3845],[3.4316,44.3852],[3.4313,44.3943],[3.4324,44.396],[3.4348,44.3965],[3.4398,44.3947],[3.4396,44.3914],[3.4368,44.3918],[3.4374,44.3899]]]}},{"type":"Feature","properties":{"id":"F16088T","nom":"Forêt sectionale de Magistavols","dep":"48","dom":false,"essence":"conifere","substrat":"acide","elev":920,"slopeDeg":5.1,"aspect":227},"geometry":{"type":"Polygon","coordinates":[[[3.6813,44.2662],[3.6771,44.2707],[3.6778,44.2749],[3.683,44.2722],[3.6861,44.2675],[3.6906,44.2678],[3.6917,44.2614],[3.6874,44.2598],[3.6866,44.2558],[3.6835,44.2591],[3.6813,44.2662]]]}},{"type":"Feature","properties":{"id":"F16089U","nom":"Forêt sectionale de Valcrozes","dep":"48","dom":false,"essence":"autre","substrat":"calcaire","elev":1041,"slopeDeg":2.8,"aspect":253},"geometry":{"type":"Polygon","coordinates":[[[3.3792,44.5376],[3.3809,44.5387],[3.3807,44.535],[3.3768,44.5355],[3.3792,44.5376]]]}},{"type":"Feature","properties":{"id":"F16090V","nom":"Forêt communale des Salces","dep":"48","dom":false,"essence":"feuillu","substrat":"acide","elev":1274,"slopeDeg":7.6,"aspect":45},"geometry":{"type":"Polygon","coordinates":[[[3.1404,44.5795],[3.141,44.5806],[3.1439,44.5799],[3.1437,44.5783],[3.1457,44.5773],[3.1456,44.5739],[3.1602,44.5702],[3.1612,44.566],[3.1595,44.5606],[3.1587,44.5601],[3.156,44.5665],[3.1455,44.5648],[3.14,44.5671],[3.1387,44.5709],[3.1366,44.572],[3.1404,44.5795]]]}},{"type":"Feature","properties":{"id":"F16093Y","nom":"Forêt sectionale de Saint-Privat-Du-Fau","dep":"48","dom":false,"essence":"conifere","substrat":"acide","elev":1347,"slopeDeg":2.4,"aspect":319},"geometry":{"type":"MultiPolygon","coordinates":[[[[3.3693,44.924],[3.3547,44.9164],[3.3527,44.9177],[3.3523,44.9214],[3.3498,44.9224],[3.3587,44.9297],[3.3522,44.9289],[3.354,44.9298],[3.3516,44.9312],[3.3552,44.9329],[3.3526,44.9355],[3.3588,44.936],[3.3593,44.9386],[3.367,44.9378],[3.3663,44.9357],[3.3682,44.9324],[3.3673,44.9323],[3.3682,44.9279],[3.3695,44.9309],[3.3683,44.9325],[3.3788,44.9322],[3.3813,44.9306],[3.3696,44.9241],[3.3691,44.9266],[3.3677,44.9267],[3.3669,44.9259],[3.3693,44.924]]],[[[3.3446,44.912],[3.345,44.9123],[3.345,44.9128],[3.3461,44.9131],[3.3461,44.9132],[3.3466,44.9134],[3.3467,44.9139],[3.3482,44.9146],[3.3485,44.9147],[3.3496,44.9152],[3.3498,44.9153],[3.3522,44.9162],[3.3523,44.9164],[3.3525,44.9168],[3.3526,44.9165],[3.3527,44.9164],[3.3529,44.9162],[3.3529,44.9162],[3.353,44.9158],[3.3516,44.9152],[3.3511,44.915],[3.3495,44.9142],[3.3489,44.914],[3.3486,44.9139],[3.3486,44.9138],[3.3479,44.9135],[3.3451,44.9123],[3.3446,44.912]]]]}},{"type":"Feature","properties":{"id":"F16098D","nom":"Forêt communale des Laubies","dep":"48","dom":false,"essence":"autre","substrat":"acide","elev":1046,"slopeDeg":1.2,"aspect":228},"geometry":{"type":"MultiPolygon","coordinates":[[[[3.3966,44.75],[3.3989,44.7508],[3.3993,44.7447],[3.3983,44.7439],[3.3985,44.7461],[3.3964,44.7478],[3.3943,44.7485],[3.3924,44.7469],[3.3927,44.7502],[3.3966,44.75]]],[[[3.386,44.7379],[3.3836,44.7393],[3.3861,44.7415],[3.388,44.741],[3.3853,44.7397],[3.386,44.7379]]]]}},{"type":"Feature","properties":{"id":"F16099E","nom":"Forêt sectionale de Brajon","dep":"48","dom":false,"essence":"autre","substrat":"acide","elev":1088,"slopeDeg":8.5,"aspect":296},"geometry":{"type":"Polygon","coordinates":[[[3.6071,44.4893],[3.6037,44.4878],[3.6032,44.4899],[3.6071,44.4893]]]}},{"type":"Feature","properties":{"id":"F16100F","nom":"Forêt sectionale de Chasseradès","dep":"48","dom":false,"essence":"conifere","substrat":"acide","elev":1259,"slopeDeg":6.6,"aspect":103},"geometry":{"type":"MultiPolygon","coordinates":[[[[3.8122,44.5739],[3.8111,44.5768],[3.8155,44.5808],[3.8199,44.5803],[3.823,44.5764],[3.8219,44.5748],[3.8205,44.5787],[3.8138,44.5784],[3.8134,44.5736],[3.8161,44.5722],[3.8122,44.5739]]],[[[3.8154,44.5692],[3.8154,44.5709],[3.8216,44.5689],[3.82,44.5651],[3.8173,44.5647],[3.8154,44.5662],[3.8154,44.5692]]]]}},{"type":"Feature","properties":{"id":"F16112R","nom":"Forêt sectionale d'Espinouzette","dep":"48","dom":false,"essence":"conifere","substrat":"acide","elev":1164,"slopeDeg":0.9,"aspect":288},"geometry":{"type":"Polygon","coordinates":[[[3.675,44.7756],[3.6749,44.7725],[3.6704,44.7725],[3.673,44.7764],[3.675,44.7756]]]}},{"type":"Feature","properties":{"id":"F16101G","nom":"Forêt sectionale d'Estampe","dep":"48","dom":false,"essence":"conifere","substrat":"acide","elev":1214,"slopeDeg":1.9,"aspect":150},"geometry":{"type":"MultiPolygon","coordinates":[[[[3.8063,44.5356],[3.8069,44.5371],[3.809,44.5367],[3.8115,44.5347],[3.8129,44.5304],[3.7977,44.5294],[3.7963,44.538],[3.8009,44.5371],[3.8022,44.5379],[3.8019,44.5403],[3.8048,44.5357],[3.8063,44.5356]]],[[[3.7873,44.5749],[3.7905,44.5689],[3.7883,44.5695],[3.7873,44.5705],[3.7884,44.5712],[3.7861,44.573],[3.7819,44.5739],[3.7857,44.5748],[3.7869,44.5793],[3.7873,44.5749]]],[[[3.7845,44.5846],[3.7869,44.5872],[3.7863,44.5857],[3.788,44.585],[3.7836,44.5837],[3.7845,44.5846]]]]}},{"type":"Feature","properties":{"id":"F16102H","nom":"Forêt sectionale indivise de Gimels Et Palhers","dep":"48","dom":false,"essence":"conifere","substrat":"calcaire","elev":770,"slopeDeg":5.9,"aspect":30},"geometry":{"type":"Polygon","coordinates":[[[3.2878,44.5369],[3.2879,44.5334],[3.2863,44.5335],[3.282,44.5378],[3.2825,44.541],[3.2868,44.5397],[3.2878,44.5369]]]}},{"type":"Feature","properties":{"id":"F16103I","nom":"Forêt sectionale de Mazet Et Amourettes","dep":"48","dom":false,"essence":"mixte","substrat":"acide","elev":1256,"slopeDeg":9.2,"aspect":187},"geometry":{"type":"MultiPolygon","coordinates":[[[[3.3331,44.951],[3.3307,44.9511],[3.3272,44.9472],[3.3266,44.948],[3.3284,44.9512],[3.3334,44.9535],[3.3439,44.9511],[3.3389,44.9487],[3.3339,44.9492],[3.3418,44.9499],[3.3416,44.951],[3.3331,44.951]]],[[[3.3375,44.956],[3.3403,44.9552],[3.3353,44.9544],[3.3375,44.956]]]]}},{"type":"Feature","properties":{"id":"F16104J","nom":"Forêt sectionale de Laval Et Perrière Et Rauzas","dep":"48","dom":false,"essence":"conifere","substrat":"calcaire","elev":897,"slopeDeg":3.9,"aspect":116},"geometry":{"type":"Polygon","coordinates":[[[3.3171,44.3577],[3.3147,44.3607],[3.3122,44.3611],[3.3115,44.3626],[3.3133,44.3651],[3.3298,44.3704],[3.3312,44.3692],[3.3309,44.3665],[3.3271,44.3651],[3.334,44.3591],[3.3339,44.3568],[3.3297,44.3566],[3.3278,44.3578],[3.3282,44.3599],[3.326,44.3603],[3.3252,44.3586],[3.3277,44.3557],[3.3271,44.3546],[3.3248,44.3563],[3.3248,44.355],[3.321,44.3553],[3.3257,44.3542],[3.323,44.3535],[3.3212,44.3536],[3.3171,44.3577]]]}},{"type":"Feature","properties":{"id":"F16106L","nom":"Forêt sectionale de la Rochette-Héralts","dep":"48","dom":false,"essence":"mixte","substrat":"acide","elev":1288,"slopeDeg":13.4,"aspect":134},"geometry":{"type":"MultiPolygon","coordinates":[[[[3.8135,44.5304],[3.8198,44.5302],[3.8185,44.5293],[3.8211,44.5264],[3.8256,44.5264],[3.8188,44.5242],[3.8144,44.5207],[3.813,44.523],[3.8136,44.5262],[3.8116,44.5292],[3.8135,44.5304]]],[[[3.8454,44.512],[3.8416,44.5123],[3.8441,44.5148],[3.8469,44.514],[3.8473,44.5121],[3.8454,44.512]]]]}},{"type":"Feature","properties":{"id":"F16107M","nom":"Forêt communale d'Altier","dep":"48","dom":false,"essence":"conifere","substrat":"acide","elev":819,"slopeDeg":6.2,"aspect":66},"geometry":{"type":"MultiPolygon","coordinates":[[[[3.8311,44.5019],[3.8261,44.5026],[3.8257,44.5015],[3.8242,44.5048],[3.8208,44.5042],[3.817,44.5016],[3.818,44.4976],[3.8143,44.4952],[3.8092,44.5006],[3.8079,44.5046],[3.8132,44.5031],[3.8176,44.505],[3.8174,44.5143],[3.815,44.5202],[3.8188,44.5242],[3.8263,44.5266],[3.8297,44.5173],[3.8274,44.5158],[3.8294,44.5136],[3.8228,44.5105],[3.8328,44.5033],[3.8311,44.5019]]],[[[3.8412,44.4157],[3.8381,44.4155],[3.8312,44.4207],[3.8101,44.4263],[3.8119,44.4328],[3.8169,44.4301],[3.8213,44.4316],[3.8278,44.4313],[3.8314,44.4274],[3.8333,44.4279],[3.8337,44.4302],[3.8332,44.4262],[3.8312,44.425],[3.8357,44.4242],[3.8352,44.42],[3.8392,44.4167],[3.8386,44.4225],[3.8415,44.4224],[3.8428,44.4185],[3.8412,44.4157]]],[[[3.8596,44.4315],[3.8642,44.4281],[3.8615,44.4272],[3.8573,44.4299],[3.8549,44.4275],[3.8511,44.4291],[3.8473,44.4344],[3.8438,44.4363],[3.8471,44.4382],[3.8467,44.4441],[3.8596,44.4315]]],[[[3.8266,44.4469],[3.8214,44.4442],[3.8238,44.4443],[3.8214,44.4431],[3.8217,44.4411],[3.8186,44.4415],[3.8189,44.4402],[3.815,44.439],[3.8151,44.4376],[3.8128,44.4376],[3.8136,44.4403],[3.8187,44.4445],[3.8276,44.449],[3.8266,44.4469]]],[[[3.8377,44.4982],[3.8416,44.4947],[3.839,44.4926],[3.8371,44.4956],[3.8389,44.4959],[3.8377,44.4982]]],[[[3.8203,44.4963],[3.8227,44.4969],[3.8236,44.4952],[3.815,44.4948],[3.8203,44.4963]]]]}},{"type":"Feature","properties":{"id":"F16113S","nom":"Forêt sectionale de Gimels","dep":"48","dom":false,"essence":"autre","substrat":"calcaire","elev":693,"slopeDeg":7.6,"aspect":289},"geometry":{"type":"Polygon","coordinates":[[[3.2929,44.5415],[3.2885,44.5409],[3.2919,44.5435],[3.2957,44.5439],[3.2929,44.5415]]]}},{"type":"Feature","properties":{"id":"F16108N","nom":"Forêt sectionale de Chaulhac","dep":"48","dom":false,"essence":"conifere","substrat":"acide","elev":814,"slopeDeg":5.3,"aspect":180},"geometry":{"type":"MultiPolygon","coordinates":[[[[3.2443,44.9267],[3.2489,44.9291],[3.2532,44.9273],[3.2461,44.9265],[3.2503,44.9219],[3.2495,44.9206],[3.2443,44.9267]]],[[[3.2543,44.9137],[3.2563,44.9126],[3.2527,44.9111],[3.2504,44.9163],[3.2527,44.9173],[3.252,44.9157],[3.2543,44.9137]]]]}},{"type":"Feature","properties":{"id":"F16117W","nom":"Forêt sectionale de Croisières","dep":"48","dom":false,"essence":"conifere","substrat":"acide","elev":1056,"slopeDeg":7.4,"aspect":87},"geometry":{"type":"Polygon","coordinates":[[[3.6382,44.8507],[3.6343,44.8528],[3.6359,44.8553],[3.6428,44.8519],[3.6382,44.8507]]]}},{"type":"Feature","properties":{"id":"F16109O","nom":"Forêt sectionale de Chazeaux","dep":"48","dom":false,"essence":"feuillu","substrat":"acide","elev":1332,"slopeDeg":5.1,"aspect":261},"geometry":{"type":"MultiPolygon","coordinates":[[[[3.7839,44.584],[3.7816,44.5798],[3.7744,44.5836],[3.7776,44.5871],[3.7765,44.5885],[3.7774,44.5906],[3.7755,44.591],[3.7743,44.5933],[3.7833,44.592],[3.7821,44.5992],[3.7866,44.6002],[3.7887,44.5896],[3.792,44.5888],[3.7869,44.5872],[3.7839,44.584]]],[[[3.7574,44.5968],[3.7626,44.598],[3.7644,44.5899],[3.7612,44.5895],[3.7574,44.5968]]]]}},{"type":"Feature","properties":{"id":"F16110P","nom":"Forêt sectionale de Cubières","dep":"48","dom":false,"essence":"mixte","substrat":"acide","elev":1150,"slopeDeg":10.8,"aspect":23},"geometry":{"type":"Polygon","coordinates":[[[3.7593,44.4678],[3.7612,44.4699],[3.7626,44.4682],[3.7607,44.467],[3.7593,44.4678]]]}},{"type":"Feature","properties":{"id":"F16111Q","nom":"Forêt sectionale de Combes","dep":"48","dom":false,"essence":"autre","substrat":"acide","elev":1366,"slopeDeg":4.7,"aspect":99},"geometry":{"type":"Polygon","coordinates":[[[3.5303,44.7841],[3.5407,44.7854],[3.54,44.7832],[3.5364,44.7826],[3.53,44.7829],[3.5303,44.7841]]]}},{"type":"Feature","properties":{"id":"F16115U","nom":"Forêt sectionale de Montgros Montgrousset Beaulès","dep":"48","dom":false,"essence":"feuillu","substrat":"neutre","elev":1275,"slopeDeg":2.5,"aspect":31},"geometry":{"type":"MultiPolygon","coordinates":[[[[3.0524,44.6432],[3.0449,44.6431],[3.0466,44.6458],[3.0541,44.6443],[3.0524,44.6432]]],[[[3.0575,44.6435],[3.0562,44.6436],[3.0568,44.6479],[3.0585,44.6454],[3.0587,44.6436],[3.0575,44.6435]]]]}},{"type":"Feature","properties":{"id":"F16118X","nom":"Forêt sectionale de Lasbros","dep":"48","dom":false,"essence":"conifere","substrat":"neutre","elev":1190,"slopeDeg":1.7,"aspect":354},"geometry":{"type":"Polygon","coordinates":[[[3.1886,44.7031],[3.1922,44.704],[3.1925,44.7053],[3.1949,44.7012],[3.1845,44.6971],[3.1899,44.7003],[3.1873,44.7007],[3.1886,44.7031]]]}},{"type":"Feature","properties":{"id":"F16119Y","nom":"Forêt sectionale de Montfalgoux","dep":"48","dom":false,"essence":"autre","substrat":"neutre","elev":1291,"slopeDeg":7.3,"aspect":202},"geometry":{"type":"Polygon","coordinates":[[[3.0815,44.5496],[3.0832,44.5508],[3.0855,44.5486],[3.0832,44.547],[3.0815,44.5496]]]}},{"type":"Feature","properties":{"id":"F16120Z","nom":"Forêt sectionale de la Vernède","dep":"48","dom":false,"essence":"conifere","substrat":"acide","elev":1001,"slopeDeg":6.3,"aspect":311},"geometry":{"type":"Polygon","coordinates":[[[3.6917,44.3266],[3.686,44.3253],[3.6804,44.3262],[3.6828,44.3313],[3.6917,44.3266]]]}},{"type":"Feature","properties":{"id":"F16116V","nom":"Forêt communale de Cubiérettes","dep":"48","dom":false,"essence":"conifere","substrat":"acide","elev":1352,"slopeDeg":12.6,"aspect":22},"geometry":{"type":"MultiPolygon","coordinates":[[[[3.7812,44.4565],[3.7802,44.4545],[3.7811,44.4526],[3.7852,44.4526],[3.7833,44.4522],[3.7806,44.4486],[3.7814,44.4477],[3.7786,44.4405],[3.7767,44.4411],[3.778,44.4382],[3.7726,44.4384],[3.7739,44.4406],[3.7712,44.4488],[3.7728,44.4516],[3.7731,44.4579],[3.7755,44.4554],[3.7822,44.4582],[3.7812,44.4565]]],[[[3.7854,44.4329],[3.7851,44.4381],[3.7881,44.4381],[3.7884,44.4428],[3.7904,44.4428],[3.7918,44.4447],[3.7966,44.4426],[3.7918,44.4345],[3.794,44.4311],[3.7884,44.4296],[3.7864,44.4304],[3.7872,44.4318],[3.7854,44.4329]]]]}},{"type":"Feature","properties":{"id":"F16121A","nom":"Forêt sectionale d'Ispagnac","dep":"48","dom":false,"essence":"autre","substrat":"calcaire","elev":885,"slopeDeg":4.8,"aspect":137},"geometry":{"type":"Polygon","coordinates":[[[3.5171,44.4007],[3.5159,44.402],[3.5169,44.4026],[3.5232,44.3997],[3.5171,44.4007]]]}},{"type":"Feature","properties":{"id":"F16122B","nom":"Forêt domaniale de l'Aigoual","dep":"48","dom":true,"essence":"feuillu","substrat":"acide","elev":1156,"slopeDeg":5.9,"aspect":27},"geometry":{"type":"MultiPolygon","coordinates":[[[[3.5567,44.1183],[3.5462,44.1145],[3.5437,44.1096],[3.5434,44.1134],[3.5403,44.1189],[3.5354,44.1211],[3.5236,44.1206],[3.5081,44.1263],[3.5034,44.1258],[3.5003,44.1271],[3.4961,44.1317],[3.4932,44.1307],[3.4838,44.1316],[3.4791,44.1281],[3.4774,44.1297],[3.4769,44.1364],[3.4751,44.137],[3.4743,44.1398],[3.4702,44.1407],[3.4763,44.1409],[3.4763,44.1445],[3.4776,44.1421],[3.4826,44.1434],[3.4863,44.1398],[3.4857,44.1384],[3.4875,44.1391],[3.487,44.14],[3.4909,44.1387],[3.4929,44.1486],[3.4955,44.1492],[3.503,44.1466],[3.5007,44.1556],[3.5028,44.1571],[3.5006,44.1582],[3.5194,44.1601],[3.5223,44.156],[3.5172,44.1521],[3.5201,44.1522],[3.518,44.1469],[3.5212,44.1503],[3.5232,44.1499],[3.5259,44.1464],[3.5249,44.1447],[3.5345,44.1393],[3.5351,44.1407],[3.544,44.1394],[3.5511,44.143],[3.5555,44.1385],[3.5599,44.1381],[3.5628,44.1347],[3.5688,44.1329],[3.5709,44.1288],[3.5702,44.123],[3.564,44.1235],[3.5567,44.1183]]],[[[3.6342,44.1241],[3.6329,44.1211],[3.6299,44.1208],[3.6272,44.1184],[3.6245,44.1178],[3.6197,44.1198],[3.6123,44.1165],[3.6041,44.1153],[3.5979,44.119],[3.5918,44.1201],[3.5905,44.1186],[3.5881,44.1192],[3.5917,44.1203],[3.5917,44.1258],[3.5902,44.1281],[3.5925,44.1355],[3.5914,44.1395],[3.5936,44.1412],[3.5929,44.1452],[3.5904,44.1469],[3.5974,44.1506],[3.5963,44.1537],[3.5971,44.1568],[3.5992,44.159],[3.607,44.1592],[3.6022,44.1564],[3.6008,44.1509],[3.6037,44.1471],[3.6035,44.1437],[3.6104,44.149],[3.6122,44.1485],[3.6135,44.1507],[3.6194,44.152],[3.624,44.1549],[3.6264,44.1534],[3.6151,44.1497],[3.6128,44.1474],[3.6205,44.1479],[3.6231,44.1414],[3.6285,44.141],[3.631,44.1453],[3.6269,44.1464],[3.6314,44.1522],[3.6395,44.1517],[3.6437,44.148],[3.6532,44.1461],[3.6496,44.1432],[3.6455,44.1432],[3.6432,44.1415],[3.6382,44.142],[3.6357,44.1405],[3.6358,44.1376],[3.6336,44.136],[3.6356,44.1326],[3.6328,44.1283],[3.634,44.1263],[3.6319,44.1254],[3.6342,44.1241]]],[[[3.5251,44.196],[3.5313,44.1987],[3.539,44.1926],[3.541,44.1926],[3.5414,44.194],[3.5443,44.193],[3.5474,44.1962],[3.549,44.1951],[3.5499,44.1939],[3.5478,44.1879],[3.5489,44.1811],[3.5437,44.1787],[3.5456,44.172],[3.5431,44.175],[3.5432,44.1787],[3.5349,44.18],[3.5324,44.1786],[3.5195,44.1862],[3.5094,44.1847],[3.5046,44.186],[3.5019,44.1839],[3.5063,44.1821],[3.5056,44.1798],[3.5107,44.1776],[3.5061,44.1707],[3.5007,44.1754],[3.497,44.1765],[3.4949,44.1861],[3.498,44.1883],[3.4975,44.192],[3.5005,44.1906],[3.5029,44.1942],[3.5059,44.193],[3.5088,44.1953],[3.5094,44.1937],[3.5139,44.1948],[3.5152,44.1963],[3.5128,44.1972],[3.5149,44.1986],[3.5195,44.1958],[3.5194,44.1937],[3.5175,44.1938],[3.5167,44.1911],[3.5216,44.1904],[3.521,44.1928],[3.5262,44.1898],[3.5239,44.1941],[3.5251,44.196]]],[[[3.6101,44.1693],[3.6071,44.1661],[3.6019,44.1698],[3.5986,44.1694],[3.5947,44.1746],[3.5907,44.1728],[3.5878,44.1685],[3.5838,44.1661],[3.584,44.1675],[3.5784,44.1737],[3.5798,44.1737],[3.5842,44.1678],[3.5849,44.1686],[3.5817,44.1738],[3.5729,44.1806],[3.5737,44.1818],[3.5756,44.1807],[3.5766,44.1816],[3.5802,44.1798],[3.5816,44.1771],[3.5806,44.1804],[3.5836,44.1782],[3.5839,44.18],[3.582,44.1812],[3.5834,44.1816],[3.5789,44.1843],[3.5815,44.1842],[3.58,44.1856],[3.583,44.1874],[3.5773,44.1884],[3.5805,44.1901],[3.5864,44.1883],[3.5861,44.1911],[3.588,44.1929],[3.5872,44.1951],[3.5895,44.195],[3.5908,44.1966],[3.5924,44.1947],[3.5891,44.1943],[3.5927,44.1931],[3.5913,44.1938],[3.5953,44.1942],[3.593,44.1973],[3.597,44.1939],[3.5993,44.1938],[3.6,44.1921],[3.6062,44.1907],[3.6096,44.182],[3.6036,44.1749],[3.6095,44.1724],[3.6101,44.1693]]],[[[3.4361,44.1505],[3.4336,44.1495],[3.4411,44.1488],[3.4422,44.1469],[3.4317,44.1459],[3.4312,44.1475],[3.4255,44.1496],[3.4238,44.1519],[3.4248,44.1553],[3.4283,44.1562],[3.4256,44.1573],[3.4259,44.1597],[3.4284,44.1621],[3.4309,44.1623],[3.4312,44.1656],[3.4346,44.1654],[3.4327,44.1689],[3.438,44.1647],[3.4415,44.166],[3.4466,44.163],[3.4478,44.1637],[3.4578,44.1556],[3.4467,44.1528],[3.4456,44.1542],[3.4492,44.155],[3.4481,44.1573],[3.445,44.155],[3.4428,44.1573],[3.4441,44.1535],[3.4361,44.1505]]],[[[3.5342,44.1707],[3.5378,44.1677],[3.5361,44.165],[3.5429,44.1637],[3.5408,44.1626],[3.5413,44.1581],[3.5421,44.1552],[3.5452,44.1541],[3.5402,44.1524],[3.5364,44.1559],[3.5363,44.1598],[3.5262,44.1641],[3.5255,44.1718],[3.5323,44.1694],[3.5342,44.1707]]],[[[3.5206,44.1756],[3.5226,44.1747],[3.5215,44.1713],[3.5197,44.1678],[3.517,44.1683],[3.5176,44.1734],[3.5208,44.1729],[3.5206,44.1756]]],[[[3.5577,44.2126],[3.5567,44.2164],[3.5553,44.2131],[3.554,44.2152],[3.5562,44.2175],[3.5616,44.215],[3.5611,44.2134],[3.5577,44.2126]]],[[[3.5576,44.1964],[3.5618,44.196],[3.5581,44.191],[3.5576,44.1964]]],[[[3.5341,44.2208],[3.5369,44.2197],[3.5352,44.2184],[3.531,44.2217],[3.5315,44.2229],[3.5326,44.2236],[3.5339,44.2223],[3.533,44.2208],[3.5341,44.2208]]],[[[3.5361,44.2229],[3.5344,44.2225],[3.5334,44.224],[3.5376,44.2247],[3.5379,44.2234],[3.5361,44.2229]]],[[[3.5305,44.2101],[3.5294,44.2092],[3.5281,44.2104],[3.5284,44.213],[3.5303,44.2126],[3.5305,44.2101]]],[[[3.5522,44.1978],[3.5514,44.1973],[3.5505,44.2005],[3.5516,44.2034],[3.5522,44.1978]]]]}},{"type":"Feature","properties":{"id":"F16123C","nom":"Forêt sectionale d'Amourettes","dep":"48","dom":false,"essence":"mixte","substrat":"acide","elev":1275,"slopeDeg":7.6,"aspect":241},"geometry":{"type":"Polygon","coordinates":[[[3.356,44.9488],[3.3501,44.9444],[3.3515,44.9462],[3.3503,44.9471],[3.3459,44.9476],[3.3494,44.9511],[3.3515,44.9507],[3.3494,44.9532],[3.3509,44.9552],[3.3547,44.9548],[3.3561,44.9527],[3.356,44.9488]]]}},{"type":"Feature","properties":{"id":"F16126F","nom":"Forêt sectionale du Bouquet De Saint-Georges-De-Lévejac","dep":"48","dom":false,"essence":"autre","substrat":"calcaire","elev":819,"slopeDeg":3.9,"aspect":198},"geometry":{"type":"MultiPolygon","coordinates":[[[[3.2393,44.3604],[3.2383,44.3589],[3.2399,44.3567],[3.2351,44.3577],[3.2345,44.3596],[3.2365,44.3614],[3.2344,44.3625],[3.2375,44.363],[3.2369,44.3644],[3.24,44.3643],[3.2393,44.3604]]],[[[3.2288,44.3614],[3.2277,44.3637],[3.2249,44.3648],[3.2246,44.3668],[3.2278,44.3679],[3.227,44.3654],[3.2306,44.3653],[3.2284,44.3637],[3.2303,44.3623],[3.2288,44.3614]]]]}},{"type":"Feature","properties":{"id":"F16124D","nom":"Forêt sectionale de la Fage-Saint-Julien","dep":"48","dom":false,"essence":"conifere","substrat":"acide","elev":1214,"slopeDeg":1.9,"aspect":45},"geometry":{"type":"MultiPolygon","coordinates":[[[[3.1822,44.7867],[3.1822,44.7887],[3.1842,44.7895],[3.1849,44.7882],[3.1872,44.789],[3.1884,44.788],[3.1874,44.7842],[3.1858,44.7833],[3.1822,44.7867]]],[[[3.1858,44.7817],[3.184,44.7815],[3.1754,44.7865],[3.181,44.7879],[3.1801,44.7874],[3.1818,44.786],[3.1802,44.7841],[3.1858,44.7817]]],[[[3.1881,44.7814],[3.1895,44.782],[3.188,44.7834],[3.1886,44.7867],[3.1908,44.7818],[3.1881,44.7814]]]]}},{"type":"Feature","properties":{"id":"F16125E","nom":"Forêt sectionale du Monteil D'Arzenc-De-Randon","dep":"48","dom":false,"essence":"conifere","substrat":"acide","elev":1385,"slopeDeg":1.2,"aspect":224},"geometry":{"type":"Polygon","coordinates":[[[3.6278,44.6327],[3.6198,44.6271],[3.6183,44.629],[3.6192,44.6342],[3.6278,44.6327]]]}},{"type":"Feature","properties":{"id":"F16127G","nom":"Forêt sectionale de Montruffet","dep":"48","dom":false,"essence":"conifere","substrat":"acide","elev":1130,"slopeDeg":1.3,"aspect":179},"geometry":{"type":"MultiPolygon","coordinates":[[[[3.391,44.8598],[3.3878,44.8606],[3.3863,44.8562],[3.3849,44.8569],[3.3863,44.8579],[3.3848,44.8607],[3.3826,44.8594],[3.3825,44.8611],[3.3813,44.8611],[3.389,44.865],[3.391,44.8598]]],[[[3.3696,44.8573],[3.3722,44.8561],[3.3719,44.8539],[3.3688,44.8557],[3.3696,44.8573]]],[[[3.3859,44.8546],[3.3867,44.8506],[3.3842,44.8558],[3.3862,44.8557],[3.3859,44.8546]]]]}},{"type":"Feature","properties":{"id":"F16128H","nom":"Forêt sectionale de la Vachellerie","dep":"48","dom":false,"essence":"conifere","substrat":"acide","elev":1297,"slopeDeg":6.3,"aspect":274},"geometry":{"type":"Polygon","coordinates":[[[3.4088,44.939],[3.407,44.9404],[3.4149,44.9422],[3.4126,44.9388],[3.4159,44.9295],[3.4038,44.9288],[3.4095,44.9307],[3.4056,44.9348],[3.4078,44.9359],[3.4067,44.9366],[3.4088,44.939]]]}},{"type":"Feature","properties":{"id":"F16131K","nom":"Forêt sectionale de Grizac","dep":"48","dom":false,"essence":"feuillu","substrat":"acide","elev":1031,"slopeDeg":8.2,"aspect":274},"geometry":{"type":"MultiPolygon","coordinates":[[[[3.6967,44.3372],[3.6949,44.3357],[3.6878,44.336],[3.6843,44.3403],[3.6862,44.3414],[3.6831,44.3436],[3.6881,44.3433],[3.6909,44.3411],[3.6908,44.3389],[3.696,44.3385],[3.6967,44.3372]]],[[[3.7234,44.3347],[3.7212,44.3376],[3.7181,44.3366],[3.7143,44.3395],[3.7166,44.3404],[3.7227,44.3385],[3.7274,44.3348],[3.7235,44.3337],[3.7234,44.3347]]]]}},{"type":"Feature","properties":{"id":"F16136P","nom":"Forêt sectionale de Donnepeau","dep":"48","dom":false,"essence":"conifere","substrat":"acide","elev":1442,"slopeDeg":7.3,"aspect":233},"geometry":{"type":"Polygon","coordinates":[[[3.6074,44.6711],[3.6104,44.6766],[3.6155,44.6736],[3.6165,44.6709],[3.6208,44.6676],[3.6195,44.6669],[3.6162,44.6694],[3.6151,44.6688],[3.6167,44.6678],[3.6155,44.6672],[3.6116,44.6678],[3.611,44.6709],[3.6089,44.6714],[3.6086,44.6693],[3.6074,44.6711]]]}},{"type":"Feature","properties":{"id":"F16137Q","nom":"Forêt sectionale d'Ourtizet","dep":"48","dom":false,"essence":"conifere","substrat":"acide","elev":987,"slopeDeg":5.7,"aspect":20},"geometry":{"type":"MultiPolygon","coordinates":[[[[3.3266,44.8379],[3.3193,44.8409],[3.3215,44.8445],[3.3235,44.8437],[3.3247,44.8453],[3.3306,44.8436],[3.3266,44.8379]]],[[[3.3243,44.8538],[3.3218,44.8551],[3.3214,44.8574],[3.3239,44.8585],[3.3262,44.8541],[3.3258,44.8521],[3.323,44.8521],[3.3243,44.8538]]],[[[3.3275,44.8466],[3.3285,44.8478],[3.3263,44.8508],[3.3328,44.8465],[3.3311,44.8445],[3.3275,44.8466]]]]}},{"type":"Feature","properties":{"id":"F16139S","nom":"Forêt sectionale d'Esfournès Et Estèvenets Et Bouchatel","dep":"48","dom":false,"essence":"conifere","substrat":"acide","elev":1028,"slopeDeg":5.6,"aspect":60},"geometry":{"type":"MultiPolygon","coordinates":[[[[3.8695,44.6566],[3.8706,44.6561],[3.8648,44.6533],[3.8656,44.6726],[3.8705,44.6752],[3.8719,44.6745],[3.8684,44.6656],[3.8695,44.6566]]],[[[3.8549,44.6856],[3.8547,44.6869],[3.8572,44.687],[3.852,44.6894],[3.8516,44.6911],[3.8551,44.6919],[3.859,44.6888],[3.8593,44.6917],[3.8601,44.6901],[3.8623,44.691],[3.8654,44.6882],[3.866,44.6852],[3.8638,44.6841],[3.8624,44.6844],[3.8628,44.687],[3.8605,44.6866],[3.8614,44.6824],[3.8549,44.6856]]],[[[3.8662,44.6747],[3.8674,44.6773],[3.8638,44.6814],[3.8656,44.6819],[3.8657,44.6784],[3.8694,44.6765],[3.8662,44.6747]]]]}},{"type":"Feature","properties":{"id":"F16140T","nom":"Forêt sectionale de Gourgoussanges","dep":"48","dom":false,"essence":"mixte","substrat":"acide","elev":1121,"slopeDeg":4.5,"aspect":254},"geometry":{"type":"Polygon","coordinates":[[[3.0904,44.7964],[3.0899,44.7982],[3.0941,44.7987],[3.0959,44.7961],[3.0938,44.7952],[3.0936,44.7973],[3.0921,44.7948],[3.0904,44.7964]]]}},{"type":"Feature","properties":{"id":"F16143W","nom":"Forêt domaniale du Bougès","dep":"48","dom":true,"essence":"conifere","substrat":"acide","elev":1315,"slopeDeg":4.7,"aspect":1},"geometry":{"type":"MultiPolygon","coordinates":[[[[3.7284,44.3091],[3.7338,44.3156],[3.7412,44.3154],[3.7447,44.3187],[3.7454,44.3216],[3.7436,44.3245],[3.7434,44.3305],[3.7464,44.3314],[3.7472,44.3343],[3.7442,44.3395],[3.7508,44.3395],[3.7542,44.3421],[3.7505,44.3455],[3.7494,44.3487],[3.7503,44.3521],[3.7536,44.3519],[3.7599,44.3485],[3.7683,44.3399],[3.7749,44.3429],[3.7791,44.3409],[3.7764,44.3388],[3.7742,44.3402],[3.7705,44.3387],[3.7785,44.336],[3.7763,44.3317],[3.7814,44.3332],[3.782,44.3319],[3.7828,44.3325],[3.7847,44.3355],[3.7831,44.3356],[3.7824,44.338],[3.7866,44.3364],[3.7899,44.3393],[3.7929,44.3365],[3.7978,44.341],[3.8038,44.3415],[3.81,44.3347],[3.8068,44.3334],[3.809,44.3298],[3.815,44.3272],[3.8146,44.3246],[3.8175,44.3235],[3.8154,44.3133],[3.8167,44.3172],[3.8191,44.3155],[3.8143,44.3121],[3.8161,44.3045],[3.8134,44.3009],[3.8096,44.3002],[3.8049,44.2965],[3.8036,44.2929],[3.798,44.2924],[3.8035,44.2926],[3.8023,44.2889],[3.7964,44.2896],[3.7979,44.2919],[3.7973,44.2935],[3.7993,44.2936],[3.7986,44.2959],[3.8056,44.3001],[3.8065,44.303],[3.8015,44.3044],[3.7978,44.3018],[3.7969,44.3025],[3.7975,44.3084],[3.8032,44.3104],[3.7991,44.3145],[3.7944,44.3161],[3.7958,44.3142],[3.7918,44.3125],[3.7896,44.313],[3.7892,44.3111],[3.7931,44.3075],[3.7921,44.3049],[3.7889,44.3027],[3.7888,44.301],[3.7973,44.2989],[3.7978,44.2977],[3.7925,44.2974],[3.7856,44.3008],[3.7854,44.2959],[3.7773,44.295],[3.7767,44.2985],[3.7792,44.2996],[3.7816,44.3032],[3.7837,44.3034],[3.7808,44.3041],[3.7836,44.3041],[3.7819,44.3065],[3.7786,44.305],[3.776,44.3082],[3.7697,44.3091],[3.7661,44.3143],[3.7644,44.313],[3.7656,44.3115],[3.7612,44.3119],[3.7657,44.3112],[3.7661,44.3076],[3.764,44.3062],[3.7663,44.3056],[3.7609,44.3049],[3.7592,44.3024],[3.7545,44.3037],[3.7518,44.3028],[3.7457,44.3052],[3.7464,44.3014],[3.7436,44.3018],[3.7451,44.2981],[3.7419,44.2967],[3.7414,44.2951],[3.7428,44.2942],[3.7403,44.2935],[3.7416,44.2882],[3.7453,44.2854],[3.7441,44.2836],[3.7375,44.2916],[3.7336,44.293],[3.735,44.296],[3.7336,44.2988],[3.7322,44.2971],[3.731,44.2977],[3.732,44.2992],[3.7301,44.2989],[3.731,44.2961],[3.7297,44.2958],[3.7283,44.3015],[3.7254,44.3048],[3.7287,44.3077],[3.7326,44.3054],[3.7293,44.3084],[3.7308,44.3087],[3.7284,44.3091]]],[[[3.8455,44.3306],[3.8448,44.3327],[3.8442,44.3317],[3.8362,44.3375],[3.8432,44.3302],[3.8425,44.3289],[3.8384,44.3329],[3.8421,44.3287],[3.8383,44.3295],[3.8378,44.3312],[3.8327,44.335],[3.8308,44.3298],[3.8297,44.3305],[3.8259,44.3288],[3.819,44.33],[3.8207,44.3347],[3.8137,44.3386],[3.8219,44.3395],[3.8211,44.341],[3.8317,44.3419],[3.8328,44.3458],[3.8419,44.3458],[3.8406,44.3489],[3.8415,44.3488],[3.8471,44.3471],[3.8462,44.3414],[3.861,44.339],[3.8627,44.3363],[3.8653,44.338],[3.8689,44.3368],[3.8703,44.3353],[3.868,44.3336],[3.871,44.3302],[3.8613,44.3332],[3.8629,44.3303],[3.8622,44.3285],[3.8609,44.3297],[3.8607,44.3284],[3.8593,44.3284],[3.8596,44.3299],[3.8538,44.3312],[3.8541,44.3299],[3.8507,44.3277],[3.8489,44.3328],[3.8455,44.3306]]],[[[3.7209,44.3331],[3.7156,44.3322],[3.7072,44.3333],[3.7073,44.3342],[3.7016,44.3333],[3.6967,44.3377],[3.6992,44.3387],[3.703,44.3369],[3.7079,44.339],[3.7113,44.3382],[3.7143,44.3395],[3.7181,44.3366],[3.7203,44.3379],[3.7225,44.3368],[3.7236,44.3333],[3.7209,44.3331]]],[[[3.7346,44.2808],[3.7368,44.2837],[3.74,44.2835],[3.7419,44.2831],[3.7437,44.28],[3.7366,44.2786],[3.7342,44.279],[3.7346,44.2808]]],[[[3.7534,44.2764],[3.7525,44.2781],[3.746,44.28],[3.7447,44.2826],[3.7465,44.2843],[3.7478,44.2835],[3.7465,44.2822],[3.7473,44.2814],[3.7495,44.2808],[3.7507,44.2825],[3.7559,44.2812],[3.755,44.2783],[3.753,44.2781],[3.7534,44.2764]]],[[[3.7419,44.3502],[3.7412,44.3538],[3.7442,44.3541],[3.7452,44.3483],[3.7443,44.3466],[3.7421,44.3482],[3.7419,44.3502]]],[[[3.7406,44.358],[3.7409,44.3558],[3.7425,44.355],[3.741,44.3548],[3.7384,44.3581],[3.7407,44.3594],[3.7405,44.3619],[3.7438,44.3612],[3.7406,44.358]]],[[[3.8652,44.3413],[3.8613,44.3435],[3.8635,44.346],[3.8652,44.3413]]],[[[3.792,44.286],[3.7921,44.288],[3.7951,44.2851],[3.7922,44.284],[3.792,44.286]]],[[[3.7568,44.2997],[3.7533,44.3002],[3.7584,44.3013],[3.7568,44.2997]]],[[[3.7938,44.2884],[3.7947,44.2891],[3.7974,44.2867],[3.7961,44.2862],[3.7938,44.2884]]],[[[3.8695,44.3482],[3.8663,44.3487],[3.8658,44.3518],[3.8696,44.3498],[3.8695,44.3482]]]]}},{"type":"Feature","properties":{"id":"F16154H","nom":"Forêt sectionale du Mas De Chasseradès","dep":"48","dom":false,"essence":"conifere","substrat":"acide","elev":1289,"slopeDeg":10.3,"aspect":60},"geometry":{"type":"Polygon","coordinates":[[[3.828,44.5274],[3.8214,44.5298],[3.8233,44.5328],[3.8319,44.5286],[3.833,44.5318],[3.8362,44.5328],[3.8373,44.5273],[3.846,44.5245],[3.8438,44.5232],[3.8331,44.5248],[3.8354,44.5258],[3.828,44.5274]]]}},{"type":"Feature","properties":{"id":"F16144X","nom":"Forêt sectionale de Ventajoux","dep":"48","dom":false,"essence":"conifere","substrat":"calcaire","elev":923,"slopeDeg":12.5,"aspect":142},"geometry":{"type":"MultiPolygon","coordinates":[[[[3.3814,44.539],[3.3838,44.5402],[3.3851,44.5392],[3.3861,44.5414],[3.3884,44.5383],[3.3856,44.5383],[3.3852,44.535],[3.3838,44.5365],[3.385,44.5387],[3.3818,44.5379],[3.3817,44.5349],[3.3807,44.535],[3.3814,44.539]]],[[[3.3949,44.529],[3.3926,44.5285],[3.3919,44.5298],[3.3943,44.5307],[3.3915,44.5315],[3.3991,44.5283],[3.3949,44.529]]]]}},{"type":"Feature","properties":{"id":"F16145Y","nom":"Forêt du Cougnet","dep":"48","dom":false,"essence":"conifere","substrat":"acide","elev":1441,"slopeDeg":11,"aspect":5},"geometry":{"type":"Polygon","coordinates":[[[3.8428,44.4185],[3.8402,44.4233],[3.8386,44.4225],[3.8393,44.4177],[3.8376,44.4196],[3.8372,44.4259],[3.8348,44.4284],[3.8377,44.4334],[3.8432,44.4305],[3.8444,44.4238],[3.8428,44.4185]]]}},{"type":"Feature","properties":{"id":"F16146Z","nom":"Forêt sectionale de Montredon Et Serreméjean","dep":"48","dom":false,"essence":"feuillu","substrat":"acide","elev":1413,"slopeDeg":5,"aspect":190},"geometry":{"type":"MultiPolygon","coordinates":[[[[3.8159,44.5183],[3.8083,44.5172],[3.8018,44.5191],[3.7981,44.5219],[3.7995,44.5249],[3.8015,44.5222],[3.815,44.5199],[3.8159,44.5183]]],[[[3.7798,44.5305],[3.7816,44.5293],[3.7849,44.5301],[3.7817,44.5277],[3.7777,44.5286],[3.7761,44.5256],[3.7753,44.5332],[3.7798,44.5305]]]]}},{"type":"Feature","properties":{"id":"F16147A","nom":"Forêt sectionale de Gizerac","dep":"48","dom":false,"essence":"conifere","substrat":"acide","elev":1281,"slopeDeg":12,"aspect":244},"geometry":{"type":"Polygon","coordinates":[[[3.3439,44.9093],[3.3459,44.9112],[3.3443,44.9119],[3.3723,44.9249],[3.3792,44.9295],[3.3809,44.9298],[3.3847,44.9243],[3.3541,44.9071],[3.3492,44.9097],[3.3468,44.9083],[3.3447,44.9039],[3.3389,44.9034],[3.3465,44.9064],[3.3439,44.9093]]]}},{"type":"Feature","properties":{"id":"F16148B","nom":"Forêt sectionale indivise de Ras Et Palhers","dep":"48","dom":false,"essence":"autre","substrat":"calcaire","elev":734,"slopeDeg":9.1,"aspect":312},"geometry":{"type":"Polygon","coordinates":[[[3.2792,44.5347],[3.2775,44.5321],[3.2752,44.5337],[3.2808,44.5408],[3.2816,44.5369],[3.2792,44.5347]]]}},{"type":"Feature","properties":{"id":"F16149C","nom":"Forêt sectionale des Chauvets","dep":"48","dom":false,"essence":"conifere","substrat":"acide","elev":1159,"slopeDeg":4.7,"aspect":216},"geometry":{"type":"MultiPolygon","coordinates":[[[[3.4452,44.5737],[3.4435,44.5754],[3.4468,44.5754],[3.4456,44.5774],[3.447,44.5792],[3.4442,44.58],[3.4456,44.5814],[3.4505,44.5788],[3.4483,44.5731],[3.4496,44.5681],[3.4492,44.5662],[3.4477,44.5663],[3.4484,44.5648],[3.4455,44.5687],[3.4438,44.569],[3.446,44.5723],[3.4452,44.5737]]],[[[3.4359,44.5797],[3.4359,44.5783],[3.4335,44.5779],[3.4313,44.5749],[3.4281,44.5756],[3.4228,44.5721],[3.432,44.5804],[3.4347,44.5817],[3.4369,44.5804],[3.4359,44.5797]]]]}},{"type":"Feature","properties":{"id":"F16150D","nom":"Forêt sectionale de Vareilles De Saint-Pierre-Le-Vieux","dep":"48","dom":false,"essence":"autre","substrat":"acide","elev":990,"slopeDeg":0.9,"aspect":26},"geometry":{"type":"Polygon","coordinates":[[[3.3195,44.8393],[3.3193,44.8409],[3.3235,44.8401],[3.3245,44.8378],[3.3195,44.8393]]]}},{"type":"Feature","properties":{"id":"F16161O","nom":"Forêt sectionale de Marazeil Et Lonjagnes Et Montmirat","dep":"48","dom":false,"essence":"autre","substrat":"acide","elev":996,"slopeDeg":9.5,"aspect":203},"geometry":{"type":"Polygon","coordinates":[[[3.5522,44.4147],[3.5568,44.4132],[3.5565,44.411],[3.5531,44.4122],[3.5522,44.4147]]]}},{"type":"Feature","properties":{"id":"F16162P","nom":"Forêt sectionale du Montchabrier","dep":"48","dom":false,"essence":"conifere","substrat":"acide","elev":1260,"slopeDeg":6,"aspect":250},"geometry":{"type":"MultiPolygon","coordinates":[[[[3.3874,44.8768],[3.387,44.8793],[3.3916,44.8828],[3.3951,44.8884],[3.4012,44.8922],[3.4015,44.8945],[3.4077,44.8911],[3.408,44.8902],[3.4003,44.8867],[3.3924,44.8744],[3.391,44.8748],[3.3918,44.8725],[3.3907,44.8745],[3.3902,44.8731],[3.3884,44.8736],[3.3874,44.876],[3.3851,44.8755],[3.3871,44.8762],[3.3842,44.8783],[3.3875,44.876],[3.3893,44.8771],[3.3874,44.8768]]],[[[3.3768,44.8713],[3.3865,44.8696],[3.3745,44.871],[3.3768,44.8713]]]]}},{"type":"Feature","properties":{"id":"F16151E","nom":"Forêt sectionale de Tridos","dep":"48","dom":false,"essence":"mixte","substrat":"acide","elev":1189,"slopeDeg":2.8,"aspect":66},"geometry":{"type":"MultiPolygon","coordinates":[[[[3.1924,44.7755],[3.1974,44.7743],[3.1963,44.7706],[3.1981,44.7676],[3.1996,44.7704],[3.2011,44.7703],[3.2001,44.7695],[3.2014,44.7688],[3.2047,44.7721],[3.2019,44.7746],[3.2056,44.7749],[3.2081,44.7719],[3.2058,44.7716],[3.2055,44.7704],[3.2077,44.7688],[3.206,44.7673],[3.2066,44.766],[3.1975,44.7672],[3.1905,44.7711],[3.189,44.7731],[3.1924,44.7755]]],[[[3.1959,44.7823],[3.2073,44.7798],[3.207,44.7785],[3.2026,44.7775],[3.1982,44.781],[3.1965,44.7791],[3.2006,44.7776],[3.1969,44.7774],[3.2008,44.7756],[3.1985,44.7744],[3.1904,44.7796],[3.1959,44.7823]]],[[[3.1918,44.7758],[3.1884,44.7744],[3.188,44.777],[3.1897,44.7791],[3.1918,44.7758]]]]}},{"type":"Feature","properties":{"id":"F16155I","nom":"Forêt sectionale de Neyrac","dep":"48","dom":false,"essence":"conifere","substrat":"acide","elev":1316,"slopeDeg":12.7,"aspect":18},"geometry":{"type":"MultiPolygon","coordinates":[[[[3.7517,44.4606],[3.7496,44.4564],[3.7483,44.4631],[3.7538,44.4624],[3.7517,44.4606]]],[[[3.743,44.4724],[3.7458,44.4734],[3.7448,44.4684],[3.7399,44.4703],[3.743,44.4724]]],[[[3.7582,44.4633],[3.7567,44.4631],[3.7576,44.4666],[3.7598,44.4649],[3.7582,44.4633]]]]}},{"type":"Feature","properties":{"id":"F16156J","nom":"Forêt sectionale de la Peyre","dep":"48","dom":false,"essence":"autre","substrat":"calcaire","elev":1138,"slopeDeg":4.7,"aspect":120},"geometry":{"type":"MultiPolygon","coordinates":[[[[3.7729,44.5429],[3.7716,44.5379],[3.7692,44.5383],[3.7694,44.5432],[3.7729,44.5429]]],[[[3.7766,44.5698],[3.7791,44.5759],[3.7799,44.5731],[3.7766,44.5698]]]]}},{"type":"Feature","properties":{"id":"F16157K","nom":"Forêt communale de Saint-Germain-De-Calberte","dep":"48","dom":false,"essence":"conifere","substrat":"acide","elev":919,"slopeDeg":1.1,"aspect":183},"geometry":{"type":"Polygon","coordinates":[[[3.7953,44.2609],[3.796,44.259],[3.7924,44.2587],[3.7859,44.261],[3.7874,44.2638],[3.7953,44.2609]]]}},{"type":"Feature","properties":{"id":"F16158L","nom":"Forêt sectionale de la Vialette Et Montruffet","dep":"48","dom":false,"essence":"conifere","substrat":"acide","elev":1148,"slopeDeg":4.5,"aspect":299},"geometry":{"type":"Polygon","coordinates":[[[3.3899,44.8598],[3.392,44.8579],[3.3917,44.8553],[3.3876,44.8502],[3.3859,44.8548],[3.3878,44.8606],[3.3899,44.8598]]]}},{"type":"Feature","properties":{"id":"F16160N","nom":"Forêt sectionale de Chams","dep":"48","dom":false,"essence":"autre","substrat":"acide","elev":1127,"slopeDeg":2.5,"aspect":66},"geometry":{"type":"Polygon","coordinates":[[[3.6539,44.8334],[3.6562,44.8322],[3.6521,44.8319],[3.6511,44.8336],[3.6531,44.8324],[3.6539,44.8334]]]}},{"type":"Feature","properties":{"id":"F16165S","nom":"Forêt sectionale des Andes","dep":"48","dom":false,"essence":"conifere","substrat":"acide","elev":1111,"slopeDeg":2.7,"aspect":16},"geometry":{"type":"Polygon","coordinates":[[[3.1848,44.8509],[3.1854,44.8495],[3.1791,44.8493],[3.1771,44.8505],[3.1758,44.8518],[3.1771,44.8527],[3.1768,44.8553],[3.175,44.8569],[3.179,44.8563],[3.1848,44.8509]]]}},{"type":"Feature","properties":{"id":"F16174B","nom":"Forêt sectionale de Limbertès","dep":"48","dom":false,"essence":"feuillu","substrat":"acide","elev":1259,"slopeDeg":2.8,"aspect":101},"geometry":{"type":"Polygon","coordinates":[[[3.4385,44.7918],[3.4453,44.7923],[3.4568,44.7895],[3.4488,44.7877],[3.4551,44.7852],[3.4484,44.7803],[3.4476,44.7815],[3.4491,44.7836],[3.4446,44.7847],[3.4445,44.786],[3.4476,44.7883],[3.4354,44.7906],[3.4385,44.7918]]]}},{"type":"Feature","properties":{"id":"F16166T","nom":"Forêt sectionale de Campis","dep":"48","dom":false,"essence":"conifere","substrat":"acide","elev":948,"slopeDeg":12.2,"aspect":291},"geometry":{"type":"MultiPolygon","coordinates":[[[[3.4926,44.1552],[3.5007,44.1556],[3.503,44.1466],[3.4955,44.1492],[3.4889,44.1485],[3.4857,44.1512],[3.4915,44.1533],[3.4926,44.1552]]],[[[3.526,44.1659],[3.5262,44.1641],[3.5229,44.1615],[3.5203,44.1631],[3.5151,44.1618],[3.5138,44.1636],[3.5095,44.1639],[3.517,44.1684],[3.526,44.1659]]]]}},{"type":"Feature","properties":{"id":"F16167U","nom":"Forêt sectionale de Pierrefort","dep":"48","dom":false,"essence":"autre","substrat":"acide","elev":1086,"slopeDeg":4.9,"aspect":179},"geometry":{"type":"Polygon","coordinates":[[[3.6958,44.3271],[3.6999,44.3307],[3.7021,44.3286],[3.7018,44.326],[3.7065,44.3226],[3.7055,44.3216],[3.7013,44.3226],[3.6885,44.329],[3.6958,44.3271]]]}},{"type":"Feature","properties":{"id":"F16176D","nom":"Forêt sectionale de Ferrussac","dep":"48","dom":false,"essence":"mixte","substrat":"acide","elev":954,"slopeDeg":12.3,"aspect":290},"geometry":{"type":"MultiPolygon","coordinates":[[[[3.4594,44.131],[3.4595,44.1277],[3.4574,44.127],[3.4502,44.1265],[3.445,44.1285],[3.4474,44.1325],[3.4516,44.1311],[3.452,44.1275],[3.4532,44.1275],[3.452,44.1311],[3.4594,44.131]]],[[[3.4346,44.1341],[3.4326,44.1369],[3.4409,44.1386],[3.4442,44.1357],[3.4378,44.131],[3.4398,44.1359],[3.4346,44.1341]]],[[[3.4526,44.1385],[3.4512,44.1404],[3.4543,44.1421],[3.4575,44.1406],[3.4599,44.1412],[3.4608,44.1387],[3.4564,44.1365],[3.4541,44.1388],[3.4526,44.1385]]],[[[3.4414,44.1289],[3.4384,44.1304],[3.4422,44.1332],[3.4459,44.1335],[3.4444,44.1287],[3.4414,44.1289]]],[[[3.4342,44.1498],[3.4385,44.1516],[3.4409,44.1501],[3.443,44.1513],[3.4439,44.1512],[3.4427,44.1499],[3.4445,44.1486],[3.4346,44.1487],[3.4342,44.1498]]],[[[3.4501,44.1385],[3.4445,44.1419],[3.45,44.1407],[3.4511,44.1381],[3.4501,44.1385]]]]}},{"type":"Feature","properties":{"id":"F16177E","nom":"Forêt domaniale des Gorges-Du-Tarn","dep":"48","dom":true,"essence":"conifere","substrat":"calcaire","elev":977,"slopeDeg":6,"aspect":112},"geometry":{"type":"MultiPolygon","coordinates":[[[[3.4274,44.3598],[3.4265,44.3585],[3.4289,44.3559],[3.4307,44.3557],[3.4319,44.3572],[3.4341,44.3555],[3.4325,44.3546],[3.4361,44.3532],[3.4358,44.351],[3.4268,44.354],[3.4259,44.3568],[3.4213,44.3578],[3.4154,44.3533],[3.4203,44.3543],[3.4208,44.3505],[3.4125,44.3475],[3.4124,44.3357],[3.4091,44.3362],[3.4071,44.3396],[3.402,44.3422],[3.4052,44.3477],[3.4081,44.3486],[3.4083,44.3503],[3.4122,44.3531],[3.4088,44.3535],[3.4109,44.3577],[3.4134,44.3574],[3.4142,44.3596],[3.4186,44.3604],[3.4184,44.3618],[3.4268,44.3615],[3.4274,44.3598]]],[[[3.4418,44.3424],[3.4422,44.3459],[3.4401,44.3481],[3.442,44.3489],[3.445,44.3456],[3.4481,44.3456],[3.4509,44.3489],[3.4552,44.3469],[3.4525,44.345],[3.4525,44.3421],[3.4566,44.3437],[3.457,44.3446],[3.4543,44.3445],[3.4546,44.3461],[3.459,44.3463],[3.4638,44.3417],[3.4622,44.3399],[3.4596,44.3409],[3.4621,44.3423],[3.458,44.3424],[3.4582,44.3407],[3.4595,44.3408],[3.4587,44.3398],[3.4629,44.3397],[3.4641,44.3374],[3.469,44.3369],[3.4669,44.3366],[3.4653,44.3323],[3.4598,44.331],[3.4527,44.3374],[3.4539,44.3404],[3.4566,44.3399],[3.4561,44.3418],[3.4516,44.3394],[3.4523,44.3409],[3.4475,44.3435],[3.4456,44.3418],[3.4419,44.3412],[3.4418,44.3424]]],[[[3.531,44.3949],[3.5319,44.3868],[3.5367,44.383],[3.5355,44.3806],[3.5316,44.3809],[3.5264,44.3843],[3.5263,44.3886],[3.5243,44.3895],[3.5232,44.3926],[3.524,44.396],[3.5225,44.4004],[3.5299,44.4013],[3.535,44.3989],[3.53,44.3964],[3.531,44.3949]]],[[[3.4035,44.3635],[3.4064,44.3633],[3.3978,44.3546],[3.3976,44.3564],[3.3927,44.3579],[3.3945,44.3585],[3.394,44.3621],[3.392,44.3609],[3.3907,44.3631],[3.3899,44.3618],[3.3876,44.3633],[3.3883,44.3669],[3.3939,44.3695],[3.3984,44.3684],[3.3985,44.367],[3.4013,44.367],[3.4021,44.3654],[3.4008,44.3637],[3.4035,44.3635]]],[[[3.5456,44.4184],[3.5577,44.419],[3.5568,44.4132],[3.5461,44.4159],[3.5481,44.4137],[3.5468,44.4113],[3.5451,44.4119],[3.548,44.4095],[3.542,44.407],[3.5353,44.4156],[3.5403,44.4158],[3.5399,44.4174],[3.5413,44.4186],[3.5456,44.4184]]],[[[3.415,44.3812],[3.4224,44.38],[3.4228,44.3856],[3.4248,44.3845],[3.4259,44.3806],[3.4284,44.3797],[3.4222,44.3763],[3.4225,44.3714],[3.4337,44.3736],[3.4381,44.3716],[3.4356,44.37],[3.4147,44.3706],[3.415,44.3694],[3.4137,44.3696],[3.4181,44.3762],[3.4141,44.3773],[3.4136,44.3786],[3.4153,44.3785],[3.415,44.3812]]],[[[3.5408,44.349],[3.5316,44.3492],[3.5313,44.3519],[3.5241,44.3546],[3.5296,44.3556],[3.5367,44.3531],[3.5386,44.3569],[3.5349,44.3576],[3.5344,44.3613],[3.5387,44.3608],[3.5398,44.3619],[3.5377,44.3637],[3.5401,44.362],[3.5447,44.3622],[3.5425,44.3591],[3.5388,44.357],[3.5429,44.355],[3.5409,44.3522],[3.5419,44.3508],[3.5408,44.349]]],[[[3.5853,44.3915],[3.5799,44.3899],[3.5787,44.3914],[3.5801,44.3925],[3.5844,44.392],[3.5827,44.3926],[3.5923,44.3979],[3.5897,44.3922],[3.5913,44.3875],[3.5886,44.3873],[3.5866,44.3854],[3.584,44.3878],[3.5865,44.3894],[3.5853,44.3915]]],[[[3.3997,44.3405],[3.4018,44.34],[3.3942,44.3357],[3.3939,44.333],[3.3967,44.3314],[3.3907,44.3294],[3.3882,44.3302],[3.3879,44.3329],[3.39,44.3341],[3.3899,44.3362],[3.3919,44.3372],[3.3928,44.3399],[3.3997,44.3405]]],[[[3.5738,44.3774],[3.5772,44.379],[3.5806,44.3784],[3.5814,44.3736],[3.5718,44.3762],[3.5738,44.3774]]],[[[3.5121,44.3696],[3.512,44.3718],[3.515,44.3731],[3.5166,44.366],[3.5115,44.3654],[3.5121,44.3696]]],[[[3.4399,44.3616],[3.4389,44.3659],[3.4417,44.368],[3.4437,44.3656],[3.4399,44.3616]]],[[[3.5506,44.3898],[3.5469,44.3919],[3.5513,44.3906],[3.5535,44.3882],[3.548,44.3891],[3.552,44.3894],[3.5506,44.3898]]],[[[3.5811,44.3941],[3.5801,44.3952],[3.5779,44.3941],[3.5774,44.3963],[3.5799,44.3964],[3.582,44.3949],[3.5811,44.3941]]],[[[3.5434,44.4064],[3.5481,44.4069],[3.5488,44.405],[3.5434,44.4064]]],[[[3.415,44.345],[3.4153,44.3465],[3.4167,44.3465],[3.4179,44.3449],[3.415,44.345]]]]}},{"type":"Feature","properties":{"id":"F16178F","nom":"Forêt sectionale de Lajo","dep":"48","dom":false,"essence":"conifere","substrat":"acide","elev":1297,"slopeDeg":6.2,"aspect":223},"geometry":{"type":"MultiPolygon","coordinates":[[[[3.4366,44.8499],[3.4404,44.8503],[3.4428,44.8458],[3.4465,44.8483],[3.4494,44.8466],[3.4432,44.8436],[3.4329,44.8324],[3.4357,44.8378],[3.4325,44.8352],[3.4307,44.8378],[3.4226,44.8417],[3.4234,44.8438],[3.4209,44.8447],[3.4366,44.8499]]],[[[3.4175,44.8308],[3.4197,44.831],[3.4216,44.8289],[3.4274,44.8308],[3.4286,44.8299],[3.4219,44.8259],[3.413,44.8273],[3.4125,44.8294],[3.4147,44.8314],[3.4139,44.8322],[3.4175,44.8308]]],[[[3.4138,44.8385],[3.4144,44.8397],[3.4168,44.838],[3.4145,44.8357],[3.4157,44.8352],[3.4127,44.8345],[3.4138,44.8385]]]]}},{"type":"Feature","properties":{"id":"F16180H","nom":"Forêt sectionale de Pierrefroide","dep":"48","dom":false,"essence":"autre","substrat":"acide","elev":1367,"slopeDeg":4.2,"aspect":170},"geometry":{"type":"MultiPolygon","coordinates":[[[[3.8672,44.3697],[3.8666,44.3665],[3.8608,44.3659],[3.8642,44.3695],[3.8672,44.3697]]],[[[3.8624,44.358],[3.8633,44.3561],[3.8601,44.3556],[3.8574,44.3569],[3.8594,44.358],[3.8597,44.3609],[3.8624,44.358]]]]}},{"type":"Feature","properties":{"id":"F16181I","nom":"Forêt sectionale de Rampon","dep":"48","dom":false,"essence":"conifere","substrat":"acide","elev":840,"slopeDeg":15.8,"aspect":63},"geometry":{"type":"MultiPolygon","coordinates":[[[[3.6515,44.3377],[3.6586,44.3364],[3.6508,44.3365],[3.6492,44.335],[3.6471,44.3391],[3.6515,44.3377]]],[[[3.6635,44.3398],[3.665,44.3391],[3.66,44.3374],[3.6635,44.3398]]]]}},{"type":"Feature","properties":{"id":"F16187O","nom":"Forêt sectionale des Faux Et Ispagnac Et Voltulorgues","dep":"48","dom":false,"essence":"conifere","substrat":"acide","elev":769,"slopeDeg":8.5,"aspect":260},"geometry":{"type":"Polygon","coordinates":[[[3.5664,44.3772],[3.5631,44.3765],[3.5639,44.3775],[3.562,44.3787],[3.5611,44.3779],[3.562,44.3767],[3.5544,44.3778],[3.5537,44.3806],[3.5548,44.3824],[3.5641,44.3812],[3.5678,44.3775],[3.5664,44.3772]]]}},{"type":"Feature","properties":{"id":"F16188P","nom":"Forêt sectionale de Bouchet-Fraisse","dep":"48","dom":false,"essence":"autre","substrat":"acide","elev":1053,"slopeDeg":5.7,"aspect":71},"geometry":{"type":"Polygon","coordinates":[[[3.6456,44.7943],[3.6478,44.7954],[3.6478,44.7934],[3.6435,44.7937],[3.6456,44.7943]]]}},{"type":"Feature","properties":{"id":"F16182J","nom":"Forêt sectionale de la Roueyre","dep":"48","dom":false,"essence":"conifere","substrat":"acide","elev":1035,"slopeDeg":0.8,"aspect":97},"geometry":{"type":"Polygon","coordinates":[[[3.253,44.7922],[3.2541,44.7914],[3.2518,44.7914],[3.2479,44.7946],[3.2504,44.7939],[3.2539,44.797],[3.2575,44.7971],[3.2607,44.7953],[3.2541,44.7944],[3.2514,44.7954],[3.2533,44.7944],[3.253,44.7922]]]}},{"type":"Feature","properties":{"id":"F16183K","nom":"Forêt sectionale d'Aurenchet","dep":"48","dom":false,"essence":"autre","substrat":"acide","elev":1440,"slopeDeg":5.7,"aspect":182},"geometry":{"type":"Polygon","coordinates":[[[3.6193,44.6687],[3.6154,44.6737],[3.6224,44.6744],[3.6223,44.668],[3.6193,44.6687]]]}},{"type":"Feature","properties":{"id":"F16191S","nom":"Forêt sectionale de Servières","dep":"48","dom":false,"essence":"conifere","substrat":"acide","elev":918,"slopeDeg":15,"aspect":283},"geometry":{"type":"MultiPolygon","coordinates":[[[[3.4126,44.5711],[3.4101,44.5721],[3.4098,44.571],[3.408,44.5726],[3.4111,44.5753],[3.4137,44.5741],[3.4174,44.5701],[3.4151,44.5664],[3.4106,44.5678],[3.4143,44.5684],[3.4146,44.57],[3.4126,44.5711]]],[[[3.3999,44.5713],[3.4019,44.5708],[3.4014,44.568],[3.3986,44.5685],[3.3985,44.5709],[3.3999,44.5713]]]]}},{"type":"Feature","properties":{"id":"F16184L","nom":"Forêt sectionale de Chazalais Et Fraissinet","dep":"48","dom":false,"essence":"mixte","substrat":"acide","elev":1261,"slopeDeg":7.7,"aspect":228},"geometry":{"type":"Polygon","coordinates":[[[3.3808,44.9028],[3.3757,44.9046],[3.3789,44.9025],[3.3783,44.9006],[3.3646,44.8942],[3.3619,44.8944],[3.3591,44.8974],[3.3615,44.899],[3.3607,44.9012],[3.3714,44.9082],[3.3813,44.9178],[3.3844,44.9133],[3.3918,44.9179],[3.3929,44.9166],[3.3973,44.9174],[3.4002,44.9211],[3.4037,44.9195],[3.4003,44.9147],[3.3928,44.9134],[3.3808,44.9028]]]}},{"type":"Feature","properties":{"id":"F16185M","nom":"Forêt communale des Hermaux","dep":"48","dom":false,"essence":"conifere","substrat":"acide","elev":1234,"slopeDeg":4.8,"aspect":178},"geometry":{"type":"Polygon","coordinates":[[[3.142,44.5335],[3.1464,44.5239],[3.1492,44.523],[3.151,44.5162],[3.1556,44.5128],[3.1536,44.5093],[3.155,44.5054],[3.1531,44.5024],[3.1544,44.5053],[3.1527,44.5054],[3.1526,44.5072],[3.1511,44.5068],[3.149,44.51],[3.151,44.5125],[3.1473,44.5161],[3.1462,44.5191],[3.1474,44.5191],[3.1439,44.52],[3.1438,44.5184],[3.1412,44.5173],[3.1417,44.5162],[3.1399,44.5153],[3.1386,44.5163],[3.1387,44.5149],[3.1324,44.5233],[3.1326,44.5263],[3.1296,44.5262],[3.1288,44.5283],[3.1271,44.5279],[3.1291,44.5256],[3.13,44.5214],[3.1208,44.5193],[3.1153,44.5148],[3.1184,44.5109],[3.1197,44.5112],[3.1199,44.5094],[3.1217,44.5092],[3.122,44.5069],[3.1259,44.5055],[3.1252,44.5037],[3.1232,44.5043],[3.1202,44.5069],[3.1196,44.5098],[3.114,44.5127],[3.1119,44.5157],[3.1127,44.518],[3.1177,44.5211],[3.1178,44.5238],[3.1199,44.5263],[3.1228,44.5278],[3.121,44.529],[3.1234,44.5326],[3.1221,44.5354],[3.1155,44.5369],[3.1129,44.5342],[3.1125,44.5316],[3.1174,44.5291],[3.1164,44.5282],[3.1087,44.5339],[3.1092,44.5377],[3.1067,44.5395],[3.1106,44.5456],[3.1063,44.5542],[3.1028,44.5567],[3.1089,44.5595],[3.1101,44.5659],[3.1149,44.566],[3.1151,44.5645],[3.117,44.5643],[3.1175,44.5668],[3.1213,44.5664],[3.1235,44.5615],[3.1247,44.5617],[3.1257,44.5595],[3.1274,44.56],[3.1267,44.5571],[3.1319,44.552],[3.132,44.5491],[3.1409,44.5357],[3.1414,44.5343],[3.1361,44.533],[3.1413,44.5323],[3.142,44.5335]]]}},{"type":"Feature","properties":{"id":"F16189Q","nom":"Forêt sectionale des Salesses","dep":"48","dom":false,"essence":"conifere","substrat":"acide","elev":1381,"slopeDeg":0.7,"aspect":175},"geometry":{"type":"Polygon","coordinates":[[[3.7482,44.595],[3.7466,44.5959],[3.745,44.6037],[3.7703,44.6067],[3.7729,44.6031],[3.7644,44.5985],[3.7559,44.5963],[3.7521,44.5932],[3.7516,44.5904],[3.7497,44.5907],[3.75,44.5927],[3.7469,44.593],[3.7482,44.595]]]}},{"type":"Feature","properties":{"id":"F16190R","nom":"Forêt sectionale du Viala","dep":"48","dom":false,"essence":"conifere","substrat":"acide","elev":1207,"slopeDeg":2.7,"aspect":323},"geometry":{"type":"Polygon","coordinates":[[[3.1939,44.7831],[3.1951,44.7833],[3.1925,44.7845],[3.1958,44.7859],[3.1948,44.7886],[3.1905,44.7878],[3.1903,44.7894],[3.1942,44.7915],[3.1976,44.785],[3.1955,44.7827],[3.1908,44.7817],[3.1888,44.7864],[3.1913,44.7824],[3.1939,44.7831]]]}},{"type":"Feature","properties":{"id":"F16193U","nom":"Forêt sectionale des Boissets","dep":"48","dom":false,"essence":"autre","substrat":"calcaire","elev":1014,"slopeDeg":3.2,"aspect":104},"geometry":{"type":"Polygon","coordinates":[[[3.4365,44.3878],[3.4425,44.3925],[3.4432,44.3956],[3.4465,44.3937],[3.4465,44.3951],[3.4479,44.3946],[3.4492,44.3922],[3.452,44.3934],[3.4547,44.3926],[3.4561,44.3954],[3.4579,44.3946],[3.4571,44.3933],[3.4604,44.3928],[3.4592,44.3891],[3.4505,44.3875],[3.4504,44.3843],[3.4479,44.3809],[3.446,44.3836],[3.4477,44.3854],[3.447,44.388],[3.4438,44.3881],[3.4422,44.3851],[3.4388,44.384],[3.437,44.3851],[3.4365,44.3878]]]}},{"type":"Feature","properties":{"id":"F16194V","nom":"Forêt sectionale de Bouchet-Grenier","dep":"48","dom":false,"essence":"conifere","substrat":"acide","elev":1200,"slopeDeg":2,"aspect":112},"geometry":{"type":"Polygon","coordinates":[[[3.6221,44.8095],[3.6219,44.8079],[3.6195,44.8098],[3.6223,44.8119],[3.6221,44.8095]]]}},{"type":"Feature","properties":{"id":"F16196X","nom":"Forêt sectionale de Limousis","dep":"48","dom":false,"essence":"conifere","substrat":"acide","elev":1319,"slopeDeg":2.6,"aspect":155},"geometry":{"type":"Polygon","coordinates":[[[3.5143,44.7216],[3.515,44.718],[3.5115,44.7174],[3.5096,44.7195],[3.5063,44.715],[3.5067,44.7127],[3.504,44.7112],[3.504,44.7086],[3.5012,44.7078],[3.5055,44.7194],[3.5099,44.7234],[3.5143,44.7216]]]}},{"type":"Feature","properties":{"id":"F16198Z","nom":"Forêt sectionale d'Oultet","dep":"48","dom":false,"essence":"conifere","substrat":"acide","elev":1253,"slopeDeg":6.7,"aspect":89},"geometry":{"type":"Polygon","coordinates":[[[3.6686,44.4862],[3.6672,44.4834],[3.6627,44.4869],[3.6631,44.4892],[3.6598,44.4898],[3.6589,44.4884],[3.6549,44.4933],[3.6631,44.4914],[3.6686,44.4862]]]}},{"type":"Feature","properties":{"id":"F16200B","nom":"Forêt sectionale du Mazet Et Fournels","dep":"48","dom":false,"essence":"mixte","substrat":"acide","elev":1025,"slopeDeg":2.3,"aspect":239},"geometry":{"type":"Polygon","coordinates":[[[3.1273,44.8052],[3.1236,44.8049],[3.1242,44.8088],[3.1283,44.8063],[3.1273,44.8052]]]}},{"type":"Feature","properties":{"id":"F16201C","nom":"Forêt sectionale du Maynard Et Bétonès","dep":"48","dom":false,"essence":"conifere","substrat":"calcaire","elev":920,"slopeDeg":2.4,"aspect":263},"geometry":{"type":"MultiPolygon","coordinates":[[[[3.1831,44.3572],[3.1828,44.3594],[3.1797,44.3571],[3.1792,44.3598],[3.1823,44.3601],[3.1818,44.362],[3.1841,44.3625],[3.1847,44.3617],[3.1826,44.3604],[3.1843,44.3587],[3.1853,44.3617],[3.19,44.3628],[3.1871,44.3574],[3.1883,44.3562],[3.1845,44.3555],[3.1831,44.3572]]],[[[3.1775,44.3695],[3.1742,44.3673],[3.1735,44.3623],[3.1746,44.3618],[3.1725,44.3602],[3.1715,44.3642],[3.1735,44.3695],[3.1729,44.3744],[3.1765,44.3749],[3.1756,44.3735],[3.1782,44.371],[3.1775,44.3695]]],[[[3.1863,44.3528],[3.1891,44.3502],[3.1986,44.3488],[3.1956,44.3471],[3.1884,44.3497],[3.1856,44.3538],[3.1863,44.3528]]],[[[3.1913,44.365],[3.1907,44.3638],[3.1882,44.3656],[3.1911,44.3671],[3.1913,44.365]]]]}},{"type":"Feature","properties":{"id":"F16202D","nom":"Forêt du Centre Hospitalier De Mende","dep":"48","dom":false,"essence":"conifere","substrat":"calcaire","elev":922,"slopeDeg":8.1,"aspect":202},"geometry":{"type":"MultiPolygon","coordinates":[[[[3.5144,44.5112],[3.5182,44.5116],[3.5196,44.5103],[3.515,44.5088],[3.5144,44.5112]]],[[[3.4457,44.5584],[3.4446,44.5593],[3.4487,44.5606],[3.4515,44.5597],[3.4492,44.56],[3.4475,44.5568],[3.4457,44.5584]]]]}},{"type":"Feature","properties":{"id":"F16203E","nom":"Forêt sectionale du Cheylard-L'Evêque","dep":"48","dom":false,"essence":"feuillu","substrat":"acide","elev":1244,"slopeDeg":1.9,"aspect":27},"geometry":{"type":"Polygon","coordinates":[[[3.811,44.63],[3.8137,44.6343],[3.811,44.6377],[3.8007,44.6357],[3.7993,44.6415],[3.7933,44.6397],[3.7971,44.6442],[3.7962,44.645],[3.7984,44.6452],[3.798,44.643],[3.7997,44.6447],[3.8016,44.6432],[3.8065,44.6444],[3.8101,44.6436],[3.8121,44.6426],[3.813,44.6398],[3.8172,44.6395],[3.8196,44.6416],[3.8157,44.6442],[3.8167,44.6459],[3.8195,44.6458],[3.8183,44.6453],[3.8223,44.6435],[3.8304,44.6429],[3.8298,44.6405],[3.8267,44.6386],[3.8219,44.6388],[3.827,44.6373],[3.8249,44.6363],[3.826,44.6358],[3.8244,44.6338],[3.8251,44.633],[3.8239,44.6305],[3.8215,44.6296],[3.8187,44.6229],[3.8137,44.6226],[3.8084,44.6247],[3.8045,44.6224],[3.8071,44.6261],[3.81,44.6267],[3.811,44.63]]]}},{"type":"Feature","properties":{"id":"F21388P","nom":"Forêt de l'Hôpital De Saint-Alban-Sur-Limagnole","dep":"48","dom":false,"essence":"autre","substrat":"acide","elev":1113,"slopeDeg":3.7,"aspect":257},"geometry":{"type":"Polygon","coordinates":[[[3.424,44.8007],[3.4259,44.7998],[3.4252,44.7988],[3.422,44.7991],[3.424,44.8007]]]}},{"type":"Feature","properties":{"id":"F24645W","nom":"Forêt des Monts-De-Margeride","dep":"48","dom":false,"essence":"conifere","substrat":"acide","elev":1398,"slopeDeg":3.3,"aspect":67},"geometry":{"type":"Polygon","coordinates":[[[3.4945,44.8035],[3.4914,44.8083],[3.4938,44.8144],[3.5033,44.8219],[3.5103,44.8149],[3.5064,44.8132],[3.5096,44.8117],[3.5091,44.8101],[3.5104,44.8088],[3.5051,44.8035],[3.4962,44.8022],[3.4945,44.8035]]]}},{"type":"Feature","properties":{"id":"F25361K","nom":"Forêt communale de Naussac-Fontanes-Naussac","dep":"48","dom":false,"essence":"autre","substrat":"acide","elev":943,"slopeDeg":5,"aspect":213},"geometry":{"type":"MultiPolygon","coordinates":[[[[3.7955,44.7581],[3.8015,44.7576],[3.8126,44.7512],[3.8035,44.7542],[3.7983,44.7581],[3.7955,44.7581]]],[[[3.7908,44.76],[3.7857,44.7623],[3.7887,44.7624],[3.7917,44.7607],[3.7908,44.76]]]]}},{"type":"Feature","properties":{"id":"F58632B","nom":"Forêt communale de Gasparoux","dep":"48","dom":false,"essence":"mixte","substrat":"acide","elev":926,"slopeDeg":8.6,"aspect":255},"geometry":{"type":"MultiPolygon","coordinates":[[[[3.1651,44.5],[3.1593,44.5005],[3.162,44.503],[3.1646,44.5029],[3.1651,44.5]]],[[[3.1616,44.5091],[3.1647,44.5072],[3.1642,44.5061],[3.1579,44.5073],[3.1586,44.5088],[3.1616,44.5091]]]]}},{"type":"Feature","properties":{"id":"F58634D","nom":"Forêt sectionale de Montgros","dep":"48","dom":false,"essence":"autre","substrat":"acide","elev":997,"slopeDeg":13.4,"aspect":51},"geometry":{"type":"Polygon","coordinates":[[[3.7199,44.8059],[3.7193,44.8044],[3.7138,44.8066],[3.7199,44.8059]]]}},{"type":"Feature","properties":{"id":"F27610X","nom":"Forêt de Ventajols","dep":"48","dom":false,"essence":"feuillu","substrat":"calcaire","elev":671,"slopeDeg":4.3,"aspect":252},"geometry":{"type":"MultiPolygon","coordinates":[[[[3.6382,44.3095],[3.6335,44.3151],[3.6397,44.3145],[3.6372,44.3178],[3.6396,44.3184],[3.6433,44.3141],[3.6382,44.3095]]],[[[3.6379,44.3049],[3.6345,44.3077],[3.6365,44.3097],[3.6402,44.3063],[3.6438,44.3065],[3.6428,44.305],[3.6437,44.3042],[3.6466,44.305],[3.6463,44.3033],[3.6415,44.3021],[3.6396,44.3024],[3.6413,44.3042],[3.6407,44.3055],[3.6381,44.3037],[3.6379,44.3049]]]]}},{"type":"Feature","properties":{"id":"F27623K","nom":"Forêt communale d'Auroux","dep":"48","dom":false,"essence":"autre","substrat":"acide","elev":1045,"slopeDeg":4.5,"aspect":216},"geometry":{"type":"Polygon","coordinates":[[[3.7582,44.7725],[3.76,44.7746],[3.7699,44.7722],[3.7667,44.7704],[3.7582,44.7725]]]}},{"type":"Feature","properties":{"id":"F31139Q","nom":"Forêt sectionale de Pierrefiche Des Salces","dep":"48","dom":false,"essence":"conifere","substrat":"acide","elev":1334,"slopeDeg":4.9,"aspect":175},"geometry":{"type":"Polygon","coordinates":[[[3.157,44.5635],[3.159,44.5604],[3.1564,44.5575],[3.1628,44.5544],[3.1688,44.5539],[3.1699,44.5489],[3.1682,44.5475],[3.1687,44.5453],[3.1705,44.5455],[3.172,44.5439],[3.1708,44.5382],[3.1749,44.5389],[3.1748,44.5353],[3.1732,44.5365],[3.1688,44.5362],[3.1694,44.54],[3.1679,44.5429],[3.162,44.5487],[3.1548,44.5515],[3.156,44.556],[3.1477,44.5601],[3.1494,44.5654],[3.156,44.5665],[3.1577,44.5648],[3.157,44.5635]]]}},{"type":"Feature","properties":{"id":"F99272D","nom":"Forêt sectionale de Grèzes Et Du Mazet","dep":"48","dom":false,"essence":"autre","substrat":"calcaire","elev":647,"slopeDeg":9.9,"aspect":66},"geometry":{"type":"Polygon","coordinates":[[[3.1846,44.4319],[3.1849,44.433],[3.1886,44.4329],[3.1878,44.4316],[3.1846,44.4319]]]}},{"type":"Feature","properties":{"id":"F31149A","nom":"Forêt sectionale des Salces","dep":"48","dom":false,"essence":"conifere","substrat":"acide","elev":1335,"slopeDeg":3.7,"aspect":187},"geometry":{"type":"MultiPolygon","coordinates":[[[[3.1466,44.5485],[3.1438,44.5622],[3.1387,44.5651],[3.14,44.5671],[3.1455,44.5648],[3.1494,44.5654],[3.1477,44.5601],[3.156,44.556],[3.154,44.5485],[3.1502,44.5499],[3.1476,44.5475],[3.1466,44.5485]]],[[[3.1635,44.5421],[3.1642,44.5428],[3.1619,44.545],[3.1638,44.5469],[3.169,44.5416],[3.1691,44.5371],[3.1631,44.5412],[3.1635,44.5421]]]]}},{"type":"Feature","properties":{"id":"F31163O","nom":"Forêt sectionale du Buffre","dep":"48","dom":false,"essence":"conifere","substrat":"calcaire","elev":1062,"slopeDeg":5.9,"aspect":29},"geometry":{"type":"Polygon","coordinates":[[[3.4155,44.2696],[3.4169,44.2702],[3.4229,44.2669],[3.4177,44.2631],[3.4133,44.2648],[3.4046,44.2642],[3.4112,44.2717],[3.4155,44.2696]]]}},{"type":"Feature","properties":{"id":"F31240N","nom":"Forêt départementale de Sainte Lucie","dep":"48","dom":false,"essence":"mixte","substrat":"acide","elev":953,"slopeDeg":15.6,"aspect":81},"geometry":{"type":"MultiPolygon","coordinates":[[[[3.2904,44.5987],[3.2871,44.5983],[3.2853,44.5996],[3.2884,44.5995],[3.2892,44.6009],[3.2857,44.6013],[3.2861,44.6044],[3.2882,44.605],[3.2866,44.6053],[3.2868,44.6065],[3.2906,44.6058],[3.289,44.6052],[3.2902,44.6033],[3.289,44.6015],[3.2911,44.6024],[3.2911,44.6042],[3.2928,44.6041],[3.2933,44.6022],[3.2907,44.6017],[3.2931,44.5993],[3.2904,44.5987]]],[[[3.2875,44.6111],[3.2883,44.6099],[3.2866,44.6083],[3.2849,44.6092],[3.2868,44.6096],[3.2851,44.6117],[3.2889,44.6137],[3.2895,44.6124],[3.2873,44.6123],[3.2875,44.6111]]]]}},{"type":"Feature","properties":{"id":"F31264L","nom":"Forêt sectionale de l'Hermet","dep":"48","dom":false,"essence":"mixte","substrat":"acide","elev":1092,"slopeDeg":0.7,"aspect":13},"geometry":{"type":"Polygon","coordinates":[[[3.7347,44.3319],[3.7309,44.3321],[3.7227,44.3385],[3.7285,44.3372],[3.7305,44.3381],[3.7291,44.3375],[3.7301,44.3359],[3.732,44.3365],[3.7347,44.3319]]]}},{"type":"Feature","properties":{"id":"F31418J","nom":"Forêt sectionale de Mas André De Chambonnet Et Du Buisson","dep":"48","dom":false,"essence":"conifere","substrat":"calcaire","elev":909,"slopeDeg":6.4,"aspect":92},"geometry":{"type":"Polygon","coordinates":[[[3.5112,44.3741],[3.512,44.3668],[3.5086,44.3648],[3.5068,44.3686],[3.5081,44.3734],[3.506,44.3724],[3.5042,44.3748],[3.5093,44.3754],[3.5112,44.3741]]]}},{"type":"Feature","properties":{"id":"F31419K","nom":"Forêt sectionale du Buisson De Chambonnet Et Masaudron","dep":"48","dom":false,"essence":"autre","substrat":"calcaire","elev":867,"slopeDeg":21.2,"aspect":94},"geometry":{"type":"Polygon","coordinates":[[[3.5172,44.3641],[3.5135,44.3636],[3.5115,44.3654],[3.5166,44.366],[3.5172,44.3641]]]}},{"type":"Feature","properties":{"id":"F31491E","nom":"Forêt sectionale des Beaumes Et De Fustigeires","dep":"48","dom":false,"essence":"autre","substrat":"acide","elev":923,"slopeDeg":3.4,"aspect":43},"geometry":{"type":"Polygon","coordinates":[[[3.9661,44.5083],[3.9659,44.5083],[3.9659,44.5083],[3.9659,44.5084],[3.9659,44.5085],[3.9659,44.5086],[3.9659,44.5091],[3.9659,44.5091],[3.966,44.5094],[3.966,44.5096],[3.966,44.5101],[3.9661,44.5108],[3.9661,44.5112],[3.9661,44.5114],[3.9661,44.5115],[3.9661,44.5117],[3.9661,44.5118],[3.9662,44.5119],[3.9662,44.512],[3.9662,44.5122],[3.9662,44.5122],[3.9662,44.5122],[3.9662,44.5122],[3.9663,44.5122],[3.9664,44.5122],[3.9664,44.5122],[3.9665,44.5122],[3.9665,44.5122],[3.9665,44.5121],[3.9666,44.5121],[3.9666,44.512],[3.9666,44.512],[3.9666,44.5119],[3.9667,44.5118],[3.9667,44.5117],[3.9667,44.5117],[3.9667,44.5117],[3.9667,44.5116],[3.9667,44.5116],[3.9667,44.5116],[3.9667,44.5115],[3.9668,44.511],[3.9668,44.511],[3.9668,44.5107],[3.9668,44.5106],[3.9669,44.5094],[3.9669,44.5091],[3.9669,44.509],[3.9669,44.5086],[3.967,44.5085],[3.967,44.5083],[3.967,44.5083],[3.967,44.5082],[3.9667,44.5082],[3.9666,44.5083],[3.9664,44.5083],[3.9661,44.5083]]]}},{"type":"Feature","properties":{"id":"F99274F","nom":"Forêt sectionale de Toutes Aures","dep":"48","dom":false,"essence":"autre","substrat":"calcaire","elev":895,"slopeDeg":2.5,"aspect":57},"geometry":{"type":"Polygon","coordinates":[[[3.1584,44.4095],[3.1558,44.4093],[3.156,44.4127],[3.1578,44.4124],[3.1584,44.4095]]]}},{"type":"Feature","properties":{"id":"F49513I","nom":"Forêt communale de Mont Lozère Et Goulet Chasseradès","dep":"48","dom":false,"essence":"feuillu","substrat":"acide","elev":1229,"slopeDeg":3,"aspect":111},"geometry":{"type":"MultiPolygon","coordinates":[[[[3.813,44.5781],[3.8109,44.5762],[3.8119,44.5725],[3.8097,44.5751],[3.811,44.5829],[3.8095,44.5826],[3.8082,44.588],[3.8054,44.5897],[3.8122,44.5911],[3.8191,44.5826],[3.8199,44.5803],[3.8155,44.5808],[3.813,44.5781]]],[[[3.8349,44.552],[3.8402,44.5538],[3.8444,44.5505],[3.8349,44.552]]]]}},{"type":"Feature","properties":{"id":"F49580X","nom":"Forêt de Roche Courbade","dep":"48","dom":false,"essence":"mixte","substrat":"acide","elev":909,"slopeDeg":15.8,"aspect":340},"geometry":{"type":"Polygon","coordinates":[[[3.7392,44.2598],[3.7412,44.2608],[3.7447,44.2585],[3.7417,44.2613],[3.7431,44.2622],[3.7421,44.2635],[3.7439,44.2638],[3.7438,44.2662],[3.7474,44.265],[3.7451,44.2593],[3.7434,44.2623],[3.745,44.259],[3.7443,44.2567],[3.739,44.2585],[3.7392,44.2598]]]}},{"type":"Feature","properties":{"id":"F99402D","nom":"Forêt du Bois De Rocanti","dep":"48","dom":false,"essence":"conifere","substrat":"calcaire","elev":965,"slopeDeg":4,"aspect":179},"geometry":{"type":"Polygon","coordinates":[[[3.5161,44.299],[3.5136,44.3019],[3.5085,44.2999],[3.5069,44.303],[3.5097,44.3036],[3.5095,44.3047],[3.5127,44.3046],[3.5156,44.3025],[3.5161,44.299]]]}},{"type":"Feature","properties":{"id":"F49646L","nom":"Forêt sectionale de Gély","dep":"48","dom":false,"essence":"conifere","substrat":"acide","elev":1301,"slopeDeg":4.1,"aspect":299},"geometry":{"type":"MultiPolygon","coordinates":[[[[3.6523,44.7207],[3.6527,44.718],[3.6513,44.7155],[3.6463,44.7187],[3.648,44.7211],[3.646,44.7224],[3.6468,44.7232],[3.6411,44.7241],[3.6453,44.7243],[3.6451,44.7271],[3.6481,44.7278],[3.6459,44.729],[3.6485,44.7299],[3.6496,44.727],[3.6499,44.73],[3.653,44.7304],[3.6523,44.7207]]],[[[3.6402,44.7308],[3.6385,44.7308],[3.6403,44.736],[3.6412,44.7336],[3.6437,44.7325],[3.6415,44.7302],[3.6402,44.7308]]],[[[3.6481,44.7385],[3.6457,44.7366],[3.6406,44.737],[3.6481,44.7385]]]]}},{"type":"Feature","properties":{"id":"F49674N","nom":"Forêt sectionale de Vergnecrozes","dep":"48","dom":false,"essence":"autre","substrat":"acide","elev":1251,"slopeDeg":4.1,"aspect":100},"geometry":{"type":"Polygon","coordinates":[[[3.2044,44.594],[3.2057,44.5939],[3.2031,44.592],[3.2002,44.5938],[3.2044,44.594]]]}},{"type":"Feature","properties":{"id":"F99859S","nom":"Forêt communale de Ventalon En Cévennes","dep":"48","dom":false,"essence":"conifere","substrat":"acide","elev":857,"slopeDeg":16.2,"aspect":217},"geometry":{"type":"Polygon","coordinates":[[[3.8366,44.3116],[3.8359,44.3099],[3.8349,44.3126],[3.8368,44.3129],[3.8386,44.3164],[3.8479,44.3118],[3.8446,44.3081],[3.8426,44.3093],[3.8406,44.306],[3.8386,44.3082],[3.8413,44.3117],[3.8381,44.3128],[3.8366,44.3116]]]}},{"type":"Feature","properties":{"id":"F17764F","nom":"Forêt domaniale de La-Montagne-Noire","dep":"81","dom":true,"essence":"feuillu","substrat":"acide","elev":882,"slopeDeg":5.7,"aspect":155},"geometry":{"type":"MultiPolygon","coordinates":[[[[2.2591,43.4622],[2.2572,43.4575],[2.2562,43.4616],[2.2541,43.4621],[2.2516,43.4658],[2.2467,43.4671],[2.2439,43.4643],[2.2407,43.4656],[2.2406,43.4604],[2.2383,43.4597],[2.237,43.4538],[2.2402,43.4506],[2.2397,43.4455],[2.2413,43.4412],[2.2286,43.4317],[2.2227,43.4317],[2.2207,43.4265],[2.2237,43.4252],[2.2224,43.4231],[2.2221,43.4177],[2.2244,43.4141],[2.2292,43.4109],[2.2288,43.4064],[2.2271,43.4061],[2.2239,43.4122],[2.2251,43.4089],[2.2243,43.4031],[2.2268,43.4012],[2.2247,43.3977],[2.227,43.3959],[2.2188,43.3898],[2.2192,43.3873],[2.215,43.3829],[2.211,43.3852],[2.2055,43.3856],[2.1859,43.3951],[2.1804,43.4008],[2.1746,43.4115],[2.1717,43.4135],[2.1706,43.418],[2.1749,43.4196],[2.1903,43.4313],[2.205,43.4323],[2.2077,43.4416],[2.2109,43.4428],[2.2144,43.4466],[2.2199,43.4457],[2.2214,43.4491],[2.2248,43.4506],[2.2251,43.452],[2.2173,43.4515],[2.2072,43.4458],[2.2044,43.4465],[2.2042,43.4486],[2.202,43.4496],[2.2033,43.4538],[2.2007,43.4556],[2.1996,43.4592],[2.2017,43.461],[2.2023,43.4669],[2.2047,43.4684],[2.2003,43.4737],[2.1952,43.4745],[2.1928,43.4723],[2.1904,43.4752],[2.1932,43.4779],[2.1969,43.4769],[2.1996,43.4794],[2.2001,43.4868],[2.2022,43.4904],[2.2054,43.4918],[2.2078,43.4863],[2.2146,43.4843],[2.2212,43.4795],[2.2223,43.4749],[2.2294,43.475],[2.2294,43.4763],[2.2271,43.4756],[2.2267,43.4795],[2.2293,43.4788],[2.2274,43.4799],[2.225,43.4849],[2.225,43.4883],[2.228,43.4898],[2.2277,43.4874],[2.2296,43.4852],[2.2306,43.4869],[2.2293,43.4891],[2.2306,43.4882],[2.2329,43.4933],[2.2344,43.4938],[2.2336,43.4951],[2.2373,43.4979],[2.2362,43.4991],[2.2387,43.5001],[2.2422,43.4987],[2.2426,43.4978],[2.2391,43.497],[2.2378,43.495],[2.2425,43.4934],[2.2436,43.4938],[2.2426,43.4976],[2.246,43.4947],[2.2465,43.4962],[2.2562,43.5012],[2.2568,43.5032],[2.26,43.5029],[2.2581,43.5035],[2.2586,43.5056],[2.2595,43.5037],[2.2635,43.5027],[2.2657,43.4994],[2.2652,43.5025],[2.2671,43.5029],[2.2658,43.5041],[2.2678,43.5044],[2.2694,43.5034],[2.2668,43.5024],[2.2709,43.5013],[2.274,43.4986],[2.2731,43.4977],[2.2747,43.4974],[2.2765,43.4931],[2.2682,43.4944],[2.2632,43.4934],[2.2585,43.4904],[2.2484,43.49],[2.2519,43.4859],[2.253,43.4775],[2.2567,43.4689],[2.2602,43.4654],[2.2591,43.4622]]],[[[2.1792,43.4557],[2.1804,43.4604],[2.1833,43.4602],[2.1833,43.4615],[2.1796,43.4628],[2.1784,43.4668],[2.1747,43.4659],[2.1702,43.4691],[2.1707,43.4701],[2.1771,43.4695],[2.1813,43.4715],[2.1916,43.4666],[2.1904,43.4698],[2.1943,43.4678],[2.193,43.4693],[2.1949,43.469],[2.1955,43.4711],[2.1992,43.4693],[2.1972,43.4665],[2.1987,43.4671],[2.1985,43.4629],[2.195,43.46],[2.1936,43.4562],[2.1901,43.4563],[2.1837,43.4525],[2.1819,43.4539],[2.1787,43.4533],[2.1792,43.4557]]],[[[2.254,43.4578],[2.2543,43.4592],[2.2548,43.457],[2.2569,43.4564],[2.2565,43.4525],[2.2506,43.4491],[2.2468,43.4492],[2.2492,43.4517],[2.2514,43.4506],[2.2532,43.452],[2.2494,43.4538],[2.2483,43.4558],[2.2496,43.458],[2.2522,43.4552],[2.254,43.4578]]]]}},{"type":"Feature","properties":{"id":"F17697Q","nom":"Forêt communale de Mazamet","dep":"81","dom":false,"essence":"feuillu","substrat":"acide","elev":637,"slopeDeg":8.7,"aspect":34},"geometry":{"type":"Polygon","coordinates":[[[2.3825,43.4484],[2.3799,43.4475],[2.3744,43.4399],[2.3707,43.4399],[2.3773,43.4488],[2.3816,43.4496],[2.3825,43.4484]]]}},{"type":"Feature","properties":{"id":"F17706Z","nom":"Forêt communale de Dourgne","dep":"81","dom":false,"essence":"feuillu","substrat":"acide","elev":685,"slopeDeg":9.2,"aspect":1},"geometry":{"type":"MultiPolygon","coordinates":[[[[2.1585,43.4782],[2.1594,43.4817],[2.1618,43.4799],[2.1644,43.481],[2.1692,43.4762],[2.1659,43.4738],[2.1651,43.4701],[2.1619,43.4667],[2.1698,43.4605],[2.1708,43.4565],[2.1794,43.455],[2.1712,43.4465],[2.1685,43.4417],[2.1651,43.4398],[2.1653,43.4372],[2.162,43.4441],[2.1623,43.4511],[2.1551,43.4537],[2.1571,43.4612],[2.1531,43.4628],[2.155,43.4662],[2.1601,43.47],[2.1557,43.4738],[2.1575,43.4733],[2.1602,43.4758],[2.1588,43.4774],[2.1551,43.4744],[2.1525,43.4749],[2.1555,43.4777],[2.1571,43.4782],[2.1579,43.4771],[2.1585,43.4782]]],[[[2.1254,43.4632],[2.1251,43.466],[2.1322,43.4701],[2.1329,43.4687],[2.1355,43.4694],[2.1384,43.4748],[2.1395,43.4747],[2.137,43.4687],[2.1395,43.4682],[2.1423,43.47],[2.1425,43.4745],[2.1405,43.4753],[2.1427,43.4778],[2.1419,43.4787],[2.1454,43.48],[2.1476,43.4779],[2.1455,43.4821],[2.153,43.4802],[2.1486,43.473],[2.1509,43.4668],[2.1459,43.4645],[2.1451,43.4629],[2.1462,43.4623],[2.139,43.4635],[2.1338,43.462],[2.1336,43.4584],[2.1303,43.456],[2.1274,43.4569],[2.1276,43.4538],[2.1255,43.4526],[2.125,43.4595],[2.1226,43.4605],[2.1254,43.4632]]]]}},{"type":"Feature","properties":{"id":"F17739G","nom":"Forêt communale d'Aussillon","dep":"81","dom":false,"essence":"mixte","substrat":"acide","elev":389,"slopeDeg":9.6,"aspect":16},"geometry":{"type":"MultiPolygon","coordinates":[[[[2.3654,43.4836],[2.3632,43.4814],[2.3641,43.4794],[2.3629,43.4795],[2.3631,43.4822],[2.365,43.4833],[2.362,43.4844],[2.3622,43.487],[2.3598,43.4881],[2.3601,43.4902],[2.3616,43.4885],[2.3649,43.489],[2.3668,43.4878],[2.3662,43.4862],[2.3676,43.4854],[2.3654,43.4836]]],[[[2.3392,43.4833],[2.3416,43.4856],[2.344,43.4851],[2.3482,43.4867],[2.345,43.4856],[2.3446,43.4839],[2.3385,43.4822],[2.3406,43.4799],[2.3396,43.4786],[2.3373,43.4794],[2.3392,43.4833]]],[[[2.3563,43.4829],[2.3595,43.4835],[2.3618,43.4804],[2.358,43.4817],[2.3582,43.4797],[2.3563,43.4829]]],[[[2.349,43.4797],[2.3473,43.4788],[2.347,43.4808],[2.3495,43.4837],[2.349,43.4797]]],[[[2.3507,43.4883],[2.3523,43.4914],[2.3521,43.4867],[2.3497,43.4876],[2.3507,43.4883]]]]}},{"type":"Feature","properties":{"id":"F17740H","nom":"Forêt communale de Les-Cammazes","dep":"81","dom":false,"essence":"feuillu","substrat":"acide","elev":642,"slopeDeg":10.5,"aspect":58},"geometry":{"type":"MultiPolygon","coordinates":[[[[2.061,43.4182],[2.0545,43.4265],[2.0563,43.428],[2.0546,43.4302],[2.056,43.4318],[2.0534,43.4316],[2.0534,43.4347],[2.0617,43.433],[2.0652,43.4357],[2.0702,43.4354],[2.0704,43.4327],[2.0658,43.4318],[2.0653,43.4293],[2.0717,43.4249],[2.07,43.4232],[2.0749,43.4189],[2.068,43.4147],[2.0677,43.4124],[2.0618,43.4146],[2.061,43.4182]]],[[[2.1071,43.395],[2.0961,43.3966],[2.0981,43.3986],[2.0942,43.4008],[2.0923,43.4041],[2.0932,43.4053],[2.0885,43.4075],[2.0934,43.4059],[2.0945,43.401],[2.0991,43.3986],[2.0979,43.3968],[2.1023,43.3967],[2.103,43.3978],[2.1117,43.3952],[2.115,43.3978],[2.1131,43.3949],[2.1071,43.395]]],[[[2.0842,43.4228],[2.0837,43.4204],[2.0871,43.418],[2.0843,43.4182],[2.0809,43.4212],[2.0842,43.4228]]]]}},{"type":"Feature","properties":{"id":"F17807W","nom":"Forêt communale de Pont-De-L'Arn","dep":"81","dom":false,"essence":"conifere","substrat":"neutre","elev":288,"slopeDeg":5.1,"aspect":267},"geometry":{"type":"Polygon","coordinates":[[[2.3606,43.5282],[2.3583,43.5277],[2.3577,43.5288],[2.357,43.5312],[2.3583,43.5332],[2.3603,43.5342],[2.3674,43.5325],[2.3662,43.5295],[2.365,43.5306],[2.3606,43.5282]]]}},{"type":"Feature","properties":{"id":"F17703W","nom":"Forêt communale d'Anglès","dep":"81","dom":false,"essence":"feuillu","substrat":"acide","elev":787,"slopeDeg":4.2,"aspect":300},"geometry":{"type":"MultiPolygon","coordinates":[[[[2.6019,43.5598],[2.6009,43.5588],[2.5991,43.5598],[2.5988,43.5585],[2.5961,43.5606],[2.5933,43.5578],[2.591,43.5608],[2.5888,43.5603],[2.5885,43.5615],[2.5926,43.5637],[2.5951,43.5626],[2.5929,43.5601],[2.5968,43.5616],[2.6019,43.5598]]],[[[2.5388,43.5323],[2.5394,43.5342],[2.5374,43.5369],[2.5413,43.5342],[2.5396,43.5326],[2.542,43.5303],[2.5388,43.5302],[2.5375,43.5278],[2.5349,43.5313],[2.5388,43.5323]]],[[[2.5808,43.6001],[2.5702,43.5972],[2.5666,43.598],[2.5745,43.6002],[2.5808,43.6001]]],[[[2.6111,43.5467],[2.6149,43.5434],[2.616,43.5402],[2.6134,43.5433],[2.6089,43.5449],[2.6085,43.5459],[2.6111,43.5467]]],[[[2.5897,43.5349],[2.5894,43.5331],[2.5831,43.5333],[2.586,43.5352],[2.5896,43.536],[2.5897,43.5349]]],[[[2.6189,43.5443],[2.6165,43.5437],[2.6156,43.5449],[2.6225,43.5448],[2.6239,43.5411],[2.6189,43.5443]]],[[[2.5584,43.5468],[2.5593,43.5462],[2.5567,43.5445],[2.5571,43.5433],[2.5555,43.5455],[2.5528,43.5434],[2.5516,43.5442],[2.5557,43.5471],[2.5584,43.5468]]],[[[2.6356,43.524],[2.6373,43.5259],[2.6391,43.5234],[2.6357,43.5224],[2.6356,43.524]]],[[[2.5666,43.5271],[2.5695,43.5292],[2.5707,43.5281],[2.5682,43.5262],[2.5666,43.5271]]]]}},{"type":"Feature","properties":{"id":"F17704X","nom":"Forêt communale d'Arfons","dep":"81","dom":false,"essence":"feuillu","substrat":"acide","elev":683,"slopeDeg":3.5,"aspect":161},"geometry":{"type":"Polygon","coordinates":[[[2.1447,43.4219],[2.1392,43.4241],[2.1397,43.4257],[2.1461,43.4301],[2.1544,43.4316],[2.1545,43.4296],[2.157,43.4287],[2.1587,43.4286],[2.1608,43.4309],[2.1621,43.4295],[2.1608,43.4281],[2.1614,43.4255],[2.1601,43.4247],[2.1596,43.4193],[2.1567,43.4164],[2.1556,43.4179],[2.1447,43.4219]]]}},{"type":"Feature","properties":{"id":"F17714H","nom":"Forêt communale de Saint-Pierre-De-Trivisy","dep":"81","dom":false,"essence":"mixte","substrat":"acide","elev":568,"slopeDeg":5.2,"aspect":357},"geometry":{"type":"MultiPolygon","coordinates":[[[[2.4352,43.7651],[2.4341,43.7662],[2.4347,43.7674],[2.4376,43.7671],[2.4366,43.7691],[2.4384,43.7712],[2.4396,43.7665],[2.4428,43.765],[2.4419,43.7643],[2.4442,43.762],[2.4418,43.7609],[2.4431,43.7616],[2.4417,43.7634],[2.4376,43.7622],[2.4371,43.7645],[2.4352,43.7651]]],[[[2.433,43.7715],[2.4341,43.7702],[2.4293,43.7667],[2.433,43.7715]]]]}},{"type":"Feature","properties":{"id":"F17718L","nom":"Forêt domaniale de La-Grésigne","dep":"81","dom":true,"essence":"mixte","substrat":"acide","elev":295,"slopeDeg":1.6,"aspect":218},"geometry":{"type":"Polygon","coordinates":[[[1.7648,44.0538],[1.7715,44.0557],[1.7814,44.0531],[1.7811,44.0518],[1.7856,44.0485],[1.785,44.0455],[1.7942,44.0393],[1.8054,44.0204],[1.8032,44.0212],[1.7981,44.0118],[1.7932,44.0137],[1.7893,44.0108],[1.7838,44.0107],[1.7831,44.0092],[1.7856,44.006],[1.785,44.0049],[1.7807,44.005],[1.7697,44.0016],[1.7616,44.0013],[1.7609,43.9995],[1.7549,44.0005],[1.749,44.0046],[1.741,44.0036],[1.7405,44.0056],[1.7363,44.0076],[1.7354,44.0066],[1.7349,44.0088],[1.7371,44.0098],[1.7364,44.0107],[1.738,44.0125],[1.7294,44.0106],[1.7302,44.0119],[1.727,44.0115],[1.725,44.0074],[1.7221,44.0079],[1.7191,44.0054],[1.7207,44.0041],[1.7189,44.0041],[1.715,44.0076],[1.712,44.0053],[1.7091,44.0064],[1.7112,44.0108],[1.7051,44.0118],[1.6996,44.0152],[1.701,44.0206],[1.6994,44.0208],[1.6995,44.0244],[1.6964,44.0263],[1.6984,44.029],[1.7086,44.0363],[1.7196,44.0371],[1.733,44.0516],[1.7424,44.0548],[1.748,44.0524],[1.7558,44.0522],[1.7586,44.0549],[1.7648,44.0538]]]}},{"type":"Feature","properties":{"id":"F17725S","nom":"Forêt communale de Saint-Amans-Valtoret","dep":"81","dom":false,"essence":"conifere","substrat":"acide","elev":552,"slopeDeg":3.6,"aspect":305},"geometry":{"type":"MultiPolygon","coordinates":[[[[2.4771,43.5111],[2.4756,43.5116],[2.478,43.5117],[2.4785,43.5142],[2.4875,43.5125],[2.4898,43.515],[2.4949,43.5161],[2.4938,43.5218],[2.4917,43.524],[2.4932,43.5287],[2.4875,43.5281],[2.4832,43.5351],[2.4846,43.5358],[2.4846,43.5388],[2.49,43.5371],[2.4931,43.5371],[2.4935,43.5385],[2.5038,43.5387],[2.5074,43.5375],[2.5106,43.5389],[2.5087,43.5405],[2.5093,43.5416],[2.5143,43.5414],[2.5163,43.5398],[2.5172,43.541],[2.5221,43.5409],[2.5253,43.5359],[2.5272,43.5361],[2.5271,43.5347],[2.529,43.5364],[2.5356,43.5287],[2.5343,43.526],[2.5383,43.5173],[2.5352,43.5175],[2.5332,43.5152],[2.5395,43.5028],[2.5367,43.4999],[2.5403,43.4973],[2.5352,43.4913],[2.5299,43.4898],[2.5277,43.4928],[2.5284,43.4978],[2.527,43.505],[2.5315,43.5047],[2.5289,43.5066],[2.5283,43.5096],[2.5268,43.5086],[2.5268,43.51],[2.5241,43.5114],[2.5174,43.5087],[2.5179,43.5062],[2.5164,43.5078],[2.5159,43.5056],[2.5126,43.5045],[2.5099,43.5046],[2.5079,43.5074],[2.5088,43.5035],[2.5067,43.5082],[2.504,43.5097],[2.5053,43.5112],[2.5045,43.5143],[2.5001,43.5149],[2.4997,43.5127],[2.4962,43.5114],[2.4991,43.5142],[2.4976,43.5144],[2.494,43.5105],[2.4917,43.51],[2.4842,43.5119],[2.4823,43.5109],[2.4813,43.5117],[2.4797,43.5099],[2.4771,43.5111]]],[[[2.4515,43.5163],[2.4497,43.5178],[2.4616,43.5195],[2.4727,43.5108],[2.4701,43.5102],[2.4659,43.5133],[2.4608,43.5126],[2.4593,43.5137],[2.4605,43.5151],[2.4557,43.5162],[2.4529,43.515],[2.4537,43.5142],[2.4521,43.5121],[2.4472,43.5132],[2.4515,43.5163]]]]}},{"type":"Feature","properties":{"id":"F17744L","nom":"Forêt communale de Sauveterre","dep":"81","dom":false,"essence":"feuillu","substrat":"acide","elev":494,"slopeDeg":10.9,"aspect":348},"geometry":{"type":"MultiPolygon","coordinates":[[[[2.5484,43.444],[2.5483,43.4462],[2.5434,43.4505],[2.5463,43.4539],[2.5456,43.4549],[2.5492,43.4538],[2.5493,43.455],[2.5515,43.455],[2.5538,43.4534],[2.5525,43.4567],[2.55,43.4569],[2.5508,43.4579],[2.5494,43.4585],[2.5472,43.4583],[2.5471,43.4564],[2.5448,43.4569],[2.5452,43.4588],[2.5472,43.4584],[2.5473,43.4601],[2.5529,43.4598],[2.5576,43.4621],[2.5588,43.4607],[2.5573,43.4581],[2.5581,43.4557],[2.5622,43.4568],[2.5624,43.458],[2.5629,43.4557],[2.5698,43.457],[2.5667,43.458],[2.574,43.4565],[2.5621,43.4557],[2.5603,43.4537],[2.5566,43.4537],[2.5593,43.4526],[2.5577,43.45],[2.5592,43.447],[2.5566,43.4469],[2.5578,43.4454],[2.5589,43.4466],[2.5602,43.4432],[2.5617,43.4429],[2.5646,43.4451],[2.5628,43.4409],[2.5539,43.4389],[2.5484,43.444]]],[[[2.5745,43.4579],[2.5787,43.4577],[2.5796,43.455],[2.5745,43.4579]]],[[[2.5716,43.4637],[2.5731,43.463],[2.5734,43.4605],[2.572,43.4612],[2.5716,43.4637]]]]}},{"type":"Feature","properties":{"id":"F17750R","nom":"Forêt communale de Nages","dep":"81","dom":false,"essence":"conifere","substrat":"acide","elev":845,"slopeDeg":8.2,"aspect":175},"geometry":{"type":"MultiPolygon","coordinates":[[[[2.7181,43.6725],[2.7255,43.6784],[2.7325,43.6753],[2.7356,43.6703],[2.7387,43.6713],[2.7393,43.6693],[2.7424,43.67],[2.7424,43.6728],[2.7396,43.6727],[2.7426,43.6756],[2.7436,43.6747],[2.7498,43.6759],[2.7621,43.6831],[2.7646,43.6825],[2.7575,43.6747],[2.7506,43.671],[2.7477,43.667],[2.7507,43.6656],[2.7496,43.6618],[2.7525,43.6584],[2.7427,43.6609],[2.7418,43.6586],[2.7438,43.6563],[2.7406,43.6555],[2.7405,43.6542],[2.7383,43.655],[2.7399,43.6557],[2.736,43.6571],[2.7384,43.6575],[2.7382,43.6597],[2.7396,43.6604],[2.7358,43.664],[2.7416,43.6684],[2.7358,43.6671],[2.736,43.6686],[2.7334,43.6665],[2.7267,43.6649],[2.7254,43.6674],[2.7181,43.6725]]],[[[2.7238,43.639],[2.7238,43.6431],[2.7199,43.6499],[2.724,43.6538],[2.7316,43.6506],[2.7316,43.6476],[2.736,43.6436],[2.7356,43.6422],[2.7345,43.6427],[2.7345,43.6416],[2.7256,43.6371],[2.7238,43.639]]],[[[2.8176,43.6599],[2.8356,43.6598],[2.8364,43.6581],[2.8325,43.6537],[2.8274,43.652],[2.8183,43.6516],[2.8172,43.6547],[2.8182,43.6585],[2.8168,43.6581],[2.8176,43.6599]]],[[[2.7799,43.6248],[2.7755,43.6224],[2.7759,43.6247],[2.7787,43.6257],[2.7762,43.6274],[2.7849,43.6289],[2.789,43.6272],[2.7917,43.6284],[2.7919,43.6339],[2.7939,43.6315],[2.795,43.6324],[2.798,43.6312],[2.7973,43.6303],[2.8016,43.6297],[2.7948,43.6244],[2.7892,43.6236],[2.7835,43.6263],[2.7799,43.6248]]],[[[2.7644,43.687],[2.7671,43.6918],[2.7754,43.6915],[2.7788,43.6867],[2.7744,43.6875],[2.7712,43.6857],[2.7703,43.6866],[2.7627,43.6842],[2.7644,43.687]]],[[[2.7595,43.6174],[2.7599,43.6147],[2.7549,43.6139],[2.7492,43.6166],[2.7503,43.6183],[2.7533,43.6174],[2.7587,43.622],[2.7613,43.6203],[2.7611,43.6189],[2.7587,43.6188],[2.7595,43.6174]]],[[[2.7668,43.6207],[2.7701,43.6217],[2.7677,43.6228],[2.7685,43.6282],[2.7726,43.6271],[2.7733,43.6263],[2.7714,43.6238],[2.7735,43.6222],[2.7712,43.6225],[2.7676,43.6176],[2.7611,43.6153],[2.7618,43.617],[2.7637,43.6162],[2.7658,43.6175],[2.7669,43.6188],[2.7657,43.6202],[2.7668,43.6207]]]]}},{"type":"Feature","properties":{"id":"F17752T","nom":"Forêt domaniale de Nore","dep":"81","dom":true,"essence":"feuillu","substrat":"acide","elev":453,"slopeDeg":9.9,"aspect":40},"geometry":{"type":"MultiPolygon","coordinates":[[[[2.4688,43.4352],[2.4629,43.4356],[2.4594,43.4329],[2.4522,43.4319],[2.4348,43.4353],[2.4329,43.4342],[2.4351,43.439],[2.4309,43.44],[2.4246,43.4376],[2.4237,43.4397],[2.4196,43.438],[2.417,43.4412],[2.4203,43.4445],[2.417,43.4477],[2.4156,43.4478],[2.4148,43.4455],[2.4092,43.4457],[2.4062,43.4469],[2.4064,43.4482],[2.4083,43.4511],[2.4151,43.4535],[2.4244,43.4496],[2.4335,43.4499],[2.4371,43.4517],[2.4356,43.4531],[2.4377,43.4549],[2.4346,43.4545],[2.4356,43.4559],[2.4334,43.4569],[2.4397,43.4624],[2.4446,43.4627],[2.4495,43.4587],[2.4503,43.4565],[2.4522,43.4563],[2.4625,43.4627],[2.4582,43.4667],[2.4375,43.4697],[2.4379,43.473],[2.4631,43.4686],[2.4656,43.4646],[2.4642,43.4618],[2.4879,43.4504],[2.5035,43.4459],[2.5044,43.4469],[2.5036,43.4501],[2.5104,43.4587],[2.5107,43.4565],[2.5139,43.4538],[2.5126,43.452],[2.5135,43.4498],[2.5086,43.4444],[2.5114,43.4408],[2.5039,43.4338],[2.4906,43.4384],[2.4866,43.4368],[2.4742,43.4368],[2.4688,43.4352]]],[[[2.6065,43.4482],[2.6013,43.4484],[2.6013,43.4519],[2.5993,43.4514],[2.598,43.453],[2.5995,43.4545],[2.5976,43.4537],[2.5994,43.4556],[2.5936,43.4567],[2.594,43.4584],[2.6002,43.4572],[2.5999,43.4559],[2.6043,43.4529],[2.6029,43.4562],[2.6045,43.4544],[2.6062,43.4558],[2.6056,43.4569],[2.609,43.4573],[2.613,43.4555],[2.6157,43.4566],[2.6188,43.4584],[2.6191,43.4609],[2.6146,43.47],[2.6234,43.4686],[2.6257,43.466],[2.6234,43.4643],[2.6257,43.4622],[2.6244,43.4601],[2.6317,43.4631],[2.6366,43.4627],[2.6381,43.4643],[2.6387,43.4622],[2.6391,43.4639],[2.6447,43.4596],[2.6426,43.4583],[2.6421,43.456],[2.6404,43.4562],[2.6291,43.4486],[2.6155,43.4373],[2.6106,43.4387],[2.6083,43.4409],[2.6079,43.4434],[2.6099,43.4451],[2.6065,43.4482]]]]}},{"type":"Feature","properties":{"id":"F17756X","nom":"Forêt communale de Lamontélarié","dep":"81","dom":false,"essence":"feuillu","substrat":"acide","elev":794,"slopeDeg":6.8,"aspect":114},"geometry":{"type":"MultiPolygon","coordinates":[[[[2.6038,43.6065],[2.6051,43.6067],[2.6033,43.6091],[2.605,43.6123],[2.609,43.6135],[2.6132,43.6114],[2.611,43.6083],[2.6204,43.6056],[2.6141,43.6015],[2.6121,43.6029],[2.6127,43.6068],[2.6113,43.6075],[2.6087,43.6074],[2.6074,43.6051],[2.612,43.6029],[2.6069,43.6039],[2.6038,43.6065]]],[[[2.5913,43.6198],[2.5934,43.6193],[2.5927,43.6179],[2.5969,43.6147],[2.5967,43.6093],[2.5951,43.6089],[2.594,43.6104],[2.5899,43.6093],[2.5908,43.6106],[2.5947,43.6109],[2.5874,43.6128],[2.5884,43.6174],[2.5922,43.6187],[2.5913,43.6198]]],[[[2.6027,43.5994],[2.6027,43.5984],[2.6004,43.5993],[2.5999,43.6008],[2.5974,43.5988],[2.5957,43.6066],[2.6008,43.6043],[2.6004,43.5999],[2.6027,43.5994]]],[[[2.5762,43.6072],[2.5788,43.6051],[2.5757,43.6036],[2.5706,43.6058],[2.5713,43.6074],[2.5739,43.6069],[2.572,43.6083],[2.5762,43.6072]]],[[[2.6119,43.6147],[2.6168,43.615],[2.6188,43.6117],[2.6153,43.6114],[2.6154,43.6125],[2.6119,43.6147]]],[[[2.583,43.6006],[2.5829,43.5984],[2.5856,43.5979],[2.5854,43.5969],[2.5811,43.5973],[2.583,43.6006]]]]}},{"type":"Feature","properties":{"id":"F17753U","nom":"Forêt communale de Saint-Amancet","dep":"81","dom":false,"essence":"conifere","substrat":"acide","elev":548,"slopeDeg":11.1,"aspect":275},"geometry":{"type":"MultiPolygon","coordinates":[[[[2.1239,43.4638],[2.1254,43.4632],[2.1193,43.457],[2.1179,43.4578],[2.1151,43.455],[2.1082,43.4557],[2.1101,43.4591],[2.1088,43.4606],[2.1113,43.4594],[2.1127,43.461],[2.1166,43.4599],[2.1175,43.461],[2.1162,43.4636],[2.1172,43.4625],[2.1239,43.4638]]],[[[2.1293,43.4414],[2.1289,43.4426],[2.1268,43.4423],[2.1243,43.447],[2.1295,43.4478],[2.1348,43.4451],[2.1419,43.4439],[2.136,43.4415],[2.1293,43.4414]]],[[[2.0996,43.4503],[2.0966,43.4521],[2.0992,43.4548],[2.1033,43.455],[2.1035,43.4568],[2.1019,43.4567],[2.1004,43.4606],[2.1033,43.4607],[2.1074,43.4567],[2.1075,43.4546],[2.102,43.4535],[2.0996,43.4503]]]]}},{"type":"Feature","properties":{"id":"F17757Y","nom":"Forêt communale de Le-Rialet","dep":"81","dom":false,"essence":"conifere","substrat":"acide","elev":747,"slopeDeg":3.3,"aspect":289},"geometry":{"type":"MultiPolygon","coordinates":[[[[2.4705,43.5684],[2.4696,43.5696],[2.4708,43.5725],[2.4762,43.5693],[2.476,43.5678],[2.4743,43.5674],[2.4729,43.5681],[2.4738,43.5687],[2.4705,43.5684]]],[[[2.4752,43.5662],[2.4747,43.5661],[2.4742,43.5661],[2.4733,43.5661],[2.4725,43.5663],[2.4724,43.5664],[2.4723,43.5666],[2.472,43.5668],[2.4718,43.5669],[2.4716,43.567],[2.4712,43.567],[2.4709,43.567],[2.4705,43.5671],[2.4703,43.5671],[2.4699,43.5671],[2.4698,43.5671],[2.4694,43.5671],[2.4693,43.5674],[2.4694,43.5677],[2.4696,43.5678],[2.47,43.5678],[2.4703,43.5678],[2.4704,43.5678],[2.471,43.5678],[2.4714,43.5678],[2.4718,43.5676],[2.4721,43.5675],[2.4727,43.5673],[2.4731,43.5673],[2.4739,43.5671],[2.474,43.5669],[2.4744,43.5668],[2.4747,43.5668],[2.4749,43.5669],[2.4752,43.5668],[2.4754,43.5667],[2.4756,43.5666],[2.4752,43.5662]]]]}},{"type":"Feature","properties":{"id":"F17760B","nom":"Forêt communale d'Albine","dep":"81","dom":false,"essence":"feuillu","substrat":"acide","elev":771,"slopeDeg":14.8,"aspect":305},"geometry":{"type":"Polygon","coordinates":[[[2.5534,43.4395],[2.5506,43.4365],[2.5535,43.4328],[2.553,43.4309],[2.56,43.424],[2.565,43.4227],[2.5609,43.4204],[2.5544,43.4241],[2.5503,43.4248],[2.5191,43.4237],[2.5119,43.4299],[2.5037,43.4337],[2.5114,43.4408],[2.5086,43.4444],[2.5135,43.4498],[2.5126,43.452],[2.5139,43.4537],[2.5104,43.4578],[2.5156,43.4571],[2.5198,43.4629],[2.5199,43.4591],[2.516,43.4555],[2.5154,43.453],[2.517,43.4525],[2.5185,43.4549],[2.5266,43.4546],[2.5239,43.4529],[2.5301,43.4514],[2.5288,43.4467],[2.5303,43.4494],[2.5345,43.4487],[2.5376,43.4509],[2.5376,43.4493],[2.5382,43.4509],[2.5436,43.4501],[2.5483,43.4462],[2.5483,43.4432],[2.5534,43.4395]]]}},{"type":"Feature","properties":{"id":"F17761C","nom":"Forêt départementale du Tarn","dep":"81","dom":false,"essence":"feuillu","substrat":"neutre","elev":286,"slopeDeg":2.1,"aspect":357},"geometry":{"type":"MultiPolygon","coordinates":[[[[1.7321,43.9402],[1.749,43.9394],[1.7487,43.9437],[1.7434,43.9477],[1.7478,43.9492],[1.7512,43.9528],[1.7571,43.9483],[1.7574,43.9441],[1.7623,43.9412],[1.7623,43.939],[1.7643,43.9373],[1.7625,43.9361],[1.7694,43.9341],[1.7715,43.9289],[1.7822,43.9248],[1.7839,43.9229],[1.7753,43.9249],[1.7761,43.9234],[1.7736,43.9219],[1.7741,43.9203],[1.7698,43.9244],[1.7676,43.9226],[1.7694,43.9185],[1.7672,43.9179],[1.7663,43.9152],[1.7641,43.9167],[1.7651,43.9177],[1.7631,43.9203],[1.7589,43.921],[1.7589,43.9193],[1.7626,43.9189],[1.7601,43.9129],[1.7532,43.9144],[1.7519,43.9184],[1.7551,43.9198],[1.7541,43.9222],[1.7483,43.9263],[1.7496,43.9287],[1.7468,43.9309],[1.7476,43.9317],[1.7443,43.932],[1.7436,43.9341],[1.7412,43.9335],[1.7432,43.9325],[1.743,43.931],[1.7349,43.9337],[1.7334,43.9324],[1.7346,43.9311],[1.7295,43.9359],[1.7294,43.9385],[1.7335,43.939],[1.7321,43.9402]]],[[[2.309,43.9806],[2.3065,43.981],[2.3095,43.9826],[2.3083,43.9839],[2.3131,43.9857],[2.3131,43.9875],[2.3143,43.9877],[2.3246,43.9827],[2.338,43.9812],[2.3359,43.9738],[2.3294,43.973],[2.3228,43.9744],[2.322,43.9763],[2.317,43.9757],[2.3168,43.9747],[2.3139,43.9772],[2.3081,43.9788],[2.3095,43.9791],[2.309,43.9806]]],[[[2.1189,44.0729],[2.1184,44.0719],[2.1157,44.0747],[2.1127,44.0734],[2.1073,44.0741],[2.1057,44.0774],[2.1063,44.0791],[2.1087,44.0796],[2.107,44.0849],[2.1076,44.0872],[2.1086,44.0879],[2.1081,44.0862],[2.1125,44.0845],[2.1119,44.0821],[2.1132,44.0794],[2.1173,44.0795],[2.1191,44.0774],[2.1189,44.0729]]]]}},{"type":"Feature","properties":{"id":"F17765G","nom":"Forêt domaniale de Saint-Amancet-Sorèze","dep":"81","dom":true,"essence":"conifere","substrat":"acide","elev":584,"slopeDeg":9.8,"aspect":11},"geometry":{"type":"Polygon","coordinates":[[[2.0993,43.4498],[2.102,43.4535],[2.1073,43.4545],[2.11,43.4523],[2.1148,43.4521],[2.1188,43.4482],[2.1243,43.4471],[2.1249,43.4447],[2.1268,43.4423],[2.1289,43.4426],[2.1293,43.441],[2.1082,43.439],[2.0996,43.441],[2.1009,43.4441],[2.0992,43.445],[2.1016,43.4457],[2.1007,43.4465],[2.1034,43.4461],[2.0993,43.4498]]]}},{"type":"Feature","properties":{"id":"F17770L","nom":"Forêt communale de Massaguel","dep":"81","dom":false,"essence":"conifere","substrat":"acide","elev":518,"slopeDeg":7.4,"aspect":252},"geometry":{"type":"Polygon","coordinates":[[[2.1853,43.4702],[2.1805,43.4712],[2.1805,43.4744],[2.1832,43.4733],[2.1886,43.4757],[2.1919,43.4742],[2.1853,43.4702]]]}},{"type":"Feature","properties":{"id":"F17772N","nom":"Forêt communale de Viane","dep":"81","dom":false,"essence":"mixte","substrat":"acide","elev":658,"slopeDeg":5.5,"aspect":272},"geometry":{"type":"MultiPolygon","coordinates":[[[[2.6063,43.7673],[2.6026,43.762],[2.5958,43.7719],[2.6018,43.7729],[2.6063,43.7673]]],[[[2.6321,43.7225],[2.6282,43.7243],[2.6323,43.7255],[2.6314,43.7236],[2.6356,43.7224],[2.6362,43.7246],[2.64,43.7227],[2.6394,43.7216],[2.6321,43.7225]]]]}},{"type":"Feature","properties":{"id":"F17773O","nom":"Forêt communale de Lacrouzette","dep":"81","dom":false,"essence":"mixte","substrat":"acide","elev":585,"slopeDeg":0.8,"aspect":241},"geometry":{"type":"MultiPolygon","coordinates":[[[[2.3802,43.6592],[2.3844,43.6582],[2.3931,43.659],[2.3953,43.6585],[2.3959,43.656],[2.3891,43.6555],[2.3885,43.6534],[2.3829,43.6564],[2.38,43.6529],[2.3721,43.6534],[2.3693,43.655],[2.379,43.6539],[2.3742,43.6554],[2.3742,43.6575],[2.369,43.6556],[2.3711,43.6563],[2.3727,43.6591],[2.3775,43.6573],[2.3799,43.6577],[2.3802,43.6592]]],[[[2.3357,43.6508],[2.3378,43.6516],[2.3372,43.6484],[2.3326,43.6466],[2.3323,43.6482],[2.3302,43.6478],[2.3266,43.6456],[2.3292,43.6485],[2.3357,43.6508]]],[[[2.335,43.6533],[2.334,43.6529],[2.3362,43.658],[2.3407,43.6573],[2.3374,43.6544],[2.3355,43.6549],[2.335,43.6533]]],[[[2.3593,43.6595],[2.3588,43.6604],[2.3611,43.6614],[2.3649,43.6606],[2.363,43.6585],[2.3593,43.6595]]],[[[2.3536,43.6749],[2.3562,43.6746],[2.353,43.6718],[2.3513,43.672],[2.3536,43.6749]]],[[[2.39,43.6765],[2.387,43.6755],[2.3853,43.6768],[2.3862,43.678],[2.3906,43.6779],[2.3914,43.6767],[2.39,43.6765]]],[[[2.4027,43.6661],[2.4008,43.6648],[2.3984,43.6655],[2.4033,43.6671],[2.4027,43.6661]]],[[[2.3944,43.6755],[2.3942,43.6754],[2.394,43.6758],[2.3939,43.6758],[2.3939,43.6759],[2.394,43.6759],[2.3942,43.676],[2.3945,43.676],[2.3947,43.676],[2.3948,43.6759],[2.3952,43.6759],[2.3954,43.6758],[2.3957,43.6758],[2.3959,43.6758],[2.3962,43.6758],[2.3965,43.6758],[2.3966,43.6758],[2.3969,43.6758],[2.397,43.6758],[2.3973,43.6757],[2.3973,43.6757],[2.3975,43.6759],[2.3979,43.6761],[2.398,43.676],[2.3979,43.6759],[2.3978,43.6757],[2.3978,43.6757],[2.3979,43.6756],[2.3981,43.6756],[2.3982,43.6755],[2.3984,43.6755],[2.3984,43.6754],[2.3983,43.6752],[2.3983,43.675],[2.3981,43.675],[2.3978,43.6749],[2.3976,43.6749],[2.3975,43.6749],[2.3972,43.6749],[2.3968,43.6749],[2.3966,43.6749],[2.3962,43.6749],[2.3961,43.6749],[2.3959,43.675],[2.3957,43.675],[2.3954,43.675],[2.3953,43.675],[2.3951,43.675],[2.3949,43.675],[2.3947,43.675],[2.3944,43.6755],[2.3944,43.6755]]]]}},{"type":"Feature","properties":{"id":"F17786B","nom":"Forêt communale de Saint-Amans-Valtoret-Les Reilles","dep":"81","dom":false,"essence":"conifere","substrat":"acide","elev":724,"slopeDeg":15.7,"aspect":359},"geometry":{"type":"Polygon","coordinates":[[[2.4327,43.469],[2.4348,43.4739],[2.4338,43.4774],[2.4381,43.478],[2.4371,43.4786],[2.4396,43.4801],[2.4396,43.4815],[2.4368,43.4826],[2.4372,43.4839],[2.4419,43.4844],[2.4427,43.4796],[2.4375,43.4725],[2.4377,43.4697],[2.434,43.4641],[2.431,43.4665],[2.4327,43.469]]]}},{"type":"Feature","properties":{"id":"F17778T","nom":"Forêt communale de Durfort","dep":"81","dom":false,"essence":"feuillu","substrat":"acide","elev":436,"slopeDeg":4.8,"aspect":27},"geometry":{"type":"MultiPolygon","coordinates":[[[[2.071,43.4228],[2.07,43.4232],[2.0717,43.4249],[2.0655,43.4289],[2.0657,43.4309],[2.0724,43.4323],[2.0778,43.4294],[2.073,43.4343],[2.0768,43.4347],[2.0783,43.4361],[2.0781,43.4383],[2.0793,43.4383],[2.0825,43.4329],[2.0857,43.4304],[2.0863,43.4253],[2.0849,43.4249],[2.087,43.4223],[2.0833,43.4234],[2.0783,43.4196],[2.071,43.4228]]],[[[2.065,43.4367],[2.0689,43.4378],[2.0708,43.4364],[2.0702,43.4354],[2.064,43.4361],[2.065,43.4367]]]]}},{"type":"Feature","properties":{"id":"F17790F","nom":"Forêt communale d'Escoussens","dep":"81","dom":false,"essence":"conifere","substrat":"acide","elev":396,"slopeDeg":6.8,"aspect":263},"geometry":{"type":"MultiPolygon","coordinates":[[[[2.227,43.4772],[2.2271,43.4756],[2.2294,43.4763],[2.2294,43.475],[2.2223,43.4749],[2.2216,43.479],[2.2178,43.483],[2.2202,43.4849],[2.2149,43.486],[2.2138,43.4848],[2.208,43.4864],[2.2074,43.4877],[2.209,43.4887],[2.2082,43.4925],[2.2122,43.4943],[2.2145,43.4905],[2.2164,43.4916],[2.2158,43.4937],[2.2141,43.4922],[2.216,43.494],[2.2202,43.4913],[2.2196,43.4927],[2.2221,43.4966],[2.2242,43.4921],[2.2259,43.4917],[2.225,43.4945],[2.2298,43.4951],[2.2309,43.4938],[2.2302,43.4919],[2.225,43.4883],[2.225,43.4849],[2.2274,43.4799],[2.2293,43.4788],[2.2267,43.4795],[2.227,43.4772]]],[[[2.2013,43.4885],[2.1995,43.4874],[2.1961,43.4952],[2.2002,43.4948],[2.204,43.4922],[2.2005,43.4907],[2.2013,43.4885]]]]}},{"type":"Feature","properties":{"id":"F17804T","nom":"Forêt communale de Lacaune","dep":"81","dom":false,"essence":"feuillu","substrat":"acide","elev":1049,"slopeDeg":9.3,"aspect":334},"geometry":{"type":"MultiPolygon","coordinates":[[[[2.7254,43.6669],[2.7267,43.6649],[2.7137,43.6618],[2.7063,43.6568],[2.704,43.6589],[2.702,43.6579],[2.6991,43.6595],[2.6989,43.6572],[2.7009,43.6556],[2.6857,43.6547],[2.6738,43.6506],[2.6634,43.6496],[2.6598,43.6543],[2.6581,43.6541],[2.6575,43.6568],[2.6604,43.6581],[2.6597,43.6621],[2.6614,43.6637],[2.6645,43.6638],[2.6677,43.6668],[2.6736,43.6651],[2.6733,43.6662],[2.6789,43.6686],[2.6822,43.666],[2.6826,43.6624],[2.6944,43.6628],[2.6912,43.6672],[2.6958,43.6705],[2.6958,43.6774],[2.6997,43.6818],[2.6893,43.6857],[2.6946,43.6882],[2.6981,43.6858],[2.6991,43.6879],[2.7064,43.6856],[2.7226,43.687],[2.7291,43.6767],[2.7243,43.678],[2.7219,43.6745],[2.7174,43.6722],[2.7254,43.6669]]],[[[2.6287,43.6982],[2.6252,43.6981],[2.6273,43.6989],[2.6224,43.7018],[2.62,43.7015],[2.6196,43.7027],[2.6266,43.7005],[2.6306,43.7039],[2.6339,43.7035],[2.643,43.6995],[2.642,43.7058],[2.6551,43.7077],[2.6601,43.7056],[2.6556,43.7063],[2.6558,43.7038],[2.6517,43.704],[2.6489,43.7007],[2.6461,43.7008],[2.647,43.6998],[2.6451,43.6987],[2.6369,43.7001],[2.6343,43.6984],[2.6345,43.6998],[2.6319,43.701],[2.6281,43.6994],[2.6294,43.6975],[2.6283,43.6969],[2.6276,43.6979],[2.6287,43.6982]]],[[[2.653,43.7284],[2.6488,43.7278],[2.6453,43.7341],[2.6465,43.7353],[2.6507,43.735],[2.6496,43.7306],[2.653,43.7284]]],[[[2.7403,43.6729],[2.7424,43.6728],[2.7424,43.6702],[2.7393,43.6693],[2.7385,43.6714],[2.7356,43.6703],[2.7335,43.6738],[2.7403,43.6729]]],[[[2.6898,43.7203],[2.6979,43.7207],[2.6957,43.7189],[2.6919,43.719],[2.6904,43.717],[2.6881,43.7171],[2.6873,43.7181],[2.6898,43.7203]]],[[[2.6933,43.7162],[2.6945,43.7122],[2.6925,43.7109],[2.6915,43.7116],[2.6933,43.7128],[2.692,43.7159],[2.6945,43.7177],[2.6933,43.7162]]]]}},{"type":"Feature","properties":{"id":"F17809Y","nom":"Forêt communale de Vabre","dep":"81","dom":false,"essence":"mixte","substrat":"acide","elev":508,"slopeDeg":16.2,"aspect":11},"geometry":{"type":"MultiPolygon","coordinates":[[[[2.3864,43.6775],[2.3853,43.6768],[2.3862,43.6746],[2.3878,43.6751],[2.3866,43.674],[2.3824,43.6761],[2.3827,43.6791],[2.3801,43.6774],[2.3797,43.6745],[2.3765,43.6767],[2.3782,43.6793],[2.3829,43.6817],[2.3849,43.6813],[2.3864,43.6775]]],[[[2.4182,43.6705],[2.4171,43.6675],[2.416,43.6696],[2.4157,43.6665],[2.4105,43.6691],[2.4138,43.6695],[2.4159,43.6717],[2.4182,43.6705]]]]}},{"type":"Feature","properties":{"id":"F17816F","nom":"Forêt communale de Fontrieu - Ferrières","dep":"81","dom":false,"essence":"autre","substrat":"acide","elev":565,"slopeDeg":8.1,"aspect":90},"geometry":{"type":"MultiPolygon","coordinates":[[[[2.4274,43.6644],[2.4366,43.6624],[2.432,43.66],[2.4316,43.6575],[2.4367,43.6522],[2.4301,43.6567],[2.4302,43.6612],[2.4253,43.6624],[2.4254,43.6645],[2.4274,43.6644]]],[[[2.4331,43.6661],[2.427,43.6683],[2.4392,43.6675],[2.4386,43.6643],[2.4331,43.6661]]],[[[2.4253,43.6686],[2.4199,43.6673],[2.4184,43.6687],[2.425,43.6708],[2.4253,43.6686]]]]}},{"type":"Feature","properties":{"id":"F17817G","nom":"Forêt communale de Penne","dep":"81","dom":false,"essence":"conifere","substrat":"calcaire","elev":269,"slopeDeg":5.4,"aspect":258},"geometry":{"type":"MultiPolygon","coordinates":[[[[1.7628,44.1051],[1.7614,44.1038],[1.7572,44.1036],[1.7567,44.1046],[1.7524,44.1032],[1.7484,44.1057],[1.747,44.1053],[1.7461,44.1081],[1.7506,44.1095],[1.7638,44.108],[1.762,44.1056],[1.7628,44.1051]]],[[[1.7466,44.056],[1.7502,44.0549],[1.7489,44.0544],[1.7496,44.0527],[1.7473,44.0525],[1.7433,44.0552],[1.7466,44.056]]],[[[1.7355,44.1105],[1.7329,44.1129],[1.7361,44.1139],[1.7355,44.1105]]]]}},{"type":"Feature","properties":{"id":"F17818H","nom":"Forêt communale de Verdalle","dep":"81","dom":false,"essence":"conifere","substrat":"acide","elev":590,"slopeDeg":9.3,"aspect":272},"geometry":{"type":"MultiPolygon","coordinates":[[[[2.1877,43.4756],[2.1826,43.4747],[2.1817,43.4761],[2.177,43.4771],[2.1761,43.4759],[2.1751,43.4766],[2.1798,43.4802],[2.1701,43.4812],[2.1732,43.4831],[2.1776,43.4812],[2.1861,43.4818],[2.1886,43.4794],[2.1932,43.4779],[2.1907,43.4754],[2.1877,43.4756]]],[[[2.1809,43.4903],[2.192,43.4848],[2.1915,43.4807],[2.1905,43.4799],[2.1779,43.4892],[2.1809,43.4903]]]]}},{"type":"Feature","properties":{"id":"F17822L","nom":"Forêt communale de Berlats","dep":"81","dom":false,"essence":"conifere","substrat":"acide","elev":780,"slopeDeg":2.7,"aspect":30},"geometry":{"type":"MultiPolygon","coordinates":[[[[2.5616,43.6835],[2.5634,43.6826],[2.5609,43.6817],[2.5609,43.6793],[2.5506,43.6794],[2.5504,43.6829],[2.5558,43.6856],[2.5569,43.685],[2.558,43.6871],[2.5616,43.6835]]],[[[2.5882,43.7006],[2.59,43.6998],[2.5818,43.6978],[2.5775,43.7017],[2.5882,43.7006]]],[[[2.5798,43.6975],[2.5799,43.6975],[2.5799,43.6974],[2.58,43.6974],[2.5798,43.6974],[2.5795,43.6974],[2.5792,43.6973],[2.579,43.6973],[2.5787,43.6973],[2.5785,43.6973],[2.5783,43.6973],[2.5781,43.6973],[2.5781,43.6972],[2.5779,43.6972],[2.5777,43.6971],[2.5775,43.6971],[2.5773,43.697],[2.5771,43.6969],[2.5769,43.6968],[2.5766,43.6967],[2.5765,43.6966],[2.5763,43.6966],[2.5762,43.6965],[2.5762,43.6965],[2.5761,43.6965],[2.576,43.6965],[2.5759,43.6965],[2.5759,43.6965],[2.5758,43.6965],[2.5758,43.6965],[2.5757,43.6964],[2.5756,43.6964],[2.5756,43.6964],[2.5755,43.6964],[2.5755,43.6964],[2.5754,43.6964],[2.5753,43.6964],[2.5752,43.6964],[2.5752,43.6964],[2.5751,43.6964],[2.575,43.6964],[2.5749,43.6964],[2.5748,43.6965],[2.5747,43.6965],[2.5747,43.6965],[2.5746,43.6966],[2.5745,43.6966],[2.5745,43.6966],[2.5744,43.6967],[2.5744,43.6967],[2.5744,43.6968],[2.5743,43.6969],[2.5743,43.6969],[2.5743,43.697],[2.5744,43.697],[2.5744,43.6971],[2.5744,43.6971],[2.5744,43.6972],[2.5744,43.6972],[2.5744,43.6972],[2.5745,43.6973],[2.5746,43.6973],[2.5747,43.6973],[2.5747,43.6974],[2.5748,43.6974],[2.5749,43.6974],[2.5749,43.6975],[2.575,43.6975],[2.575,43.6975],[2.575,43.6975],[2.575,43.6975],[2.575,43.6975],[2.5752,43.6975],[2.5753,43.6975],[2.5755,43.6975],[2.5756,43.6975],[2.5756,43.6975],[2.5757,43.6975],[2.5757,43.6976],[2.5758,43.6976],[2.5759,43.6976],[2.576,43.6976],[2.576,43.6975],[2.576,43.6974],[2.576,43.6973],[2.5761,43.6972],[2.5761,43.6972],[2.5761,43.6971],[2.5761,43.6971],[2.5761,43.6971],[2.5761,43.6971],[2.5762,43.6972],[2.5762,43.6972],[2.5762,43.6973],[2.5762,43.6974],[2.5762,43.6975],[2.5763,43.6976],[2.5763,43.6976],[2.5763,43.6977],[2.5764,43.6977],[2.5764,43.6977],[2.5765,43.6977],[2.5765,43.6978],[2.5766,43.6978],[2.5767,43.6978],[2.5767,43.6977],[2.5769,43.6977],[2.577,43.6977],[2.5771,43.6977],[2.5772,43.6977],[2.5774,43.6977],[2.5774,43.6977],[2.5774,43.6977],[2.5775,43.6977],[2.5775,43.6978],[2.5777,43.6979],[2.5778,43.698],[2.5778,43.698],[2.5778,43.698],[2.5779,43.698],[2.5779,43.698],[2.578,43.698],[2.5781,43.698],[2.5782,43.6979],[2.5783,43.6979],[2.5784,43.6979],[2.5786,43.6979],[2.5787,43.6979],[2.5789,43.6978],[2.579,43.6978],[2.5792,43.6978],[2.5794,43.6978],[2.5794,43.6978],[2.5795,43.6977],[2.5796,43.6977],[2.5797,43.6976],[2.5798,43.6975]]]]}},{"type":"Feature","properties":{"id":"F17824N","nom":"Forêt sectionale de Berlats-Lès-Calmels","dep":"81","dom":false,"essence":"conifere","substrat":"acide","elev":732,"slopeDeg":7.1,"aspect":30},"geometry":{"type":"Polygon","coordinates":[[[2.5384,43.6806],[2.5363,43.6839],[2.5393,43.6836],[2.5409,43.6853],[2.5432,43.6842],[2.5434,43.6816],[2.5433,43.6833],[2.5461,43.6832],[2.5473,43.6805],[2.5479,43.6815],[2.5482,43.6788],[2.5384,43.6806]]]}},{"type":"Feature","properties":{"id":"F17829S","nom":"Forêt communale de Bout-Du-Pont-De-L'Arn","dep":"81","dom":false,"essence":"feuillu","substrat":"neutre","elev":349,"slopeDeg":8.3,"aspect":252},"geometry":{"type":"Polygon","coordinates":[[[2.4407,43.5095],[2.4297,43.5092],[2.4212,43.5068],[2.4161,43.5037],[2.4103,43.5035],[2.4149,43.5041],[2.4216,43.5087],[2.4325,43.5122],[2.4353,43.511],[2.4371,43.5125],[2.4392,43.5104],[2.4402,43.513],[2.4516,43.5163],[2.4485,43.5133],[2.445,43.513],[2.4407,43.5095]]]}},{"type":"Feature","properties":{"id":"F17836Z","nom":"Forêt domaniale du Haut-Agout","dep":"81","dom":true,"essence":"conifere","substrat":"acide","elev":827,"slopeDeg":0.2,"aspect":94},"geometry":{"type":"MultiPolygon","coordinates":[[[[2.6287,43.5138],[2.6236,43.5212],[2.6263,43.5186],[2.6299,43.5199],[2.6294,43.5217],[2.6318,43.5207],[2.6353,43.5224],[2.6362,43.5208],[2.635,43.5193],[2.6389,43.516],[2.6513,43.5194],[2.6501,43.522],[2.6531,43.525],[2.6558,43.525],[2.6565,43.5235],[2.66,43.5249],[2.6617,43.5236],[2.6613,43.521],[2.6657,43.5213],[2.6665,43.5225],[2.6696,43.5202],[2.6686,43.5177],[2.6657,43.5171],[2.666,43.5157],[2.6639,43.5177],[2.6571,43.5187],[2.6519,43.5163],[2.649,43.5099],[2.6465,43.5102],[2.6463,43.5089],[2.6488,43.5093],[2.6484,43.5074],[2.6515,43.5065],[2.6518,43.5092],[2.6554,43.5095],[2.6567,43.5051],[2.6594,43.5026],[2.6571,43.4992],[2.6538,43.5],[2.652,43.4972],[2.6465,43.4966],[2.6444,43.4977],[2.6435,43.4934],[2.6453,43.4892],[2.6428,43.4874],[2.6378,43.4888],[2.6367,43.4992],[2.6351,43.4949],[2.6318,43.4953],[2.6317,43.5015],[2.626,43.5019],[2.6228,43.5043],[2.6248,43.5071],[2.6264,43.5049],[2.6295,43.5064],[2.6242,43.5077],[2.6314,43.5097],[2.6318,43.5107],[2.628,43.5113],[2.6296,43.5131],[2.6287,43.5138]]],[[[2.6112,43.5772],[2.6105,43.5805],[2.6088,43.5815],[2.608,43.5801],[2.6068,43.5804],[2.6076,43.5826],[2.6018,43.5849],[2.6097,43.5865],[2.6128,43.5892],[2.62,43.5865],[2.6289,43.5854],[2.63,43.5819],[2.6286,43.5808],[2.6298,43.5806],[2.6275,43.5795],[2.6268,43.5771],[2.6229,43.5758],[2.6215,43.5729],[2.6188,43.5735],[2.6186,43.5756],[2.6115,43.5761],[2.6112,43.5772]]],[[[2.6185,43.5296],[2.6255,43.5249],[2.6228,43.5247],[2.6201,43.5274],[2.6158,43.5247],[2.6071,43.5251],[2.6089,43.5271],[2.6185,43.5296]]]]}},{"type":"Feature","properties":{"id":"F17837A","nom":"Forêt domaniale de Lacaune","dep":"81","dom":true,"essence":"conifere","substrat":"acide","elev":1006,"slopeDeg":1.2,"aspect":170},"geometry":{"type":"Polygon","coordinates":[[[2.6148,43.6893],[2.6154,43.6914],[2.6202,43.6939],[2.6255,43.6932],[2.6269,43.6908],[2.6301,43.6896],[2.6329,43.6852],[2.6301,43.6859],[2.6327,43.6844],[2.6348,43.6873],[2.6399,43.688],[2.6433,43.6865],[2.6441,43.6783],[2.6463,43.6796],[2.6547,43.6792],[2.6597,43.6835],[2.6586,43.6869],[2.6655,43.6948],[2.6667,43.6927],[2.6739,43.6918],[2.6767,43.6943],[2.6762,43.6935],[2.6821,43.6956],[2.6855,43.6915],[2.6886,43.6929],[2.6862,43.6882],[2.6889,43.688],[2.6874,43.6866],[2.6997,43.6818],[2.6958,43.6774],[2.6958,43.6705],[2.6912,43.6672],[2.6944,43.6628],[2.6826,43.6624],[2.6822,43.666],[2.6789,43.6686],[2.6733,43.6662],[2.6736,43.6651],[2.6667,43.6666],[2.6678,43.6682],[2.6708,43.6686],[2.6719,43.6707],[2.6642,43.6713],[2.6628,43.6747],[2.665,43.6748],[2.6612,43.6778],[2.6537,43.6768],[2.6508,43.6728],[2.6518,43.6749],[2.6498,43.6764],[2.6508,43.6768],[2.6492,43.6769],[2.6492,43.6786],[2.6464,43.6767],[2.6483,43.6752],[2.647,43.6739],[2.6516,43.672],[2.6522,43.6671],[2.6508,43.6672],[2.6504,43.6658],[2.6472,43.6664],[2.6396,43.6625],[2.6418,43.668],[2.6414,43.6728],[2.6351,43.665],[2.6289,43.6657],[2.6284,43.6641],[2.6219,43.6676],[2.6237,43.6704],[2.6216,43.6727],[2.6236,43.6735],[2.624,43.6776],[2.6147,43.6825],[2.6161,43.6852],[2.6148,43.6893]]]}},{"type":"Feature","properties":{"id":"F17839C","nom":"Forêt communale de Cambounès","dep":"81","dom":false,"essence":"feuillu","substrat":"acide","elev":564,"slopeDeg":11,"aspect":296},"geometry":{"type":"MultiPolygon","coordinates":[[[[2.4283,43.5729],[2.4313,43.5744],[2.4303,43.5753],[2.4332,43.5749],[2.4415,43.5715],[2.4419,43.5701],[2.4374,43.5695],[2.4335,43.5729],[2.4289,43.5718],[2.4284,43.57],[2.4259,43.5694],[2.4259,43.5719],[2.4275,43.5725],[2.4265,43.5731],[2.4283,43.5729]]],[[[2.4602,43.5765],[2.4556,43.5758],[2.4549,43.5773],[2.4568,43.5772],[2.4544,43.581],[2.4602,43.5815],[2.4659,43.5796],[2.4602,43.5765]]],[[[2.4425,43.5822],[2.4442,43.5816],[2.4451,43.5754],[2.4518,43.5733],[2.4493,43.5722],[2.4429,43.5742],[2.4416,43.5783],[2.4425,43.5822]]],[[[2.4058,43.5814],[2.4051,43.5837],[2.4076,43.5819],[2.4106,43.5821],[2.4123,43.5785],[2.4058,43.5814]]]]}},{"type":"Feature","properties":{"id":"F17845I","nom":"Forêt domaniale de La-Salesse","dep":"81","dom":true,"essence":"conifere","substrat":"acide","elev":1087,"slopeDeg":6,"aspect":267},"geometry":{"type":"Polygon","coordinates":[[[2.857,43.6445],[2.8549,43.6532],[2.8532,43.655],[2.8596,43.6538],[2.8654,43.6611],[2.8707,43.6608],[2.879,43.6573],[2.8735,43.6451],[2.8567,43.6434],[2.857,43.6445]]]}},{"type":"Feature","properties":{"id":"F17848L","nom":"Forêt communale de Tonnac","dep":"81","dom":false,"essence":"feuillu","substrat":"acide","elev":469,"slopeDeg":1.4,"aspect":124},"geometry":{"type":"Polygon","coordinates":[[[1.8425,44.0837],[1.8403,44.0829],[1.8404,44.0802],[1.8381,44.0813],[1.8358,44.0796],[1.8383,44.0778],[1.8378,44.0761],[1.84,44.0758],[1.8406,44.0777],[1.8394,44.0777],[1.8425,44.0791],[1.8441,44.0762],[1.8462,44.0759],[1.8516,44.0794],[1.8537,44.076],[1.8512,44.0743],[1.8529,44.0736],[1.8528,44.0699],[1.8491,44.0701],[1.8501,44.0719],[1.8479,44.0723],[1.8522,44.0761],[1.851,44.0769],[1.8457,44.0726],[1.8395,44.0718],[1.8387,44.075],[1.8365,44.0758],[1.8363,44.0791],[1.835,44.0791],[1.8356,44.0827],[1.8425,44.0837]]]}},{"type":"Feature","properties":{"id":"F17853Q","nom":"Forêt communale indivise d'Espérausses-Berlats","dep":"81","dom":false,"essence":"autre","substrat":"acide","elev":928,"slopeDeg":7.2,"aspect":309},"geometry":{"type":"Polygon","coordinates":[[[2.6076,43.6844],[2.6051,43.6861],[2.6073,43.6878],[2.6067,43.6888],[2.608,43.6896],[2.6097,43.6875],[2.6117,43.6885],[2.6119,43.6861],[2.6094,43.6856],[2.6087,43.6837],[2.6076,43.6844]]]}},{"type":"Feature","properties":{"id":"F17866D","nom":"Forêt communale de Sorèze","dep":"81","dom":false,"essence":"feuillu","substrat":"acide","elev":495,"slopeDeg":7,"aspect":342},"geometry":{"type":"MultiPolygon","coordinates":[[[[2.0776,43.4404],[2.0744,43.4418],[2.0799,43.4443],[2.0815,43.4422],[2.0806,43.441],[2.0865,43.4415],[2.0892,43.4383],[2.0938,43.4384],[2.094,43.44],[2.0978,43.4411],[2.1106,43.4382],[2.1085,43.4367],[2.1038,43.4383],[2.1032,43.4365],[2.1053,43.436],[2.1025,43.4355],[2.1028,43.4342],[2.0932,43.4322],[2.0926,43.4296],[2.0896,43.4277],[2.083,43.4323],[2.0776,43.4404]]],[[[2.0776,43.4495],[2.0767,43.4503],[2.0778,43.4509],[2.0862,43.4464],[2.0818,43.4431],[2.0806,43.4447],[2.0824,43.4455],[2.079,43.4458],[2.0808,43.4467],[2.0785,43.4491],[2.0765,43.4483],[2.0776,43.4495]]]]}},{"type":"Feature","properties":{"id":"F17869G","nom":"Forêt communale de Fontrieu - Castelnau-De-Brassac","dep":"81","dom":false,"essence":"feuillu","substrat":"acide","elev":866,"slopeDeg":10.4,"aspect":290},"geometry":{"type":"MultiPolygon","coordinates":[[[[2.6242,43.677],[2.6236,43.6735],[2.6167,43.671],[2.6123,43.6735],[2.6196,43.6794],[2.6156,43.6796],[2.6104,43.6766],[2.6087,43.6771],[2.605,43.6753],[2.6043,43.6733],[2.5918,43.6722],[2.5935,43.6738],[2.5891,43.6744],[2.5808,43.6719],[2.5753,43.6718],[2.5732,43.6723],[2.5746,43.6725],[2.5744,43.6747],[2.5719,43.6747],[2.5728,43.6757],[2.5771,43.6744],[2.5762,43.6753],[2.5791,43.6775],[2.5783,43.6783],[2.5829,43.6791],[2.5866,43.6764],[2.5899,43.6762],[2.5886,43.6808],[2.5911,43.6806],[2.5918,43.6845],[2.5958,43.6839],[2.5974,43.6861],[2.6011,43.6872],[2.6007,43.6884],[2.6067,43.689],[2.6073,43.6878],[2.6051,43.6861],[2.6084,43.6837],[2.6094,43.6856],[2.6119,43.6861],[2.6128,43.6817],[2.6147,43.6825],[2.6242,43.677]]],[[[2.49,43.7002],[2.494,43.7007],[2.4944,43.7018],[2.4971,43.7002],[2.4949,43.6976],[2.4947,43.6929],[2.4925,43.6939],[2.4945,43.696],[2.4932,43.6977],[2.4898,43.6952],[2.4915,43.6948],[2.4908,43.6942],[2.4875,43.6941],[2.4872,43.6962],[2.4833,43.6949],[2.4772,43.6953],[2.4759,43.6947],[2.4766,43.6893],[2.4746,43.6886],[2.4681,43.6911],[2.4615,43.6904],[2.4567,43.6975],[2.4583,43.6987],[2.4573,43.6998],[2.4597,43.6994],[2.4594,43.7029],[2.4618,43.7029],[2.4623,43.7012],[2.4735,43.7043],[2.477,43.7038],[2.474,43.7035],[2.4778,43.7028],[2.4783,43.7004],[2.4817,43.701],[2.4824,43.6996],[2.4847,43.7014],[2.487,43.6998],[2.4874,43.7015],[2.49,43.7002]]],[[[2.5447,43.6503],[2.5422,43.6474],[2.5367,43.6449],[2.5315,43.6446],[2.5306,43.6456],[2.5363,43.6495],[2.5388,43.649],[2.5373,43.6511],[2.5408,43.656],[2.5392,43.6577],[2.5441,43.6568],[2.545,43.6589],[2.5429,43.6596],[2.5503,43.66],[2.5532,43.6615],[2.552,43.6626],[2.5537,43.664],[2.56,43.6638],[2.5624,43.6655],[2.5615,43.6666],[2.5665,43.6669],[2.5647,43.6665],[2.5607,43.6605],[2.5573,43.6593],[2.5579,43.6567],[2.5562,43.6581],[2.5577,43.6616],[2.5533,43.6612],[2.5501,43.6578],[2.5521,43.6574],[2.5518,43.6562],[2.5463,43.6541],[2.5447,43.6503]]],[[[2.5477,43.6106],[2.5491,43.6151],[2.5469,43.614],[2.5441,43.6153],[2.5436,43.6184],[2.5452,43.6222],[2.5497,43.6217],[2.5486,43.6236],[2.5496,43.6244],[2.5528,43.624],[2.5515,43.6206],[2.5525,43.6188],[2.5558,43.6182],[2.5552,43.617],[2.557,43.618],[2.5627,43.6155],[2.5637,43.6137],[2.5616,43.6091],[2.561,43.6113],[2.5626,43.6133],[2.5608,43.6149],[2.5591,43.6142],[2.5599,43.6098],[2.5571,43.6123],[2.5522,43.6127],[2.5532,43.6116],[2.5492,43.6098],[2.5477,43.6106]]],[[[2.5427,43.608],[2.5394,43.6073],[2.5435,43.6042],[2.5471,43.6054],[2.5507,43.6029],[2.5444,43.6031],[2.5407,43.6016],[2.5403,43.6051],[2.5383,43.6049],[2.5372,43.6073],[2.5402,43.6095],[2.5386,43.6099],[2.5395,43.6113],[2.5436,43.61],[2.5425,43.6095],[2.5431,43.6086],[2.5415,43.6088],[2.5427,43.608]]],[[[2.5433,43.6782],[2.5442,43.6775],[2.5351,43.6752],[2.5339,43.6755],[2.5358,43.6771],[2.5358,43.6792],[2.5311,43.6779],[2.5346,43.6792],[2.532,43.68],[2.537,43.6808],[2.5433,43.6782]]],[[[2.5166,43.6366],[2.5161,43.6387],[2.5188,43.6398],[2.5243,43.6398],[2.5268,43.6381],[2.521,43.635],[2.5165,43.6357],[2.5166,43.6366]]],[[[2.5711,43.6152],[2.5683,43.6157],[2.5705,43.6197],[2.5721,43.6188],[2.5719,43.6156],[2.5733,43.6151],[2.5711,43.6152]]],[[[2.5472,43.6475],[2.5484,43.6517],[2.5501,43.6515],[2.548,43.6474],[2.5448,43.6458],[2.5472,43.6475]]]]}},{"type":"Feature","properties":{"id":"F17879Q","nom":"Forêt communale de Murat-Sur-Vèbre","dep":"81","dom":false,"essence":"feuillu","substrat":"acide","elev":885,"slopeDeg":3,"aspect":161},"geometry":{"type":"MultiPolygon","coordinates":[[[[2.8573,43.6759],[2.86,43.678],[2.8607,43.6752],[2.8668,43.6753],[2.8676,43.6767],[2.8733,43.6747],[2.8777,43.6719],[2.8773,43.6668],[2.8728,43.6659],[2.8714,43.662],[2.8607,43.662],[2.864,43.6638],[2.8579,43.664],[2.8578,43.6655],[2.8527,43.6687],[2.8562,43.67],[2.8547,43.6708],[2.8549,43.674],[2.8573,43.6759]]],[[[2.9277,43.6932],[2.9249,43.6929],[2.9226,43.6948],[2.919,43.6951],[2.9088,43.6917],[2.9082,43.6902],[2.9077,43.6918],[2.9097,43.6931],[2.8997,43.693],[2.9026,43.6962],[2.9024,43.6999],[2.9062,43.7014],[2.907,43.7037],[2.9138,43.6984],[2.9135,43.7048],[2.9155,43.7058],[2.9181,43.7046],[2.9204,43.7061],[2.9239,43.7027],[2.9236,43.7014],[2.9256,43.7009],[2.9255,43.6972],[2.9275,43.6967],[2.9277,43.6932]]],[[[2.8027,43.7041],[2.8076,43.7056],[2.8078,43.7022],[2.8094,43.7025],[2.8102,43.7],[2.8122,43.702],[2.8163,43.7],[2.8163,43.6983],[2.8069,43.6991],[2.8063,43.7012],[2.8023,43.7029],[2.8027,43.7041]]],[[[2.9147,43.7371],[2.9048,43.736],[2.8989,43.7378],[2.9122,43.7407],[2.916,43.7372],[2.9147,43.7371]]],[[[2.8843,43.7087],[2.8867,43.7102],[2.886,43.7108],[2.8897,43.7114],[2.8924,43.7096],[2.8896,43.7069],[2.8797,43.7033],[2.8843,43.7087]]],[[[2.8168,43.6885],[2.8148,43.6905],[2.8151,43.6923],[2.818,43.6927],[2.8168,43.6885]]]]}},{"type":"Feature","properties":{"id":"F17870H","nom":"Forêt communale d'Espérausses","dep":"81","dom":false,"essence":"conifere","substrat":"acide","elev":654,"slopeDeg":4.7,"aspect":141},"geometry":{"type":"MultiPolygon","coordinates":[[[[2.5354,43.6845],[2.5359,43.6857],[2.5384,43.6805],[2.5353,43.6804],[2.5305,43.6843],[2.5335,43.6833],[2.5354,43.6845]]],[[[2.5086,43.6985],[2.5065,43.6977],[2.5058,43.7012],[2.5111,43.6978],[2.5086,43.6985]]],[[[2.5024,43.7021],[2.5063,43.7026],[2.5028,43.7001],[2.5024,43.7021]]],[[[2.5202,43.6975],[2.5217,43.6982],[2.5236,43.6962],[2.5217,43.6957],[2.5202,43.6975]]]]}},{"type":"Feature","properties":{"id":"F17871I","nom":"Forêt communale d'Aiguefonde","dep":"81","dom":false,"essence":"conifere","substrat":"acide","elev":703,"slopeDeg":7.1,"aspect":353},"geometry":{"type":"MultiPolygon","coordinates":[[[[2.3176,43.4813],[2.3171,43.4836],[2.3151,43.4821],[2.3149,43.4851],[2.3125,43.4844],[2.3077,43.4882],[2.3112,43.4913],[2.3096,43.4928],[2.3106,43.4938],[2.3124,43.4896],[2.3138,43.4898],[2.3129,43.4886],[2.3153,43.4872],[2.3209,43.4885],[2.3195,43.4852],[2.3228,43.4826],[2.3186,43.483],[2.3176,43.4813]]],[[[2.3025,43.4732],[2.3014,43.4741],[2.3022,43.4776],[2.3003,43.4796],[2.3009,43.4836],[2.3073,43.4817],[2.3018,43.4801],[2.3024,43.4777],[2.3038,43.4775],[2.3032,43.474],[2.3047,43.473],[2.3025,43.4732]]]]}},{"type":"Feature","properties":{"id":"F17873K","nom":"Forêt communale de Senaux","dep":"81","dom":false,"essence":"mixte","substrat":"acide","elev":757,"slopeDeg":6.3,"aspect":238},"geometry":{"type":"Polygon","coordinates":[[[2.6122,43.7621],[2.6098,43.7616],[2.6072,43.7629],[2.6063,43.7623],[2.6073,43.7614],[2.6048,43.763],[2.6068,43.7632],[2.6064,43.7645],[2.6082,43.7659],[2.6145,43.7653],[2.6122,43.7621]]]}},{"type":"Feature","properties":{"id":"F17874L","nom":"Forêt communale de Gijounet","dep":"81","dom":false,"essence":"feuillu","substrat":"acide","elev":727,"slopeDeg":11.5,"aspect":59},"geometry":{"type":"MultiPolygon","coordinates":[[[[2.6095,43.7105],[2.6093,43.7116],[2.6117,43.712],[2.6134,43.7094],[2.6146,43.7097],[2.6142,43.7067],[2.6131,43.7067],[2.6145,43.7051],[2.612,43.7024],[2.6128,43.7005],[2.6155,43.6999],[2.6134,43.6962],[2.6112,43.6965],[2.6096,43.6994],[2.6057,43.6988],[2.6052,43.7],[2.6037,43.6998],[2.6042,43.6963],[2.6032,43.6985],[2.6006,43.6991],[2.5984,43.6987],[2.5998,43.6978],[2.5945,43.6971],[2.5932,43.6982],[2.5921,43.6972],[2.5864,43.6982],[2.5813,43.6974],[2.59,43.6998],[2.5837,43.7063],[2.5848,43.7082],[2.5894,43.7104],[2.5929,43.7096],[2.5934,43.708],[2.5987,43.7081],[2.6009,43.7054],[2.6044,43.7048],[2.6044,43.7076],[2.6009,43.7082],[2.6017,43.7107],[2.603,43.708],[2.605,43.7109],[2.6045,43.713],[2.6074,43.7128],[2.6061,43.7117],[2.6085,43.712],[2.608,43.7109],[2.6095,43.7105]]],[[[2.617,43.7176],[2.6234,43.7166],[2.6244,43.718],[2.6231,43.7191],[2.6245,43.7181],[2.6253,43.7205],[2.6312,43.7226],[2.6399,43.7216],[2.6436,43.7197],[2.6397,43.7174],[2.6412,43.7162],[2.6397,43.7144],[2.6322,43.7149],[2.6249,43.7119],[2.623,43.7129],[2.6232,43.7151],[2.6251,43.7143],[2.6236,43.7163],[2.617,43.7176]]],[[[2.6152,43.6946],[2.6145,43.6958],[2.6162,43.6969],[2.6201,43.6938],[2.6147,43.6906],[2.6138,43.689],[2.616,43.6841],[2.6128,43.6817],[2.6117,43.6885],[2.6126,43.6899],[2.61,43.6929],[2.6127,43.6948],[2.6152,43.6946]]],[[[2.5919,43.6933],[2.5923,43.6952],[2.5943,43.6945],[2.5921,43.689],[2.5822,43.6923],[2.5852,43.6928],[2.5857,43.6938],[2.5844,43.6947],[2.5865,43.695],[2.5853,43.6927],[2.5863,43.6917],[2.5917,43.6919],[2.5919,43.6933]]],[[[2.6151,43.7242],[2.6115,43.7252],[2.6121,43.7276],[2.6211,43.7268],[2.6197,43.7252],[2.6183,43.7261],[2.6151,43.7242]]],[[[2.6038,43.7175],[2.6066,43.7189],[2.6069,43.7173],[2.6104,43.7166],[2.6071,43.7159],[2.6038,43.7175]]],[[[2.6283,43.7091],[2.6293,43.7078],[2.6269,43.7062],[2.625,43.708],[2.6283,43.7091]]],[[[2.6178,43.708],[2.6165,43.7107],[2.619,43.7098],[2.6189,43.708],[2.6178,43.708]]]]}},{"type":"Feature","properties":{"id":"F17882T","nom":"Forêt communale de Fontrieu - Le Margnès","dep":"81","dom":false,"essence":"conifere","substrat":"acide","elev":928,"slopeDeg":5.8,"aspect":249},"geometry":{"type":"MultiPolygon","coordinates":[[[[2.5841,43.6688],[2.5796,43.6662],[2.5784,43.6677],[2.5828,43.6691],[2.5845,43.6711],[2.5932,43.6723],[2.5958,43.671],[2.5958,43.6696],[2.5932,43.6685],[2.5841,43.6688]]],[[[2.6144,43.6508],[2.6153,43.6537],[2.6174,43.655],[2.6135,43.6563],[2.6138,43.6573],[2.621,43.6603],[2.6215,43.6583],[2.6169,43.6524],[2.6181,43.6518],[2.6137,43.6494],[2.616,43.6462],[2.6118,43.6464],[2.6144,43.6508]]],[[[2.5817,43.6569],[2.5799,43.6582],[2.5742,43.6557],[2.5728,43.6594],[2.5798,43.6607],[2.5817,43.6569]]],[[[2.5882,43.6458],[2.5898,43.6449],[2.5882,43.6436],[2.5805,43.6431],[2.58,43.6398],[2.5765,43.642],[2.5857,43.6469],[2.5894,43.646],[2.5882,43.6458]]],[[[2.6238,43.6617],[2.623,43.6632],[2.6246,43.6648],[2.6242,43.6664],[2.6319,43.6623],[2.629,43.661],[2.6247,43.6628],[2.6238,43.6617]]],[[[2.59,43.6505],[2.588,43.6497],[2.5887,43.651],[2.587,43.6522],[2.5964,43.6526],[2.5926,43.6493],[2.5894,43.6495],[2.59,43.6505]]],[[[2.6017,43.6574],[2.6038,43.6585],[2.6073,43.6565],[2.6004,43.6544],[2.5997,43.6557],[2.6017,43.6574]]]]}},{"type":"Feature","properties":{"id":"F17902N","nom":"Forêt communale de Labruguière","dep":"81","dom":false,"essence":"conifere","substrat":"acide","elev":841,"slopeDeg":9.6,"aspect":343},"geometry":{"type":"Polygon","coordinates":[[[2.2595,43.466],[2.2573,43.4678],[2.253,43.4775],[2.2519,43.4859],[2.2484,43.49],[2.2585,43.4904],[2.2632,43.4934],[2.2714,43.4943],[2.2937,43.4871],[2.3005,43.4837],[2.3013,43.4818],[2.3003,43.4796],[2.3022,43.4776],[2.3014,43.4742],[2.3032,43.4616],[2.2987,43.454],[2.3,43.4467],[2.2947,43.4444],[2.2858,43.4441],[2.2819,43.4411],[2.2669,43.4518],[2.2618,43.4595],[2.2583,43.46],[2.2605,43.4639],[2.2595,43.466]]]}},{"type":"Feature","properties":{"id":"F17889A","nom":"Forêt communale de Rouairoux","dep":"81","dom":false,"essence":"feuillu","substrat":"acide","elev":764,"slopeDeg":9.2,"aspect":252},"geometry":{"type":"MultiPolygon","coordinates":[[[[2.5783,43.4994],[2.5862,43.5002],[2.5869,43.4982],[2.5802,43.4963],[2.575,43.4924],[2.5779,43.4954],[2.5755,43.4958],[2.5783,43.4994]]],[[[2.5975,43.5053],[2.6026,43.5088],[2.6025,43.506],[2.5985,43.5037],[2.5975,43.5053]]]]}},{"type":"Feature","properties":{"id":"F17915A","nom":"Forêt communale de Le-Bez","dep":"81","dom":false,"essence":"feuillu","substrat":"acide","elev":605,"slopeDeg":2.9,"aspect":342},"geometry":{"type":"MultiPolygon","coordinates":[[[[2.43,43.6569],[2.4367,43.6522],[2.4348,43.6507],[2.4324,43.6513],[2.4286,43.6561],[2.4294,43.657],[2.4232,43.6592],[2.4185,43.6624],[2.4176,43.665],[2.4254,43.6645],[2.4253,43.6624],[2.4302,43.6612],[2.43,43.6569]]],[[[2.4277,43.6443],[2.4295,43.6411],[2.4266,43.6407],[2.4284,43.6386],[2.4268,43.6355],[2.4253,43.6362],[2.4256,43.6349],[2.4244,43.6393],[2.4217,43.6401],[2.4212,43.6427],[2.4249,43.6417],[2.4219,43.6446],[2.4207,43.6442],[2.4209,43.6485],[2.4255,43.6483],[2.4227,43.6455],[2.4277,43.6443]]],[[[2.4794,43.6052],[2.4861,43.6039],[2.4828,43.6021],[2.4819,43.599],[2.4792,43.5987],[2.4758,43.6014],[2.478,43.604],[2.4799,43.6006],[2.4794,43.6052]]],[[[2.4632,43.6341],[2.466,43.6328],[2.4576,43.6318],[2.456,43.6346],[2.4601,43.6356],[2.4632,43.6341]]],[[[2.4832,43.579],[2.4839,43.5802],[2.4879,43.5794],[2.4855,43.576],[2.4832,43.579]]],[[[2.4661,43.6023],[2.4686,43.6016],[2.4624,43.5999],[2.4661,43.6023]]],[[[2.4732,43.597],[2.4752,43.5966],[2.4755,43.5949],[2.4715,43.5955],[2.4732,43.597]]],[[[2.477,43.5991],[2.4731,43.5995],[2.4729,43.6007],[2.4757,43.6011],[2.477,43.5991]]]]}},{"type":"Feature","properties":{"id":"F17916B","nom":"Forêt communale de Saint-Amans-Soult","dep":"81","dom":false,"essence":"feuillu","substrat":"acide","elev":668,"slopeDeg":12.7,"aspect":2},"geometry":{"type":"Polygon","coordinates":[[[2.5031,43.446],[2.4879,43.4504],[2.4642,43.4618],[2.4656,43.4646],[2.4631,43.4686],[2.438,43.4732],[2.4435,43.481],[2.4441,43.4784],[2.4457,43.4801],[2.4504,43.4801],[2.4523,43.4782],[2.4587,43.4764],[2.4679,43.4749],[2.4696,43.4759],[2.468,43.4738],[2.4707,43.4726],[2.4709,43.4693],[2.4724,43.4708],[2.4806,43.4698],[2.483,43.4671],[2.478,43.4638],[2.4791,43.4627],[2.4775,43.4611],[2.4807,43.4589],[2.487,43.4595],[2.4856,43.462],[2.491,43.4648],[2.4956,43.4642],[2.491,43.4606],[2.494,43.458],[2.4921,43.4567],[2.4951,43.4582],[2.4965,43.4561],[2.4975,43.4586],[2.5003,43.459],[2.502,43.4609],[2.504,43.4598],[2.5062,43.4608],[2.5071,43.4594],[2.5075,43.4624],[2.5099,43.4596],[2.5108,43.4615],[2.5095,43.4619],[2.5121,43.4639],[2.5134,43.4617],[2.5157,43.4618],[2.5171,43.4598],[2.5164,43.4579],[2.5149,43.4569],[2.5104,43.4587],[2.5038,43.4505],[2.5044,43.4469],[2.5031,43.446]]]}},{"type":"Feature","properties":{"id":"F31126D","nom":"Forêt communale du Sequestre","dep":"81","dom":false,"essence":"autre","substrat":"neutre","elev":246,"slopeDeg":1.5,"aspect":282},"geometry":{"type":"Polygon","coordinates":[[[2.1114,43.9039],[2.1135,43.904],[2.1128,43.905],[2.1151,43.9061],[2.1184,43.9033],[2.123,43.903],[2.1237,43.901],[2.1172,43.9034],[2.117,43.9019],[2.114,43.9012],[2.1104,43.9035],[2.1114,43.9039]]]}}]}