{"type":"FeatureCollection","features":[{"type":"Feature","properties":{"id":"F19566N","nom":"Forêt domaniale de Mazan","dep":"07","essence":"conifere"},"geometry":{"type":"MultiPolygon","coordinates":[[[[4.0342,44.7193],[4.0348,44.7205],[4.0373,44.7176],[4.045,44.7201],[4.0431,44.7258],[4.045,44.728],[4.0479,44.7283],[4.0486,44.7317],[4.0509,44.7326],[4.0525,44.73],[4.0576,44.7297],[4.0592,44.7321],[4.0631,44.7326],[4.0637,44.7292],[4.0621,44.7283],[4.0621,44.7249],[4.0603,44.724],[4.0621,44.7213],[4.0673,44.7207],[4.0618,44.7191],[4.0623,44.7127],[4.0656,44.7114],[4.069,44.714],[4.0721,44.7138],[4.0702,44.7168],[4.0709,44.7203],[4.0658,44.722],[4.0636,44.7244],[4.0661,44.7265],[4.0667,44.7293],[4.0718,44.7268],[4.0748,44.7279],[4.0797,44.7271],[4.0813,44.7241],[4.0871,44.7257],[4.0876,44.7244],[4.0904,44.7244],[4.0902,44.7263],[4.0932,44.726],[4.0955,44.7248],[4.0923,44.7238],[4.0919,44.7206],[4.0945,44.7188],[4.0934,44.7139],[4.092,44.7122],[4.0871,44.7117],[4.085,44.7128],[4.084,44.7097],[4.085,44.7066],[4.0917,44.7036],[4.0895,44.7011],[4.0937,44.6989],[4.0951,44.7036],[4.0984,44.7038],[4.0991,44.705],[4.1037,44.7042],[4.1015,44.7],[4.1026,44.6982],[4.0971,44.6948],[4.0888,44.6976],[4.08,44.6977],[4.0827,44.7013],[4.0785,44.704],[4.0643,44.6972],[4.0557,44.6994],[4.0545,44.7032],[4.0509,44.7065],[4.0536,44.7077],[4.0524,44.7113],[4.0474,44.7095],[4.0419,44.715],[4.0346,44.7168],[4.0365,44.7173],[4.036,44.719],[4.0342,44.7193]]],[[[4.0709,44.7394],[4.0651,44.7416],[4.0684,44.7451],[4.0727,44.7436],[4.0736,44.7466],[4.0766,44.7399],[4.075,44.7385],[4.0709,44.7394]]],[[[4.1543,44.7515],[4.1515,44.7533],[4.1526,44.7539],[4.1507,44.7589],[4.1567,44.7607],[4.1528,44.754],[4.1575,44.7526],[4.1609,44.7534],[4.1622,44.7499],[4.1542,44.7503],[4.1543,44.7515]]],[[[4.1007,44.7353],[4.1034,44.7387],[4.1079,44.739],[4.1058,44.7351],[4.1022,44.734],[4.1007,44.7353]]],[[[4.0728,44.7313],[4.067,44.7308],[4.0672,44.7322],[4.0728,44.7313]]]]}},{"type":"Feature","properties":{"id":"F19558F","nom":"Forêt domaniale de Pradou","dep":"07","essence":"conifere"},"geometry":{"type":"MultiPolygon","coordinates":[[[[4.3732,44.767],[4.3727,44.7688],[4.3754,44.7694],[4.3821,44.7681],[4.3792,44.7639],[4.3801,44.7586],[4.3768,44.7598],[4.372,44.7652],[4.3706,44.7615],[4.368,44.7623],[4.3678,44.7643],[4.3662,44.7618],[4.3666,44.766],[4.3648,44.7674],[4.3674,44.7702],[4.3663,44.77],[4.367,44.771],[4.366,44.7715],[4.3642,44.7715],[4.3638,44.765],[4.3612,44.7639],[4.3581,44.7653],[4.3588,44.7633],[4.357,44.7626],[4.3579,44.7613],[4.3565,44.7598],[4.3537,44.7602],[4.3528,44.7621],[4.3499,44.7632],[4.3524,44.7649],[4.3498,44.7645],[4.347,44.7673],[4.3436,44.7675],[4.3432,44.7725],[4.3451,44.7726],[4.3438,44.7731],[4.3444,44.7748],[4.3488,44.7791],[4.3473,44.7807],[4.3609,44.7809],[4.3655,44.7834],[4.3701,44.7797],[4.3755,44.7804],[4.3749,44.7772],[4.3723,44.7764],[4.3752,44.7718],[4.3712,44.772],[4.3692,44.7674],[4.3732,44.7659],[4.3732,44.767]]],[[[4.3848,44.7745],[4.3827,44.7784],[4.3863,44.7804],[4.3842,44.7851],[4.3903,44.7848],[4.3935,44.788],[4.3935,44.7853],[4.4007,44.7819],[4.3947,44.7832],[4.3901,44.7811],[4.388,44.78],[4.391,44.7765],[4.3886,44.7728],[4.3854,44.773],[4.3848,44.7745]]],[[[4.3544,44.7592],[4.3558,44.7575],[4.3502,44.7575],[4.3544,44.7592]]],[[[4.3924,44.7907],[4.3967,44.7913],[4.3932,44.7888],[4.392,44.7893],[4.3924,44.7907]]]]}},{"type":"Feature","properties":{"id":"F19307O","nom":"Forêt domaniale de Riouclaret","dep":"07","essence":"autre"},"geometry":{"type":"Polygon","coordinates":[[[4.013,44.7058],[4.0128,44.708],[4.0162,44.7139],[4.0203,44.7133],[4.0226,44.7109],[4.0316,44.7085],[4.0333,44.7068],[4.0441,44.7052],[4.0501,44.7015],[4.0494,44.7004],[4.0394,44.7038],[4.0238,44.7028],[4.013,44.7058]]]}},{"type":"Feature","properties":{"id":"F19301I","nom":"Forêt domaniale de Chap-Del-Bos","dep":"07","essence":"conifere"},"geometry":{"type":"Polygon","coordinates":[[[4.0063,44.5783],[4.0018,44.5861],[4.0001,44.5867],[3.9997,44.5846],[4.0028,44.5812],[4.0022,44.5728],[4.0031,44.5744],[4.0045,44.5719],[4.0037,44.5651],[4.0012,44.5633],[3.9946,44.5661],[3.993,44.5695],[3.9942,44.5701],[3.9934,44.5736],[3.9968,44.5778],[3.9967,44.5794],[4.0007,44.5826],[3.9999,44.5837],[3.9932,44.5819],[3.9866,44.5821],[3.9817,44.5937],[3.9878,44.5916],[3.9874,44.5938],[3.993,44.5909],[3.9953,44.593],[3.9972,44.5908],[4.0056,44.588],[4.0092,44.5923],[4.0114,44.592],[4.0141,44.5905],[4.0138,44.5888],[4.0156,44.587],[4.0192,44.5876],[4.0225,44.5846],[4.016,44.5789],[4.016,44.577],[4.0213,44.5731],[4.0141,44.5678],[4.0157,44.5657],[4.0113,44.5725],[4.0075,44.5745],[4.0063,44.5783]]]}},{"type":"Feature","properties":{"id":"F19330L","nom":"Forêt domaniale de Berg","dep":"07","essence":"mixte"},"geometry":{"type":"MultiPolygon","coordinates":[[[[4.5498,44.525],[4.5523,44.524],[4.5512,44.5204],[4.5532,44.5197],[4.5551,44.516],[4.5571,44.5172],[4.5549,44.5233],[4.5592,44.5248],[4.5572,44.5172],[4.5655,44.516],[4.5644,44.5154],[4.5657,44.5116],[4.5633,44.5121],[4.5642,44.5099],[4.5632,44.5094],[4.5552,44.5099],[4.554,44.5132],[4.5519,44.5122],[4.5496,44.5139],[4.5461,44.5092],[4.5484,44.5069],[4.5442,44.5055],[4.5383,44.5099],[4.5369,44.5121],[4.5405,44.5124],[4.542,44.5148],[4.5445,44.5142],[4.5434,44.5121],[4.5451,44.5109],[4.5493,44.514],[4.5449,44.5161],[4.5492,44.5166],[4.5472,44.5203],[4.5498,44.5214],[4.543,44.5231],[4.5498,44.525]]],[[[4.5601,44.5457],[4.5614,44.5406],[4.5584,44.5371],[4.5562,44.5377],[4.5535,44.5473],[4.555,44.5474],[4.5528,44.5518],[4.5588,44.5532],[4.5574,44.5522],[4.5599,44.5522],[4.5579,44.5513],[4.5583,44.5502],[4.5605,44.5515],[4.5638,44.5511],[4.5605,44.5512],[4.5553,44.5471],[4.5601,44.5457]]],[[[4.509,44.5445],[4.5033,44.5444],[4.5047,44.5468],[4.5078,44.5456],[4.5079,44.5473],[4.5091,44.5471],[4.5073,44.5502],[4.51,44.5516],[4.5125,44.5518],[4.5145,44.5494],[4.5125,44.5486],[4.5172,44.5473],[4.5155,44.5476],[4.5156,44.5456],[4.5172,44.5449],[4.5155,44.5447],[4.5164,44.5442],[4.5146,44.5427],[4.5105,44.5429],[4.509,44.5445]]],[[[4.5677,44.5583],[4.5677,44.5573],[4.5641,44.5583],[4.5641,44.5602],[4.5666,44.5597],[4.57,44.5615],[4.5748,44.5603],[4.5716,44.56],[4.5724,44.5579],[4.5677,44.5583]]],[[[4.5682,44.5711],[4.5635,44.57],[4.5694,44.5739],[4.5727,44.5739],[4.5713,44.572],[4.5682,44.5711]]],[[[4.5628,44.554],[4.5607,44.5554],[4.5637,44.5562],[4.5646,44.5547],[4.5628,44.554]]],[[[4.5588,44.5263],[4.5588,44.5273],[4.5619,44.5254],[4.5592,44.5252],[4.5588,44.5263]]]]}},{"type":"Feature","properties":{"id":"F19354J","nom":"Forêt domaniale de Saint-André-Lachamp","dep":"07","essence":"feuillu"},"geometry":{"type":"MultiPolygon","coordinates":[[[[4.1661,44.5189],[4.1672,44.5161],[4.1684,44.5162],[4.1674,44.5153],[4.1665,44.5165],[4.1662,44.5153],[4.1667,44.5077],[4.1619,44.5072],[4.1622,44.5103],[4.1601,44.5068],[4.1622,44.5145],[4.1646,44.5144],[4.166,44.5117],[4.1633,44.5166],[4.1614,44.5133],[4.1601,44.5134],[4.1607,44.5105],[4.1562,44.5094],[4.1516,44.5104],[4.1552,44.5098],[4.1536,44.5122],[4.1517,44.5121],[4.1526,44.5145],[4.1565,44.5124],[4.153,44.5158],[4.1564,44.5151],[4.1537,44.5169],[4.1552,44.5191],[4.1574,44.5169],[4.1604,44.5179],[4.1607,44.5196],[4.1607,44.5179],[4.1627,44.5173],[4.1656,44.5189],[4.1664,44.5174],[4.1661,44.5189]]],[[[4.1726,44.5102],[4.1731,44.5083],[4.1727,44.5098],[4.1714,44.508],[4.1701,44.5093],[4.1687,44.5135],[4.1705,44.5153],[4.1696,44.5183],[4.1679,44.5187],[4.1716,44.5191],[4.1697,44.518],[4.1712,44.5165],[4.1734,44.5182],[4.1729,44.5157],[4.1739,44.5182],[4.1783,44.5199],[4.1769,44.5213],[4.1788,44.5216],[4.1806,44.5195],[4.1802,44.5183],[4.1785,44.519],[4.1784,44.5146],[4.1772,44.5154],[4.1713,44.5135],[4.1704,44.5117],[4.1726,44.5102]]],[[[4.1747,44.5132],[4.1756,44.5122],[4.1729,44.5109],[4.1722,44.5119],[4.1747,44.5132]]]]}},{"type":"Feature","properties":{"id":"F19494T","nom":"Forêt domaniale de Lavillatte","dep":"07","essence":"conifere"},"geometry":{"type":"MultiPolygon","coordinates":[[[[3.9281,44.7389],[3.9288,44.7402],[3.9346,44.7412],[3.9358,44.7393],[3.9501,44.738],[3.9535,44.7391],[3.9596,44.7375],[3.96,44.7307],[3.9584,44.7297],[3.9491,44.7325],[3.9469,44.7308],[3.9427,44.7306],[3.935,44.7337],[3.9281,44.7389]]],[[[3.9793,44.6781],[3.9772,44.6788],[3.9784,44.6803],[3.9732,44.689],[3.971,44.6897],[3.9759,44.6903],[3.9756,44.6926],[3.9821,44.6902],[3.981,44.6853],[3.982,44.6824],[3.993,44.6749],[3.9903,44.6731],[3.9834,44.6742],[3.9793,44.6755],[3.9793,44.6781]]],[[[3.9585,44.7121],[3.9636,44.7129],[3.9659,44.7154],[3.9745,44.7103],[3.9762,44.7076],[3.9637,44.703],[3.9585,44.7121]]]]}},{"type":"Feature","properties":{"id":"F19362R","nom":"Forêt domaniale de Pratauberat","dep":"07","essence":"feuillu"},"geometry":{"type":"MultiPolygon","coordinates":[[[[4.0492,44.5857],[4.0524,44.589],[4.0485,44.5911],[4.0534,44.5911],[4.0541,44.5885],[4.0548,44.5906],[4.0594,44.5926],[4.063,44.59],[4.0572,44.591],[4.0562,44.5858],[4.0537,44.5839],[4.0565,44.5833],[4.057,44.5809],[4.0612,44.5843],[4.0654,44.584],[4.0688,44.5804],[4.0721,44.5822],[4.0795,44.5814],[4.0725,44.5731],[4.0757,44.568],[4.0749,44.5667],[4.0727,44.5655],[4.0712,44.5685],[4.0681,44.5696],[4.0655,44.568],[4.0655,44.5644],[4.0642,44.5631],[4.0608,44.57],[4.0517,44.57],[4.0531,44.5733],[4.0507,44.575],[4.0477,44.5748],[4.0458,44.572],[4.0473,44.575],[4.0403,44.5761],[4.0384,44.5756],[4.0395,44.5714],[4.0349,44.5727],[4.0373,44.5759],[4.0345,44.5791],[4.0403,44.5797],[4.0382,44.5832],[4.0363,44.5811],[4.0311,44.5833],[4.0303,44.581],[4.027,44.58],[4.024,44.5822],[4.0275,44.5819],[4.0316,44.5841],[4.0354,44.5835],[4.0395,44.5848],[4.0388,44.5862],[4.0421,44.585],[4.0447,44.5873],[4.0448,44.5905],[4.0459,44.5899],[4.0458,44.586],[4.0427,44.5838],[4.0425,44.5813],[4.0495,44.5807],[4.0508,44.583],[4.0491,44.5842],[4.0518,44.5877],[4.0537,44.5875],[4.0517,44.588],[4.0492,44.5857]]],[[[4.0778,44.588],[4.077,44.5896],[4.0671,44.5904],[4.0617,44.5931],[4.0623,44.5969],[4.064,44.5966],[4.0628,44.5943],[4.0669,44.5975],[4.0657,44.5961],[4.0708,44.5948],[4.0701,44.5964],[4.0896,44.5936],[4.0888,44.592],[4.0926,44.5928],[4.0927,44.5943],[4.0912,44.589],[4.0981,44.5891],[4.0974,44.5877],[4.0993,44.5868],[4.0985,44.5846],[4.0957,44.585],[4.0976,44.5841],[4.0959,44.5815],[4.09,44.5862],[4.0834,44.5825],[4.078,44.5858],[4.0778,44.588]]],[[[4.0675,44.5563],[4.0691,44.5542],[4.0674,44.5529],[4.0683,44.5524],[4.0633,44.5518],[4.0629,44.5507],[4.0656,44.5485],[4.0617,44.5475],[4.0593,44.5529],[4.0608,44.552],[4.0624,44.5534],[4.0612,44.5547],[4.0623,44.5576],[4.0604,44.5586],[4.062,44.5576],[4.0608,44.5562],[4.0579,44.5573],[4.0579,44.5636],[4.0599,44.5635],[4.0616,44.5601],[4.0657,44.5598],[4.0637,44.5583],[4.0675,44.5563]]],[[[4.076,44.5165],[4.0823,44.5176],[4.0823,44.5167],[4.084,44.5181],[4.0871,44.5158],[4.0861,44.5147],[4.084,44.5179],[4.0834,44.514],[4.0866,44.5125],[4.0953,44.5156],[4.0959,44.5134],[4.0931,44.5126],[4.0934,44.5114],[4.0856,44.5094],[4.0854,44.5113],[4.0828,44.5109],[4.0779,44.5136],[4.076,44.5165]]],[[[4.1131,44.5808],[4.1175,44.5796],[4.1154,44.5768],[4.1036,44.5823],[4.1045,44.5868],[4.1085,44.5869],[4.1097,44.5825],[4.112,44.5823],[4.1115,44.581],[4.1136,44.5816],[4.1131,44.5808]]],[[[4.0296,44.584],[4.026,44.5844],[4.0303,44.588],[4.0328,44.593],[4.038,44.5928],[4.0351,44.5855],[4.0296,44.584]]],[[[4.0902,44.5734],[4.0905,44.5723],[4.0881,44.576],[4.0894,44.5783],[4.087,44.5815],[4.0909,44.5812],[4.0886,44.5826],[4.0903,44.5832],[4.0952,44.5786],[4.093,44.5777],[4.0946,44.5742],[4.092,44.5751],[4.0902,44.5734]]],[[[4.0941,44.56],[4.0982,44.5607],[4.0927,44.556],[4.0874,44.5539],[4.0901,44.5562],[4.0896,44.5573],[4.083,44.5609],[4.0911,44.5625],[4.0897,44.5573],[4.0941,44.56]]],[[[4.0432,44.5708],[4.0399,44.5678],[4.0323,44.5684],[4.0322,44.5702],[4.0344,44.5724],[4.0393,44.571],[4.0396,44.5697],[4.0432,44.5708]]],[[[4.0907,44.5642],[4.0838,44.5619],[4.0825,44.5635],[4.0836,44.5666],[4.0907,44.5642]]],[[[4.0708,44.5161],[4.0678,44.5204],[4.0723,44.5221],[4.0704,44.521],[4.0718,44.5171],[4.0708,44.5161]]],[[[4.0688,44.5247],[4.0699,44.524],[4.0665,44.5222],[4.0652,44.5234],[4.0688,44.5247]]],[[[4.0597,44.569],[4.0597,44.569],[4.0596,44.5689],[4.0594,44.5688],[4.0593,44.5687],[4.0593,44.5687],[4.0591,44.5684],[4.059,44.5683],[4.059,44.5683],[4.059,44.5684],[4.059,44.5684],[4.059,44.5684],[4.0589,44.5685],[4.0588,44.5685],[4.0588,44.5685],[4.0587,44.5685],[4.0587,44.5685],[4.0586,44.5684],[4.0587,44.5683],[4.0542,44.5681],[4.054,44.5683],[4.059,44.5695],[4.0591,44.5693],[4.0591,44.5693],[4.0591,44.5692],[4.0592,44.5692],[4.0593,44.5691],[4.0594,44.5691],[4.0595,44.5691],[4.0596,44.5691],[4.0597,44.569],[4.0597,44.569],[4.0597,44.569]]]]}},{"type":"Feature","properties":{"id":"F19379I","nom":"Forêt domaniale de Pratazanier","dep":"07","essence":"conifere"},"geometry":{"type":"MultiPolygon","coordinates":[[[[3.9807,44.6153],[3.9757,44.6178],[3.9833,44.6191],[3.984,44.6198],[3.9822,44.6219],[3.9779,44.6219],[3.9746,44.6201],[3.9736,44.6219],[3.9754,44.6262],[3.9784,44.6265],[3.9803,44.6285],[3.9821,44.6266],[3.9927,44.6248],[3.9919,44.6173],[3.994,44.6181],[3.9928,44.62],[3.9978,44.6194],[3.9949,44.6177],[3.9956,44.6156],[3.9916,44.6165],[3.9909,44.6143],[3.9882,44.6128],[3.9852,44.6122],[3.9859,44.6144],[3.9807,44.6153]]],[[[4.023,44.6185],[4.0214,44.6178],[4.0211,44.6205],[4.018,44.6222],[4.0196,44.623],[4.0166,44.6252],[4.015,44.6218],[4.0112,44.6224],[4.0122,44.626],[4.0213,44.6238],[4.0249,44.6194],[4.023,44.6185]]],[[[4.0052,44.6183],[4.0033,44.6178],[3.9989,44.6198],[3.9983,44.6221],[4.0012,44.6231],[4.0055,44.62],[4.0052,44.6183]]],[[[4.0207,44.6134],[4.0264,44.6136],[4.0256,44.6118],[4.0233,44.6117],[4.0199,44.6121],[4.0207,44.6134]]]]}},{"type":"Feature","properties":{"id":"F19414R","nom":"Forêt domaniale de Barres","dep":"07","essence":"conifere"},"geometry":{"type":"MultiPolygon","coordinates":[[[[4.723,44.6474],[4.7241,44.65],[4.7324,44.6487],[4.7314,44.643],[4.7255,44.6413],[4.7246,44.6426],[4.7177,44.6413],[4.7173,44.6404],[4.723,44.6367],[4.7132,44.637],[4.7064,44.6351],[4.7036,44.6361],[4.7067,44.6415],[4.7067,44.6497],[4.7094,44.652],[4.7123,44.6523],[4.7111,44.6528],[4.7116,44.6547],[4.7152,44.654],[4.716,44.6565],[4.7186,44.6571],[4.7175,44.6583],[4.7185,44.6623],[4.7211,44.6539],[4.7188,44.6516],[4.7156,44.6512],[4.723,44.6474]]],[[[4.6639,44.5693],[4.6605,44.5701],[4.6629,44.5737],[4.6625,44.5766],[4.6719,44.5788],[4.6802,44.5756],[4.6718,44.5702],[4.6639,44.5693]]],[[[4.7337,44.6583],[4.7322,44.6553],[4.7285,44.654],[4.7304,44.6612],[4.7279,44.6634],[4.7316,44.6677],[4.7369,44.6692],[4.7381,44.6684],[4.7374,44.664],[4.7337,44.6583]]],[[[4.7313,44.6724],[4.7283,44.6722],[4.7297,44.6703],[4.7258,44.6721],[4.7273,44.6774],[4.7312,44.6777],[4.7308,44.676],[4.7322,44.6749],[4.7313,44.6724]]],[[[4.749,44.6996],[4.7482,44.6965],[4.7516,44.6954],[4.7493,44.6928],[4.7446,44.692],[4.7476,44.6949],[4.7451,44.6959],[4.7463,44.6984],[4.7454,44.7006],[4.7486,44.7004],[4.7458,44.7017],[4.7462,44.7026],[4.7492,44.7011],[4.749,44.6996]]],[[[4.727,44.6541],[4.7226,44.6541],[4.7228,44.663],[4.7255,44.6611],[4.7253,44.6568],[4.727,44.6541]]],[[[4.679,44.618],[4.6792,44.616],[4.6741,44.6156],[4.6712,44.6162],[4.6709,44.6174],[4.6725,44.618],[4.67,44.6192],[4.6738,44.6204],[4.6758,44.6183],[4.679,44.618]]],[[[4.7451,44.6758],[4.7469,44.6706],[4.7432,44.6699],[4.7423,44.6723],[4.7435,44.6764],[4.7451,44.6758]]],[[[4.7509,44.6905],[4.7552,44.6887],[4.7492,44.6874],[4.7488,44.6904],[4.7509,44.6905]]],[[[4.676,44.6222],[4.6809,44.6233],[4.6801,44.6202],[4.6767,44.6206],[4.676,44.6222]]],[[[4.7644,44.687],[4.7649,44.6915],[4.7676,44.692],[4.7675,44.6895],[4.7644,44.687]]],[[[4.668,44.5873],[4.6749,44.5885],[4.6768,44.5863],[4.668,44.5873]]]]}},{"type":"Feature","properties":{"id":"F19443U","nom":"Forêt domaniale d'Areilladou","dep":"07","essence":"conifere"},"geometry":{"type":"MultiPolygon","coordinates":[[[[4.3067,44.7991],[4.309,44.7995],[4.3102,44.7966],[4.3045,44.7888],[4.3025,44.7927],[4.2995,44.7936],[4.2967,44.7924],[4.2996,44.791],[4.2997,44.7889],[4.301,44.7891],[4.3003,44.7885],[4.3025,44.7865],[4.2952,44.7917],[4.2941,44.7917],[4.2974,44.7874],[4.2934,44.7866],[4.2898,44.7881],[4.2911,44.7937],[4.2935,44.7943],[4.2907,44.7958],[4.2907,44.7986],[4.3067,44.7991]]],[[[4.2621,44.8019],[4.2652,44.8005],[4.2638,44.7983],[4.2653,44.7955],[4.2585,44.798],[4.2517,44.7963],[4.2532,44.7987],[4.2561,44.7984],[4.2552,44.7998],[4.2565,44.8006],[4.2549,44.8002],[4.2542,44.8038],[4.2576,44.8012],[4.257,44.8005],[4.26,44.8011],[4.2584,44.7991],[4.2591,44.798],[4.2621,44.8019]]],[[[4.2796,44.7979],[4.281,44.7976],[4.2782,44.7959],[4.2772,44.7973],[4.27,44.7956],[4.271,44.7971],[4.2693,44.7973],[4.2711,44.7985],[4.2669,44.8005],[4.2671,44.8021],[4.2704,44.8036],[4.2706,44.8018],[4.2695,44.8017],[4.2709,44.7989],[4.2738,44.8004],[4.2729,44.7996],[4.2743,44.7987],[4.2767,44.7994],[4.2796,44.7979]]]]}},{"type":"Feature","properties":{"id":"F19648R","nom":"Forêt domaniale de Cuminailles","dep":"07","essence":"feuillu"},"geometry":{"type":"MultiPolygon","coordinates":[[[[4.3549,44.8353],[4.3575,44.8343],[4.3577,44.8358],[4.3627,44.8337],[4.3631,44.8346],[4.3635,44.8333],[4.3641,44.8343],[4.3649,44.8309],[4.3581,44.8309],[4.3588,44.8284],[4.3573,44.828],[4.3571,44.8297],[4.3559,44.8297],[4.3548,44.8286],[4.357,44.8279],[4.3551,44.8272],[4.3568,44.8261],[4.3609,44.827],[4.3563,44.825],[4.3536,44.8276],[4.3533,44.825],[4.3519,44.8253],[4.3525,44.8286],[4.351,44.8255],[4.3484,44.827],[4.3491,44.8286],[4.348,44.8274],[4.3457,44.8287],[4.3455,44.8319],[4.3405,44.8364],[4.3419,44.8379],[4.3399,44.8398],[4.3422,44.8376],[4.3458,44.8396],[4.3499,44.8388],[4.3496,44.8397],[4.3536,44.8412],[4.3549,44.8407],[4.3522,44.84],[4.3511,44.8382],[4.3554,44.8389],[4.3549,44.836],[4.3536,44.8367],[4.3549,44.8353]]],[[[4.3719,44.8394],[4.369,44.8405],[4.3667,44.8389],[4.37,44.8415],[4.3731,44.8412],[4.3719,44.8394]]]]}},{"type":"Feature","properties":{"id":"F19481G","nom":"Forêt domaniale de l'Ouvèze","dep":"07","essence":"conifere"},"geometry":{"type":"MultiPolygon","coordinates":[[[[4.6442,44.7335],[4.6437,44.7344],[4.6457,44.7353],[4.6488,44.7346],[4.6477,44.7352],[4.6484,44.7361],[4.6518,44.7377],[4.6566,44.736],[4.6565,44.734],[4.6611,44.7344],[4.6577,44.732],[4.6512,44.7354],[4.6532,44.7302],[4.6508,44.7279],[4.644,44.7302],[4.6423,44.7271],[4.6402,44.7279],[4.6401,44.7261],[4.6397,44.7296],[4.6342,44.7326],[4.6384,44.7326],[4.6427,44.7297],[4.6436,44.7304],[4.6419,44.733],[4.6458,44.7321],[4.6442,44.7335]]],[[[4.5433,44.7238],[4.5508,44.7224],[4.551,44.7212],[4.5405,44.7222],[4.5406,44.7202],[4.5335,44.7233],[4.5405,44.7268],[4.5433,44.7238]]],[[[4.6207,44.727],[4.6229,44.7274],[4.6213,44.7291],[4.6227,44.7294],[4.6214,44.7303],[4.6225,44.732],[4.6274,44.7308],[4.625,44.7297],[4.6225,44.7312],[4.624,44.7288],[4.6272,44.7283],[4.6267,44.7273],[4.6302,44.7295],[4.6319,44.7283],[4.6305,44.7278],[4.6318,44.7269],[4.6313,44.7248],[4.6298,44.7268],[4.6255,44.7251],[4.6207,44.727]]],[[[4.7032,44.7478],[4.7046,44.75],[4.7033,44.7524],[4.7053,44.7505],[4.7068,44.751],[4.7053,44.7495],[4.7069,44.747],[4.7024,44.7467],[4.7018,44.7441],[4.7015,44.746],[4.6988,44.745],[4.6981,44.7494],[4.703,44.7475],[4.6984,44.7505],[4.7003,44.7516],[4.7032,44.7478]]],[[[4.6782,44.7465],[4.6824,44.7484],[4.6821,44.7452],[4.6784,44.7429],[4.6757,44.7435],[4.6761,44.7418],[4.6738,44.7414],[4.6719,44.743],[4.6764,44.7451],[4.6777,44.7444],[4.677,44.7456],[4.6782,44.7465]]],[[[4.696,44.7493],[4.6974,44.7444],[4.6955,44.744],[4.6927,44.7452],[4.691,44.7484],[4.696,44.7493]]],[[[4.7095,44.7499],[4.7141,44.7473],[4.7102,44.7464],[4.7087,44.748],[4.7095,44.7499]]],[[[4.5202,44.7276],[4.522,44.7272],[4.5202,44.7227],[4.5188,44.7248],[4.5202,44.7276]]],[[[4.7198,44.7571],[4.7272,44.7544],[4.7239,44.7555],[4.7221,44.7543],[4.7192,44.7562],[4.7198,44.7571]]],[[[4.5363,44.7168],[4.5344,44.7187],[4.5382,44.7187],[4.5373,44.7179],[4.539,44.7153],[4.5375,44.7149],[4.5363,44.7168]]],[[[4.7232,44.7502],[4.7224,44.7496],[4.7222,44.7522],[4.7235,44.7533],[4.7243,44.7526],[4.7232,44.7502]]]]}},{"type":"Feature","properties":{"id":"F19509I","nom":"Forêt domaniale de Bois-Sauvage","dep":"07","essence":"autre"},"geometry":{"type":"MultiPolygon","coordinates":[[[[4.4512,44.4447],[4.4643,44.4499],[4.4739,44.4495],[4.4749,44.4483],[4.4733,44.4441],[4.4752,44.4423],[4.481,44.4429],[4.4847,44.4467],[4.4884,44.4463],[4.4899,44.4475],[4.4908,44.4424],[4.4972,44.4408],[4.4999,44.4422],[4.4983,44.4395],[4.4991,44.4389],[4.5001,44.4405],[4.4996,44.4385],[4.5031,44.4344],[4.5031,44.4356],[4.5096,44.4352],[4.5042,44.4297],[4.4963,44.4327],[4.4924,44.4329],[4.4893,44.4309],[4.4856,44.4322],[4.4784,44.4309],[4.4795,44.4343],[4.4722,44.4338],[4.4676,44.4363],[4.4681,44.4389],[4.4655,44.4396],[4.4585,44.4367],[4.4545,44.4367],[4.4553,44.4378],[4.4504,44.439],[4.4538,44.4435],[4.4512,44.4447]]],[[[4.4797,44.4685],[4.4829,44.4697],[4.4855,44.4693],[4.484,44.4681],[4.4855,44.4673],[4.4896,44.4675],[4.4905,44.4702],[4.4968,44.4696],[4.4995,44.467],[4.5122,44.4625],[4.5146,44.4593],[4.5054,44.4561],[4.5003,44.4587],[4.4929,44.4594],[4.4892,44.4629],[4.4873,44.4619],[4.4858,44.4628],[4.4839,44.4664],[4.479,44.4675],[4.4797,44.4685]]],[[[4.6173,44.4404],[4.6112,44.4428],[4.6114,44.4452],[4.6181,44.4428],[4.6189,44.4414],[4.6173,44.4404]]]]}},{"type":"Feature","properties":{"id":"F19522V","nom":"Forêt domaniale de la Chavade","dep":"07","essence":"autre"},"geometry":{"type":"MultiPolygon","coordinates":[[[[4.1084,44.6412],[4.0862,44.645],[4.086,44.651],[4.0887,44.6501],[4.0906,44.6512],[4.0895,44.6502],[4.0911,44.6486],[4.0984,44.655],[4.1011,44.6544],[4.1008,44.651],[4.0977,44.6487],[4.0991,44.6476],[4.1045,44.6464],[4.1051,44.6502],[4.1077,44.6476],[4.1116,44.6478],[4.1112,44.6448],[4.1127,44.6443],[4.1163,44.6445],[4.1198,44.6466],[4.1263,44.6452],[4.126,44.65],[4.131,44.651],[4.128,44.6551],[4.1308,44.659],[4.1338,44.6574],[4.1315,44.6507],[4.1336,44.6468],[4.1422,44.6493],[4.1401,44.648],[4.1478,44.6465],[4.1467,44.6452],[4.1425,44.6449],[4.1455,44.6433],[4.1411,44.6437],[4.1418,44.6429],[4.1389,44.6394],[4.1293,44.6424],[4.1195,44.6397],[4.1084,44.6412]]],[[[4.1091,44.6907],[4.1085,44.6921],[4.1117,44.6915],[4.1156,44.6883],[4.1153,44.6862],[4.1102,44.6871],[4.1089,44.6881],[4.1109,44.6891],[4.1096,44.6899],[4.1086,44.6885],[4.1057,44.6885],[4.1054,44.6869],[4.1068,44.6865],[4.1055,44.6853],[4.1076,44.6843],[4.1121,44.6857],[4.1106,44.6841],[4.1154,44.6856],[4.1166,44.6831],[4.1151,44.6789],[4.1209,44.6775],[4.123,44.6784],[4.1241,44.6779],[4.1235,44.6758],[4.1249,44.6789],[4.1262,44.6758],[4.1212,44.6745],[4.1199,44.6756],[4.1185,44.674],[4.1168,44.6761],[4.1131,44.6761],[4.1128,44.6778],[4.1105,44.6768],[4.1085,44.6783],[4.108,44.68],[4.1093,44.6811],[4.1078,44.6838],[4.1023,44.6847],[4.102,44.686],[4.1015,44.6851],[4.0973,44.6857],[4.0988,44.6832],[4.0949,44.6836],[4.0952,44.6817],[4.0913,44.6844],[4.0933,44.6825],[4.0914,44.6819],[4.0959,44.6802],[4.094,44.6804],[4.0951,44.6795],[4.0892,44.6826],[4.0895,44.6812],[4.093,44.6798],[4.0895,44.6792],[4.0878,44.6816],[4.0839,44.6817],[4.0831,44.6799],[4.0804,44.6794],[4.0786,44.68],[4.0791,44.6824],[4.0821,44.6816],[4.0835,44.6825],[4.0748,44.6834],[4.0729,44.6854],[4.0644,44.6851],[4.063,44.6858],[4.0658,44.6876],[4.0651,44.6896],[4.061,44.6884],[4.0574,44.6889],[4.0567,44.691],[4.0524,44.6911],[4.0526,44.694],[4.054,44.6933],[4.0547,44.6946],[4.0608,44.693],[4.0659,44.6943],[4.0718,44.6908],[4.0695,44.6882],[4.0807,44.6883],[4.0873,44.6854],[4.0912,44.687],[4.0902,44.6883],[4.1091,44.6907]]],[[[4.0362,44.6768],[4.027,44.6751],[4.027,44.6774],[4.0224,44.6806],[4.0198,44.6848],[4.0215,44.6887],[4.0289,44.6879],[4.0323,44.6851],[4.0321,44.681],[4.0383,44.6836],[4.0401,44.6811],[4.0409,44.6826],[4.0426,44.6824],[4.0407,44.6765],[4.0445,44.6771],[4.0467,44.6762],[4.0457,44.676],[4.0464,44.675],[4.0494,44.6745],[4.0477,44.6719],[4.045,44.6715],[4.0441,44.6686],[4.0451,44.6655],[4.0397,44.6663],[4.0355,44.6646],[4.0329,44.665],[4.0292,44.6623],[4.0343,44.6694],[4.0344,44.6721],[4.04,44.675],[4.0427,44.6733],[4.0404,44.6731],[4.0458,44.6727],[4.0423,44.6738],[4.0407,44.6765],[4.0362,44.6768]]],[[[4.0502,44.6709],[4.0511,44.6748],[4.0548,44.6762],[4.0551,44.6743],[4.0562,44.6754],[4.0598,44.6732],[4.0607,44.675],[4.0637,44.6744],[4.0633,44.6731],[4.0609,44.6737],[4.0571,44.6707],[4.059,44.6723],[4.059,44.6694],[4.0681,44.6692],[4.0658,44.668],[4.0629,44.6692],[4.0628,44.6671],[4.0575,44.6663],[4.0593,44.6651],[4.0586,44.6638],[4.0644,44.663],[4.0704,44.6663],[4.0694,44.6645],[4.0659,44.6636],[4.0672,44.663],[4.0655,44.6617],[4.0685,44.6598],[4.0662,44.6593],[4.0643,44.6566],[4.0678,44.6564],[4.0681,44.6541],[4.0735,44.6569],[4.0748,44.6546],[4.0765,44.6563],[4.0814,44.6571],[4.0813,44.6548],[4.0793,44.6539],[4.0807,44.6524],[4.0785,44.6539],[4.0734,44.6519],[4.0716,44.6535],[4.0707,44.6521],[4.0717,44.6512],[4.0681,44.6505],[4.0624,44.6537],[4.0601,44.657],[4.0613,44.6593],[4.055,44.6633],[4.057,44.6656],[4.0556,44.6684],[4.0521,44.6667],[4.0544,44.6688],[4.0502,44.6709]]],[[[4.1584,44.6493],[4.1606,44.6478],[4.1597,44.6493],[4.1618,44.6506],[4.1675,44.6504],[4.1686,44.6474],[4.1675,44.6446],[4.1626,44.646],[4.1558,44.6455],[4.1527,44.6505],[4.156,44.6484],[4.1556,44.6496],[4.1584,44.6493]]],[[[4.0521,44.6816],[4.054,44.6809],[4.0517,44.68],[4.0524,44.6785],[4.0508,44.6784],[4.0481,44.6822],[4.0456,44.6824],[4.0501,44.6835],[4.0503,44.682],[4.0521,44.6816]]]]}},{"type":"Feature","properties":{"id":"F19528B","nom":"Forêt domaniale de Borée","dep":"07","essence":"conifere"},"geometry":{"type":"MultiPolygon","coordinates":[[[[4.1865,44.9099],[4.1918,44.9128],[4.1978,44.9119],[4.1948,44.906],[4.1965,44.9048],[4.2005,44.905],[4.201,44.9027],[4.1973,44.9011],[4.1936,44.9038],[4.1898,44.9036],[4.1865,44.9099]]],[[[4.2117,44.8915],[4.2131,44.8941],[4.2198,44.8953],[4.2214,44.893],[4.2243,44.8927],[4.223,44.8911],[4.2237,44.8871],[4.2183,44.8871],[4.2133,44.892],[4.2117,44.8915]]],[[[4.2167,44.8967],[4.2115,44.8957],[4.2109,44.8976],[4.213,44.8979],[4.2107,44.8982],[4.2093,44.9015],[4.2127,44.903],[4.2214,44.9019],[4.2161,44.8998],[4.2167,44.8967]]],[[[4.2304,44.8981],[4.2297,44.8993],[4.2319,44.9003],[4.236,44.9005],[4.2377,44.8998],[4.2365,44.8984],[4.2379,44.8949],[4.2391,44.8949],[4.2367,44.8935],[4.2332,44.8944],[4.2321,44.8974],[4.2304,44.8981]]],[[[4.2806,44.8958],[4.2745,44.8965],[4.2778,44.898],[4.2756,44.8996],[4.2868,44.9007],[4.2882,44.8988],[4.285,44.8966],[4.2822,44.899],[4.2799,44.8977],[4.2806,44.8958]]],[[[4.2792,44.9351],[4.2829,44.9357],[4.2833,44.9332],[4.2804,44.9323],[4.2807,44.9311],[4.2758,44.9301],[4.2745,44.9321],[4.2736,44.9309],[4.2741,44.9322],[4.2718,44.9327],[4.2792,44.9351]]],[[[4.2793,44.9049],[4.2802,44.904],[4.2768,44.9013],[4.2714,44.9028],[4.271,44.905],[4.2742,44.9068],[4.2789,44.9067],[4.2793,44.9049]]],[[[4.2432,44.9018],[4.2485,44.9021],[4.2461,44.9033],[4.2516,44.9049],[4.252,44.9073],[4.2538,44.9068],[4.2523,44.9053],[4.2528,44.9041],[4.2562,44.9043],[4.2534,44.904],[4.253,44.9025],[4.2504,44.9027],[4.2509,44.9019],[4.2432,44.9018]]],[[[4.2343,44.8796],[4.2356,44.8817],[4.2377,44.8802],[4.2412,44.8805],[4.2404,44.8777],[4.236,44.8777],[4.2343,44.8796]]],[[[4.21,44.8902],[4.2072,44.8878],[4.21,44.8878],[4.2094,44.8871],[4.2037,44.8856],[4.2059,44.8841],[4.2022,44.8847],[4.2013,44.8864],[4.21,44.8902]]],[[[4.2516,44.8936],[4.2515,44.8892],[4.2465,44.8915],[4.2503,44.892],[4.2493,44.8936],[4.2516,44.8936]]],[[[4.2457,44.9099],[4.2476,44.909],[4.2459,44.9078],[4.244,44.9094],[4.2457,44.9099]]]]}},{"type":"Feature","properties":{"id":"F19533G","nom":"Forêt domaniale de l'Escrinet","dep":"07","essence":"conifere"},"geometry":{"type":"MultiPolygon","coordinates":[[[[4.4595,44.6519],[4.4606,44.6532],[4.4583,44.6541],[4.4612,44.6562],[4.458,44.6568],[4.4605,44.6553],[4.4548,44.6554],[4.4539,44.654],[4.4507,44.6559],[4.4526,44.6564],[4.451,44.6585],[4.4551,44.6579],[4.4542,44.6599],[4.4566,44.6588],[4.4573,44.6608],[4.4617,44.6613],[4.4559,44.6616],[4.4574,44.6635],[4.4612,44.6626],[4.4616,44.6636],[4.4574,44.6648],[4.4589,44.6657],[4.4613,44.6648],[4.4606,44.6668],[4.4636,44.6668],[4.4597,44.6673],[4.4634,44.668],[4.4629,44.6697],[4.4654,44.6697],[4.4612,44.6709],[4.4663,44.6702],[4.4668,44.6717],[4.4706,44.6717],[4.4652,44.6631],[4.4616,44.6642],[4.465,44.6628],[4.4657,44.6606],[4.4642,44.6578],[4.4601,44.6566],[4.464,44.6569],[4.463,44.6548],[4.464,44.6529],[4.4595,44.6519]]],[[[4.4901,44.7104],[4.489,44.7107],[4.4896,44.7119],[4.4919,44.7121],[4.4919,44.7133],[4.4961,44.712],[4.4968,44.7104],[4.4927,44.7105],[4.4935,44.7079],[4.4903,44.7064],[4.4947,44.7064],[4.4955,44.7046],[4.4981,44.7043],[4.4975,44.7027],[4.4883,44.704],[4.4881,44.7011],[4.4902,44.7008],[4.489,44.6991],[4.4823,44.6961],[4.4847,44.6955],[4.4822,44.6959],[4.481,44.6942],[4.4783,44.6953],[4.4786,44.6965],[4.4807,44.6965],[4.4787,44.6974],[4.4819,44.6979],[4.483,44.6989],[4.4822,44.6997],[4.4842,44.7003],[4.4841,44.7023],[4.4821,44.7025],[4.4843,44.7027],[4.4857,44.7048],[4.4846,44.7059],[4.4885,44.7068],[4.4901,44.7104]]],[[[4.4673,44.6831],[4.468,44.6852],[4.4715,44.6839],[4.4702,44.6811],[4.4677,44.6809],[4.4702,44.6805],[4.4707,44.6776],[4.4686,44.6772],[4.4679,44.6751],[4.4709,44.6762],[4.4709,44.6745],[4.4654,44.6747],[4.4683,44.6759],[4.4672,44.6755],[4.4674,44.677],[4.4649,44.6779],[4.4674,44.6815],[4.4648,44.6827],[4.4673,44.6831]]],[[[4.4823,44.6914],[4.4813,44.6925],[4.4847,44.6938],[4.4868,44.6893],[4.4841,44.6869],[4.481,44.6868],[4.4798,44.6915],[4.4823,44.6914]]],[[[4.4592,44.6481],[4.4588,44.6465],[4.4546,44.6455],[4.4518,44.6475],[4.4537,44.6511],[4.4591,44.6511],[4.4604,44.6497],[4.4592,44.6481]]],[[[4.4719,44.6842],[4.4673,44.686],[4.4726,44.6865],[4.4715,44.6875],[4.4757,44.6853],[4.4719,44.6842]]],[[[4.4891,44.7139],[4.4865,44.7138],[4.493,44.7164],[4.4891,44.7139]]]]}},{"type":"Feature","properties":{"id":"F19546T","nom":"Forêt domaniale de Devesset","dep":"07","essence":"autre"},"geometry":{"type":"Polygon","coordinates":[[[4.4044,45.051],[4.4037,45.0528],[4.4079,45.0529],[4.4096,45.0501],[4.4081,45.0486],[4.4053,45.0516],[4.4044,45.051]]]}},{"type":"Feature","properties":{"id":"F19575W","nom":"Forêt domaniale des Volcans","dep":"07","essence":"conifere"},"geometry":{"type":"MultiPolygon","coordinates":[[[[4.2953,44.7532],[4.3024,44.756],[4.3061,44.7537],[4.3062,44.7522],[4.3147,44.7514],[4.3165,44.7476],[4.3233,44.7481],[4.3241,44.7466],[4.3206,44.7453],[4.3166,44.7474],[4.3143,44.7455],[4.3128,44.7483],[4.3125,44.747],[4.3081,44.7468],[4.3099,44.7437],[4.3158,44.7436],[4.3164,44.7398],[4.3157,44.7371],[4.3077,44.7369],[4.3012,44.7401],[4.3028,44.7415],[4.3079,44.7406],[4.3043,44.7433],[4.3059,44.7444],[4.3049,44.7456],[4.3066,44.7472],[4.3058,44.7484],[4.3073,44.7485],[4.3059,44.7507],[4.3069,44.7516],[4.3044,44.7497],[4.3024,44.7534],[4.3,44.7536],[4.3004,44.752],[4.295,44.7516],[4.2953,44.7532]]],[[[4.2884,44.7371],[4.2891,44.7365],[4.2876,44.735],[4.29,44.7344],[4.2828,44.7332],[4.2809,44.739],[4.2774,44.7435],[4.2817,44.7477],[4.2911,44.7436],[4.2976,44.7439],[4.2965,44.7425],[4.2907,44.7424],[4.2898,44.7443],[4.2876,44.7443],[4.2877,44.7431],[4.2844,44.7451],[4.2871,44.7395],[4.286,44.7379],[4.2869,44.7375],[4.2851,44.7374],[4.2884,44.7371]]],[[[4.343,44.7108],[4.3406,44.7089],[4.3387,44.7093],[4.3372,44.7111],[4.3384,44.7123],[4.3375,44.7134],[4.3403,44.7153],[4.3439,44.7146],[4.3451,44.7115],[4.343,44.7108]]]]}},{"type":"Feature","properties":{"id":"F19592N","nom":"Forêt domaniale de Beaumont","dep":"07","essence":"conifere"},"geometry":{"type":"MultiPolygon","coordinates":[[[[4.1423,44.5404],[4.1468,44.5423],[4.1498,44.5392],[4.1458,44.5373],[4.1426,44.5392],[4.1418,44.5375],[4.141,44.5387],[4.1423,44.5404]]],[[[4.1538,44.5457],[4.1556,44.5454],[4.1536,44.5469],[4.1566,44.5468],[4.1554,44.5474],[4.1571,44.5481],[4.161,44.5458],[4.16,44.5446],[4.1567,44.5456],[4.1597,44.5443],[4.1581,44.5432],[4.1538,44.5457]]],[[[4.1506,44.5414],[4.149,44.544],[4.1527,44.5451],[4.1546,44.5419],[4.1517,44.5402],[4.1506,44.5414]]],[[[4.1569,44.549],[4.1562,44.5496],[4.1598,44.5501],[4.1629,44.5486],[4.1619,44.5475],[4.1641,44.5473],[4.1614,44.5461],[4.1569,44.549]]]]}},{"type":"Feature","properties":{"id":"F19593O","nom":"Forêt domaniale de Bonnefoi","dep":"07","essence":"conifere"},"geometry":{"type":"MultiPolygon","coordinates":[[[[4.2296,44.8501],[4.2293,44.8548],[4.2367,44.8538],[4.2397,44.8551],[4.2387,44.8572],[4.2427,44.8597],[4.244,44.8623],[4.2447,44.861],[4.2449,44.8626],[4.2467,44.8619],[4.2495,44.8635],[4.2461,44.8601],[4.2489,44.8586],[4.2519,44.8619],[4.2576,44.8614],[4.2581,44.8638],[4.2546,44.866],[4.2573,44.8673],[4.2555,44.8703],[4.26,44.8637],[4.2616,44.8629],[4.2647,44.8649],[4.2661,44.8632],[4.2634,44.8632],[4.2625,44.8617],[4.2666,44.8606],[4.2669,44.8587],[4.2603,44.8589],[4.2581,44.8613],[4.257,44.8608],[4.2585,44.8586],[4.2537,44.8575],[4.25,44.8589],[4.2427,44.8523],[4.245,44.8503],[4.2494,44.8532],[4.2516,44.8537],[4.2528,44.8525],[4.2527,44.8535],[4.2546,44.8509],[4.2541,44.8493],[4.2564,44.8491],[4.2518,44.8465],[4.2513,44.8444],[4.2443,44.8435],[4.2433,44.8455],[4.2405,44.8457],[4.2391,44.8437],[4.2335,44.8429],[4.2305,44.8454],[4.2395,44.8491],[4.2323,44.8511],[4.2296,44.8501]]],[[[4.1877,44.8693],[4.186,44.8664],[4.1771,44.8615],[4.1729,44.8558],[4.1693,44.8572],[4.1706,44.8588],[4.1697,44.8597],[4.1627,44.8607],[4.1592,44.8634],[4.1595,44.8663],[4.1564,44.8695],[4.1572,44.8728],[4.1603,44.8739],[4.1687,44.8696],[4.1704,44.871],[4.1744,44.8703],[4.1744,44.869],[4.1779,44.8695],[4.1759,44.8671],[4.1792,44.8672],[4.1831,44.8724],[4.1765,44.8718],[4.1767,44.8728],[4.1817,44.8749],[4.1866,44.8735],[4.1869,44.8753],[4.1886,44.8714],[4.1877,44.8693]]],[[[4.1787,44.8868],[4.1827,44.8934],[4.1846,44.8917],[4.1811,44.8871],[4.1827,44.8838],[4.1858,44.8845],[4.1889,44.8802],[4.196,44.8805],[4.2,44.8791],[4.1971,44.8795],[4.1978,44.8743],[4.1916,44.8731],[4.1838,44.8782],[4.1794,44.878],[4.1774,44.882],[4.1787,44.8868]]],[[[4.2041,44.8601],[4.2011,44.859],[4.2002,44.8647],[4.2013,44.8655],[4.1945,44.8667],[4.1949,44.8677],[4.2001,44.8702],[4.2051,44.8707],[4.2076,44.8739],[4.2096,44.8723],[4.2082,44.8693],[4.2096,44.8677],[4.2142,44.8697],[4.2188,44.8677],[4.2186,44.8659],[4.2145,44.8642],[4.2096,44.8647],[4.2087,44.8635],[4.2071,44.8667],[4.204,44.8661],[4.202,44.8643],[4.2054,44.8607],[4.2041,44.8601]]],[[[4.2503,44.8706],[4.2443,44.8702],[4.2376,44.8729],[4.2334,44.8721],[4.2357,44.8699],[4.2206,44.8688],[4.216,44.8706],[4.2146,44.8727],[4.2155,44.8746],[4.2222,44.8732],[4.2298,44.8745],[4.2315,44.873],[4.2422,44.8735],[4.2503,44.8706]]],[[[4.1987,44.8567],[4.2041,44.8555],[4.2053,44.854],[4.2051,44.8499],[4.2067,44.8488],[4.2058,44.8467],[4.2005,44.847],[4.1997,44.8499],[4.197,44.8502],[4.1935,44.8574],[4.1966,44.8603],[4.1967,44.858],[4.1987,44.8567]]],[[[4.302,44.8821],[4.3005,44.8834],[4.2985,44.8826],[4.3025,44.8793],[4.2956,44.8783],[4.291,44.8829],[4.2899,44.8821],[4.2888,44.8831],[4.2881,44.8859],[4.2863,44.885],[4.2849,44.8873],[4.2836,44.8869],[4.2841,44.8893],[4.2827,44.8909],[4.2906,44.8876],[4.2908,44.8852],[4.3021,44.8849],[4.3052,44.8834],[4.302,44.8821]]],[[[4.2131,44.8519],[4.211,44.8514],[4.211,44.855],[4.2167,44.8566],[4.2212,44.8509],[4.2247,44.8506],[4.226,44.8488],[4.2306,44.8494],[4.2315,44.8469],[4.2295,44.8447],[4.2225,44.8473],[4.2192,44.847],[4.2165,44.8529],[4.2131,44.8519]]],[[[4.2109,44.8393],[4.212,44.8407],[4.2217,44.8383],[4.2233,44.8325],[4.2224,44.8306],[4.2177,44.8324],[4.2153,44.8361],[4.2119,44.8352],[4.2109,44.8393]]],[[[4.1722,44.881],[4.1769,44.8788],[4.1751,44.8762],[4.1704,44.8785],[4.1722,44.881]]]]}},{"type":"Feature","properties":{"id":"F19601W","nom":"Forêt domaniale de Saint-Andéol-Fourchades","dep":"07","essence":"conifere"},"geometry":{"type":"MultiPolygon","coordinates":[[[[4.2556,44.8227],[4.2604,44.8248],[4.2601,44.8219],[4.2617,44.8228],[4.2642,44.8198],[4.261,44.8202],[4.2584,44.8183],[4.2646,44.8158],[4.2674,44.8164],[4.2679,44.8198],[4.2752,44.8252],[4.2828,44.8192],[4.2875,44.8194],[4.2873,44.8173],[4.2846,44.8167],[4.2825,44.8178],[4.2827,44.8161],[4.2792,44.8142],[4.2678,44.8164],[4.2632,44.8143],[4.2548,44.8177],[4.2471,44.8165],[4.252,44.8218],[4.2556,44.8227]]],[[[4.3162,44.848],[4.3152,44.8478],[4.3163,44.8493],[4.3148,44.8502],[4.3162,44.8521],[4.3195,44.8529],[4.3223,44.8514],[4.3224,44.8531],[4.3262,44.8528],[4.327,44.8506],[4.3252,44.8486],[4.3272,44.8477],[4.323,44.8463],[4.3239,44.8443],[4.3192,44.8471],[4.3181,44.8463],[4.3178,44.8483],[4.3162,44.848]]],[[[4.2737,44.8331],[4.2741,44.8304],[4.2721,44.8292],[4.2693,44.8307],[4.2686,44.8333],[4.2727,44.8335],[4.271,44.8348],[4.2673,44.8339],[4.2694,44.8369],[4.2675,44.8374],[4.266,44.8405],[4.2669,44.8414],[4.2702,44.8399],[4.2715,44.8404],[4.2699,44.841],[4.2706,44.8429],[4.274,44.8423],[4.2747,44.8401],[4.2726,44.8398],[4.2744,44.8383],[4.2728,44.8376],[4.2741,44.8363],[4.2737,44.8331]]],[[[4.2929,44.8219],[4.2916,44.8243],[4.297,44.8247],[4.2972,44.826],[4.3015,44.8262],[4.3033,44.8245],[4.3013,44.8233],[4.3005,44.8204],[4.2968,44.8211],[4.2946,44.8199],[4.2961,44.8177],[4.2908,44.8182],[4.2929,44.8219]]],[[[4.3006,44.8124],[4.2996,44.8121],[4.2994,44.8155],[4.3016,44.817],[4.3054,44.8168],[4.3066,44.8178],[4.3057,44.8193],[4.3112,44.8198],[4.3071,44.8176],[4.31,44.8162],[4.3083,44.8166],[4.3061,44.8148],[4.3089,44.8131],[4.3077,44.8096],[4.3044,44.8112],[4.3045,44.8138],[4.3006,44.8124]]],[[[4.2914,44.8358],[4.2943,44.835],[4.2914,44.8336],[4.285,44.8366],[4.2851,44.839],[4.2924,44.8388],[4.2895,44.8364],[4.2914,44.8358]]],[[[4.3013,44.8506],[4.2998,44.8489],[4.2976,44.8498],[4.296,44.8536],[4.2927,44.8536],[4.2964,44.8573],[4.2955,44.8553],[4.2969,44.8529],[4.3007,44.8524],[4.3013,44.8506]]]]}},{"type":"Feature","properties":{"id":"F19618N","nom":"Forêt domaniale du Tanargue","dep":"07","essence":"autre"},"geometry":{"type":"MultiPolygon","coordinates":[[[[4.1857,44.6127],[4.1959,44.6122],[4.2013,44.6142],[4.2029,44.6131],[4.1979,44.6095],[4.197,44.6123],[4.1975,44.609],[4.1956,44.609],[4.197,44.6079],[4.196,44.6074],[4.1986,44.6074],[4.1987,44.6026],[4.1957,44.6034],[4.195,44.6016],[4.1945,44.6038],[4.1941,44.602],[4.195,44.6016],[4.194,44.6005],[4.1952,44.6003],[4.1977,44.6028],[4.2018,44.6013],[4.2005,44.5998],[4.1985,44.6002],[4.1979,44.5986],[4.2009,44.597],[4.1997,44.5911],[4.1973,44.5977],[4.1978,44.5939],[4.1962,44.5966],[4.1945,44.5959],[4.1952,44.5939],[4.1943,44.5935],[4.1918,44.5951],[4.1949,44.5987],[4.1939,44.6],[4.1878,44.594],[4.1893,44.5942],[4.1895,44.5923],[4.1878,44.5922],[4.1858,44.5947],[4.1867,44.597],[4.1837,44.5957],[4.1813,44.5971],[4.1784,44.6036],[4.1764,44.6044],[4.177,44.6061],[4.1731,44.6082],[4.1713,44.6126],[4.1575,44.6121],[4.1556,44.6113],[4.1566,44.6074],[4.1539,44.6065],[4.1517,44.6074],[4.1529,44.6072],[4.1534,44.6094],[4.1506,44.6133],[4.1478,44.612],[4.1485,44.6104],[4.1509,44.6106],[4.1426,44.6085],[4.1446,44.6078],[4.1445,44.6064],[4.1448,44.6075],[4.148,44.607],[4.1438,44.6064],[4.1431,44.6043],[4.1405,44.6054],[4.1408,44.6038],[4.1385,44.6056],[4.1373,44.6044],[4.1375,44.6011],[4.1332,44.6009],[4.1326,44.6061],[4.1277,44.6028],[4.1282,44.6017],[4.1261,44.6037],[4.128,44.6019],[4.1266,44.6015],[4.128,44.6007],[4.1267,44.5995],[4.1237,44.6004],[4.1241,44.6014],[4.1229,44.601],[4.1205,44.604],[4.1198,44.6014],[4.12,44.6064],[4.1202,44.6043],[4.1229,44.6036],[4.1202,44.6055],[4.1202,44.608],[4.1241,44.6092],[4.1258,44.6126],[4.1248,44.6158],[4.1243,44.6125],[4.1233,44.6124],[4.117,44.6165],[4.1186,44.6231],[4.1226,44.6232],[4.1209,44.6213],[4.1226,44.6207],[4.1248,44.6232],[4.1253,44.6219],[4.1285,44.6232],[4.1306,44.6224],[4.1311,44.6236],[4.1311,44.6194],[4.1326,44.6193],[4.1337,44.6234],[4.137,44.6219],[4.1368,44.6239],[4.1452,44.6245],[4.1456,44.6269],[4.1478,44.6276],[4.1504,44.6275],[4.1494,44.622],[4.155,44.6218],[4.1552,44.6269],[4.1587,44.6265],[4.1625,44.6205],[4.1685,44.6237],[4.1679,44.6229],[4.1712,44.62],[4.1696,44.6187],[4.1713,44.6181],[4.1742,44.6201],[4.1697,44.6221],[4.1717,44.6248],[4.1734,44.6227],[4.172,44.6216],[4.1746,44.6216],[4.1757,44.6234],[4.1738,44.6236],[4.1753,44.6253],[4.1766,44.6252],[4.1761,44.6233],[4.1802,44.6255],[4.1831,44.6252],[4.1828,44.6244],[4.1877,44.6261],[4.1892,44.6249],[4.1824,44.6208],[4.1859,44.6208],[4.1893,44.6236],[4.1902,44.6214],[4.1888,44.6201],[4.1939,44.6208],[4.192,44.615],[4.1939,44.6135],[4.1858,44.6128],[4.1872,44.616],[4.1852,44.613],[4.1804,44.6131],[4.1835,44.6142],[4.1834,44.6156],[4.1854,44.6153],[4.1838,44.6162],[4.1866,44.6162],[4.1837,44.6168],[4.1859,44.6169],[4.1833,44.6173],[4.1838,44.619],[4.182,44.6161],[4.1791,44.6156],[4.1802,44.6122],[4.1857,44.6127]]],[[[4.0827,44.6045],[4.0806,44.6043],[4.0823,44.6002],[4.0776,44.6028],[4.0732,44.6015],[4.0713,44.6046],[4.0694,44.6011],[4.0673,44.6033],[4.0654,44.5984],[4.0645,44.6031],[4.0619,44.6033],[4.0638,44.6069],[4.0736,44.6071],[4.0782,44.6106],[4.0794,44.6091],[4.0799,44.6115],[4.0826,44.6126],[4.083,44.615],[4.0861,44.6153],[4.0842,44.6195],[4.0896,44.6258],[4.0895,44.6293],[4.0945,44.6324],[4.0984,44.6305],[4.0921,44.6301],[4.0987,44.6303],[4.1023,44.6288],[4.103,44.6309],[4.1048,44.6286],[4.1095,44.6272],[4.1144,44.6219],[4.1175,44.6214],[4.1162,44.6169],[4.1128,44.6167],[4.1203,44.6137],[4.1204,44.6107],[4.1172,44.6058],[4.1159,44.6061],[4.1148,44.6018],[4.1125,44.6041],[4.107,44.6031],[4.1065,44.6069],[4.103,44.6039],[4.1017,44.6066],[4.0999,44.6063],[4.1055,44.5998],[4.1012,44.6014],[4.0972,44.6004],[4.0951,44.6039],[4.0938,44.6017],[4.0947,44.6004],[4.0897,44.602],[4.088,44.5987],[4.0851,44.6021],[4.0864,44.6057],[4.0849,44.6061],[4.0858,44.6052],[4.0835,44.6026],[4.0827,44.6045],[4.0836,44.6036],[4.085,44.6058],[4.0827,44.6045]]],[[[4.1948,44.5836],[4.1981,44.5877],[4.2024,44.5896],[4.2037,44.5888],[4.2008,44.59],[4.2026,44.5912],[4.2069,44.5907],[4.204,44.592],[4.207,44.5967],[4.2066,44.5986],[4.2044,44.5999],[4.2042,44.5945],[4.2013,44.593],[4.204,44.6],[4.2124,44.5992],[4.2169,44.5968],[4.2148,44.5955],[4.2173,44.5938],[4.2166,44.5919],[4.2188,44.5886],[4.2055,44.5853],[4.2028,44.5833],[4.1948,44.5836]]],[[[4.1008,44.6379],[4.0998,44.6397],[4.1006,44.6423],[4.1169,44.6405],[4.1191,44.6397],[4.12,44.6344],[4.119,44.6338],[4.1187,44.6352],[4.1172,44.6339],[4.1178,44.6354],[4.1119,44.637],[4.1126,44.6363],[4.109,44.6358],[4.1078,44.6343],[4.1062,44.6364],[4.1028,44.6355],[4.1008,44.6379]]],[[[4.1278,44.6418],[4.1295,44.6423],[4.1293,44.6354],[4.1237,44.6401],[4.1262,44.6412],[4.1294,44.6387],[4.1278,44.6418]]],[[[4.1394,44.6359],[4.138,44.6394],[4.1409,44.639],[4.1407,44.6342],[4.1394,44.6359]]],[[[4.1698,44.6074],[4.1681,44.6058],[4.1644,44.6089],[4.1693,44.6086],[4.1698,44.6074]]],[[[4.0969,44.6338],[4.099,44.6335],[4.0987,44.6345],[4.1022,44.6319],[4.0984,44.6321],[4.0969,44.6338]]],[[[4.1442,44.599],[4.1433,44.5982],[4.1425,44.5998],[4.1441,44.599],[4.1435,44.6004],[4.1453,44.5998],[4.1465,44.6013],[4.1456,44.5974],[4.1436,44.5971],[4.1442,44.599]]]]}},{"type":"Feature","properties":{"id":"F19627W","nom":"Forêt domaniale de la Fontaulière","dep":"07","essence":"mixte"},"geometry":{"type":"MultiPolygon","coordinates":[[[[4.2094,44.7],[4.2088,44.7015],[4.2128,44.7032],[4.2137,44.7008],[4.2148,44.7024],[4.2167,44.7019],[4.2175,44.7037],[4.217,44.701],[4.2209,44.7005],[4.2233,44.6976],[4.2207,44.6965],[4.2238,44.6964],[4.2238,44.6946],[4.221,44.6936],[4.219,44.6893],[4.2188,44.6922],[4.2175,44.6922],[4.2176,44.6906],[4.2158,44.6916],[4.2162,44.6933],[4.2135,44.6922],[4.2145,44.6937],[4.2128,44.6965],[4.2116,44.695],[4.2068,44.6952],[4.2094,44.7]]],[[[4.1575,44.7237],[4.1651,44.7265],[4.1655,44.7244],[4.1687,44.7228],[4.1683,44.7208],[4.1712,44.7191],[4.1714,44.7171],[4.1699,44.7146],[4.1682,44.715],[4.1691,44.7141],[4.1663,44.711],[4.1648,44.7133],[4.167,44.7145],[4.1647,44.7167],[4.1655,44.718],[4.1644,44.7205],[4.1643,44.7191],[4.1623,44.7204],[4.1615,44.7174],[4.1595,44.7191],[4.1563,44.7176],[4.1519,44.7199],[4.1571,44.7219],[4.1575,44.7237]]],[[[4.1817,44.7363],[4.1774,44.7343],[4.177,44.7315],[4.1796,44.7295],[4.1826,44.7299],[4.1866,44.7338],[4.1856,44.7318],[4.1889,44.7312],[4.1882,44.7281],[4.1918,44.7277],[4.1903,44.7268],[4.1909,44.7257],[4.1877,44.7254],[4.1892,44.7221],[4.1849,44.7256],[4.1813,44.7252],[4.1794,44.728],[4.1758,44.7286],[4.1755,44.7325],[4.1715,44.7314],[4.1735,44.7301],[4.1703,44.7309],[4.1729,44.7335],[4.1707,44.7347],[4.1713,44.737],[4.1737,44.7358],[4.1817,44.7373],[4.1817,44.7363]]]]}},{"type":"Feature","properties":{"id":"F19639I","nom":"Forêt domaniale des Gravières","dep":"07","essence":"mixte"},"geometry":{"type":"MultiPolygon","coordinates":[[[[4.0516,44.4162],[4.0505,44.4167],[4.0519,44.4209],[4.0541,44.4214],[4.0559,44.4196],[4.0579,44.4204],[4.0541,44.415],[4.055,44.4197],[4.0516,44.4162]]],[[[4.0865,44.4044],[4.0863,44.4062],[4.0876,44.4068],[4.0891,44.4063],[4.0876,44.4036],[4.0901,44.4033],[4.0874,44.4028],[4.0832,44.397],[4.0854,44.4019],[4.0867,44.4021],[4.0865,44.4044]]],[[[4.0468,44.422],[4.0463,44.4216],[4.0455,44.421],[4.0456,44.421],[4.0449,44.4202],[4.044,44.4193],[4.0438,44.419],[4.0433,44.4185],[4.0428,44.4185],[4.0423,44.4183],[4.0438,44.4204],[4.0438,44.4204],[4.0446,44.4213],[4.0463,44.4222],[4.0463,44.4222],[4.0463,44.4223],[4.0469,44.4225],[4.0469,44.4226],[4.0469,44.4226],[4.047,44.4224],[4.0466,44.4222],[4.0465,44.4222],[4.0467,44.4221],[4.0468,44.422]]]]}},{"type":"Feature","properties":{"id":"F19640J","nom":"Forêt domaniale des Chambons","dep":"07","essence":"conifere"},"geometry":{"type":"MultiPolygon","coordinates":[[[[4.0883,44.6304],[4.086,44.626],[4.0888,44.6262],[4.0891,44.6249],[4.0842,44.6195],[4.0764,44.6222],[4.0769,44.6152],[4.0752,44.616],[4.0755,44.6144],[4.072,44.6121],[4.0731,44.6095],[4.0714,44.6077],[4.0682,44.6071],[4.0582,44.611],[4.0504,44.6084],[4.0498,44.6103],[4.0394,44.611],[4.0414,44.6137],[4.037,44.6156],[4.0388,44.6197],[4.0408,44.6192],[4.0472,44.6229],[4.0493,44.6222],[4.0498,44.6238],[4.047,44.6252],[4.0384,44.625],[4.0364,44.6272],[4.0472,44.6284],[4.0477,44.627],[4.0533,44.6254],[4.0541,44.6234],[4.0576,44.6247],[4.0571,44.6266],[4.0548,44.6278],[4.0566,44.6288],[4.0565,44.6302],[4.0537,44.6313],[4.0531,44.6301],[4.0502,44.6341],[4.0586,44.6335],[4.0628,44.6357],[4.0677,44.6358],[4.0878,44.6355],[4.0941,44.6336],[4.0888,44.6309],[4.0881,44.6325],[4.0883,44.6304]]],[[[4.0377,44.6463],[4.0392,44.646],[4.0409,44.6495],[4.0439,44.6499],[4.0429,44.6505],[4.0466,44.6516],[4.0484,44.65],[4.0606,44.653],[4.0654,44.6518],[4.0677,44.6496],[4.0668,44.647],[4.0701,44.6433],[4.083,44.6438],[4.0873,44.6432],[4.0887,44.6415],[4.085,44.6385],[4.0783,44.6376],[4.0761,44.6356],[4.075,44.6381],[4.0726,44.637],[4.0713,44.6409],[4.069,44.6399],[4.0672,44.6409],[4.0662,44.6444],[4.059,44.6423],[4.0587,44.6403],[4.052,44.6426],[4.0483,44.6487],[4.0469,44.6473],[4.044,44.6494],[4.0453,44.6466],[4.0403,44.6448],[4.0378,44.6446],[4.0377,44.6463]]],[[[4.0341,44.6457],[4.0364,44.6461],[4.0365,44.6445],[4.0319,44.6448],[4.0341,44.6457]]]]}},{"type":"Feature","properties":{"id":"F17735C","nom":"Forêt domaniale de Camarès","dep":"12","essence":"conifere"},"geometry":{"type":"Polygon","coordinates":[[[2.9158,43.8199],[2.9134,43.8187],[2.9179,43.8155],[2.9134,43.8142],[2.9094,43.8155],[2.9092,43.821],[2.9112,43.8226],[2.9148,43.8227],[2.9158,43.8199]]]}},{"type":"Feature","properties":{"id":"F17722P","nom":"Forêt domaniale de Brunes","dep":"12","essence":"mixte"},"geometry":{"type":"Polygon","coordinates":[[[2.581,44.2536],[2.5797,44.2574],[2.5819,44.2608],[2.5863,44.26],[2.5891,44.2577],[2.587,44.2519],[2.581,44.2526],[2.581,44.2536]]]}},{"type":"Feature","properties":{"id":"F17743K","nom":"Forêt domaniale de Roquette-Bonneval","dep":"12","essence":"feuillu"},"geometry":{"type":"Polygon","coordinates":[[[2.9279,44.6709],[2.9302,44.6676],[2.9291,44.6629],[2.9337,44.6597],[2.9332,44.6568],[2.9354,44.6533],[2.9347,44.6506],[2.9236,44.6445],[2.9233,44.6405],[2.9201,44.6382],[2.9173,44.6385],[2.9179,44.6398],[2.9161,44.6411],[2.9108,44.6414],[2.9085,44.6431],[2.9098,44.6437],[2.9009,44.6456],[2.902,44.6475],[2.9084,44.6507],[2.9124,44.6508],[2.9189,44.6485],[2.9228,44.6524],[2.9219,44.6536],[2.9146,44.6542],[2.9124,44.6571],[2.9008,44.6581],[2.9101,44.6624],[2.9196,44.6698],[2.9245,44.6714],[2.9279,44.6709]]]}},{"type":"Feature","properties":{"id":"F17758Z","nom":"Forêt domaniale de Rebouisses","dep":"12","essence":"conifere"},"geometry":{"type":"MultiPolygon","coordinates":[[[[3.0238,43.8621],[3.0257,43.8641],[3.0277,43.8627],[3.032,43.8633],[3.0407,43.8608],[3.0419,43.8625],[3.0462,43.8632],[3.0452,43.864],[3.0459,43.865],[3.049,43.864],[3.0483,43.8654],[3.0494,43.8661],[3.0567,43.8633],[3.0543,43.862],[3.0525,43.8627],[3.0528,43.8597],[3.05,43.8587],[3.0511,43.8571],[3.0517,43.8581],[3.0535,43.8574],[3.0502,43.8524],[3.0457,43.8524],[3.0461,43.8505],[3.0405,43.8483],[3.0395,43.8506],[3.0405,43.853],[3.0385,43.8556],[3.0195,43.8537],[3.0183,43.8515],[3.0108,43.8563],[3.0134,43.8565],[3.0152,43.859],[3.0108,43.8599],[3.0112,43.8647],[3.0143,43.8656],[3.0155,43.8631],[3.0207,43.8636],[3.0204,43.8607],[3.0233,43.8616],[3.026,43.8604],[3.0238,43.8621]]],[[[2.9843,43.8513],[2.9859,43.8482],[2.9852,43.8457],[2.9798,43.8448],[2.9802,43.8479],[2.9843,43.8513]]],[[[3.0113,43.8722],[3.0116,43.8737],[3.0151,43.8735],[3.0138,43.8722],[3.0161,43.8724],[3.0167,43.8693],[3.0107,43.8695],[3.0109,43.8716],[3.0138,43.8722],[3.0113,43.8722]]],[[[3.0151,43.8816],[3.0088,43.8797],[3.0116,43.8812],[3.0117,43.8844],[3.0151,43.8831],[3.0151,43.8816]]],[[[3.0107,43.8689],[3.0168,43.8683],[3.0125,43.8668],[3.0107,43.8689]]]]}},{"type":"Feature","properties":{"id":"F17766H","nom":"Forêt domaniale d'Aubrac","dep":"12","essence":"feuillu"},"geometry":{"type":"MultiPolygon","coordinates":[[[[2.9855,44.5738],[2.9819,44.5714],[2.9793,44.5728],[2.9776,44.5765],[2.9791,44.5773],[2.9691,44.5764],[2.965,44.5786],[2.9649,44.5811],[2.973,44.5801],[2.9777,44.5816],[2.9814,44.5852],[2.9772,44.5873],[2.9728,44.5876],[2.9726,44.5918],[2.9669,44.5908],[2.9645,44.5927],[2.9745,44.5966],[2.9773,44.5995],[2.9778,44.6032],[2.9872,44.6106],[2.9808,44.6119],[2.9731,44.6092],[2.9713,44.61],[2.9711,44.6122],[2.9668,44.612],[2.9672,44.6142],[2.9726,44.6155],[2.9758,44.6137],[2.9841,44.6143],[2.9893,44.6126],[2.9872,44.611],[2.9905,44.6086],[2.9955,44.6082],[2.999,44.6061],[3.0008,44.6016],[3.0106,44.6],[3.0122,44.5973],[3.0167,44.5987],[3.0264,44.5945],[3.0303,44.5954],[3.0349,44.5903],[3.0309,44.5845],[3.038,44.5816],[3.0366,44.5768],[3.0398,44.5751],[3.0337,44.5695],[3.0274,44.5745],[3.0221,44.5719],[3.0212,44.5646],[3.0169,44.5616],[3.0132,44.5644],[3.0102,44.5631],[3.0122,44.5685],[3.0045,44.5719],[2.9925,44.5705],[2.988,44.5683],[2.9863,44.5693],[2.9907,44.575],[2.9855,44.5738]]],[[[2.9391,44.6172],[2.9301,44.6199],[2.9494,44.626],[2.9532,44.6302],[2.9585,44.6474],[2.9577,44.6503],[2.9541,44.6537],[2.9555,44.6548],[2.9589,44.6536],[2.9632,44.6548],[2.9697,44.6487],[2.9647,44.6459],[2.9637,44.6436],[2.9651,44.6409],[2.9769,44.6326],[2.9702,44.6234],[2.9507,44.6195],[2.9519,44.6202],[2.9483,44.6211],[2.9422,44.6174],[2.9391,44.6172]]],[[[2.9489,44.5579],[2.9463,44.5573],[2.9446,44.5513],[2.9381,44.5476],[2.9376,44.5454],[2.9334,44.5438],[2.9315,44.5454],[2.932,44.5473],[2.928,44.5471],[2.9358,44.5528],[2.9396,44.5536],[2.9454,44.5649],[2.9481,44.5612],[2.95,44.5622],[2.9504,44.568],[2.9554,44.5713],[2.953,44.5666],[2.955,44.5659],[2.9571,44.562],[2.9609,44.5633],[2.9628,44.5619],[2.9616,44.5596],[2.9537,44.5603],[2.9489,44.5579]]],[[[2.9336,44.6498],[2.9354,44.6515],[2.9346,44.6549],[2.9397,44.6505],[2.9447,44.6519],[2.9443,44.6545],[2.9519,44.6525],[2.9386,44.6443],[2.9217,44.639],[2.9238,44.642],[2.9236,44.6445],[2.9276,44.6477],[2.9336,44.6498]]],[[[2.924,44.5532],[2.9223,44.5537],[2.9239,44.5561],[2.9312,44.558],[2.9311,44.5558],[2.924,44.5532]]],[[[2.9696,44.6164],[2.9683,44.6166],[2.9688,44.6178],[2.9718,44.6184],[2.9702,44.6207],[2.9789,44.6193],[2.9752,44.617],[2.9696,44.6164]]],[[[2.921,44.5482],[2.9263,44.5487],[2.9229,44.5465],[2.9226,44.545],[2.9247,44.544],[2.9238,44.5434],[2.9194,44.5449],[2.921,44.5482]]]]}},{"type":"Feature","properties":{"id":"F17767I","nom":"Forêt domaniale de Pommiers","dep":"12","essence":"autre"},"geometry":{"type":"Polygon","coordinates":[[[2.8428,44.6056],[2.8346,44.605],[2.8319,44.6026],[2.8276,44.6026],[2.8316,44.608],[2.829,44.6095],[2.8326,44.6097],[2.8384,44.6131],[2.8402,44.6117],[2.8391,44.6108],[2.841,44.611],[2.8391,44.6089],[2.8413,44.6092],[2.8411,44.611],[2.8455,44.609],[2.8444,44.6058],[2.8428,44.6056]]]}},{"type":"Feature","properties":{"id":"F17789E","nom":"Forêt domaniale de Murasson","dep":"12","essence":"conifere"},"geometry":{"type":"Polygon","coordinates":[[[2.7759,43.7424],[2.7782,43.7415],[2.7722,43.7443],[2.7715,43.7479],[2.7785,43.7465],[2.7787,43.7494],[2.7769,43.7511],[2.7855,43.7491],[2.7825,43.7439],[2.7839,43.7408],[2.7824,43.7376],[2.7759,43.7424]]]}},{"type":"Feature","properties":{"id":"F17812B","nom":"Forêt domaniale du Haut-Dourdou","dep":"12","essence":"conifere"},"geometry":{"type":"MultiPolygon","coordinates":[[[[2.969,43.7318],[2.978,43.734],[2.9777,43.7357],[2.9734,43.7353],[2.9744,43.738],[2.9773,43.7417],[2.9859,43.7473],[2.9882,43.751],[2.9917,43.7497],[2.9906,43.7481],[2.9888,43.7484],[2.9904,43.7478],[2.9866,43.7439],[2.9871,43.7415],[2.9928,43.7487],[2.9943,43.7479],[2.9934,43.7503],[2.9968,43.753],[3.0007,43.7505],[3.0082,43.7532],[3.0045,43.7547],[3.0076,43.7551],[3.0092,43.7571],[3.0114,43.757],[3.01,43.7553],[3.0113,43.7543],[3.0128,43.756],[3.0156,43.7549],[3.0175,43.7563],[3.0179,43.7533],[3.0238,43.7566],[3.0258,43.7545],[3.0293,43.7557],[3.0339,43.7547],[3.0329,43.7491],[3.0253,43.7498],[3.0192,43.7412],[3.0129,43.7434],[3.0133,43.7459],[3.0148,43.7469],[3.0134,43.7455],[3.0154,43.7452],[3.0173,43.7469],[3.0164,43.7492],[3.0114,43.7443],[3.0057,43.7426],[3.002,43.7444],[3.0022,43.7474],[2.9969,43.7478],[2.997,43.7465],[2.9949,43.7467],[2.9958,43.7419],[2.9916,43.7411],[2.9952,43.737],[2.9747,43.7272],[2.9761,43.7258],[2.9734,43.7229],[2.9751,43.7216],[2.9799,43.7216],[2.9793,43.7185],[2.9761,43.717],[2.9778,43.7151],[2.9759,43.7143],[2.9741,43.7156],[2.9735,43.7141],[2.9753,43.7089],[2.9782,43.7065],[2.9679,43.7036],[2.9638,43.7008],[2.9582,43.7006],[2.959,43.702],[2.9575,43.7061],[2.9557,43.7056],[2.9566,43.7077],[2.9474,43.7123],[2.9453,43.7152],[2.948,43.7163],[2.9563,43.7147],[2.9595,43.7119],[2.9662,43.7132],[2.9653,43.7155],[2.9668,43.7182],[2.9645,43.7193],[2.9722,43.7209],[2.9654,43.7229],[2.9646,43.7204],[2.9595,43.7216],[2.9603,43.724],[2.9642,43.7253],[2.962,43.7257],[2.9629,43.7268],[2.9585,43.7272],[2.9616,43.7289],[2.9601,43.729],[2.96,43.7309],[2.964,43.7299],[2.9636,43.7278],[2.9685,43.7259],[2.9696,43.7291],[2.9663,43.7311],[2.969,43.7318]]],[[[3.0745,43.7698],[3.0716,43.7693],[3.076,43.7685],[3.0692,43.762],[3.0658,43.7644],[3.0628,43.7648],[3.0612,43.7628],[3.0574,43.7651],[3.057,43.7665],[3.06,43.7691],[3.0579,43.7686],[3.0582,43.7703],[3.0569,43.7689],[3.0563,43.7703],[3.0552,43.7696],[3.0547,43.7705],[3.0562,43.7715],[3.0546,43.7718],[3.0475,43.7702],[3.0442,43.7682],[3.0448,43.7667],[3.0375,43.7625],[3.0282,43.7629],[3.0198,43.7607],[3.0152,43.7642],[3.0142,43.7618],[3.0158,43.7608],[3.0145,43.7601],[3.0105,43.7604],[3.013,43.7619],[3.0025,43.7642],[2.9996,43.7668],[3.0066,43.7663],[3.0055,43.7669],[3.006,43.7692],[3.0076,43.7686],[3.0099,43.7706],[3.0071,43.7694],[3.0061,43.7709],[3.0087,43.7722],[3.0112,43.771],[3.0112,43.7726],[3.0134,43.7725],[3.0122,43.7731],[3.0134,43.7747],[3.0167,43.7741],[3.0159,43.7753],[3.0181,43.7737],[3.025,43.7737],[3.0261,43.7702],[3.0234,43.7656],[3.0251,43.7688],[3.0275,43.7698],[3.0263,43.7718],[3.0289,43.77],[3.0344,43.7732],[3.0396,43.7696],[3.0427,43.7699],[3.0445,43.7743],[3.0437,43.7762],[3.0488,43.7795],[3.0436,43.7808],[3.0418,43.7842],[3.0453,43.787],[3.0563,43.7901],[3.0584,43.7858],[3.057,43.7828],[3.0589,43.7795],[3.0644,43.7768],[3.0637,43.775],[3.0655,43.7762],[3.0653,43.7729],[3.0667,43.772],[3.0745,43.7698]]],[[[3.011,43.7048],[3.0069,43.7062],[3.0088,43.7038],[3.0067,43.7025],[3.0021,43.705],[2.9961,43.7055],[2.9932,43.7087],[2.989,43.7062],[2.985,43.709],[2.9896,43.7127],[2.9892,43.7189],[2.9929,43.7159],[3.0001,43.7184],[3.0037,43.7163],[2.9991,43.7142],[2.9981,43.712],[2.9998,43.7109],[3,43.7122],[3.0028,43.7126],[3.0043,43.7171],[3.0077,43.7178],[3.0086,43.7202],[3.0056,43.721],[3.007,43.7239],[3.0011,43.7251],[3.0026,43.7262],[3.0013,43.7269],[3.004,43.728],[3.0029,43.7295],[3.0059,43.7311],[3.0057,43.7324],[3.0179,43.7378],[3.0205,43.7334],[3.0195,43.726],[3.0238,43.7234],[3.0217,43.7188],[3.0247,43.7215],[3.0229,43.7254],[3.0244,43.724],[3.0271,43.7244],[3.0308,43.7193],[3.0308,43.7169],[3.0282,43.7145],[3.0243,43.7143],[3.0252,43.7118],[3.023,43.7102],[3.0222,43.7117],[3.018,43.71],[3.0166,43.7069],[3.0123,43.7035],[3.011,43.7048]]],[[[2.9396,43.7489],[2.9277,43.7532],[2.9267,43.756],[2.9226,43.7557],[2.9209,43.7604],[2.9227,43.7592],[2.9243,43.761],[2.9247,43.7581],[2.926,43.7604],[2.9256,43.7579],[2.9278,43.7579],[2.9311,43.7594],[2.9289,43.7611],[2.9261,43.7611],[2.9278,43.7618],[2.9366,43.7635],[2.9421,43.7631],[2.9448,43.762],[2.9435,43.7607],[2.9458,43.7573],[2.9481,43.7572],[2.9481,43.7585],[2.9523,43.7603],[2.9514,43.7575],[2.9558,43.7564],[2.9549,43.7553],[2.9564,43.7529],[2.9601,43.7513],[2.9586,43.7495],[2.9594,43.7476],[2.9557,43.7464],[2.9573,43.7442],[2.9555,43.7448],[2.9533,43.7425],[2.953,43.7401],[2.9514,43.7442],[2.9455,43.7484],[2.9416,43.7471],[2.9408,43.744],[2.9389,43.7434],[2.9396,43.7489]]],[[[3.0645,43.7041],[3.0611,43.6999],[3.0623,43.6944],[3.0609,43.6929],[3.0468,43.6972],[3.044,43.6967],[3.0438,43.6952],[3.0441,43.6986],[3.0382,43.7003],[3.0441,43.7034],[3.0478,43.7105],[3.0503,43.7088],[3.0495,43.7071],[3.0534,43.707],[3.0518,43.7085],[3.0543,43.7086],[3.0507,43.7097],[3.0504,43.7128],[3.0476,43.7117],[3.0533,43.7169],[3.0554,43.7145],[3.0568,43.7141],[3.0576,43.7159],[3.0599,43.7136],[3.0624,43.714],[3.0626,43.7117],[3.0688,43.7082],[3.0693,43.7068],[3.0645,43.7041]]],[[[2.9367,43.6961],[2.9366,43.6981],[2.933,43.6985],[2.9362,43.7003],[2.9347,43.7041],[2.9316,43.7049],[2.9321,43.706],[2.9305,43.707],[2.9325,43.7102],[2.9363,43.708],[2.9363,43.7106],[2.9382,43.7098],[2.9482,43.7023],[2.9494,43.7027],[2.9452,43.7082],[2.9505,43.7032],[2.9467,43.709],[2.9485,43.7099],[2.9493,43.7083],[2.9476,43.7089],[2.9487,43.7055],[2.9515,43.7035],[2.9556,43.697],[2.9511,43.6948],[2.9501,43.6967],[2.9456,43.6958],[2.9462,43.6931],[2.9381,43.6906],[2.9353,43.6941],[2.9367,43.6961]]],[[[3.0532,43.7441],[3.0535,43.7424],[3.0593,43.7381],[3.0569,43.7359],[3.0532,43.738],[3.0524,43.7404],[3.048,43.7391],[3.0464,43.7404],[3.0488,43.7441],[3.0485,43.7473],[3.0503,43.7475],[3.0495,43.7503],[3.0461,43.7508],[3.0452,43.7488],[3.0436,43.75],[3.045,43.7476],[3.036,43.7457],[3.0386,43.7521],[3.0415,43.753],[3.0442,43.7511],[3.0513,43.7548],[3.052,43.7528],[3.0565,43.753],[3.0525,43.7458],[3.0532,43.7441]]],[[[2.9639,43.7524],[2.96,43.7537],[2.9569,43.7596],[2.9591,43.7608],[2.9627,43.7605],[2.9644,43.7584],[2.9705,43.7573],[2.9744,43.7535],[2.9673,43.7511],[2.9637,43.7512],[2.9639,43.7524]]],[[[3.0081,43.7382],[3.0097,43.7419],[3.0074,43.7405],[3.0059,43.7422],[3.0088,43.7433],[3.0117,43.7433],[3.0112,43.7425],[3.0161,43.7398],[3.0157,43.7385],[3.0107,43.7379],[3.0044,43.7351],[3.0037,43.7331],[3.0002,43.7324],[2.9997,43.728],[2.9963,43.7295],[2.9975,43.7312],[2.995,43.7338],[2.9975,43.7332],[2.9991,43.7357],[3.0081,43.7382]]],[[[2.9617,43.7922],[2.9631,43.7967],[2.9642,43.7968],[2.9696,43.7918],[2.9686,43.7933],[2.9715,43.794],[2.9724,43.7897],[2.9672,43.7866],[2.9654,43.7891],[2.9598,43.7893],[2.9617,43.7922]]],[[[2.9915,43.766],[2.9945,43.7616],[2.99,43.7635],[2.9879,43.7617],[2.9883,43.7593],[2.9863,43.7586],[2.9847,43.7605],[2.9871,43.7636],[2.9844,43.7633],[2.9836,43.7604],[2.9788,43.7641],[2.9811,43.7629],[2.982,43.7661],[2.9787,43.7652],[2.9845,43.7681],[2.9892,43.7684],[2.9915,43.766]]],[[[2.9202,43.7697],[2.9199,43.7708],[2.9224,43.771],[2.9203,43.7697],[2.9237,43.7672],[2.9245,43.7688],[2.9251,43.7668],[2.9217,43.7644],[2.9205,43.7656],[2.919,43.7627],[2.9135,43.7611],[2.912,43.7617],[2.9147,43.7627],[2.9078,43.7658],[2.9106,43.7681],[2.9211,43.7676],[2.9202,43.7697]]],[[[3.0537,43.7288],[3.0583,43.7274],[3.0578,43.7239],[3.0552,43.7229],[3.0497,43.7246],[3.0529,43.7274],[3.0498,43.7317],[3.0517,43.7324],[3.0489,43.7355],[3.0547,43.7359],[3.052,43.7324],[3.0549,43.7297],[3.0526,43.7296],[3.0537,43.7288]]],[[[2.9238,43.7523],[2.9254,43.7516],[2.9236,43.7506],[2.9242,43.749],[2.926,43.7507],[2.9271,43.7485],[2.9227,43.7466],[2.923,43.7483],[2.914,43.7472],[2.9184,43.7505],[2.9166,43.7519],[2.9173,43.7531],[2.9199,43.7518],[2.9238,43.7523]]],[[[2.9813,43.7879],[2.9822,43.7878],[2.9812,43.7867],[2.9791,43.7875],[2.9763,43.7861],[2.977,43.7831],[2.9735,43.783],[2.9695,43.7805],[2.9674,43.7808],[2.9696,43.7827],[2.9665,43.7823],[2.9772,43.7883],[2.9813,43.7879]]],[[[2.9441,43.7154],[2.9381,43.7146],[2.9357,43.7172],[2.9377,43.7185],[2.9363,43.7204],[2.9406,43.7209],[2.9403,43.7193],[2.944,43.7182],[2.9441,43.7154]]],[[[3.0223,43.7343],[3.0188,43.738],[3.023,43.7382],[3.0223,43.7364],[3.0237,43.7349],[3.0223,43.7343]]],[[[2.9422,43.71],[2.9386,43.7141],[2.9402,43.7146],[2.9448,43.7084],[2.9391,43.7142],[2.9422,43.71]]],[[[3.0323,43.7746],[3.0331,43.7737],[3.0317,43.7732],[3.0297,43.7747],[3.0303,43.7758],[3.0323,43.7746]]]]}},{"type":"Feature","properties":{"id":"F17828R","nom":"Forêt domaniale de Masclat","dep":"12","essence":"conifere"},"geometry":{"type":"Polygon","coordinates":[[[2.6385,44.8014],[2.6362,44.7986],[2.6338,44.7983],[2.6336,44.8011],[2.6301,44.801],[2.6317,44.8023],[2.6299,44.8035],[2.6242,44.8014],[2.6264,44.7985],[2.6167,44.7962],[2.6182,44.7985],[2.6185,44.8031],[2.6225,44.8053],[2.6257,44.805],[2.6254,44.8064],[2.6322,44.8069],[2.6385,44.8014]]]}},{"type":"Feature","properties":{"id":"F17842F","nom":"Forêt domaniale de la Croix-De-La-Guérite","dep":"12","essence":"conifere"},"geometry":{"type":"MultiPolygon","coordinates":[[[[3.4472,44.024],[3.4518,44.0218],[3.4484,44.0196],[3.4495,44.0118],[3.4468,44.0094],[3.446,44.0048],[3.4403,43.9982],[3.4359,43.9976],[3.4355,43.9989],[3.4381,44.0001],[3.4395,44.0035],[3.4382,44.004],[3.439,44.0066],[3.4348,44.0084],[3.4351,44.0148],[3.437,44.0158],[3.4378,44.0193],[3.44,44.0215],[3.4376,44.0239],[3.438,44.0257],[3.4361,44.0266],[3.4372,44.0273],[3.4356,44.0298],[3.4432,44.0246],[3.4472,44.024]]],[[[3.4171,44.0416],[3.4209,44.039],[3.4224,44.036],[3.429,44.035],[3.4325,44.0319],[3.4196,44.0305],[3.4201,44.0332],[3.418,44.0345],[3.4185,44.0359],[3.4147,44.0365],[3.4151,44.0378],[3.4132,44.0392],[3.4106,44.0394],[3.4059,44.036],[3.4022,44.0411],[3.4041,44.0426],[3.4113,44.0407],[3.4171,44.0416]]],[[[3.4145,44.0098],[3.4112,44.0119],[3.4184,44.0149],[3.4257,44.0131],[3.428,44.0106],[3.4179,44.0089],[3.4205,44.0137],[3.4145,44.0098]]],[[[3.3737,44.0418],[3.3777,44.0396],[3.3734,44.0392],[3.3708,44.0417],[3.3737,44.0418]]],[[[3.3685,44.0469],[3.3714,44.0493],[3.372,44.0471],[3.3685,44.0469]]]]}},{"type":"Feature","properties":{"id":"F17886X","nom":"Forêt domaniale du Lagast","dep":"12","essence":"feuillu"},"geometry":{"type":"Polygon","coordinates":[[[2.6428,44.1396],[2.6462,44.1321],[2.6444,44.1314],[2.6392,44.1327],[2.6376,44.1345],[2.6388,44.1371],[2.6337,44.1403],[2.6281,44.1415],[2.6299,44.1428],[2.6292,44.1441],[2.634,44.1456],[2.6428,44.1396]]]}},{"type":"Feature","properties":{"id":"F23595M","nom":"Forêt domaniale des Grands Causses","dep":"12","essence":"conifere"},"geometry":{"type":"MultiPolygon","coordinates":[[[[3.1513,44.1485],[3.1444,44.1325],[3.1389,44.1251],[3.1401,44.1234],[3.1392,44.121],[3.1335,44.1184],[3.1301,44.1111],[3.1293,44.1133],[3.1277,44.1134],[3.1261,44.1106],[3.1237,44.1112],[3.1253,44.1068],[3.1152,44.1058],[3.113,44.1092],[3.1099,44.107],[3.0992,44.1086],[3.0997,44.1119],[3.1052,44.1171],[3.1076,44.1217],[3.1105,44.1229],[3.1096,44.1259],[3.1156,44.129],[3.1154,44.1356],[3.1172,44.1361],[3.122,44.1335],[3.1234,44.1359],[3.1248,44.1353],[3.1254,44.1391],[3.1343,44.1406],[3.1353,44.1442],[3.1493,44.1497],[3.1518,44.1495],[3.1513,44.1485]]],[[[3.2276,44.1865],[3.2337,44.1871],[3.2345,44.1819],[3.2416,44.1804],[3.2469,44.1829],[3.2462,44.1851],[3.2425,44.1864],[3.2423,44.1884],[3.2485,44.1862],[3.2513,44.1888],[3.2519,44.1858],[3.254,44.1864],[3.2573,44.1843],[3.2592,44.1755],[3.2475,44.1744],[3.2442,44.1703],[3.2399,44.1692],[3.2378,44.1705],[3.2299,44.1671],[3.2282,44.1681],[3.2315,44.1684],[3.231,44.1698],[3.2256,44.172],[3.227,44.1748],[3.2197,44.1751],[3.2189,44.1816],[3.2171,44.1838],[3.2244,44.1826],[3.2276,44.1865]]],[[[3.2622,43.9676],[3.2603,43.9657],[3.2578,43.9669],[3.2537,43.9721],[3.2536,43.9776],[3.2551,43.9807],[3.2602,43.9852],[3.2584,43.9849],[3.2579,43.9885],[3.2595,43.9884],[3.2604,43.9858],[3.2602,43.9877],[3.2639,43.9875],[3.2645,43.9861],[3.2666,43.9858],[3.271,43.9876],[3.2791,43.9848],[3.2797,43.9814],[3.2828,43.9783],[3.2798,43.9731],[3.2798,43.9706],[3.2817,43.9698],[3.2769,43.9682],[3.2678,43.9707],[3.2622,43.9676]]],[[[2.9658,43.8916],[2.9664,43.8967],[2.9644,43.8959],[2.9623,43.8971],[2.9647,43.9003],[2.9629,43.9043],[2.9642,43.902],[2.9653,43.9022],[2.964,43.9042],[2.9672,43.9044],[2.9752,43.8999],[2.982,43.9036],[2.9873,43.9037],[2.9882,43.9009],[2.989,43.9027],[2.9975,43.9048],[2.9984,43.9063],[2.9987,43.9049],[3.0007,43.9056],[2.9991,43.9037],[2.9998,43.9017],[2.9974,43.9002],[2.9992,43.8975],[2.9937,43.8986],[2.9866,43.8931],[2.9801,43.8932],[2.9727,43.8893],[2.9686,43.8889],[2.9697,43.8911],[2.966,43.8904],[2.9658,43.8916]]],[[[3.0832,43.8355],[3.0773,43.8344],[3.0654,43.8354],[3.0638,43.836],[3.0632,43.8383],[3.0676,43.8415],[3.0829,43.8396],[3.088,43.842],[3.0899,43.8445],[3.0929,43.8451],[3.1002,43.8416],[3.1051,43.8409],[3.1045,43.8379],[3.1074,43.8363],[3.1031,43.8306],[3.0863,43.8359],[3.0832,43.8355]]],[[[3.1421,43.8725],[3.1417,43.8735],[3.1457,43.8741],[3.1477,43.8765],[3.1493,43.8757],[3.1553,43.8774],[3.1593,43.8756],[3.1622,43.8701],[3.1564,43.8665],[3.1572,43.865],[3.1556,43.8635],[3.1569,43.8629],[3.1553,43.8627],[3.151,43.8581],[3.145,43.8606],[3.1473,43.866],[3.1424,43.8689],[3.1421,43.8725]]],[[[3.1142,43.8308],[3.1177,43.8309],[3.1214,43.8352],[3.1252,43.8313],[3.1265,43.8308],[3.1257,43.8322],[3.1272,43.8328],[3.1299,43.8289],[3.1362,43.8253],[3.1251,43.8179],[3.1123,43.8275],[3.1088,43.8286],[3.1142,43.8308]]],[[[3.0249,44.1888],[3.0206,44.1864],[3.0179,44.1883],[3.0151,44.187],[3.0149,44.1803],[3.0107,44.1782],[3.0091,44.1799],[3.0134,44.1945],[3.0093,44.1967],[3.0094,44.1981],[3.0104,44.1997],[3.0127,44.1994],[3.0148,44.2024],[3.0172,44.1992],[3.0168,44.2003],[3.0196,44.2016],[3.0249,44.1888]]],[[[3.173,44.1145],[3.1747,44.1153],[3.1728,44.1186],[3.1787,44.1234],[3.173,44.1276],[3.1769,44.1281],[3.1728,44.1298],[3.1737,44.1315],[3.1709,44.1341],[3.1727,44.136],[3.1753,44.1371],[3.1773,44.1314],[3.1835,44.1326],[3.1899,44.1316],[3.1905,44.1307],[3.1876,44.1304],[3.1869,44.1254],[3.1788,44.1233],[3.1822,44.1188],[3.173,44.1145]]],[[[3.144,44.2049],[3.1473,44.195],[3.1349,44.2004],[3.128,44.2088],[3.1452,44.2084],[3.147,44.2056],[3.144,44.2049]]],[[[3.1509,43.9424],[3.1567,43.9384],[3.153,43.9305],[3.1573,43.9254],[3.152,43.9213],[3.1462,43.921],[3.1496,43.9428],[3.1509,43.9424]]],[[[3.0348,43.9959],[3.0335,43.9955],[3.0332,43.9972],[3.0318,43.9952],[3.0309,43.9877],[3.027,43.9876],[3.0237,43.9933],[3.0215,43.9921],[3.0238,43.9875],[3.0204,43.9874],[3.0169,43.9931],[3.0158,43.9988],[3.0251,43.9972],[3.036,43.9978],[3.037,43.9962],[3.0355,43.9947],[3.0348,43.9959]]],[[[2.9789,43.907],[2.9714,43.9088],[2.9716,43.9114],[2.9748,43.9136],[2.9828,43.9133],[2.9903,43.9155],[2.9921,43.9135],[2.9963,43.9123],[2.9887,43.9078],[2.9828,43.9095],[2.9762,43.9088],[2.9789,43.907]]],[[[3.1811,43.9407],[3.1699,43.9414],[3.1676,43.9467],[3.1813,43.9495],[3.1824,43.9439],[3.1811,43.9407]]],[[[3.1527,44.1252],[3.1468,44.1112],[3.1451,44.1165],[3.1436,44.1172],[3.1446,44.1178],[3.1433,44.1221],[3.1463,44.1231],[3.1455,44.1249],[3.1475,44.1265],[3.1527,44.1252]]],[[[3.2843,44.1015],[3.2812,44.1009],[3.2784,44.1046],[3.2731,44.104],[3.276,44.1071],[3.272,44.1098],[3.2809,44.1119],[3.2827,44.11],[3.2794,44.1085],[3.2843,44.1065],[3.2825,44.1061],[3.2834,44.105],[3.2863,44.1044],[3.2868,44.1029],[3.2843,44.1015]]],[[[3.1558,44.1104],[3.1532,44.1099],[3.1517,44.1124],[3.1552,44.1128],[3.1553,44.1162],[3.1574,44.1176],[3.156,44.1205],[3.1562,44.1263],[3.1574,44.1267],[3.1586,44.1261],[3.1588,44.121],[3.1619,44.1177],[3.1577,44.1177],[3.1586,44.1109],[3.1558,44.1104]]],[[[3.1085,44.2026],[3.1055,44.2038],[3.1089,44.2054],[3.1121,44.2041],[3.1126,44.2022],[3.1105,44.2006],[3.1085,44.2026]]],[[[3.0151,44.1739],[3.0165,44.172],[3.0121,44.1716],[3.0102,44.1736],[3.0151,44.1739]]],[[[3.1206,44.1982],[3.1193,44.1968],[3.1166,44.1993],[3.1189,44.1998],[3.1206,44.1982]]],[[[3.2362,44.1873],[3.2384,44.1882],[3.2389,44.186],[3.2359,44.1854],[3.2362,44.1873]]]]}},{"type":"Feature","properties":{"id":"F15629C","nom":"Forêt domaniale de Valbonne","dep":"30","essence":"feuillu"},"geometry":{"type":"MultiPolygon","coordinates":[[[[4.544,44.2231],[4.5432,44.2301],[4.5351,44.2286],[4.5409,44.2342],[4.5394,44.2363],[4.5419,44.2378],[4.5424,44.2399],[4.5463,44.2411],[4.5493,44.2501],[4.5497,44.2586],[4.5517,44.2603],[4.5573,44.2594],[4.553,44.2526],[4.5554,44.2523],[4.5593,44.2545],[4.562,44.2536],[4.5707,44.2564],[4.5703,44.253],[4.5632,44.2486],[4.567,44.2467],[4.5716,44.2511],[4.574,44.2508],[4.5704,44.2456],[4.5674,44.2442],[4.5756,44.2409],[4.5752,44.2384],[4.5766,44.2377],[4.5715,44.2331],[4.5717,44.2253],[4.5743,44.2245],[4.5735,44.2214],[4.5684,44.2221],[4.5652,44.2211],[4.5738,44.2196],[4.5739,44.2184],[4.5652,44.2201],[4.5655,44.2188],[4.5622,44.2195],[4.5623,44.2179],[4.5651,44.2175],[4.5652,44.2161],[4.569,44.2162],[4.5659,44.2086],[4.5639,44.2094],[4.5651,44.2162],[4.563,44.2145],[4.5594,44.2161],[4.5548,44.2162],[4.5546,44.2148],[4.553,44.2163],[4.5503,44.2148],[4.5514,44.2181],[4.5497,44.2183],[4.5499,44.2217],[4.544,44.2231]]],[[[4.5027,44.2328],[4.5038,44.2342],[4.5012,44.2365],[4.5035,44.2384],[4.5051,44.247],[4.5138,44.2497],[4.5164,44.2454],[4.5155,44.2424],[4.5218,44.2443],[4.5351,44.2424],[4.5332,44.2405],[4.5206,44.2413],[4.5206,44.2382],[4.5246,44.2379],[4.5283,44.232],[4.5307,44.2328],[4.5278,44.2296],[4.5235,44.2283],[4.5306,44.2256],[4.5291,44.2244],[4.5241,44.2246],[4.5215,44.2221],[4.5159,44.2238],[4.5135,44.2263],[4.5135,44.2283],[4.5161,44.2295],[4.5181,44.2349],[4.5175,44.238],[4.5143,44.2377],[4.5143,44.2354],[4.5107,44.2358],[4.51,44.2313],[4.5113,44.2273],[4.5027,44.2328]]],[[[4.5805,44.1981],[4.5859,44.2127],[4.601,44.2127],[4.5918,44.2037],[4.5867,44.2032],[4.5856,44.2011],[4.5984,44.1969],[4.5793,44.1952],[4.5805,44.1981]]],[[[4.5542,44.265],[4.5529,44.2638],[4.5489,44.2653],[4.5561,44.2726],[4.5583,44.273],[4.5586,44.2702],[4.5542,44.265]]]]}},{"type":"Feature","properties":{"id":"F15549A","nom":"Forêt domaniale de Malmontet","dep":"30","essence":"feuillu"},"geometry":{"type":"MultiPolygon","coordinates":[[[[3.9134,44.3853],[3.9071,44.3838],[3.9071,44.3871],[3.9006,44.3925],[3.9026,44.3974],[3.9077,44.4025],[3.9174,44.4054],[3.9186,44.4042],[3.9264,44.4058],[3.9298,44.4038],[3.9297,44.4015],[3.9327,44.402],[3.931,44.3986],[3.9323,44.3976],[3.9302,44.3963],[3.9189,44.3966],[3.9323,44.3952],[3.9347,44.3924],[3.9336,44.3922],[3.9336,44.3896],[3.9375,44.3868],[3.9234,44.3883],[3.9221,44.3878],[3.9224,44.3863],[3.9213,44.3872],[3.9196,44.3856],[3.9175,44.3867],[3.9134,44.3853]]],[[[3.898,44.3797],[3.9038,44.3804],[3.905,44.3793],[3.9082,44.3808],[3.9115,44.377],[3.9187,44.375],[3.9244,44.3708],[3.9361,44.3714],[3.9393,44.3696],[3.9371,44.372],[3.938,44.3725],[3.9392,44.37],[3.9408,44.372],[3.9434,44.3704],[3.9424,44.3689],[3.9459,44.3666],[3.9453,44.365],[3.9443,44.366],[3.9422,44.3643],[3.9394,44.3687],[3.9359,44.3676],[3.9331,44.3641],[3.9369,44.3606],[3.9278,44.363],[3.9285,44.3609],[3.9262,44.3586],[3.9288,44.3569],[3.9269,44.3568],[3.9269,44.3549],[3.9238,44.3554],[3.9286,44.3517],[3.9358,44.3547],[3.9377,44.3539],[3.9404,44.3515],[3.9385,44.3497],[3.9399,44.3501],[3.9397,44.3478],[3.9352,44.3489],[3.9301,44.3462],[3.928,44.3487],[3.9252,44.3482],[3.9271,44.3504],[3.9173,44.3588],[3.9126,44.369],[3.9065,44.3754],[3.9015,44.3762],[3.898,44.3797]]],[[[3.9177,44.3759],[3.9149,44.3806],[3.921,44.3836],[3.922,44.3858],[3.9277,44.3851],[3.9281,44.3833],[3.9304,44.3828],[3.934,44.3838],[3.9288,44.3791],[3.9331,44.3795],[3.9343,44.3774],[3.9323,44.3761],[3.9356,44.3737],[3.9242,44.3715],[3.9177,44.3759]]],[[[3.9131,44.3803],[3.915,44.3776],[3.9113,44.3788],[3.9084,44.3826],[3.9131,44.3803]]],[[[3.8995,44.3807],[3.8995,44.3805],[3.8994,44.3805],[3.8994,44.3805],[3.8992,44.3805],[3.8988,44.381],[3.8986,44.3812],[3.8985,44.3815],[3.8981,44.3818],[3.898,44.382],[3.898,44.382],[3.8978,44.3822],[3.8977,44.3828],[3.8975,44.3831],[3.8973,44.3839],[3.8972,44.3842],[3.8972,44.3848],[3.8968,44.386],[3.8966,44.3866],[3.8966,44.3866],[3.8965,44.3868],[3.8965,44.3869],[3.8966,44.387],[3.8969,44.3871],[3.897,44.387],[3.8976,44.3859],[3.8977,44.3857],[3.8978,44.3856],[3.8984,44.3843],[3.8984,44.3843],[3.8986,44.3839],[3.8989,44.3831],[3.8992,44.3826],[3.8993,44.3824],[3.8992,44.3823],[3.8993,44.3822],[3.8993,44.3821],[3.8995,44.3814],[3.8996,44.3809],[3.8995,44.3807]]]]}},{"type":"Feature","properties":{"id":"F15578D","nom":"Forêt domaniale du Causse Noir","dep":"30","essence":"mixte"},"geometry":{"type":"MultiPolygon","coordinates":[[[[3.3742,44.0718],[3.3679,44.0693],[3.3587,44.0719],[3.3586,44.07],[3.3577,44.0712],[3.358,44.0698],[3.3552,44.071],[3.3473,44.0695],[3.3407,44.0726],[3.3404,44.0764],[3.3432,44.076],[3.3426,44.0774],[3.3448,44.0776],[3.3476,44.0754],[3.3536,44.078],[3.3586,44.0761],[3.3587,44.0749],[3.3667,44.074],[3.3697,44.0761],[3.3764,44.0768],[3.3772,44.0787],[3.3787,44.0771],[3.3805,44.0778],[3.3799,44.0786],[3.3824,44.0782],[3.381,44.0761],[3.382,44.0748],[3.3795,44.0753],[3.3765,44.0703],[3.3743,44.0742],[3.3734,44.0738],[3.3742,44.0718]]],[[[3.3637,44.085],[3.3666,44.088],[3.3691,44.0853],[3.3696,44.0866],[3.3732,44.0857],[3.372,44.0876],[3.3746,44.0891],[3.3791,44.0877],[3.3795,44.085],[3.3812,44.0861],[3.3832,44.0853],[3.3822,44.0849],[3.3828,44.0837],[3.3817,44.0855],[3.3801,44.0845],[3.3818,44.0824],[3.3802,44.083],[3.3776,44.0809],[3.3739,44.084],[3.3717,44.0834],[3.3709,44.0826],[3.3723,44.0786],[3.3702,44.08],[3.3696,44.0825],[3.3684,44.0818],[3.3675,44.083],[3.3694,44.0802],[3.3682,44.078],[3.364,44.0782],[3.3646,44.0804],[3.3613,44.0798],[3.3586,44.0813],[3.3608,44.0815],[3.3637,44.085]]],[[[3.3217,44.1041],[3.3108,44.1022],[3.3095,44.1045],[3.3121,44.1042],[3.3143,44.1066],[3.3215,44.1094],[3.3228,44.1044],[3.3217,44.1041]]]]}},{"type":"Feature","properties":{"id":"F15519W","nom":"Forêt domaniale de La Fage","dep":"30","essence":"feuillu"},"geometry":{"type":"MultiPolygon","coordinates":[[[[3.8015,44.0037],[3.8028,44.0012],[3.8039,44.0019],[3.8057,44.0001],[3.8109,44.0021],[3.8113,44.0046],[3.8144,44.005],[3.8198,44.0005],[3.819,43.9982],[3.818,44],[3.8147,43.9983],[3.8127,43.9988],[3.8171,43.9944],[3.8168,43.9916],[3.8197,43.9903],[3.8182,43.9861],[3.823,43.9871],[3.8184,43.9843],[3.8175,43.9822],[3.8187,43.9813],[3.8177,43.9808],[3.8189,43.98],[3.8164,43.976],[3.8169,43.9746],[3.8151,43.9749],[3.8134,43.9708],[3.8125,43.9715],[3.8088,43.9686],[3.8096,43.9672],[3.8013,43.9646],[3.7828,43.9676],[3.7782,43.9728],[3.7787,43.9752],[3.7817,43.9734],[3.7827,43.9742],[3.7801,43.9756],[3.782,43.9767],[3.7789,43.9804],[3.7784,43.9823],[3.7802,43.9826],[3.7797,43.9849],[3.7777,43.9855],[3.7755,43.9831],[3.7734,43.9851],[3.7716,43.9908],[3.7754,43.993],[3.7852,43.9941],[3.7849,43.998],[3.7824,43.9999],[3.7848,44.0001],[3.7875,44.0026],[3.7937,44.0024],[3.7932,44.0012],[3.7963,44.0035],[3.7993,44.0025],[3.8002,44.0051],[3.8015,44.0037]]],[[[3.8236,43.9688],[3.8305,43.9697],[3.8324,43.9666],[3.8239,43.9667],[3.8236,43.9688]]]]}},{"type":"Feature","properties":{"id":"F15523A","nom":"Forêt domaniale de la Vallée-Borgne","dep":"30","essence":"feuillu"},"geometry":{"type":"MultiPolygon","coordinates":[[[[3.7331,44.0915],[3.7324,44.0942],[3.735,44.095],[3.7387,44.0934],[3.74,44.0955],[3.7411,44.0943],[3.7398,44.093],[3.7419,44.0924],[3.7403,44.0907],[3.7421,44.0915],[3.7422,44.0903],[3.7454,44.0929],[3.7425,44.0893],[3.7443,44.0879],[3.7458,44.0905],[3.7477,44.0893],[3.7453,44.0939],[3.7481,44.0957],[3.7454,44.0959],[3.7479,44.0963],[3.7491,44.0977],[3.7479,44.0997],[3.7506,44.1003],[3.7502,44.0952],[3.752,44.0936],[3.751,44.0929],[3.7533,44.0926],[3.7546,44.0905],[3.7521,44.0903],[3.7498,44.0872],[3.7488,44.0824],[3.7423,44.0858],[3.7382,44.0836],[3.7413,44.0835],[3.7425,44.0799],[3.7434,44.0816],[3.7471,44.0809],[3.7463,44.0788],[3.7488,44.0781],[3.7622,44.0786],[3.7706,44.0759],[3.7724,44.0769],[3.7797,44.0759],[3.7732,44.0789],[3.7765,44.081],[3.7788,44.08],[3.7797,44.0775],[3.7849,44.0795],[3.7845,44.0783],[3.7877,44.0781],[3.7878,44.0767],[3.7829,44.0773],[3.7801,44.0755],[3.783,44.071],[3.7829,44.0666],[3.7844,44.0652],[3.7827,44.0649],[3.7825,44.0636],[3.7765,44.0625],[3.7779,44.0609],[3.7768,44.0604],[3.7677,44.0584],[3.7607,44.0652],[3.7538,44.0667],[3.7523,44.0712],[3.7542,44.0741],[3.7507,44.0764],[3.7512,44.0782],[3.741,44.0777],[3.7331,44.0789],[3.7346,44.082],[3.7375,44.0837],[3.7343,44.0854],[3.7343,44.0878],[3.7332,44.0871],[3.7322,44.0894],[3.7331,44.0915]]],[[[3.6735,44.1849],[3.6773,44.1827],[3.6764,44.1803],[3.6788,44.1829],[3.6849,44.1827],[3.6836,44.1811],[3.6894,44.1734],[3.6934,44.1704],[3.6991,44.1695],[3.7088,44.1644],[3.7087,44.1625],[3.7032,44.1574],[3.6967,44.1599],[3.6949,44.1593],[3.6935,44.1615],[3.694,44.1643],[3.6908,44.1655],[3.6875,44.1619],[3.6861,44.1633],[3.6847,44.1621],[3.6825,44.1628],[3.684,44.166],[3.6818,44.1663],[3.6821,44.1724],[3.6768,44.1717],[3.6769,44.1774],[3.6744,44.1801],[3.6753,44.1805],[3.6741,44.1822],[3.6718,44.1803],[3.6698,44.1832],[3.6722,44.1856],[3.6735,44.1849]]],[[[3.6422,44.1419],[3.6503,44.1432],[3.6562,44.1397],[3.6583,44.1312],[3.653,44.1325],[3.651,44.1297],[3.653,44.1273],[3.6513,44.1295],[3.6493,44.1294],[3.6494,44.1271],[3.6368,44.1245],[3.6344,44.121],[3.6331,44.1213],[3.635,44.1246],[3.6328,44.1283],[3.6356,44.1326],[3.6336,44.136],[3.6358,44.1376],[3.6356,44.1404],[3.637,44.1415],[3.6422,44.1419]]],[[[3.8335,44.0957],[3.8346,44.0933],[3.8403,44.092],[3.8393,44.09],[3.8415,44.0894],[3.8384,44.0881],[3.8399,44.086],[3.8379,44.0823],[3.8419,44.08],[3.8315,44.0815],[3.8266,44.088],[3.8226,44.0904],[3.8184,44.0982],[3.8267,44.1012],[3.828,44.0998],[3.8302,44.1011],[3.8334,44.1002],[3.8362,44.098],[3.8382,44.0993],[3.8368,44.1001],[3.8374,44.1012],[3.8418,44.1003],[3.8442,44.0977],[3.8424,44.0955],[3.8423,44.0923],[3.8403,44.0927],[3.8385,44.0957],[3.8335,44.0957]]],[[[3.8361,44.1351],[3.8388,44.1348],[3.8436,44.1312],[3.8411,44.1292],[3.842,44.1262],[3.8346,44.1269],[3.8347,44.124],[3.8326,44.1206],[3.8276,44.1229],[3.828,44.1255],[3.8243,44.1303],[3.8213,44.1309],[3.8203,44.1325],[3.823,44.1365],[3.8317,44.1374],[3.8361,44.1351]]],[[[3.7449,44.1496],[3.744,44.1485],[3.7513,44.1488],[3.7525,44.1505],[3.7586,44.1486],[3.7598,44.1516],[3.7628,44.149],[3.7599,44.1425],[3.7533,44.1384],[3.7524,44.139],[3.754,44.1414],[3.7516,44.1419],[3.7507,44.1484],[3.7471,44.1448],[3.7403,44.1466],[3.7409,44.1484],[3.7434,44.1465],[3.7439,44.1475],[3.7409,44.1486],[3.7408,44.1503],[3.7432,44.1504],[3.7444,44.1523],[3.7402,44.1522],[3.7381,44.1552],[3.7444,44.1552],[3.7408,44.1532],[3.7474,44.1522],[3.7502,44.1492],[3.7449,44.1496]]],[[[3.7906,44.0847],[3.7933,44.0859],[3.7918,44.0872],[3.7934,44.0883],[3.7988,44.0858],[3.8034,44.0871],[3.8006,44.08],[3.7967,44.0756],[3.7881,44.0782],[3.7867,44.0806],[3.7906,44.0847]]],[[[3.7747,44.1372],[3.7795,44.1373],[3.7777,44.1358],[3.7812,44.1343],[3.7777,44.1305],[3.7799,44.1291],[3.7791,44.1269],[3.7761,44.129],[3.7749,44.1273],[3.7706,44.1291],[3.7688,44.1314],[3.764,44.131],[3.7669,44.1343],[3.7628,44.1335],[3.7617,44.1357],[3.7708,44.1384],[3.7721,44.1355],[3.7747,44.1372]]],[[[3.6578,44.1725],[3.6686,44.1771],[3.6695,44.1749],[3.6725,44.1743],[3.6728,44.1725],[3.6705,44.1727],[3.6722,44.1658],[3.6626,44.1677],[3.6586,44.17],[3.6567,44.1689],[3.6578,44.1725]]],[[[3.7271,44.1092],[3.7301,44.1105],[3.7348,44.109],[3.7362,44.1098],[3.7362,44.1129],[3.7392,44.1134],[3.7426,44.1117],[3.7428,44.1091],[3.7356,44.1059],[3.7309,44.1055],[3.7325,44.1078],[3.7304,44.1058],[3.7271,44.1092]]],[[[3.8464,44.1362],[3.8517,44.1327],[3.8528,44.1314],[3.8518,44.1303],[3.8534,44.1297],[3.8501,44.128],[3.844,44.1318],[3.8446,44.1362],[3.8464,44.1362]]],[[[3.7142,44.1632],[3.7123,44.1635],[3.7129,44.1614],[3.7102,44.1643],[3.7194,44.1653],[3.7191,44.1639],[3.7182,44.1649],[3.7184,44.1594],[3.7157,44.1619],[3.7175,44.1634],[3.7157,44.1619],[3.7141,44.1622],[3.7153,44.1634],[3.7142,44.1632]]],[[[3.7289,44.097],[3.7301,44.0953],[3.7242,44.0977],[3.7259,44.0971],[3.7235,44.097],[3.7245,44.0954],[3.7223,44.097],[3.7209,44.0955],[3.7215,44.0988],[3.726,44.0995],[3.7307,44.0974],[3.7289,44.097]]],[[[3.723,44.0891],[3.7216,44.089],[3.7226,44.0875],[3.7206,44.0878],[3.721,44.0901],[3.7261,44.0927],[3.723,44.0891]]],[[[3.7778,44.0855],[3.7811,44.088],[3.7778,44.0821],[3.7778,44.0855]]]]}},{"type":"Feature","properties":{"id":"F15568T","nom":"Forêt domaniale de La Vis","dep":"30","essence":"feuillu"},"geometry":{"type":"MultiPolygon","coordinates":[[[[3.6005,43.9272],[3.598,43.9284],[3.6028,43.931],[3.6035,43.9273],[3.6109,43.9298],[3.6125,43.928],[3.6111,43.9264],[3.6145,43.9256],[3.614,43.9247],[3.6188,43.9244],[3.6217,43.9219],[3.6246,43.9216],[3.6239,43.9243],[3.6323,43.9296],[3.6338,43.9282],[3.64,43.9304],[3.6421,43.9294],[3.6425,43.9308],[3.646,43.9302],[3.6469,43.9323],[3.6484,43.9323],[3.6422,43.9269],[3.6434,43.9256],[3.6438,43.927],[3.6456,43.9265],[3.6446,43.9247],[3.6423,43.9254],[3.6395,43.9235],[3.6418,43.9208],[3.6448,43.9217],[3.6469,43.9258],[3.6455,43.9215],[3.6486,43.9233],[3.6424,43.9179],[3.646,43.9152],[3.641,43.9156],[3.6462,43.9125],[3.645,43.9124],[3.644,43.9087],[3.6464,43.9085],[3.646,43.9044],[3.6476,43.9011],[3.639,43.8964],[3.6322,43.8992],[3.6399,43.9135],[3.6389,43.916],[3.6206,43.917],[3.6124,43.9205],[3.6017,43.9222],[3.5988,43.9215],[3.5979,43.919],[3.5961,43.9185],[3.5955,43.92],[3.592,43.9191],[3.5882,43.9226],[3.5898,43.9245],[3.5975,43.9247],[3.6005,43.9272]]],[[[3.4989,43.8972],[3.4967,43.8986],[3.4979,43.9003],[3.4927,43.9034],[3.4902,43.8984],[3.4884,43.8988],[3.4888,43.8972],[3.4838,43.8981],[3.4809,43.9055],[3.4818,43.9114],[3.4893,43.9128],[3.4873,43.911],[3.489,43.91],[3.4862,43.9077],[3.4885,43.9069],[3.4877,43.9042],[3.4928,43.9036],[3.4983,43.9005],[3.5013,43.9024],[3.5041,43.8993],[3.5058,43.9012],[3.504,43.9022],[3.5177,43.8998],[3.5291,43.888],[3.5208,43.8856],[3.5233,43.8887],[3.5221,43.8894],[3.5191,43.8877],[3.5161,43.8893],[3.5196,43.8925],[3.5157,43.8922],[3.5163,43.8957],[3.5131,43.8967],[3.5113,43.8953],[3.5085,43.8958],[3.5048,43.8983],[3.501,43.897],[3.5024,43.896],[3.5011,43.8942],[3.5028,43.8918],[3.4973,43.8925],[3.4958,43.8898],[3.4929,43.8918],[3.4942,43.8939],[3.4883,43.8947],[3.4906,43.8973],[3.4975,43.8931],[3.4997,43.8955],[3.4989,43.8972]]],[[[3.4547,43.9487],[3.4538,43.946],[3.4549,43.9382],[3.4569,43.9368],[3.4537,43.9344],[3.4427,43.9411],[3.4455,43.9424],[3.4426,43.9458],[3.4447,43.9468],[3.444,43.9479],[3.4418,43.9466],[3.4404,43.949],[3.4408,43.951],[3.4437,43.9518],[3.444,43.9554],[3.4498,43.9556],[3.4516,43.9553],[3.4516,43.9532],[3.4544,43.9517],[3.4547,43.9487]]],[[[3.4623,43.923],[3.461,43.9228],[3.4652,43.9209],[3.4642,43.9197],[3.4603,43.9221],[3.4622,43.9233],[3.4615,43.925],[3.4635,43.9273],[3.4685,43.9252],[3.4674,43.9209],[3.4623,43.923]]]]}},{"type":"Feature","properties":{"id":"F15584J","nom":"Forêt domaniale du Rouvergue","dep":"30","essence":"conifere"},"geometry":{"type":"MultiPolygon","coordinates":[[[[4.0095,44.2466],[4.0131,44.2489],[4.0167,44.2486],[4.0184,44.2504],[4.0193,44.2559],[4.0152,44.2587],[4.0146,44.2608],[4.0197,44.2637],[4.0264,44.2622],[4.0292,44.2654],[4.0338,44.2608],[4.0397,44.259],[4.0402,44.256],[4.0411,44.2582],[4.0428,44.259],[4.044,44.2573],[4.0452,44.2592],[4.0462,44.2528],[4.0445,44.2543],[4.044,44.2525],[4.048,44.25],[4.0459,44.2486],[4.0469,44.2459],[4.0494,44.2456],[4.048,44.245],[4.0494,44.2434],[4.048,44.2432],[4.0557,44.2396],[4.0545,44.2341],[4.0556,44.2357],[4.0564,44.2323],[4.0551,44.229],[4.0575,44.2295],[4.0586,44.225],[4.0603,44.2236],[4.0555,44.2208],[4.0576,44.2207],[4.0566,44.2192],[4.0588,44.2195],[4.06,44.2148],[4.0559,44.2146],[4.0608,44.213],[4.0635,44.2146],[4.0643,44.218],[4.0691,44.221],[4.0722,44.2199],[4.0723,44.2174],[4.0761,44.2166],[4.0735,44.215],[4.0768,44.2137],[4.0831,44.2193],[4.0833,44.2223],[4.0843,44.2218],[4.0826,44.2238],[4.0785,44.2224],[4.0755,44.224],[4.0781,44.2215],[4.0755,44.2206],[4.074,44.2233],[4.0694,44.2218],[4.0687,44.2255],[4.0729,44.2248],[4.0749,44.226],[4.0736,44.2284],[4.0773,44.2338],[4.0736,44.2337],[4.0721,44.2357],[4.0678,44.2334],[4.0633,44.238],[4.0605,44.2377],[4.0615,44.2392],[4.0634,44.2381],[4.0644,44.2397],[4.0698,44.2408],[4.0715,44.2421],[4.0698,44.2435],[4.0706,44.2445],[4.0797,44.2392],[4.0816,44.2412],[4.0842,44.2404],[4.0861,44.2432],[4.0878,44.2428],[4.0841,44.2389],[4.0885,44.24],[4.0872,44.2389],[4.0889,44.2366],[4.0868,44.2359],[4.0896,44.2355],[4.0921,44.239],[4.089,44.2396],[4.0942,44.2403],[4.0919,44.2415],[4.0936,44.2459],[4.0964,44.2458],[4.0946,44.2444],[4.0975,44.2451],[4.095,44.2429],[4.0933,44.2435],[4.0922,44.2414],[4.0942,44.2411],[4.0943,44.2387],[4.0958,44.2382],[4.0948,44.2354],[4.0916,44.2347],[4.0957,44.2337],[4.0954,44.2325],[4.0892,44.2309],[4.0882,44.2323],[4.0879,44.2305],[4.0896,44.2287],[4.088,44.229],[4.0878,44.2259],[4.0845,44.2257],[4.0847,44.2239],[4.0879,44.2242],[4.087,44.2235],[4.0879,44.2213],[4.0919,44.2195],[4.0881,44.2208],[4.0877,44.2184],[4.0901,44.2159],[4.0882,44.2154],[4.0887,44.214],[4.0878,44.216],[4.0874,44.2148],[4.0853,44.2153],[4.0859,44.2175],[4.0848,44.2181],[4.0841,44.2127],[4.082,44.2095],[4.083,44.2061],[4.0797,44.2077],[4.075,44.2061],[4.074,44.207],[4.0766,44.2082],[4.0726,44.2098],[4.0706,44.2088],[4.0701,44.2067],[4.0682,44.207],[4.0634,44.2119],[4.0636,44.2108],[4.0592,44.2105],[4.0594,44.2092],[4.0579,44.209],[4.0639,44.2088],[4.0644,44.2041],[4.066,44.2033],[4.0677,44.2045],[4.0666,44.2035],[4.0674,44.2026],[4.0707,44.2033],[4.0721,44.2006],[4.0711,44.1984],[4.0691,44.199],[4.0683,44.1979],[4.0656,44.1997],[4.0621,44.199],[4.0638,44.1982],[4.0629,44.1969],[4.0664,44.196],[4.065,44.1951],[4.0657,44.196],[4.0601,44.1955],[4.0579,44.1979],[4.0581,44.1964],[4.0555,44.1969],[4.062,44.1918],[4.064,44.1925],[4.0635,44.1937],[4.0659,44.1927],[4.0654,44.1914],[4.0673,44.192],[4.069,44.1907],[4.066,44.1892],[4.0676,44.1885],[4.067,44.1864],[4.0658,44.1876],[4.0666,44.1859],[4.0607,44.1852],[4.0613,44.1838],[4.0597,44.1849],[4.06,44.187],[4.0639,44.1874],[4.0659,44.189],[4.0628,44.188],[4.0637,44.1888],[4.0624,44.1893],[4.067,44.1905],[4.0616,44.1913],[4.0624,44.1898],[4.0601,44.189],[4.0611,44.191],[4.0572,44.1926],[4.0543,44.1927],[4.0554,44.1915],[4.0539,44.1904],[4.0528,44.1913],[4.0537,44.1923],[4.0516,44.1921],[4.0545,44.1978],[4.0573,44.1987],[4.0549,44.1989],[4.0529,44.2019],[4.0523,44.2074],[4.0507,44.2023],[4.0475,44.2039],[4.0409,44.204],[4.0413,44.2062],[4.0479,44.2092],[4.0449,44.2088],[4.0419,44.2116],[4.0409,44.2107],[4.0374,44.2119],[4.0422,44.2154],[4.0399,44.216],[4.0422,44.2158],[4.0407,44.2175],[4.0378,44.2136],[4.0348,44.215],[4.0372,44.2165],[4.036,44.217],[4.033,44.2145],[4.0369,44.2207],[4.0421,44.2214],[4.0406,44.224],[4.0374,44.222],[4.04,44.2242],[4.0396,44.2271],[4.0413,44.2293],[4.0335,44.2258],[4.0377,44.2234],[4.0363,44.2237],[4.0335,44.2212],[4.0308,44.216],[4.0274,44.2195],[4.0244,44.2191],[4.0264,44.2167],[4.0255,44.2145],[4.0228,44.214],[4.0193,44.2191],[4.0209,44.22],[4.0188,44.2238],[4.013,44.2259],[4.0157,44.2258],[4.0131,44.2273],[4.0168,44.2295],[4.0156,44.2316],[4.0129,44.2308],[4.0091,44.2332],[4.0145,44.238],[4.0126,44.2395],[4.0115,44.2466],[4.0095,44.2466]]],[[[4.0896,44.26],[4.0914,44.2566],[4.0889,44.2548],[4.0924,44.2557],[4.0932,44.2569],[4.0915,44.2567],[4.0955,44.2586],[4.0921,44.2582],[4.0956,44.2591],[4.0977,44.2565],[4.0921,44.2529],[4.0925,44.2507],[4.0887,44.2528],[4.0877,44.2553],[4.0847,44.2556],[4.0868,44.2578],[4.0894,44.2576],[4.0866,44.2597],[4.0873,44.2587],[4.0852,44.2601],[4.0828,44.2587],[4.0821,44.2607],[4.078,44.2576],[4.0745,44.2625],[4.069,44.2625],[4.0698,44.2649],[4.0731,44.2667],[4.0724,44.2697],[4.0682,44.2663],[4.0657,44.2677],[4.0684,44.2656],[4.0663,44.2658],[4.0662,44.2627],[4.0701,44.2607],[4.066,44.2585],[4.0645,44.2591],[4.0635,44.2618],[4.0662,44.2627],[4.0642,44.263],[4.0646,44.265],[4.0623,44.2696],[4.0659,44.27],[4.0618,44.2707],[4.0638,44.2708],[4.0631,44.2721],[4.0647,44.2731],[4.0629,44.2738],[4.0633,44.2748],[4.0584,44.2751],[4.0564,44.2773],[4.0588,44.2794],[4.0609,44.2789],[4.0624,44.2779],[4.0615,44.2752],[4.0655,44.2752],[4.0667,44.2739],[4.0721,44.2745],[4.0737,44.2767],[4.0751,44.2746],[4.0777,44.2758],[4.0759,44.2761],[4.0766,44.2776],[4.081,44.2782],[4.0819,44.2765],[4.0843,44.2779],[4.086,44.2761],[4.0877,44.2783],[4.0892,44.2771],[4.0906,44.2785],[4.0946,44.2758],[4.0913,44.2798],[4.0889,44.2788],[4.0931,44.2803],[4.0951,44.2788],[4.0958,44.2811],[4.1018,44.2789],[4.1038,44.2798],[4.1042,44.2768],[4.1068,44.2757],[4.1067,44.277],[4.1105,44.2748],[4.1102,44.2718],[4.1074,44.274],[4.103,44.2707],[4.1013,44.2727],[4.0974,44.2731],[4.1026,44.2702],[4.1007,44.2661],[4.1071,44.2656],[4.1059,44.2685],[4.1082,44.2694],[4.1138,44.2652],[4.1168,44.2653],[4.1121,44.262],[4.111,44.2645],[4.102,44.2657],[4.1011,44.265],[4.1054,44.2643],[4.1004,44.2644],[4.0976,44.2625],[4.1071,44.2612],[4.1055,44.2585],[4.0948,44.2617],[4.0896,44.26]]],[[[4.0288,44.2897],[4.0304,44.2902],[4.0308,44.2879],[4.0342,44.2863],[4.0276,44.2844],[4.0245,44.2845],[4.0232,44.286],[4.0199,44.2852],[4.0246,44.2829],[4.0221,44.2802],[4.0235,44.2786],[4.0252,44.2788],[4.025,44.2766],[4.0304,44.2774],[4.0291,44.2767],[4.0327,44.2756],[4.0351,44.2714],[4.0245,44.2694],[4.0202,44.2729],[4.0179,44.2717],[4.0198,44.2737],[4.0173,44.2724],[4.0149,44.2739],[4.0095,44.2733],[4.0022,44.2754],[4.0029,44.2785],[4.0038,44.2766],[4.0084,44.2771],[4.0036,44.281],[4.0016,44.279],[4.0012,44.2804],[3.9992,44.2801],[4.0012,44.2821],[4.0015,44.2848],[3.9975,44.2875],[3.9961,44.2868],[3.9945,44.2919],[3.9982,44.2966],[4.0035,44.2972],[4.0029,44.3001],[3.9999,44.3016],[3.9999,44.3027],[4.0027,44.3021],[4.0009,44.3048],[4.0018,44.3057],[4.0058,44.3046],[4.0056,44.3033],[4.0047,44.304],[4.0053,44.3022],[4.0027,44.3021],[4.0054,44.3014],[4.0036,44.3006],[4.0037,44.2983],[4.0061,44.299],[4.0063,44.3008],[4.0117,44.2997],[4.0143,44.3008],[4.0138,44.2999],[4.0162,44.2981],[4.0181,44.3002],[4.0203,44.2974],[4.0201,44.2959],[4.0231,44.2941],[4.023,44.2922],[4.0256,44.291],[4.0165,44.2969],[4.0187,44.295],[4.0161,44.2949],[4.0171,44.2939],[4.0186,44.2948],[4.0225,44.2899],[4.0215,44.2892],[4.0257,44.2869],[4.027,44.2918],[4.0288,44.2897]]],[[[4.1353,44.2519],[4.1341,44.2531],[4.1352,44.2553],[4.1407,44.2539],[4.143,44.2546],[4.1434,44.2557],[4.1423,44.2558],[4.1435,44.257],[4.1425,44.2563],[4.1408,44.2579],[4.1387,44.2599],[4.1395,44.2609],[4.1433,44.2633],[4.1443,44.2618],[4.1464,44.2624],[4.1503,44.265],[4.1507,44.2628],[4.149,44.2606],[4.1522,44.2604],[4.1509,44.2594],[4.1543,44.2607],[4.1553,44.2598],[4.1483,44.2582],[4.147,44.2545],[4.1437,44.2557],[4.147,44.2541],[4.1472,44.2526],[4.1492,44.2549],[4.1481,44.2554],[4.1531,44.2571],[4.1511,44.2542],[4.1522,44.2534],[4.1489,44.2509],[4.1499,44.2504],[4.1558,44.2576],[4.1577,44.2562],[4.1604,44.258],[4.1621,44.2569],[4.1615,44.255],[4.1636,44.2537],[4.1618,44.2507],[4.1609,44.253],[4.1594,44.2526],[4.1619,44.2473],[4.1568,44.2448],[4.1562,44.2469],[4.1548,44.2438],[4.158,44.2433],[4.1536,44.2415],[4.1523,44.2391],[4.1554,44.2379],[4.1565,44.2398],[4.1533,44.24],[4.1594,44.2421],[4.1578,44.2401],[4.1616,44.2405],[4.1646,44.2382],[4.1627,44.239],[4.1629,44.2373],[4.1561,44.2376],[4.1564,44.2348],[4.1531,44.2343],[4.1552,44.2334],[4.1496,44.2314],[4.1445,44.2329],[4.1465,44.2348],[4.1439,44.2342],[4.1456,44.2357],[4.1448,44.2365],[4.1435,44.2373],[4.1417,44.2347],[4.1409,44.2353],[4.1426,44.2369],[4.14,44.2365],[4.1438,44.2389],[4.1416,44.2422],[4.1436,44.2436],[4.1398,44.2436],[4.1396,44.2416],[4.141,44.2414],[4.1405,44.2431],[4.1412,44.2413],[4.1402,44.2403],[4.1421,44.2396],[4.1398,44.2368],[4.1398,44.2383],[4.1374,44.2388],[4.1341,44.2442],[4.135,44.2457],[4.1303,44.2461],[4.1292,44.248],[4.133,44.2464],[4.133,44.2496],[4.1343,44.2482],[4.1352,44.2515],[4.1372,44.251],[4.1353,44.2519]]],[[[4.0578,44.1206],[4.0535,44.1205],[4.0477,44.123],[4.0494,44.125],[4.0465,44.1245],[4.0458,44.1264],[4.0429,44.1257],[4.0424,44.1281],[4.0362,44.1299],[4.0335,44.1288],[4.0338,44.1311],[4.0322,44.1293],[4.0337,44.1312],[4.029,44.1345],[4.0363,44.1355],[4.0395,44.1385],[4.0438,44.1386],[4.0428,44.1417],[4.0437,44.1426],[4.0503,44.1433],[4.0502,44.1393],[4.0521,44.1373],[4.0519,44.1355],[4.0539,44.1353],[4.0534,44.1337],[4.0511,44.133],[4.0565,44.1313],[4.053,44.13],[4.0537,44.129],[4.0555,44.1298],[4.055,44.1288],[4.0585,44.1287],[4.0579,44.1267],[4.0594,44.1274],[4.0636,44.1253],[4.0609,44.124],[4.0605,44.126],[4.0585,44.1239],[4.0572,44.1255],[4.0577,44.1246],[4.0559,44.1241],[4.0565,44.1215],[4.0593,44.1217],[4.0578,44.1206]]],[[[4.1172,44.2264],[4.1165,44.2241],[4.1152,44.2252],[4.1164,44.2249],[4.1171,44.2267],[4.1153,44.2267],[4.115,44.228],[4.1132,44.2269],[4.1135,44.2289],[4.1089,44.2299],[4.1149,44.232],[4.1085,44.2306],[4.1136,44.2338],[4.1211,44.2297],[4.123,44.2311],[4.1176,44.2338],[4.1256,44.236],[4.1265,44.2357],[4.1255,44.234],[4.1285,44.2338],[4.1284,44.2319],[4.1307,44.2346],[4.1343,44.2343],[4.1484,44.2268],[4.1448,44.2244],[4.1381,44.2248],[4.1355,44.223],[4.1334,44.2249],[4.1328,44.2238],[4.1302,44.2251],[4.1296,44.2224],[4.128,44.2233],[4.1298,44.2274],[4.1273,44.2295],[4.1242,44.2269],[4.1214,44.2295],[4.1194,44.2295],[4.1184,44.2264],[4.1172,44.2264]]],[[[4.0299,44.2664],[4.0318,44.2682],[4.0379,44.2697],[4.0365,44.2708],[4.0387,44.2713],[4.039,44.2735],[4.0431,44.2741],[4.0413,44.2759],[4.0441,44.2783],[4.0433,44.2801],[4.0469,44.279],[4.0501,44.2707],[4.0495,44.2718],[4.0417,44.2715],[4.0503,44.2695],[4.0527,44.2654],[4.0455,44.2637],[4.0453,44.2604],[4.0406,44.2603],[4.036,44.2616],[4.0299,44.2664]]],[[[3.9464,44.2403],[3.9455,44.2407],[3.9482,44.2447],[3.9505,44.2453],[3.954,44.2416],[3.9571,44.2436],[3.9562,44.2471],[3.9629,44.2465],[3.9643,44.2488],[3.9669,44.2468],[3.9674,44.2434],[3.9682,44.2452],[3.9713,44.2417],[3.9706,44.2392],[3.9669,44.2384],[3.9617,44.2396],[3.9549,44.2387],[3.9532,44.2372],[3.9537,44.2359],[3.951,44.2362],[3.9512,44.2409],[3.948,44.2385],[3.9487,44.2404],[3.9464,44.2403]]],[[[4.0011,44.2254],[4.0023,44.2266],[3.992,44.2253],[3.9947,44.2289],[3.9974,44.2276],[4.0011,44.2303],[4.0031,44.227],[4.0057,44.2301],[4.0082,44.2265],[4.0084,44.2228],[4.0103,44.2227],[4.01,44.2253],[4.0125,44.2251],[4.013,44.2224],[4.0106,44.2218],[4.0132,44.2196],[4.011,44.2156],[4.0119,44.2188],[4.0086,44.2199],[4.0096,44.2206],[4.0085,44.2226],[4.0067,44.2219],[4.0042,44.2245],[4.0027,44.2217],[3.9994,44.2219],[3.9989,44.2239],[4.0011,44.2254]]],[[[4.1682,44.2696],[4.1797,44.2698],[4.1782,44.2684],[4.1794,44.2652],[4.1763,44.2653],[4.1787,44.2626],[4.1769,44.2608],[4.1727,44.2623],[4.1657,44.2675],[4.1682,44.2696]]],[[[4.0742,44.1429],[4.074,44.1388],[4.0688,44.135],[4.0672,44.132],[4.0669,44.136],[4.0641,44.1372],[4.0642,44.1394],[4.0612,44.1393],[4.0615,44.1404],[4.0627,44.1396],[4.0653,44.1411],[4.0689,44.1393],[4.0662,44.1432],[4.0699,44.1448],[4.0726,44.1449],[4.0742,44.1429]]],[[[4.0812,44.1582],[4.0812,44.1559],[4.075,44.1467],[4.0713,44.1488],[4.0761,44.1595],[4.079,44.1608],[4.0785,44.1595],[4.0794,44.1603],[4.0812,44.1582]]],[[[4.0318,44.2912],[4.0253,44.2944],[4.0308,44.294],[4.0326,44.2965],[4.0324,44.2949],[4.035,44.2948],[4.0347,44.297],[4.0374,44.2996],[4.0402,44.2954],[4.044,44.2974],[4.0422,44.2941],[4.0389,44.2934],[4.039,44.2919],[4.036,44.2931],[4.0318,44.2912]]],[[[4.1328,44.2419],[4.1333,44.2363],[4.1315,44.2361],[4.1275,44.2387],[4.1219,44.2373],[4.1248,44.2406],[4.122,44.2412],[4.1256,44.2418],[4.1257,44.244],[4.1262,44.2428],[4.1328,44.2419]]],[[[3.9745,44.2334],[3.9736,44.2372],[3.9765,44.2369],[3.9775,44.2388],[3.9812,44.2373],[3.9816,44.2347],[3.9842,44.2334],[3.9819,44.2331],[3.9846,44.2328],[3.9795,44.23],[3.9785,44.2315],[3.9743,44.2328],[3.9815,44.2333],[3.9816,44.2343],[3.9745,44.2334]]],[[[3.9532,44.2215],[3.9525,44.2221],[3.9568,44.2233],[3.9574,44.2216],[3.9603,44.222],[3.9574,44.2202],[3.9579,44.2194],[3.9598,44.2203],[3.9607,44.2189],[3.9546,44.2178],[3.9566,44.2156],[3.9555,44.2146],[3.951,44.2169],[3.9519,44.2208],[3.9544,44.2187],[3.9531,44.22],[3.9544,44.2196],[3.9568,44.2219],[3.9532,44.2215]]],[[[4.081,44.2432],[4.0799,44.2423],[4.0769,44.249],[4.0845,44.2528],[4.0831,44.2481],[4.0816,44.2506],[4.0807,44.2501],[4.0832,44.2469],[4.081,44.2432]]],[[[4.1268,44.249],[4.1233,44.2496],[4.1237,44.2511],[4.1222,44.2517],[4.1231,44.2553],[4.1293,44.2536],[4.1297,44.251],[4.1268,44.249]]],[[[4.0119,44.2147],[4.015,44.2154],[4.021,44.2127],[4.0188,44.2129],[4.02,44.2108],[4.016,44.2098],[4.0126,44.2123],[4.0119,44.2147]]],[[[4.0552,44.2424],[4.0555,44.2442],[4.052,44.2446],[4.0534,44.2459],[4.0496,44.2486],[4.0503,44.2497],[4.0569,44.2477],[4.0542,44.2463],[4.0575,44.2459],[4.0585,44.2426],[4.0552,44.2424]]],[[[4.0996,44.2233],[4.1019,44.2224],[4.0968,44.2226],[4.0958,44.2265],[4.0973,44.2228],[4.0999,44.2258],[4.1025,44.2247],[4.0996,44.2236],[4.1034,44.2244],[4.1041,44.2275],[4.1068,44.2267],[4.1073,44.2241],[4.0996,44.2233]]],[[[3.9989,44.2602],[3.999,44.2576],[3.9933,44.2564],[3.9936,44.2601],[3.9989,44.2602]]],[[[3.982,44.2084],[3.9834,44.2048],[3.9797,44.2053],[3.9772,44.2076],[3.982,44.2084]]],[[[4.0724,44.1944],[4.0689,44.194],[4.0688,44.1956],[4.0658,44.1943],[4.0674,44.1961],[4.0649,44.1971],[4.0676,44.1977],[4.0707,44.1954],[4.0727,44.1962],[4.0724,44.1944]]],[[[4.0932,44.2853],[4.0956,44.285],[4.0945,44.283],[4.0914,44.2834],[4.0924,44.2812],[4.0909,44.2819],[4.089,44.2797],[4.0862,44.2805],[4.0907,44.2819],[4.0887,44.2823],[4.0912,44.2829],[4.09,44.2838],[4.0932,44.2853]]],[[[4.0965,44.1538],[4.0926,44.1546],[4.0938,44.1573],[4.0979,44.1557],[4.0965,44.1538]]],[[[4.1142,44.2521],[4.1129,44.2528],[4.1153,44.2551],[4.1175,44.2513],[4.1116,44.2513],[4.1142,44.2521]]],[[[4.0907,44.2162],[4.0903,44.2179],[4.0949,44.216],[4.0962,44.2169],[4.0956,44.2156],[4.0974,44.2146],[4.0909,44.2145],[4.0899,44.2149],[4.0907,44.2162]]],[[[4.0417,44.1944],[4.0391,44.1931],[4.0435,44.1923],[4.0383,44.1914],[4.0389,44.1928],[4.0374,44.1945],[4.0418,44.195],[4.0387,44.1934],[4.0417,44.1944]]],[[[4.0975,44.2311],[4.1008,44.2323],[4.1021,44.2314],[4.1074,44.2371],[4.1008,44.2291],[4.0991,44.2314],[4.0975,44.2311]]],[[[4.0386,44.1996],[4.0412,44.1993],[4.0415,44.1966],[4.0364,44.1961],[4.0386,44.1996]]],[[[4.0636,44.2453],[4.0577,44.2465],[4.0606,44.2482],[4.0641,44.2469],[4.0636,44.2453]]],[[[4.1317,44.2678],[4.1341,44.2689],[4.1351,44.2676],[4.1324,44.265],[4.1306,44.2657],[4.1321,44.2667],[4.1317,44.2678]]],[[[4.0636,44.1498],[4.0626,44.1502],[4.0673,44.1493],[4.0633,44.1479],[4.0636,44.1498]]],[[[4.0326,44.2071],[4.0261,44.2046],[4.0267,44.2068],[4.0326,44.2071]]],[[[4.101,44.2354],[4.099,44.2353],[4.1019,44.2395],[4.1026,44.2385],[4.101,44.2354]]],[[[4.0887,44.2451],[4.0813,44.2429],[4.0842,44.2455],[4.0851,44.2444],[4.0874,44.2461],[4.0887,44.2451]]],[[[4.094,44.2201],[4.0963,44.22],[4.093,44.2195],[4.0928,44.2245],[4.0954,44.2211],[4.0934,44.2228],[4.094,44.2201]]],[[[4.1214,44.2562],[4.1239,44.2594],[4.1247,44.2582],[4.1233,44.2561],[4.1224,44.2551],[4.1214,44.2562]]],[[[4.045,44.1984],[4.0439,44.1967],[4.0419,44.1993],[4.0456,44.1996],[4.045,44.1984]]],[[[4.1346,44.2979],[4.1315,44.2978],[4.1306,44.2996],[4.1367,44.2987],[4.1346,44.2979]]],[[[4.0917,44.245],[4.091,44.2436],[4.0895,44.244],[4.0916,44.245],[4.0904,44.2459],[4.0915,44.2475],[4.0928,44.2463],[4.0917,44.245]]],[[[4.112,44.2723],[4.1106,44.2712],[4.1136,44.2713],[4.1128,44.2702],[4.1097,44.2699],[4.112,44.2723]]],[[[4.067,44.1275],[4.0682,44.1269],[4.0663,44.1274],[4.0663,44.1293],[4.0692,44.1286],[4.067,44.1275]]],[[[4.1202,44.2973],[4.1182,44.2989],[4.1204,44.2993],[4.1219,44.2974],[4.1202,44.2973]]],[[[4.0981,44.2363],[4.0962,44.2361],[4.0965,44.2381],[4.0987,44.2375],[4.0981,44.2363]]],[[[4.0555,44.1868],[4.0567,44.1873],[4.0573,44.1851],[4.0549,44.1856],[4.0555,44.1868]]],[[[3.9858,44.3004],[3.9863,44.302],[3.9882,44.2999],[3.9927,44.3],[3.9899,44.2992],[3.9858,44.3004]]]]}},{"type":"Feature","properties":{"id":"F15595U","nom":"Forêt domaniale de l'Homol","dep":"30","essence":"conifere"},"geometry":{"type":"MultiPolygon","coordinates":[[[[3.9435,44.3126],[3.9362,44.3138],[3.9345,44.3128],[3.9377,44.3113],[3.9318,44.3109],[3.9373,44.309],[3.9305,44.3078],[3.9331,44.3069],[3.9331,44.3085],[3.9392,44.3055],[3.9421,44.3055],[3.943,44.3043],[3.9398,44.3021],[3.9432,44.3029],[3.9406,44.2988],[3.9334,44.2972],[3.9291,44.2984],[3.9269,44.3001],[3.9303,44.3015],[3.9297,44.3038],[3.9269,44.305],[3.9241,44.3038],[3.9269,44.3064],[3.9304,44.305],[3.9262,44.3071],[3.9315,44.3107],[3.9295,44.3126],[3.9329,44.3155],[3.9318,44.3205],[3.9347,44.3214],[3.934,44.3232],[3.9362,44.324],[3.9369,44.3276],[3.9398,44.3265],[3.9405,44.3247],[3.9461,44.3281],[3.9496,44.3279],[3.9478,44.3274],[3.9452,44.3235],[3.9536,44.3227],[3.9537,44.3213],[3.9521,44.3198],[3.9454,44.3209],[3.9452,44.3171],[3.9536,44.3156],[3.9492,44.3107],[3.9479,44.311],[3.9494,44.314],[3.948,44.3142],[3.9493,44.3154],[3.9444,44.3142],[3.9435,44.3126]]],[[[4.0043,44.3334],[4.001,44.3351],[4.0017,44.3371],[4.0003,44.3356],[3.9953,44.3375],[3.9985,44.3394],[3.9956,44.3395],[3.9972,44.3406],[3.9946,44.3396],[3.9956,44.3408],[3.9947,44.341],[3.993,44.3401],[3.9947,44.3412],[3.9933,44.3416],[3.9942,44.3435],[3.9926,44.3442],[3.991,44.3429],[3.9911,44.3403],[3.9886,44.3416],[3.9906,44.3433],[3.9896,44.3441],[3.9878,44.3419],[3.9843,44.3446],[3.9874,44.3478],[3.9966,44.3488],[4.0002,44.3476],[3.9987,44.3453],[4.0013,44.3473],[4.005,44.3407],[4.0087,44.3405],[4.0081,44.3363],[4.0099,44.3401],[4.0112,44.3396],[4.01,44.3368],[4.0128,44.3374],[4.0105,44.3382],[4.0117,44.3395],[4.0206,44.338],[4.0198,44.336],[4.0228,44.3351],[4.0194,44.3324],[4.0166,44.3351],[4.0142,44.3349],[4.014,44.3335],[4.0109,44.3337],[4.0123,44.3334],[4.0091,44.3322],[4.0144,44.3317],[4.011,44.3303],[4.0056,44.3329],[4.0053,44.3357],[4.0053,44.3329],[4.0043,44.3334]]],[[[3.9772,44.3261],[3.9829,44.326],[3.9801,44.3256],[3.9871,44.3239],[3.9945,44.3275],[3.9914,44.3227],[3.9962,44.3219],[3.9955,44.3207],[3.998,44.3193],[3.9996,44.3201],[3.9985,44.3187],[3.9964,44.3192],[3.9989,44.3178],[3.9964,44.3176],[4.0005,44.316],[4.0016,44.3174],[4.0001,44.3179],[4.0016,44.3178],[4.0008,44.3201],[4.0032,44.3194],[4.0009,44.3216],[4.0019,44.3233],[4.0065,44.3195],[4.0046,44.3196],[4.0054,44.318],[4.0083,44.3187],[4.0109,44.3169],[4.0052,44.3175],[4.0047,44.3166],[4.0074,44.3171],[4.0025,44.3142],[4.0011,44.3155],[4.0035,44.317],[4.0028,44.318],[4.0011,44.3155],[3.9965,44.3145],[3.9912,44.3186],[3.9933,44.3197],[3.9907,44.3192],[3.9905,44.3242],[3.9888,44.3224],[3.9895,44.3217],[3.9869,44.3219],[3.9848,44.3203],[3.9867,44.3203],[3.9876,44.3186],[3.9824,44.3183],[3.984,44.3203],[3.9811,44.3197],[3.9815,44.3179],[3.9852,44.3163],[3.9814,44.3142],[3.9786,44.3202],[3.9759,44.3195],[3.9766,44.3206],[3.9748,44.3242],[3.9712,44.3228],[3.97,44.3259],[3.9745,44.3274],[3.9678,44.3279],[3.9707,44.3287],[3.9722,44.3315],[3.9734,44.3305],[3.9712,44.3284],[3.9748,44.3275],[3.9728,44.3253],[3.9772,44.3261]]],[[[3.9491,44.3389],[3.9511,44.3397],[3.9501,44.3371],[3.952,44.3357],[3.9542,44.3361],[3.9511,44.3341],[3.95,44.3358],[3.9342,44.3354],[3.9347,44.3385],[3.9328,44.339],[3.9335,44.341],[3.9353,44.3406],[3.9365,44.3399],[3.9348,44.3386],[3.9358,44.3375],[3.9375,44.3395],[3.944,44.3415],[3.9462,44.3384],[3.9491,44.3389]]],[[[3.9412,44.2748],[3.9433,44.2747],[3.9367,44.2711],[3.9334,44.2763],[3.94,44.284],[3.9448,44.2835],[3.9413,44.2806],[3.9387,44.2809],[3.9402,44.2789],[3.939,44.2761],[3.9412,44.2748]]],[[[3.9484,44.2739],[3.9491,44.2747],[3.95,44.2728],[3.9488,44.272],[3.9495,44.2695],[3.9456,44.2669],[3.9426,44.2702],[3.9459,44.2696],[3.9484,44.2739]]],[[[3.9649,44.3174],[3.9688,44.3205],[3.9734,44.3199],[3.9721,44.3199],[3.9724,44.3176],[3.9649,44.3174]]],[[[3.9664,44.3246],[3.9684,44.3248],[3.9669,44.3242],[3.9706,44.3214],[3.9682,44.3225],[3.9665,44.3196],[3.966,44.3209],[3.9629,44.3213],[3.9648,44.3215],[3.9643,44.3232],[3.9664,44.3246]]],[[[3.9856,44.329],[3.988,44.3292],[3.9863,44.3286],[3.988,44.3268],[3.9862,44.3249],[3.9825,44.3279],[3.9834,44.3272],[3.9856,44.329]]],[[[3.9544,44.2861],[3.9577,44.2844],[3.9562,44.2827],[3.9548,44.2824],[3.9544,44.2861]]],[[[4.0109,44.3217],[4.0126,44.3209],[4.011,44.3181],[4.0085,44.3192],[4.0109,44.3217]]],[[[3.9466,44.2718],[3.9423,44.2706],[3.9401,44.272],[3.9438,44.2731],[3.9465,44.2729],[3.9466,44.2718]]],[[[3.9932,44.3283],[3.9954,44.3283],[3.9916,44.3277],[3.9899,44.3258],[3.9885,44.3265],[3.99,44.3289],[3.9912,44.3276],[3.9932,44.3283]]],[[[4.0059,44.3267],[4.0069,44.3242],[4.0057,44.3246],[4.0054,44.3229],[4.0032,44.3251],[4.0059,44.3267]]]]}},{"type":"Feature","properties":{"id":"F15622V","nom":"Forêt domaniale de l'Aigoual","dep":"30","essence":"conifere"},"geometry":{"type":"MultiPolygon","coordinates":[[[[3.5436,44.1097],[3.5433,44.1087],[3.5462,44.1078],[3.5457,44.1097],[3.5492,44.1126],[3.5474,44.1147],[3.5498,44.1162],[3.5531,44.116],[3.5647,44.1235],[3.5745,44.1212],[3.5834,44.1213],[3.5896,44.1184],[3.5918,44.1201],[3.5979,44.119],[3.6012,44.1167],[3.5993,44.1146],[3.6051,44.1094],[3.6151,44.1075],[3.6127,44.1065],[3.6135,44.1046],[3.6078,44.1036],[3.6016,44.1064],[3.5953,44.1063],[3.5888,44.1104],[3.5882,44.1085],[3.5909,44.1029],[3.5933,44.1016],[3.5906,44.1023],[3.5894,44.1006],[3.5845,44.1003],[3.5755,44.1022],[3.5777,44.0961],[3.5764,44.0954],[3.5735,44.0969],[3.5723,44.0956],[3.5682,44.0974],[3.5638,44.0912],[3.5664,44.091],[3.566,44.0923],[3.5679,44.0905],[3.5683,44.0927],[3.5717,44.093],[3.5699,44.0886],[3.5758,44.088],[3.5748,44.0859],[3.5777,44.0859],[3.5784,44.088],[3.581,44.0876],[3.5798,44.0844],[3.5807,44.083],[3.5832,44.0857],[3.5876,44.0863],[3.5868,44.0852],[3.5899,44.0848],[3.5906,44.0859],[3.5928,44.0845],[3.5936,44.0812],[3.5972,44.0827],[3.601,44.0823],[3.6025,44.0842],[3.6039,44.0832],[3.6003,44.0805],[3.6012,44.0773],[3.6037,44.0768],[3.6072,44.0784],[3.6094,44.0714],[3.6123,44.0711],[3.6119,44.0697],[3.6126,44.0711],[3.6153,44.0713],[3.6164,44.067],[3.621,44.0653],[3.6191,44.0648],[3.6207,44.0629],[3.6284,44.064],[3.6274,44.0615],[3.615,44.0632],[3.6125,44.0648],[3.6045,44.0647],[3.6048,44.0605],[3.6144,44.0594],[3.6161,44.0558],[3.6178,44.055],[3.62,44.0566],[3.6199,44.0542],[3.6223,44.0537],[3.6211,44.0516],[3.6225,44.0526],[3.6243,44.0507],[3.6264,44.0524],[3.628,44.0515],[3.6227,44.0476],[3.625,44.0465],[3.6244,44.0457],[3.6187,44.0484],[3.6118,44.0478],[3.6099,44.046],[3.6099,44.0411],[3.6078,44.0393],[3.6049,44.0409],[3.6069,44.037],[3.6125,44.037],[3.6133,44.0345],[3.6126,44.032],[3.611,44.0325],[3.6112,44.0302],[3.6046,44.0312],[3.6064,44.0294],[3.6033,44.027],[3.6019,44.0281],[3.6038,44.0281],[3.6047,44.0297],[3.6001,44.0303],[3.6004,44.0315],[3.604,44.0318],[3.6026,44.0341],[3.6003,44.0341],[3.6005,44.0357],[3.604,44.0357],[3.604,44.037],[3.5994,44.0369],[3.6039,44.0378],[3.6046,44.0398],[3.6034,44.0416],[3.601,44.0419],[3.5985,44.0389],[3.5994,44.0371],[3.5915,44.0369],[3.5969,44.0387],[3.597,44.04],[3.5917,44.039],[3.5988,44.0427],[3.5992,44.0444],[3.5906,44.0448],[3.5907,44.0463],[3.5932,44.0473],[3.5914,44.047],[3.5903,44.0505],[3.5887,44.0463],[3.5862,44.0474],[3.5841,44.0457],[3.5863,44.0451],[3.579,44.0442],[3.583,44.0404],[3.5793,44.0394],[3.58,44.0351],[3.5735,44.0356],[3.5719,44.0326],[3.574,44.0312],[3.5745,44.0269],[3.576,44.0259],[3.5734,44.0226],[3.5624,44.0217],[3.5649,44.0245],[3.5589,44.0288],[3.5631,44.0294],[3.5627,44.0318],[3.5645,44.0321],[3.5601,44.035],[3.5588,44.0384],[3.5525,44.0375],[3.5519,44.0352],[3.5487,44.035],[3.5496,44.0325],[3.5449,44.0318],[3.5465,44.0302],[3.551,44.0296],[3.5501,44.023],[3.5468,44.0224],[3.5479,44.018],[3.5405,44.017],[3.5412,44.013],[3.544,44.0117],[3.5419,44.0081],[3.5433,44.0032],[3.5397,44.0043],[3.54,44.0061],[3.5394,44.005],[3.5358,44.0057],[3.5364,44.0018],[3.5326,44.0031],[3.5335,44.0066],[3.5319,44.0084],[3.5331,44.0089],[3.5269,44.0125],[3.5277,44.0188],[3.5268,44.0177],[3.5225,44.0176],[3.5224,44.0224],[3.5237,44.0238],[3.5219,44.0282],[3.5183,44.0282],[3.5154,44.0248],[3.5167,44.0229],[3.5164,44.0212],[3.514,44.0201],[3.5148,44.0187],[3.5135,44.0167],[3.5158,44.0161],[3.5141,44.0141],[3.5085,44.0156],[3.5062,44.0201],[3.5036,44.0199],[3.4983,44.0244],[3.4955,44.0227],[3.496,44.0248],[3.4928,44.0284],[3.4916,44.028],[3.4924,44.0263],[3.4913,44.0248],[3.4884,44.0278],[3.4843,44.0224],[3.4812,44.0215],[3.4812,44.0184],[3.4763,44.018],[3.4764,44.0141],[3.4782,44.0129],[3.4746,44.0099],[3.4687,44.0116],[3.4679,44.0134],[3.4672,44.0126],[3.4646,44.0154],[3.4629,44.0154],[3.4638,44.0065],[3.4678,44.0043],[3.4678,44.003],[3.4647,44.0025],[3.4659,44.0012],[3.4648,43.9996],[3.4641,44.001],[3.462,44.0003],[3.4634,43.9976],[3.4611,43.9981],[3.4595,43.9969],[3.4622,43.9936],[3.4586,43.9933],[3.4498,43.9988],[3.4503,43.996],[3.4528,43.9939],[3.4416,43.9963],[3.4384,43.993],[3.432,43.9921],[3.4334,43.9913],[3.4312,43.9895],[3.4292,43.9924],[3.4299,43.9935],[3.4268,43.9937],[3.4255,43.9953],[3.4273,43.9965],[3.4403,43.9983],[3.446,44.0048],[3.4468,44.0094],[3.4495,44.0118],[3.4484,44.0196],[3.4518,44.0218],[3.4432,44.0246],[3.429,44.035],[3.4224,44.036],[3.4218,44.0378],[3.4257,44.0412],[3.4304,44.0414],[3.4372,44.0365],[3.4584,44.0351],[3.46,44.0359],[3.4593,44.0389],[3.4557,44.0486],[3.4527,44.0518],[3.4543,44.0527],[3.4611,44.0482],[3.4627,44.0493],[3.4611,44.0515],[3.4623,44.0526],[3.4671,44.0513],[3.4678,44.0481],[3.4702,44.0485],[3.4713,44.0504],[3.4763,44.049],[3.474,44.0532],[3.4781,44.056],[3.4815,44.0553],[3.4809,44.0561],[3.4826,44.0569],[3.4811,44.0583],[3.4818,44.0596],[3.4845,44.0599],[3.4891,44.0573],[3.4905,44.0623],[3.4954,44.0623],[3.4946,44.0664],[3.4961,44.0711],[3.4977,44.0709],[3.4986,44.0674],[3.5044,44.0607],[3.5067,44.0608],[3.515,44.0663],[3.5169,44.0654],[3.5153,44.0631],[3.5162,44.0625],[3.5192,44.0655],[3.5146,44.0677],[3.515,44.0697],[3.5195,44.0719],[3.5179,44.0693],[3.5215,44.0651],[3.5252,44.0564],[3.5285,44.0581],[3.5261,44.0632],[3.5295,44.0676],[3.5336,44.0649],[3.5331,44.0663],[3.5356,44.0695],[3.5403,44.0673],[3.5485,44.075],[3.5494,44.0785],[3.553,44.0794],[3.555,44.078],[3.5607,44.0785],[3.5647,44.0768],[3.5706,44.0786],[3.5754,44.0777],[3.5816,44.0722],[3.5915,44.0682],[3.5893,44.0709],[3.5684,44.0829],[3.5632,44.0834],[3.5612,44.0875],[3.555,44.0901],[3.5535,44.0944],[3.5516,44.0938],[3.5456,44.0973],[3.5449,44.0958],[3.5378,44.0953],[3.537,44.0934],[3.5278,44.0876],[3.5265,44.0894],[3.516,44.0872],[3.5073,44.088],[3.5035,44.0855],[3.4967,44.0838],[3.4937,44.0848],[3.4897,44.0836],[3.4872,44.0855],[3.479,44.0844],[3.4727,44.0879],[3.4664,44.0874],[3.4668,44.0897],[3.4627,44.0911],[3.4662,44.0874],[3.4555,44.0801],[3.4565,44.0859],[3.4534,44.0897],[3.4497,44.0865],[3.4498,44.0831],[3.4408,44.0828],[3.4394,44.0845],[3.4391,44.0829],[3.4361,44.0811],[3.4265,44.0823],[3.4241,44.0795],[3.4206,44.0797],[3.4239,44.0774],[3.4213,44.0749],[3.4201,44.0744],[3.4176,44.0767],[3.4146,44.076],[3.4148,44.0734],[3.4112,44.0723],[3.4102,44.0706],[3.4046,44.0737],[3.4019,44.0737],[3.4037,44.075],[3.4005,44.0744],[3.3987,44.0757],[3.4008,44.0817],[3.3985,44.085],[3.3951,44.0855],[3.3987,44.0858],[3.396,44.0874],[3.3966,44.0882],[3.4012,44.09],[3.402,44.0885],[3.4052,44.0907],[3.4131,44.0889],[3.4146,44.0904],[3.4158,44.0898],[3.4143,44.0883],[3.4164,44.0897],[3.4164,44.0881],[3.4181,44.0878],[3.4173,44.0895],[3.42,44.0898],[3.4194,44.0885],[3.421,44.0885],[3.4221,44.0897],[3.4204,44.0904],[3.4226,44.0912],[3.4188,44.0905],[3.4214,44.0921],[3.4141,44.0955],[3.416,44.0968],[3.4208,44.0957],[3.4277,44.0918],[3.4291,44.0897],[3.4315,44.0901],[3.4314,44.0884],[3.4332,44.0889],[3.4317,44.0919],[3.424,44.0984],[3.4254,44.1018],[3.4242,44.1033],[3.4271,44.1061],[3.4313,44.096],[3.4341,44.0963],[3.433,44.0958],[3.438,44.0915],[3.4448,44.0927],[3.4494,44.09],[3.4503,44.092],[3.452,44.0902],[3.4515,44.0915],[3.4573,44.0898],[3.456,44.0911],[3.4576,44.094],[3.4525,44.0968],[3.4542,44.0975],[3.4576,44.0952],[3.4563,44.0965],[3.4582,44.0962],[3.4569,44.0994],[3.4588,44.1003],[3.4652,44.0996],[3.4696,44.0957],[3.4668,44.1007],[3.4677,44.1038],[3.4732,44.1027],[3.4741,44.1038],[3.476,44.1015],[3.4825,44.1082],[3.4843,44.108],[3.4856,44.1014],[3.4883,44.1011],[3.4901,44.105],[3.492,44.1048],[3.4928,44.1026],[3.4926,44.1043],[3.4941,44.1051],[3.4976,44.1015],[3.4989,44.1036],[3.4968,44.1054],[3.4877,44.1055],[3.4888,44.1093],[3.4924,44.1084],[3.4946,44.1132],[3.4936,44.1082],[3.4959,44.1083],[3.4972,44.1124],[3.5033,44.1128],[3.5043,44.1111],[3.5081,44.1116],[3.5145,44.1084],[3.5152,44.1073],[3.5138,44.105],[3.515,44.1046],[3.5188,44.1052],[3.5183,44.107],[3.5225,44.1052],[3.5374,44.1039],[3.5384,44.1055],[3.5311,44.109],[3.5294,44.1095],[3.5264,44.1075],[3.5157,44.1118],[3.5166,44.116],[3.5204,44.1214],[3.5241,44.1206],[3.5325,44.1217],[3.5387,44.12],[3.5434,44.1134],[3.5436,44.1097]]],[[[3.4753,44.1255],[3.4774,44.1248],[3.4755,44.1238],[3.4792,44.121],[3.4757,44.1236],[3.474,44.123],[3.4751,44.122],[3.4742,44.1204],[3.4688,44.1191],[3.4661,44.1145],[3.4689,44.1129],[3.4657,44.1102],[3.4583,44.1115],[3.4538,44.1109],[3.452,44.1082],[3.4491,44.1076],[3.4372,44.108],[3.4351,44.1068],[3.4346,44.1042],[3.4318,44.1046],[3.432,44.1034],[3.4284,44.1072],[3.4303,44.1071],[3.4288,44.1085],[3.4296,44.11],[3.4271,44.1109],[3.4298,44.1111],[3.4305,44.1127],[3.4291,44.1182],[3.4212,44.1184],[3.4223,44.1214],[3.4177,44.121],[3.4159,44.1189],[3.4139,44.1193],[3.4125,44.1162],[3.4124,44.1174],[3.4105,44.1176],[3.4092,44.1159],[3.4011,44.1175],[3.4005,44.1152],[3.3975,44.1143],[3.3956,44.1168],[3.3928,44.1162],[3.3932,44.1197],[3.3951,44.1212],[3.3942,44.1232],[3.3975,44.1235],[3.3967,44.1217],[3.4015,44.1215],[3.4033,44.1242],[3.4029,44.126],[3.4051,44.1264],[3.4057,44.1221],[3.408,44.1213],[3.4092,44.119],[3.4101,44.1225],[3.4084,44.1243],[3.4105,44.1235],[3.4117,44.1255],[3.4165,44.1241],[3.4178,44.1257],[3.4196,44.1253],[3.4178,44.1274],[3.4193,44.1298],[3.4181,44.1325],[3.4274,44.1364],[3.4217,44.1474],[3.4196,44.1448],[3.4214,44.1416],[3.421,44.1393],[3.4097,44.1413],[3.4125,44.1433],[3.4176,44.1434],[3.4193,44.1482],[3.4231,44.1475],[3.4218,44.1507],[3.4238,44.1519],[3.4296,44.1444],[3.4328,44.1353],[3.4397,44.1294],[3.4502,44.1265],[3.4673,44.1274],[3.4753,44.1255]]],[[[3.6271,44.1192],[3.633,44.1213],[3.6416,44.1191],[3.6448,44.1158],[3.6514,44.1137],[3.6507,44.1087],[3.6459,44.1088],[3.6474,44.1094],[3.6458,44.1105],[3.6407,44.1086],[3.6415,44.11],[3.6373,44.1103],[3.6365,44.111],[3.6377,44.1129],[3.6314,44.1171],[3.632,44.1154],[3.6303,44.1164],[3.6283,44.1134],[3.6249,44.1176],[3.6271,44.1192]]],[[[3.5368,43.9981],[3.5409,43.9992],[3.5394,43.9971],[3.5405,43.9974],[3.5432,43.9941],[3.5552,43.995],[3.5495,43.9928],[3.5562,43.9894],[3.5539,43.9891],[3.5515,43.9917],[3.5533,43.9888],[3.5484,43.9872],[3.5543,43.9875],[3.5573,43.984],[3.5541,43.9827],[3.5455,43.9849],[3.5448,43.982],[3.5437,43.9822],[3.5445,43.9832],[3.5417,43.9836],[3.5421,43.9851],[3.5403,43.9851],[3.5433,43.9859],[3.5404,43.9871],[3.5427,43.9873],[3.5408,43.9879],[3.5423,43.9906],[3.5401,43.9914],[3.5395,43.9901],[3.5384,43.9927],[3.5367,43.9927],[3.5368,43.9981]]],[[[3.4187,43.9859],[3.4163,43.9871],[3.417,43.9899],[3.419,43.9901],[3.4173,43.9909],[3.4179,43.9929],[3.4238,43.9947],[3.4232,43.9928],[3.4246,43.994],[3.4253,43.9926],[3.4242,43.9914],[3.4192,43.9908],[3.4244,43.9899],[3.4213,43.9888],[3.4228,43.9859],[3.4278,43.9868],[3.4288,43.985],[3.4266,43.9831],[3.4299,43.9813],[3.4323,43.9826],[3.4293,43.9784],[3.4313,43.9716],[3.4286,43.972],[3.4273,43.9742],[3.4225,43.974],[3.4218,43.9769],[3.4247,43.981],[3.4229,43.9831],[3.4238,43.9853],[3.4187,43.9859]]],[[[3.6718,44.0927],[3.6693,44.0922],[3.6712,44.0922],[3.6732,44.09],[3.669,44.0897],[3.6719,44.0886],[3.6704,44.0881],[3.6722,44.087],[3.671,44.0827],[3.6696,44.081],[3.6694,44.0829],[3.6682,44.0811],[3.6669,44.0816],[3.6661,44.08],[3.6675,44.0791],[3.6649,44.0791],[3.6645,44.0809],[3.663,44.0804],[3.6626,44.0831],[3.6636,44.0833],[3.6624,44.0854],[3.6632,44.0873],[3.6659,44.088],[3.6677,44.0987],[3.6739,44.0987],[3.6751,44.0974],[3.6761,44.0959],[3.6751,44.0933],[3.6718,44.0927]]],[[[3.6929,44.08],[3.6897,44.0813],[3.6908,44.0816],[3.6895,44.0832],[3.684,44.0813],[3.6828,44.0825],[3.6858,44.0847],[3.6876,44.0836],[3.6909,44.0849],[3.6909,44.0869],[3.6934,44.0893],[3.6959,44.0878],[3.697,44.0889],[3.7002,44.0884],[3.6976,44.0845],[3.7004,44.0829],[3.6991,44.0814],[3.7002,44.0781],[3.6977,44.0823],[3.6982,44.0805],[3.697,44.08],[3.6982,44.0777],[3.6963,44.078],[3.6946,44.0805],[3.6929,44.08]]],[[[3.5413,44.0901],[3.5453,44.0903],[3.5468,44.0881],[3.5452,44.0866],[3.5486,44.0863],[3.5512,44.0881],[3.5489,44.0849],[3.5496,44.0803],[3.5489,44.0819],[3.5414,44.0813],[3.5374,44.084],[3.5413,44.0901]]],[[[3.457,44.0659],[3.4579,44.0648],[3.4618,44.066],[3.4609,44.0619],[3.4577,44.0609],[3.4553,44.0631],[3.457,44.0659]]],[[[3.4094,44.0677],[3.4084,44.0664],[3.4021,44.0714],[3.4102,44.0694],[3.4094,44.0677]]],[[[3.4375,44.0435],[3.4379,44.045],[3.4393,44.0425],[3.445,44.0405],[3.4384,44.0424],[3.4375,44.0406],[3.4375,44.0435]]],[[[3.6594,44.0698],[3.6573,44.0699],[3.6563,44.0719],[3.6608,44.0698],[3.6594,44.0698]]]]}},{"type":"Feature","properties":{"id":"F15639M","nom":"Forêt domaniale du Mas-Ayre","dep":"30","essence":"conifere"},"geometry":{"type":"MultiPolygon","coordinates":[[[[3.9968,44.4399],[3.9994,44.4406],[4.0024,44.4389],[3.9971,44.4375],[4.0011,44.4366],[4.002,44.4332],[4.0004,44.4319],[4.0014,44.43],[4.0005,44.4298],[4.0016,44.4287],[4.0046,44.4288],[4.0037,44.4306],[4.0021,44.4295],[4.0029,44.4319],[4.0037,44.4306],[4.0054,44.432],[4.0068,44.4303],[4.0059,44.4295],[4.0071,44.4302],[4.0078,44.4286],[4.0147,44.4298],[4.0148,44.4282],[4.0158,44.4298],[4.0176,44.4286],[4.0194,44.4291],[4.0179,44.4298],[4.0183,44.4331],[4.0199,44.4313],[4.0222,44.4332],[4.0239,44.4313],[4.0214,44.4286],[4.0244,44.4263],[4.0332,44.4246],[4.0322,44.4235],[4.0352,44.4194],[4.0396,44.418],[4.0478,44.4181],[4.0591,44.4119],[4.053,44.4085],[4.052,44.4113],[4.0488,44.4096],[4.0482,44.4074],[4.0481,44.4107],[4.0457,44.4127],[4.0433,44.4121],[4.0417,44.4141],[4.0423,44.4159],[4.0405,44.4165],[4.0374,44.4144],[4.0365,44.4168],[4.0336,44.4186],[4.0323,44.4184],[4.0336,44.4153],[4.0327,44.4136],[4.0278,44.4135],[4.026,44.4159],[4.028,44.4194],[4.0238,44.4202],[4.0236,44.4219],[4.0221,44.4222],[4.0236,44.4222],[4.0231,44.4252],[4.02,44.4281],[4.0161,44.4285],[4.017,44.4271],[4.0159,44.4259],[4.0124,44.4275],[4.0122,44.4255],[4.0079,44.4269],[4.0043,44.4247],[4.0025,44.4265],[4.0039,44.4277],[3.9988,44.4296],[3.9968,44.4299],[3.9973,44.4282],[3.9948,44.4273],[3.9904,44.4294],[3.988,44.4286],[3.9885,44.4264],[3.9849,44.4267],[3.983,44.4249],[3.9848,44.4241],[3.9813,44.4238],[3.9836,44.4218],[3.9815,44.4213],[3.9752,44.4238],[3.9761,44.4221],[3.9672,44.421],[3.9731,44.4267],[3.971,44.4311],[3.9721,44.4364],[3.9729,44.4371],[3.9746,44.4344],[3.9757,44.4348],[3.9735,44.4376],[3.9746,44.4382],[3.9797,44.4345],[3.9813,44.4369],[3.978,44.4391],[3.9805,44.4395],[3.9811,44.4413],[3.9791,44.4412],[3.9783,44.4451],[3.9812,44.4454],[3.9815,44.4409],[3.9837,44.4418],[3.9848,44.4443],[3.987,44.4417],[3.9874,44.4368],[3.9855,44.4325],[3.9875,44.4321],[3.9843,44.4316],[3.9868,44.4301],[3.9922,44.432],[3.9922,44.4331],[3.9927,44.4317],[3.9931,44.4329],[3.9941,44.4323],[3.9928,44.4334],[3.9948,44.4362],[3.9925,44.4364],[3.9933,44.439],[3.9923,44.4392],[3.9939,44.4407],[3.9968,44.4399]]],[[[4.0147,44.3823],[4.0151,44.3791],[4.0131,44.3784],[4.0081,44.3801],[4.0102,44.3822],[4.0117,44.3816],[4.012,44.3832],[4.0059,44.3863],[4.006,44.3874],[4.0138,44.3902],[4.0124,44.392],[4.0096,44.3905],[4.0073,44.3917],[4.0109,44.3941],[4.0045,44.3966],[4.0069,44.3995],[4.0028,44.401],[4.0074,44.4025],[4.0059,44.4035],[4.0089,44.4029],[4.0106,44.4053],[4.0132,44.4049],[4.0123,44.407],[4.0142,44.4055],[4.0159,44.4093],[4.0183,44.4098],[4.0164,44.4108],[4.0171,44.4124],[4.0226,44.4149],[4.0243,44.414],[4.023,44.4121],[4.0185,44.4098],[4.0168,44.4052],[4.0123,44.4017],[4.013,44.3998],[4.0172,44.3976],[4.0132,44.4006],[4.02,44.4028],[4.0247,44.401],[4.0209,44.4007],[4.0238,44.3972],[4.0217,44.3954],[4.0214,44.3929],[4.0173,44.3938],[4.0182,44.3882],[4.0139,44.3832],[4.0147,44.3823]]],[[[3.9633,44.3969],[3.9661,44.3941],[3.9642,44.3946],[3.9645,44.391],[3.9612,44.3893],[3.9609,44.3879],[3.9489,44.3864],[3.9463,44.3904],[3.9539,44.3934],[3.9501,44.3895],[3.9516,44.3871],[3.9565,44.3939],[3.9633,44.3969]]],[[[4.0299,44.4073],[4.0285,44.4065],[4.0351,44.4093],[4.037,44.4077],[4.0329,44.4059],[4.03,44.4025],[4.0194,44.4059],[4.0173,44.405],[4.0275,44.413],[4.0324,44.4112],[4.0295,44.4098],[4.0307,44.4084],[4.0299,44.4073]]],[[[3.979,44.3605],[3.9709,44.3608],[3.9675,44.3624],[3.9736,44.3651],[3.9745,44.3674],[3.9797,44.3671],[3.9842,44.3689],[3.9802,44.3647],[3.979,44.3605]]],[[[3.9676,44.3809],[3.9698,44.3797],[3.9693,44.3776],[3.9621,44.3744],[3.962,44.3707],[3.9609,44.3745],[3.9576,44.3746],[3.9581,44.379],[3.9623,44.3756],[3.9634,44.3764],[3.9593,44.3793],[3.962,44.3802],[3.9633,44.3778],[3.9654,44.3774],[3.9655,44.3803],[3.9676,44.3809]]],[[[3.9538,44.3713],[3.956,44.3713],[3.9576,44.3693],[3.9607,44.371],[3.9625,44.3684],[3.9568,44.3669],[3.9485,44.3681],[3.9514,44.3713],[3.9538,44.3713]]],[[[3.9604,44.3594],[3.9681,44.3574],[3.9654,44.3554],[3.9622,44.3551],[3.9582,44.3565],[3.9604,44.3594]]],[[[4.0306,44.43],[4.0345,44.4318],[4.0378,44.4313],[4.0367,44.4272],[4.0347,44.4279],[4.0321,44.4258],[4.0313,44.4269],[4.0327,44.4275],[4.0312,44.4274],[4.0306,44.43]]],[[[3.9879,44.4014],[3.9886,44.4055],[3.9911,44.4048],[3.9927,44.402],[3.9914,44.3996],[3.9879,44.4014]]],[[[3.9958,44.45],[3.997,44.4524],[4.0005,44.4491],[4.0044,44.4494],[4.0005,44.449],[3.9974,44.4503],[3.9954,44.4481],[3.9942,44.4488],[3.9958,44.45]]],[[[4.0137,44.4384],[4.0149,44.4353],[4.0132,44.4348],[4.0144,44.4355],[4.0135,44.4366],[4.0068,44.438],[4.0137,44.4384]]],[[[3.9902,44.3851],[3.9887,44.3851],[3.988,44.3874],[3.9917,44.3875],[3.9902,44.3851]]],[[[4.0149,44.4323],[4.012,44.4318],[4.0097,44.4342],[4.0125,44.4342],[4.0149,44.4323]]],[[[3.9912,44.4437],[3.9892,44.4431],[3.986,44.4462],[3.9912,44.4437]]]]}},{"type":"Feature","properties":{"id":"F15660H","nom":"Forêt domaniale de Carlencas","dep":"34","essence":"mixte"},"geometry":{"type":"Polygon","coordinates":[[[3.2244,43.619],[3.2237,43.616],[3.2213,43.6143],[3.2233,43.6099],[3.22,43.6104],[3.2153,43.619],[3.2175,43.6199],[3.2244,43.619]]]}},{"type":"Feature","properties":{"id":"F15663K","nom":"Forêt domaniale de Puéchabon","dep":"34","essence":"autre"},"geometry":{"type":"Polygon","coordinates":[[[3.5724,43.7387],[3.5717,43.7405],[3.5697,43.7402],[3.5661,43.7374],[3.561,43.7244],[3.5538,43.7196],[3.5511,43.7246],[3.5525,43.7276],[3.5514,43.728],[3.5547,43.7335],[3.5584,43.7361],[3.5574,43.7375],[3.5619,43.7415],[3.562,43.7433],[3.5668,43.7428],[3.5774,43.7483],[3.5802,43.748],[3.5785,43.7487],[3.5884,43.7455],[3.5921,43.7493],[3.5975,43.7493],[3.6056,43.7467],[3.6088,43.7433],[3.6116,43.7425],[3.6212,43.7471],[3.6202,43.7481],[3.6222,43.7529],[3.6343,43.7471],[3.6372,43.7436],[3.6341,43.7411],[3.6255,43.7438],[3.6191,43.7336],[3.5925,43.7408],[3.59,43.7358],[3.5862,43.7347],[3.5828,43.7388],[3.5791,43.7387],[3.5768,43.737],[3.5756,43.7407],[3.5724,43.7387]]]}},{"type":"Feature","properties":{"id":"F15703Y","nom":"Forêt domaniale de la Séranne","dep":"34","essence":"feuillu"},"geometry":{"type":"MultiPolygon","coordinates":[[[[3.5773,43.8441],[3.5709,43.8468],[3.5685,43.8514],[3.5786,43.8571],[3.5837,43.858],[3.575,43.8656],[3.5813,43.8697],[3.5789,43.8723],[3.5821,43.8713],[3.5838,43.8742],[3.5816,43.8758],[3.5859,43.8808],[3.5887,43.8811],[3.5938,43.8854],[3.599,43.8865],[3.602,43.8906],[3.6104,43.8888],[3.6103,43.8875],[3.6143,43.8837],[3.6075,43.8815],[3.6057,43.8779],[3.6016,43.8765],[3.5963,43.8771],[3.5992,43.8745],[3.6003,43.8723],[3.5988,43.8717],[3.5999,43.8711],[3.5981,43.8695],[3.599,43.8684],[3.5932,43.8681],[3.597,43.8669],[3.598,43.8628],[3.6013,43.8639],[3.6015,43.8666],[3.6033,43.8637],[3.6077,43.8667],[3.6088,43.8682],[3.6073,43.8707],[3.6044,43.8704],[3.6084,43.8749],[3.6221,43.874],[3.6235,43.8754],[3.6234,43.8743],[3.6326,43.874],[3.6456,43.8779],[3.6561,43.8844],[3.6548,43.8816],[3.6552,43.8758],[3.6513,43.8735],[3.6397,43.8706],[3.6325,43.8657],[3.611,43.8572],[3.6096,43.8545],[3.6181,43.8548],[3.6161,43.8539],[3.6187,43.8518],[3.6156,43.851],[3.6139,43.8476],[3.6114,43.8491],[3.6093,43.8445],[3.6012,43.8432],[3.601,43.842],[3.6079,43.8389],[3.605,43.837],[3.6053,43.8356],[3.6012,43.8343],[3.5964,43.8302],[3.5928,43.83],[3.5877,43.8321],[3.5778,43.8386],[3.5724,43.8365],[3.5768,43.8394],[3.5785,43.843],[3.5773,43.8441]]],[[[3.554,43.7924],[3.5435,43.7857],[3.5388,43.7914],[3.5402,43.7942],[3.5452,43.7953],[3.5477,43.8036],[3.5531,43.8054],[3.5576,43.811],[3.5673,43.8131],[3.5684,43.8145],[3.5719,43.8101],[3.5659,43.8091],[3.5656,43.8055],[3.5695,43.8044],[3.5732,43.8098],[3.576,43.8095],[3.5796,43.8067],[3.5752,43.8011],[3.554,43.7924]]]]}},{"type":"Feature","properties":{"id":"F15670R","nom":"Forêt domaniale de Sète","dep":"34","essence":"conifere"},"geometry":{"type":"Polygon","coordinates":[[[3.6652,43.4007],[3.6657,43.4028],[3.664,43.4036],[3.6652,43.405],[3.6718,43.4065],[3.6729,43.4056],[3.6689,43.4016],[3.6652,43.4007]]]}},{"type":"Feature","properties":{"id":"F15687I","nom":"Forêt domaniale de Saint-Chinian","dep":"34","essence":"mixte"},"geometry":{"type":"MultiPolygon","coordinates":[[[[2.9068,43.4401],[2.9093,43.4381],[2.9063,43.4389],[2.9035,43.4424],[2.9001,43.44],[2.8924,43.4424],[2.8898,43.4448],[2.8843,43.4438],[2.8854,43.4425],[2.8817,43.4414],[2.8779,43.4441],[2.878,43.4468],[2.8799,43.448],[2.8811,43.4513],[2.8851,43.451],[2.8852,43.4487],[2.8847,43.45],[2.8813,43.449],[2.8867,43.4471],[2.8865,43.4493],[2.8887,43.4486],[2.8902,43.4507],[2.8925,43.4487],[2.891,43.4458],[2.8957,43.4441],[2.9007,43.446],[2.9033,43.4495],[2.9068,43.4489],[2.9044,43.448],[2.9055,43.4474],[2.9107,43.4488],[2.9111,43.4478],[2.9077,43.4474],[2.9092,43.4446],[2.9068,43.4435],[2.9068,43.4401]]],[[[2.8833,43.4312],[2.8836,43.4299],[2.885,43.431],[2.886,43.43],[2.885,43.4296],[2.8874,43.4291],[2.8889,43.4269],[2.8766,43.4293],[2.8753,43.428],[2.872,43.429],[2.8696,43.4269],[2.8667,43.4299],[2.8662,43.4339],[2.8649,43.4338],[2.8672,43.4358],[2.8668,43.4372],[2.8699,43.4383],[2.871,43.4356],[2.8735,43.4364],[2.8828,43.4336],[2.8847,43.4349],[2.8833,43.4312]]],[[[2.8856,43.4578],[2.887,43.4583],[2.8906,43.4556],[2.8884,43.4532],[2.8876,43.4545],[2.883,43.4553],[2.8812,43.4536],[2.8757,43.4537],[2.873,43.4556],[2.8754,43.4575],[2.8754,43.4566],[2.8794,43.4628],[2.8831,43.4616],[2.8828,43.4581],[2.8856,43.4578]]],[[[2.8716,43.4157],[2.8676,43.4148],[2.8663,43.4157],[2.8656,43.4176],[2.8708,43.4171],[2.8735,43.4187],[2.8662,43.4198],[2.8691,43.4225],[2.875,43.421],[2.8819,43.4214],[2.8812,43.4196],[2.8867,43.4179],[2.8716,43.4157]]],[[[2.9302,43.4626],[2.9326,43.4613],[2.9276,43.4566],[2.9227,43.4586],[2.9219,43.4614],[2.9293,43.4652],[2.9309,43.4647],[2.9302,43.4626]]],[[[2.9209,43.4502],[2.9227,43.4463],[2.9192,43.4443],[2.9175,43.4452],[2.9197,43.4462],[2.9202,43.4485],[2.9167,43.4503],[2.9176,43.4511],[2.9163,43.4526],[2.9208,43.4522],[2.9218,43.4532],[2.9209,43.4502]]],[[[2.9311,43.4494],[2.9288,43.4525],[2.9323,43.4533],[2.934,43.4517],[2.9322,43.45],[2.934,43.4502],[2.9351,43.4486],[2.9311,43.4494]]]]}},{"type":"Feature","properties":{"id":"F15689K","nom":"Forêt domaniale d'Escandorgue","dep":"34","essence":"feuillu"},"geometry":{"type":"MultiPolygon","coordinates":[[[[3.2658,43.7942],[3.2644,43.7916],[3.2627,43.7921],[3.2596,43.7896],[3.261,43.7867],[3.2594,43.7871],[3.2601,43.786],[3.263,43.7854],[3.2609,43.7851],[3.2581,43.7876],[3.2551,43.7883],[3.2555,43.7896],[3.2515,43.7872],[3.2428,43.7924],[3.2418,43.796],[3.2463,43.8078],[3.2459,43.8135],[3.2474,43.8139],[3.2522,43.8102],[3.2555,43.8053],[3.2579,43.8062],[3.2568,43.8096],[3.2612,43.8115],[3.2651,43.8068],[3.2687,43.8062],[3.2616,43.8022],[3.2645,43.8006],[3.2647,43.7986],[3.2628,43.7981],[3.2643,43.7972],[3.2628,43.7963],[3.2655,43.7956],[3.2714,43.7972],[3.2752,43.7931],[3.2659,43.7953],[3.2658,43.7942]]],[[[3.2911,43.8148],[3.2842,43.8124],[3.2876,43.8147],[3.281,43.8218],[3.2779,43.8218],[3.2757,43.8256],[3.2796,43.8244],[3.2784,43.8271],[3.2867,43.8297],[3.2875,43.8265],[3.2918,43.8248],[3.2935,43.8208],[3.2911,43.8148]]],[[[3.2328,43.78],[3.2308,43.7795],[3.2278,43.7813],[3.227,43.7875],[3.2308,43.7873],[3.2309,43.79],[3.2327,43.7896],[3.2321,43.7864],[3.2372,43.7831],[3.2394,43.7836],[3.2434,43.7885],[3.2419,43.7825],[3.2396,43.7794],[3.233,43.7785],[3.2328,43.78]]],[[[3.2765,43.8109],[3.2736,43.8146],[3.2746,43.8177],[3.2775,43.8138],[3.2765,43.8109]]],[[[3.2895,43.811],[3.2908,43.8095],[3.2831,43.8109],[3.2895,43.811]]],[[[3.2554,43.7862],[3.2532,43.7836],[3.2515,43.786],[3.2554,43.7862]]]]}},{"type":"Feature","properties":{"id":"F15702X","nom":"Forêt domaniale du Minervois","dep":"34","essence":"conifere"},"geometry":{"type":"MultiPolygon","coordinates":[[[[2.674,43.3907],[2.6784,43.3928],[2.677,43.3939],[2.6784,43.3965],[2.6865,43.4011],[2.6932,43.4019],[2.6934,43.3987],[2.6918,43.3982],[2.6936,43.3978],[2.6947,43.3984],[2.6937,43.3996],[2.6963,43.3995],[2.6958,43.4006],[2.6975,43.3992],[2.6843,43.3917],[2.6849,43.3899],[2.6801,43.3878],[2.6807,43.3853],[2.6727,43.3786],[2.6772,43.3756],[2.6764,43.3743],[2.6726,43.374],[2.6673,43.3759],[2.6649,43.3695],[2.6636,43.3715],[2.6621,43.3715],[2.6564,43.3688],[2.6532,43.3694],[2.6516,43.3672],[2.6516,43.3721],[2.6496,43.373],[2.6541,43.3738],[2.6521,43.3766],[2.6538,43.3775],[2.6538,43.3791],[2.6575,43.3788],[2.6557,43.3807],[2.6579,43.3809],[2.6577,43.3822],[2.6624,43.3816],[2.6594,43.384],[2.66,43.3851],[2.674,43.3907]]],[[[2.5614,43.3812],[2.5595,43.3756],[2.5562,43.3776],[2.5517,43.3779],[2.5535,43.3829],[2.5568,43.3848],[2.5554,43.3882],[2.5597,43.3934],[2.5686,43.4004],[2.5729,43.3998],[2.5718,43.3964],[2.5738,43.3916],[2.5682,43.3898],[2.5664,43.388],[2.5665,43.3854],[2.5611,43.3825],[2.5614,43.3812]]],[[[2.6203,43.3979],[2.622,43.3996],[2.619,43.4014],[2.6199,43.402],[2.624,43.4021],[2.6278,43.3995],[2.6255,43.3953],[2.6211,43.3939],[2.6203,43.3979]]]]}},{"type":"Feature","properties":{"id":"F15723S","nom":"Forêt domaniale de l'Espinouse","dep":"34","essence":"feuillu"},"geometry":{"type":"MultiPolygon","coordinates":[[[[2.9253,43.653],[2.9261,43.649],[2.9363,43.6546],[2.943,43.6533],[2.9453,43.6582],[2.9623,43.6625],[2.9701,43.6518],[2.9714,43.6529],[2.9746,43.6504],[2.9785,43.6502],[2.9831,43.652],[2.9915,43.652],[2.9949,43.6505],[3.0042,43.6524],[3.0041,43.6489],[3.0058,43.6478],[2.9978,43.6335],[2.9887,43.6285],[2.978,43.6313],[2.9705,43.6349],[2.9703,43.6304],[2.9613,43.6206],[2.9502,43.6175],[2.9497,43.6155],[2.9453,43.6184],[2.9447,43.6167],[2.9495,43.6144],[2.951,43.61],[2.9495,43.606],[2.9509,43.6051],[2.95,43.6016],[2.9479,43.6029],[2.9456,43.6012],[2.9414,43.6006],[2.9398,43.6029],[2.9406,43.6042],[2.9351,43.6082],[2.9315,43.6132],[2.9228,43.6124],[2.9211,43.6073],[2.929,43.6021],[2.9313,43.5994],[2.9334,43.5924],[2.9314,43.5935],[2.9314,43.5923],[2.9237,43.5918],[2.924,43.5902],[2.9218,43.5896],[2.9224,43.5868],[2.9118,43.5858],[2.9128,43.5797],[2.9102,43.5787],[2.9086,43.5822],[2.9065,43.5799],[2.9065,43.5777],[2.9044,43.5775],[2.904,43.58],[2.9024,43.58],[2.9035,43.5762],[2.9004,43.5759],[2.8979,43.5775],[2.897,43.5822],[2.8989,43.5832],[2.895,43.5866],[2.8977,43.5874],[2.897,43.5883],[2.8939,43.5872],[2.8908,43.59],[2.8823,43.5874],[2.8821,43.5848],[2.879,43.583],[2.88,43.5887],[2.8849,43.592],[2.8889,43.598],[2.8863,43.5952],[2.8641,43.5953],[2.8616,43.6033],[2.8517,43.601],[2.8489,43.5974],[2.8423,43.6013],[2.8432,43.6035],[2.8456,43.6022],[2.8453,43.6045],[2.8471,43.6056],[2.8421,43.6095],[2.8472,43.6098],[2.8464,43.6137],[2.8498,43.6158],[2.8547,43.6144],[2.8527,43.6134],[2.8533,43.6146],[2.8505,43.6147],[2.849,43.6131],[2.8502,43.61],[2.8531,43.6095],[2.851,43.6072],[2.8568,43.6048],[2.8634,43.6109],[2.8657,43.6086],[2.8652,43.6072],[2.8738,43.6079],[2.8751,43.6015],[2.8813,43.6013],[2.8797,43.609],[2.8783,43.6095],[2.881,43.6103],[2.8795,43.6122],[2.8809,43.6153],[2.8753,43.6183],[2.8756,43.621],[2.878,43.6271],[2.8817,43.6302],[2.8836,43.6397],[2.893,43.6363],[2.8906,43.6375],[2.8917,43.6387],[2.8904,43.6427],[2.892,43.6444],[2.8893,43.6441],[2.8885,43.6454],[2.8918,43.647],[2.891,43.6496],[2.8946,43.653],[2.894,43.6544],[2.921,43.6543],[2.9253,43.653]]],[[[2.9594,43.5996],[2.9663,43.5982],[2.9683,43.6012],[2.9742,43.6002],[2.9782,43.5943],[3.0063,43.5961],[3.0056,43.595],[3.0083,43.5927],[3.0008,43.5858],[2.9922,43.5894],[2.9936,43.5847],[2.9953,43.5834],[2.9943,43.5827],[2.9885,43.5911],[2.9827,43.5896],[2.9739,43.5916],[2.9764,43.581],[2.9655,43.5764],[2.9558,43.5804],[2.9506,43.5798],[2.9472,43.5873],[2.945,43.5867],[2.9439,43.5879],[2.9436,43.5908],[2.9514,43.5912],[2.9531,43.5956],[2.9513,43.5961],[2.9527,43.5979],[2.9572,43.6005],[2.9594,43.5996]]],[[[2.8654,43.5696],[2.8641,43.5673],[2.8496,43.5687],[2.8487,43.5674],[2.8572,43.5634],[2.8457,43.5662],[2.8396,43.5689],[2.838,43.572],[2.8574,43.5767],[2.8649,43.573],[2.8619,43.5719],[2.8654,43.5696]]],[[[3.0193,43.5915],[3.0169,43.5926],[3.02,43.5917],[3.021,43.5927],[3.0163,43.594],[3.0095,43.5927],[3.0109,43.5952],[3.0097,43.5968],[3.0253,43.6016],[3.0273,43.5908],[3.0256,43.5884],[3.0221,43.5887],[3.0223,43.5906],[3.0203,43.5882],[3.0181,43.5906],[3.0195,43.5899],[3.0219,43.5914],[3.0193,43.5915]]],[[[2.8741,43.5784],[2.8766,43.5792],[2.8819,43.5765],[2.8827,43.5741],[2.885,43.575],[2.8899,43.5729],[2.8865,43.5732],[2.8857,43.5723],[2.8871,43.5714],[2.8769,43.5711],[2.8786,43.5671],[2.8753,43.5644],[2.8698,43.5734],[2.8757,43.5745],[2.8741,43.5784]]],[[[2.863,43.639],[2.8613,43.6391],[2.8603,43.6417],[2.8639,43.6424],[2.864,43.644],[2.8734,43.6451],[2.875,43.6484],[2.8786,43.6444],[2.8765,43.6431],[2.8767,43.6411],[2.863,43.639]]]]}},{"type":"Feature","properties":{"id":"F15736F","nom":"Forêt domaniale des Ecrivains-Combattants","dep":"34","essence":"conifere"},"geometry":{"type":"Polygon","coordinates":[[[3.0422,43.6119],[3.0375,43.6132],[3.0383,43.6119],[3.0339,43.6111],[3.0338,43.609],[3.03,43.6065],[3.0289,43.6004],[3.0255,43.6003],[3.0272,43.613],[3.0312,43.612],[3.0357,43.6167],[3.0422,43.6157],[3.0423,43.6137],[3.0437,43.6146],[3.0439,43.6129],[3.0488,43.6122],[3.0457,43.6107],[3.0422,43.6119]]]}},{"type":"Feature","properties":{"id":"F15738H","nom":"Forêt domaniale de Saint-Guilhem-Le-Désert","dep":"34","essence":"feuillu"},"geometry":{"type":"MultiPolygon","coordinates":[[[[3.5115,43.737],[3.5035,43.7422],[3.5052,43.7439],[3.5044,43.7424],[3.5115,43.743],[3.5107,43.7444],[3.512,43.7471],[3.5141,43.7433],[3.5145,43.7468],[3.5157,43.7466],[3.5137,43.748],[3.5164,43.7472],[3.5184,43.7493],[3.5188,43.751],[3.5176,43.7515],[3.5236,43.7576],[3.5229,43.7585],[3.5258,43.7584],[3.5268,43.76],[3.5255,43.762],[3.5298,43.765],[3.534,43.7646],[3.5348,43.7651],[3.5334,43.7657],[3.5368,43.7675],[3.5409,43.7673],[3.5529,43.7714],[3.5614,43.7773],[3.5684,43.7791],[3.5697,43.7821],[3.5722,43.7823],[3.5729,43.7838],[3.575,43.7812],[3.5758,43.7827],[3.5811,43.7839],[3.5903,43.7762],[3.5887,43.774],[3.5896,43.7721],[3.5882,43.7707],[3.5894,43.7697],[3.5881,43.7695],[3.5882,43.767],[3.5865,43.7665],[3.585,43.763],[3.5823,43.7621],[3.5822,43.7593],[3.584,43.7564],[3.5829,43.756],[3.5837,43.754],[3.5895,43.7547],[3.5903,43.7536],[3.5892,43.7533],[3.5915,43.7527],[3.5922,43.7504],[3.5883,43.7492],[3.5889,43.7462],[3.5823,43.7493],[3.5774,43.7503],[3.576,43.7494],[3.5752,43.7517],[3.5724,43.7523],[3.5708,43.75],[3.5727,43.7467],[3.5698,43.7484],[3.5651,43.7459],[3.5611,43.7473],[3.5629,43.7481],[3.5619,43.7501],[3.5587,43.7486],[3.5555,43.7515],[3.5527,43.7491],[3.5562,43.7492],[3.5556,43.7474],[3.5603,43.7464],[3.557,43.743],[3.5539,43.7458],[3.5466,43.745],[3.5462,43.7473],[3.5447,43.7452],[3.547,43.7441],[3.5462,43.7421],[3.5451,43.7439],[3.5459,43.7425],[3.5448,43.7407],[3.5462,43.7398],[3.5405,43.7407],[3.5368,43.7389],[3.5368,43.7407],[3.5353,43.741],[3.5323,43.7392],[3.533,43.7378],[3.5387,43.7376],[3.5404,43.7355],[3.542,43.7373],[3.5414,43.7361],[3.5426,43.7354],[3.5475,43.7365],[3.5449,43.7345],[3.5461,43.734],[3.5445,43.7316],[3.5413,43.7314],[3.5446,43.7285],[3.5485,43.7298],[3.5502,43.7287],[3.5502,43.7316],[3.5483,43.7315],[3.5482,43.7327],[3.5535,43.7329],[3.5505,43.7307],[3.5517,43.7292],[3.549,43.7266],[3.5476,43.7279],[3.5467,43.7263],[3.5445,43.7276],[3.5386,43.7261],[3.5377,43.7294],[3.5349,43.7269],[3.5321,43.7288],[3.5303,43.7275],[3.5344,43.7237],[3.5435,43.7237],[3.5434,43.7223],[3.5483,43.7228],[3.5492,43.7217],[3.5492,43.724],[3.5527,43.7229],[3.5533,43.7202],[3.55,43.7173],[3.5523,43.7135],[3.5377,43.7148],[3.5401,43.7086],[3.5424,43.7064],[3.5422,43.703],[3.5399,43.7042],[3.5342,43.7019],[3.5327,43.7064],[3.5268,43.7034],[3.529,43.7072],[3.528,43.7095],[3.5333,43.7119],[3.5348,43.7169],[3.5216,43.7287],[3.5185,43.7283],[3.5166,43.7343],[3.5115,43.737]]],[[[3.5583,43.7836],[3.5544,43.7841],[3.551,43.7818],[3.5499,43.7829],[3.5436,43.7802],[3.5408,43.7823],[3.5281,43.7823],[3.5348,43.7897],[3.5382,43.791],[3.5435,43.7857],[3.555,43.7929],[3.5573,43.7907],[3.5661,43.7959],[3.5669,43.7948],[3.5634,43.7919],[3.5718,43.7938],[3.5735,43.7882],[3.5677,43.7829],[3.5637,43.783],[3.5668,43.7854],[3.5643,43.7845],[3.563,43.7863],[3.5609,43.786],[3.5619,43.7842],[3.5583,43.7836]]]]}},{"type":"Feature","properties":{"id":"F15752V","nom":"Forêt domaniale de Saint-Michel","dep":"34","essence":"feuillu"},"geometry":{"type":"MultiPolygon","coordinates":[[[[3.0868,43.5596],[3.0937,43.5622],[3.0917,43.5652],[3.0974,43.5662],[3.0981,43.5686],[3.1008,43.5684],[3.1012,43.5667],[3.1057,43.5682],[3.1044,43.5705],[3.1065,43.568],[3.1229,43.5738],[3.1289,43.5716],[3.123,43.5668],[3.1185,43.5652],[3.1185,43.5597],[3.1065,43.5565],[3.1062,43.5511],[3.0922,43.5519],[3.0907,43.5454],[3.0891,43.5451],[3.0843,43.5487],[3.0878,43.5526],[3.087,43.5569],[3.0783,43.5532],[3.0794,43.5545],[3.0742,43.5554],[3.0729,43.5524],[3.0715,43.5527],[3.0655,43.5488],[3.0631,43.55],[3.0613,43.5487],[3.0628,43.5481],[3.0604,43.5482],[3.0614,43.5471],[3.0556,43.5453],[3.057,43.544],[3.0604,43.5463],[3.0653,43.5451],[3.0615,43.5447],[3.0627,43.5428],[3.0608,43.542],[3.0585,43.5432],[3.0586,43.5408],[3.0566,43.5417],[3.0574,43.5427],[3.0551,43.5426],[3.0517,43.5453],[3.0506,43.5447],[3.0515,43.5438],[3.0489,43.5425],[3.0507,43.544],[3.0491,43.5449],[3.0514,43.5459],[3.0544,43.5446],[3.058,43.5488],[3.0569,43.5489],[3.0619,43.5514],[3.0571,43.5503],[3.0675,43.5582],[3.0803,43.5611],[3.0849,43.5609],[3.0861,43.5593],[3.0849,43.5588],[3.0873,43.5574],[3.0952,43.5594],[3.0901,43.5596],[3.0874,43.5583],[3.0868,43.5596]]],[[[3.0758,43.5463],[3.0805,43.5461],[3.0809,43.5435],[3.0771,43.5405],[3.0756,43.5417],[3.0755,43.5399],[3.0727,43.5387],[3.0651,43.5375],[3.0654,43.5393],[3.0664,43.5387],[3.0693,43.5417],[3.0708,43.5409],[3.0709,43.544],[3.0723,43.5432],[3.0758,43.5463]]],[[[3.0701,43.5459],[3.0624,43.5417],[3.0697,43.5477],[3.073,43.5475],[3.0773,43.5499],[3.0793,43.5491],[3.0783,43.5517],[3.0832,43.5516],[3.0823,43.5489],[3.0701,43.5459]]],[[[3.0524,43.5395],[3.0557,43.539],[3.0557,43.541],[3.06,43.537],[3.0584,43.5381],[3.0592,43.5364],[3.0546,43.5348],[3.0516,43.5381],[3.0524,43.5395]]],[[[3.07,43.5667],[3.0713,43.5649],[3.066,43.5668],[3.0675,43.568],[3.07,43.5667]]]]}},{"type":"Feature","properties":{"id":"F15765I","nom":"Forêt domaniale des Avant-Monts","dep":"34","essence":"feuillu"},"geometry":{"type":"MultiPolygon","coordinates":[[[[2.7289,43.4709],[2.7306,43.4725],[2.7399,43.4735],[2.7409,43.4719],[2.745,43.4721],[2.7488,43.4696],[2.7441,43.4683],[2.7426,43.4663],[2.7376,43.4657],[2.7363,43.4629],[2.7342,43.4622],[2.7358,43.4609],[2.7368,43.4617],[2.7367,43.4606],[2.7344,43.4604],[2.7339,43.459],[2.7271,43.4591],[2.7268,43.456],[2.7247,43.4565],[2.7255,43.4545],[2.7226,43.4568],[2.7219,43.4546],[2.7213,43.457],[2.7211,43.4556],[2.7161,43.4557],[2.7169,43.4547],[2.7159,43.4539],[2.7186,43.454],[2.7195,43.4554],[2.7205,43.4539],[2.7247,43.4541],[2.7215,43.4536],[2.7217,43.4522],[2.7165,43.4516],[2.7221,43.4493],[2.7199,43.449],[2.7275,43.4489],[2.7283,43.4464],[2.7317,43.4453],[2.7287,43.4414],[2.7317,43.4358],[2.7327,43.4364],[2.7318,43.4379],[2.7352,43.4367],[2.7417,43.4377],[2.7404,43.4341],[2.743,43.4316],[2.736,43.4295],[2.7328,43.4253],[2.7302,43.4255],[2.7243,43.4299],[2.7177,43.4281],[2.7216,43.4304],[2.7188,43.4302],[2.7191,43.4315],[2.7169,43.4317],[2.7177,43.4329],[2.7163,43.4336],[2.716,43.4381],[2.7106,43.4366],[2.7069,43.4334],[2.7,43.4328],[2.6921,43.4296],[2.6737,43.4304],[2.6712,43.4271],[2.6684,43.4291],[2.6641,43.4273],[2.6613,43.4279],[2.6599,43.4295],[2.6634,43.4299],[2.6567,43.4319],[2.6594,43.4325],[2.657,43.435],[2.6594,43.434],[2.6566,43.4367],[2.6659,43.4389],[2.6611,43.4427],[2.6623,43.4433],[2.6623,43.4473],[2.6635,43.4484],[2.6623,43.4496],[2.6681,43.4548],[2.6709,43.4551],[2.6709,43.4537],[2.6739,43.4526],[2.673,43.4514],[2.675,43.4488],[2.6824,43.4471],[2.6818,43.4447],[2.6849,43.4384],[2.6906,43.4382],[2.6913,43.4397],[2.6913,43.4381],[2.6927,43.438],[2.6936,43.44],[2.697,43.4408],[2.6981,43.4395],[2.7034,43.4398],[2.7057,43.443],[2.7017,43.4442],[2.7038,43.4456],[2.7006,43.4482],[2.7062,43.4499],[2.7051,43.4522],[2.7064,43.4527],[2.7032,43.4546],[2.703,43.4611],[2.7061,43.4603],[2.7036,43.4653],[2.707,43.4628],[2.7091,43.4649],[2.71,43.4631],[2.7094,43.4675],[2.7122,43.4702],[2.7133,43.468],[2.7124,43.4675],[2.7143,43.4673],[2.713,43.4653],[2.7166,43.4636],[2.7183,43.4656],[2.7169,43.4669],[2.7175,43.4688],[2.7191,43.4687],[2.7193,43.4651],[2.7217,43.4648],[2.7218,43.4705],[2.723,43.4682],[2.7254,43.4684],[2.7241,43.471],[2.7266,43.4717],[2.7269,43.4685],[2.729,43.4683],[2.7289,43.4709]]],[[[2.7515,43.4392],[2.7397,43.4398],[2.7407,43.4415],[2.7435,43.4404],[2.75,43.4427],[2.7457,43.4463],[2.7455,43.448],[2.7557,43.4505],[2.7523,43.4515],[2.7522,43.4527],[2.7537,43.4526],[2.7521,43.4552],[2.7537,43.4562],[2.7521,43.4572],[2.7528,43.4589],[2.7514,43.4601],[2.7536,43.46],[2.7545,43.4607],[2.7529,43.4607],[2.7551,43.4626],[2.7583,43.4633],[2.7585,43.4596],[2.762,43.461],[2.761,43.4629],[2.7622,43.4608],[2.7655,43.4596],[2.7607,43.4572],[2.7636,43.4549],[2.7683,43.4552],[2.7695,43.4577],[2.7776,43.4593],[2.7763,43.4609],[2.7773,43.4618],[2.7796,43.4602],[2.778,43.4553],[2.7803,43.4542],[2.7827,43.4551],[2.7851,43.4541],[2.7886,43.4567],[2.7941,43.4564],[2.7947,43.4584],[2.8088,43.4603],[2.8088,43.4619],[2.8134,43.4648],[2.8152,43.4633],[2.8188,43.4637],[2.824,43.462],[2.8275,43.464],[2.8295,43.4612],[2.8336,43.4603],[2.8368,43.4631],[2.8395,43.4625],[2.8404,43.4607],[2.8446,43.4622],[2.8465,43.4612],[2.8445,43.4593],[2.8408,43.4594],[2.843,43.455],[2.831,43.4532],[2.8305,43.4572],[2.8346,43.4567],[2.8347,43.4582],[2.8324,43.4598],[2.8309,43.4576],[2.8207,43.4569],[2.8103,43.4527],[2.7977,43.445],[2.7932,43.4445],[2.7879,43.4462],[2.7787,43.4388],[2.7615,43.4374],[2.7555,43.4395],[2.7515,43.4392]]],[[[2.9086,43.4993],[2.9042,43.4989],[2.8991,43.5009],[2.8931,43.5004],[2.8868,43.4993],[2.8756,43.4937],[2.875,43.4929],[2.8788,43.4927],[2.8826,43.489],[2.8792,43.4822],[2.8766,43.4825],[2.8766,43.4804],[2.8706,43.4844],[2.8657,43.4845],[2.8583,43.4826],[2.8513,43.4831],[2.8439,43.479],[2.8371,43.4804],[2.8234,43.4769],[2.8221,43.4794],[2.8255,43.4819],[2.8222,43.4823],[2.8212,43.4838],[2.8254,43.4825],[2.8279,43.4836],[2.8309,43.4873],[2.8416,43.4917],[2.8399,43.4941],[2.8434,43.4959],[2.8462,43.4934],[2.8482,43.4882],[2.8541,43.4901],[2.8528,43.4882],[2.8593,43.4879],[2.8606,43.4916],[2.863,43.4937],[2.8627,43.4959],[2.8597,43.4952],[2.8627,43.4985],[2.8697,43.4983],[2.87,43.4946],[2.8713,43.4971],[2.8704,43.4986],[2.8734,43.498],[2.8744,43.4997],[2.8778,43.5005],[2.8788,43.4985],[2.8808,43.5005],[2.8825,43.5001],[2.8824,43.5017],[2.8861,43.5013],[2.8854,43.5039],[2.8873,43.505],[2.8838,43.506],[2.8822,43.5051],[2.8818,43.5071],[2.8863,43.5074],[2.8863,43.5098],[2.8939,43.5106],[2.8949,43.509],[2.9038,43.5105],[2.9056,43.5051],[2.9121,43.5019],[2.9086,43.4993]]],[[[2.9445,43.5394],[2.9408,43.5405],[2.943,43.5411],[2.9454,43.5453],[2.9469,43.5424],[2.9485,43.5441],[2.9515,43.5438],[2.9514,43.5423],[2.948,43.541],[2.9502,43.5397],[2.9539,43.5416],[2.954,43.5437],[2.9588,43.5427],[2.9529,43.5383],[2.9445,43.5394]]]]}},{"type":"Feature","properties":{"id":"F15773Q","nom":"Forêt domaniale de Monts-D'Orb","dep":"34","essence":"feuillu"},"geometry":{"type":"MultiPolygon","coordinates":[[[[3.1033,43.6919],[3.1045,43.6902],[3.1037,43.6917],[3.1066,43.6928],[3.1015,43.694],[3.1029,43.6897],[3.1001,43.6906],[3.1006,43.6887],[3.0974,43.6917],[3.0974,43.689],[3.0922,43.6891],[3.0886,43.6918],[3.092,43.6949],[3.0906,43.6966],[3.0887,43.6936],[3.085,43.6941],[3.0853,43.6915],[3.0831,43.6899],[3.0802,43.6928],[3.0772,43.6935],[3.0754,43.6916],[3.0746,43.6964],[3.0795,43.6977],[3.074,43.705],[3.0692,43.7067],[3.0682,43.7088],[3.072,43.7111],[3.0726,43.7089],[3.0741,43.7096],[3.0768,43.7069],[3.078,43.7096],[3.0803,43.7101],[3.0784,43.7139],[3.0794,43.7212],[3.084,43.7239],[3.0879,43.7235],[3.0887,43.7251],[3.0938,43.7233],[3.0968,43.7244],[3.0969,43.7233],[3.105,43.7208],[3.1063,43.7221],[3.1051,43.7208],[3.1065,43.7195],[3.1148,43.7185],[3.1146,43.7152],[3.1156,43.7181],[3.1238,43.72],[3.1213,43.7186],[3.1247,43.7167],[3.1228,43.7151],[3.1247,43.7164],[3.1271,43.7148],[3.1318,43.7151],[3.1294,43.7166],[3.1297,43.7181],[3.1326,43.718],[3.1331,43.7154],[3.1373,43.7186],[3.1358,43.721],[3.1401,43.7202],[3.1428,43.7151],[3.1346,43.7129],[3.1326,43.7037],[3.1416,43.6982],[3.1395,43.6955],[3.1371,43.6959],[3.1385,43.6942],[3.1412,43.6943],[3.1391,43.6936],[3.1375,43.6909],[3.1396,43.6929],[3.1405,43.6911],[3.1422,43.6912],[3.138,43.688],[3.1382,43.6865],[3.1312,43.6871],[3.1302,43.6851],[3.1252,43.684],[3.1225,43.6887],[3.1179,43.6877],[3.12,43.6892],[3.1188,43.6898],[3.1164,43.6851],[3.1174,43.6863],[3.1143,43.6878],[3.1139,43.6861],[3.1156,43.6851],[3.1126,43.6844],[3.1139,43.6857],[3.1121,43.6855],[3.1114,43.6885],[3.1145,43.6884],[3.1155,43.6912],[3.1106,43.688],[3.103,43.6897],[3.1033,43.6919]]],[[[3.0566,43.7896],[3.0557,43.7927],[3.0488,43.8002],[3.051,43.8056],[3.0602,43.8095],[3.0676,43.8069],[3.0701,43.8082],[3.0723,43.807],[3.0719,43.8086],[3.074,43.8099],[3.0779,43.8072],[3.0784,43.8082],[3.0782,43.8033],[3.0758,43.8025],[3.0801,43.8026],[3.0788,43.8012],[3.0756,43.802],[3.0748,43.7998],[3.0721,43.8005],[3.0779,43.7985],[3.0807,43.7934],[3.0846,43.7938],[3.084,43.7914],[3.0866,43.7891],[3.0849,43.788],[3.0847,43.7854],[3.0824,43.7847],[3.0847,43.7847],[3.0881,43.7807],[3.0849,43.7786],[3.0805,43.78],[3.0754,43.7784],[3.082,43.7786],[3.0832,43.7778],[3.0821,43.7751],[3.0862,43.7741],[3.0856,43.7726],[3.0797,43.7727],[3.0794,43.7702],[3.0862,43.7682],[3.0834,43.7648],[3.0891,43.7663],[3.0863,43.7637],[3.0869,43.7615],[3.0733,43.7629],[3.0724,43.7651],[3.076,43.7685],[3.0719,43.7713],[3.0667,43.772],[3.0653,43.7729],[3.0655,43.7762],[3.0589,43.7795],[3.057,43.7828],[3.0584,43.7858],[3.0566,43.7896]]],[[[3.2174,43.7733],[3.2175,43.7722],[3.2141,43.7701],[3.2265,43.7694],[3.2307,43.7709],[3.2332,43.7699],[3.2344,43.762],[3.2292,43.764],[3.2249,43.7627],[3.2245,43.7605],[3.2271,43.7593],[3.2249,43.7581],[3.2253,43.7558],[3.2309,43.757],[3.2359,43.7618],[3.2394,43.7611],[3.2415,43.7591],[3.2406,43.7569],[3.2427,43.7569],[3.2413,43.7532],[3.2428,43.7528],[3.2414,43.7514],[3.2425,43.75],[3.2393,43.7506],[3.2404,43.7528],[3.237,43.7534],[3.2387,43.7523],[3.2379,43.7503],[3.2333,43.7484],[3.2307,43.7448],[3.2276,43.7481],[3.2289,43.7495],[3.228,43.7501],[3.2259,43.7474],[3.228,43.7449],[3.2251,43.7438],[3.2254,43.7473],[3.2223,43.7462],[3.2182,43.7482],[3.2156,43.7478],[3.2141,43.7495],[3.2161,43.7497],[3.2127,43.752],[3.213,43.754],[3.2179,43.7568],[3.2154,43.7589],[3.2114,43.7594],[3.2089,43.7654],[3.1992,43.7622],[3.1978,43.7657],[3.1895,43.7672],[3.1894,43.7695],[3.186,43.7689],[3.1867,43.7726],[3.1911,43.7723],[3.1924,43.7739],[3.1886,43.7766],[3.194,43.7765],[3.2016,43.7788],[3.2131,43.7739],[3.2166,43.7744],[3.2174,43.7733]]],[[[3.1535,43.7918],[3.1513,43.7971],[3.1543,43.7981],[3.1606,43.7945],[3.1612,43.8029],[3.1657,43.809],[3.161,43.8109],[3.1654,43.8106],[3.1668,43.8127],[3.1826,43.8053],[3.1812,43.8034],[3.1782,43.8025],[3.1808,43.7989],[3.1853,43.7983],[3.1849,43.7967],[3.1904,43.7917],[3.1815,43.7912],[3.1819,43.7895],[3.1848,43.7884],[3.1816,43.7857],[3.1853,43.7815],[3.1795,43.7789],[3.1736,43.78],[3.1664,43.7791],[3.1582,43.7852],[3.1577,43.7879],[3.1535,43.7918]]],[[[3.0536,43.747],[3.054,43.7484],[3.0578,43.7474],[3.0588,43.7453],[3.0562,43.743],[3.0602,43.7429],[3.063,43.746],[3.0625,43.7472],[3.0674,43.7476],[3.0653,43.7486],[3.07,43.7529],[3.0714,43.7534],[3.0717,43.7506],[3.0752,43.7517],[3.0761,43.7506],[3.0799,43.7545],[3.085,43.7528],[3.0904,43.7543],[3.0901,43.7556],[3.0922,43.7561],[3.0936,43.7542],[3.0936,43.7559],[3.0964,43.758],[3.0971,43.7491],[3.1072,43.7481],[3.1009,43.7446],[3.0971,43.7466],[3.0917,43.746],[3.0917,43.7443],[3.0946,43.7434],[3.0953,43.7416],[3.0936,43.7418],[3.0937,43.74],[3.0926,43.742],[3.0917,43.7412],[3.0929,43.7394],[3.0905,43.7414],[3.0916,43.7432],[3.0884,43.7444],[3.0871,43.7432],[3.0843,43.7439],[3.0842,43.7421],[3.0868,43.7411],[3.0867,43.74],[3.0858,43.7411],[3.0816,43.741],[3.0831,43.7425],[3.0807,43.7414],[3.0807,43.7384],[3.0828,43.7378],[3.0827,43.7391],[3.0829,43.7373],[3.0805,43.7383],[3.0812,43.7351],[3.0759,43.7351],[3.0796,43.7328],[3.0774,43.7304],[3.0761,43.7329],[3.0778,43.7332],[3.0718,43.7343],[3.0727,43.7301],[3.0705,43.7337],[3.0677,43.7324],[3.0667,43.7339],[3.0653,43.7329],[3.062,43.7347],[3.0612,43.7327],[3.0555,43.7334],[3.0536,43.7313],[3.054,43.7339],[3.0598,43.7381],[3.0535,43.7424],[3.0525,43.7458],[3.0536,43.747]]],[[[3.1083,43.7915],[3.1063,43.7944],[3.1157,43.7927],[3.1162,43.7893],[3.1176,43.7907],[3.1258,43.7916],[3.1245,43.7893],[3.1279,43.7878],[3.131,43.7937],[3.1335,43.7927],[3.1308,43.7846],[3.1231,43.7852],[3.124,43.7831],[3.1227,43.7822],[3.12,43.7832],[3.1195,43.7809],[3.117,43.7808],[3.1144,43.7775],[3.1153,43.7766],[3.1128,43.7766],[3.1148,43.7754],[3.112,43.7751],[3.1072,43.7695],[3.1061,43.7714],[3.1075,43.7723],[3.1037,43.7731],[3.1035,43.776],[3.1022,43.7753],[3.1015,43.7744],[3.1041,43.7711],[3.1032,43.7707],[3.1056,43.7684],[3.1,43.7667],[3.0998,43.7696],[3.0936,43.7715],[3.0915,43.7706],[3.0946,43.774],[3.0915,43.7766],[3.0927,43.7806],[3.0985,43.7759],[3.0969,43.7784],[3.0991,43.7805],[3.1034,43.7796],[3.105,43.7809],[3.1107,43.7808],[3.1079,43.7831],[3.1119,43.7857],[3.1103,43.7856],[3.1105,43.7866],[3.1049,43.7901],[3.109,43.7903],[3.1083,43.7915]]],[[[3.1942,43.705],[3.1954,43.7064],[3.1947,43.7043],[3.1982,43.7036],[3.1977,43.7048],[3.1988,43.7046],[3.2018,43.702],[3.2011,43.6964],[3.2024,43.6967],[3.2035,43.6924],[3.202,43.6923],[3.2033,43.6905],[3.2057,43.6915],[3.205,43.6881],[3.206,43.6863],[3.1982,43.6777],[3.1974,43.6739],[3.1942,43.6717],[3.1945,43.681],[3.1967,43.6838],[3.1927,43.6866],[3.1919,43.6897],[3.1894,43.6908],[3.19,43.6923],[3.1882,43.6927],[3.1915,43.6951],[3.1911,43.6988],[3.1941,43.7015],[3.1932,43.7027],[3.1942,43.705]]],[[[3.2212,43.6902],[3.2162,43.6874],[3.2136,43.6888],[3.2133,43.6932],[3.2123,43.6906],[3.209,43.693],[3.2058,43.6933],[3.2041,43.6968],[3.204,43.6983],[3.2058,43.6985],[3.2041,43.6989],[3.2046,43.6999],[3.2079,43.6992],[3.2085,43.6977],[3.2113,43.698],[3.2102,43.7],[3.2052,43.702],[3.2121,43.7036],[3.215,43.7059],[3.2146,43.7076],[3.2177,43.7048],[3.2154,43.7034],[3.2182,43.7006],[3.2157,43.6986],[3.2174,43.6974],[3.2166,43.6961],[3.2239,43.6926],[3.2212,43.6902]]],[[[3.0859,43.836],[3.0892,43.8348],[3.0831,43.8277],[3.0778,43.8324],[3.0811,43.8351],[3.0859,43.836]]],[[[3.117,43.815],[3.1173,43.8176],[3.1246,43.814],[3.1263,43.8108],[3.1282,43.8128],[3.1294,43.8119],[3.129,43.8083],[3.1269,43.8085],[3.1277,43.8099],[3.1209,43.8119],[3.1213,43.8096],[3.1189,43.8099],[3.1206,43.813],[3.117,43.815]]],[[[3.1063,43.8196],[3.1046,43.8192],[3.1061,43.8215],[3.1052,43.8219],[3.1038,43.8192],[3.1008,43.821],[3.1019,43.8226],[3.1047,43.822],[3.1082,43.8253],[3.1107,43.8245],[3.1125,43.8227],[3.1096,43.8222],[3.114,43.8155],[3.1095,43.8172],[3.1106,43.8201],[3.1075,43.8207],[3.1063,43.8196]]],[[[3.0548,43.7514],[3.0576,43.7519],[3.0601,43.7548],[3.0624,43.7537],[3.0608,43.7522],[3.0624,43.751],[3.0584,43.7484],[3.0542,43.7502],[3.0548,43.7514]]],[[[3.2414,43.7491],[3.2441,43.7476],[3.2397,43.7431],[3.2363,43.7463],[3.2387,43.7497],[3.2414,43.7491]]],[[[3.0906,43.7313],[3.0922,43.7298],[3.0898,43.7283],[3.0872,43.7312],[3.0886,43.7315],[3.0894,43.7299],[3.0906,43.7308],[3.0896,43.733],[3.0906,43.7313]]],[[[3.1515,43.6899],[3.1498,43.6907],[3.1531,43.6932],[3.1537,43.6906],[3.1515,43.6899]]],[[[3.0112,43.6923],[3.0148,43.6937],[3.0154,43.6919],[3.0145,43.6906],[3.0112,43.6923]]],[[[3.1123,43.8202],[3.112,43.8213],[3.1141,43.8215],[3.1153,43.8189],[3.113,43.8181],[3.1123,43.8202]]],[[[3.1495,43.6937],[3.1517,43.6958],[3.1516,43.6941],[3.1467,43.6907],[3.1478,43.6907],[3.145,43.6901],[3.1495,43.6937]]],[[[3.091,43.8338],[3.0933,43.8337],[3.0926,43.8305],[3.0912,43.8309],[3.091,43.8338]]]]}},{"type":"Feature","properties":{"id":"F15778V","nom":"Forêt domaniale de Notre-Dame De Parlatges","dep":"34","essence":"conifere"},"geometry":{"type":"MultiPolygon","coordinates":[[[[3.4374,43.7853],[3.4385,43.7831],[3.4419,43.7814],[3.4424,43.7774],[3.4378,43.7727],[3.4377,43.7695],[3.4272,43.7683],[3.4234,43.7692],[3.421,43.7647],[3.4161,43.7625],[3.4144,43.7642],[3.4155,43.7621],[3.4133,43.7612],[3.4098,43.7651],[3.4126,43.7608],[3.4054,43.7555],[3.3953,43.7544],[3.3858,43.7492],[3.3805,43.7491],[3.3715,43.7568],[3.3676,43.7565],[3.3667,43.7575],[3.3689,43.759],[3.3663,43.7601],[3.3763,43.7653],[3.3736,43.7642],[3.3769,43.7639],[3.3773,43.762],[3.3802,43.7628],[3.3781,43.7609],[3.3801,43.7592],[3.3858,43.7602],[3.3863,43.7582],[3.3882,43.7581],[3.3867,43.7616],[3.3899,43.762],[3.3913,43.7597],[3.3936,43.7635],[3.3914,43.764],[3.39,43.7624],[3.3906,43.764],[3.3884,43.7647],[3.3904,43.766],[3.3898,43.7668],[3.3881,43.7663],[3.3866,43.7677],[3.3858,43.766],[3.3849,43.7673],[3.3878,43.7695],[3.3927,43.7688],[3.3911,43.7731],[3.3922,43.7736],[3.3945,43.7738],[3.3925,43.7735],[3.4019,43.7703],[3.3987,43.7741],[3.394,43.7754],[3.3951,43.7777],[3.3917,43.7769],[3.3904,43.7782],[3.3881,43.7758],[3.3849,43.7756],[3.3846,43.7778],[3.3889,43.7786],[3.3884,43.7816],[3.3839,43.7823],[3.3837,43.7844],[3.3783,43.7853],[3.3688,43.7773],[3.3675,43.773],[3.3663,43.7737],[3.3621,43.7717],[3.3613,43.7766],[3.3641,43.7789],[3.3632,43.7808],[3.3649,43.7827],[3.363,43.7851],[3.3634,43.7836],[3.3595,43.781],[3.3588,43.7853],[3.3571,43.7859],[3.3525,43.7843],[3.3504,43.7852],[3.3498,43.7815],[3.3473,43.7814],[3.3499,43.7789],[3.348,43.7759],[3.3451,43.7759],[3.3443,43.7744],[3.3437,43.7777],[3.3376,43.7792],[3.3343,43.7825],[3.3334,43.7853],[3.3354,43.7872],[3.3294,43.7921],[3.3254,43.8026],[3.3291,43.7979],[3.332,43.7983],[3.3312,43.7996],[3.3323,43.7999],[3.3373,43.7992],[3.3385,43.8001],[3.3343,43.8018],[3.3409,43.8032],[3.3472,43.8073],[3.3552,43.8053],[3.3591,43.8123],[3.3627,43.8081],[3.3659,43.8075],[3.3717,43.8028],[3.3728,43.7926],[3.3703,43.7845],[3.377,43.7889],[3.3802,43.7889],[3.3846,43.7882],[3.386,43.7866],[3.3893,43.7878],[3.3946,43.7862],[3.397,43.7839],[3.3966,43.7817],[3.4022,43.783],[3.4059,43.7823],[3.4069,43.783],[3.4048,43.7858],[3.4085,43.7872],[3.4077,43.7889],[3.4161,43.7882],[3.4241,43.7922],[3.423,43.7882],[3.4345,43.7873],[3.4374,43.7853]]],[[[3.4657,43.736],[3.4643,43.7374],[3.4672,43.7405],[3.4556,43.7375],[3.4542,43.7402],[3.4494,43.7411],[3.4494,43.7424],[3.4478,43.7428],[3.4494,43.7437],[3.4433,43.7432],[3.4403,43.7404],[3.4404,43.743],[3.4437,43.744],[3.4424,43.7457],[3.4397,43.7448],[3.4391,43.7491],[3.4475,43.7479],[3.4531,43.7502],[3.4488,43.7474],[3.4558,43.749],[3.4588,43.7449],[3.4622,43.7467],[3.4635,43.7509],[3.4689,43.75],[3.474,43.7468],[3.4716,43.7377],[3.4806,43.7289],[3.4733,43.7276],[3.4708,43.7318],[3.4657,43.736]]],[[[3.4538,43.7644],[3.4471,43.7612],[3.4456,43.7624],[3.4497,43.7638],[3.452,43.7681],[3.4538,43.765],[3.456,43.7672],[3.4538,43.7644]]],[[[3.4428,43.7612],[3.4435,43.7597],[3.4404,43.7605],[3.4426,43.765],[3.4443,43.763],[3.4428,43.7612]]],[[[3.4486,43.7572],[3.4541,43.757],[3.4538,43.7548],[3.4474,43.757],[3.4486,43.7572]]]]}},{"type":"Feature","properties":{"id":"F15790H","nom":"Forêt domaniale du Somail","dep":"34","essence":"conifere"},"geometry":{"type":"MultiPolygon","coordinates":[[[[2.8023,43.5612],[2.8014,43.5621],[2.8075,43.5575],[2.8032,43.5584],[2.8032,43.5575],[2.8001,43.5576],[2.7982,43.5551],[2.8009,43.5584],[2.7989,43.5623],[2.801,43.5643],[2.8015,43.5733],[2.8068,43.5755],[2.815,43.5756],[2.8229,43.5799],[2.8247,43.5788],[2.8236,43.5741],[2.8199,43.5699],[2.8212,43.5684],[2.8166,43.5687],[2.8168,43.566],[2.8212,43.5637],[2.8216,43.5598],[2.8258,43.56],[2.8291,43.5584],[2.8283,43.5554],[2.8334,43.5547],[2.8353,43.5525],[2.8312,43.5529],[2.8306,43.551],[2.8289,43.5509],[2.8259,43.5525],[2.8257,43.5541],[2.8237,43.5543],[2.8254,43.5493],[2.8248,43.5478],[2.8211,43.5493],[2.8203,43.5465],[2.824,43.5458],[2.822,43.5453],[2.8212,43.5427],[2.8176,43.5459],[2.8139,43.5464],[2.8113,43.5444],[2.8079,43.5467],[2.8058,43.5455],[2.8086,43.5418],[2.8075,43.5412],[2.7897,43.5431],[2.783,43.5373],[2.7824,43.5353],[2.7848,43.5317],[2.7887,43.5306],[2.787,43.5291],[2.7877,43.5273],[2.7912,43.526],[2.7959,43.5278],[2.7973,43.5248],[2.7897,43.5184],[2.7882,43.522],[2.7886,43.5181],[2.7847,43.5167],[2.783,43.5137],[2.7794,43.5138],[2.7791,43.5124],[2.7722,43.5099],[2.7698,43.5108],[2.7715,43.5129],[2.7705,43.5146],[2.7718,43.5154],[2.7699,43.516],[2.7798,43.5211],[2.7856,43.5257],[2.7866,43.5281],[2.7734,43.5357],[2.7735,43.5344],[2.7705,43.5351],[2.7712,43.5329],[2.7702,43.5317],[2.7568,43.5329],[2.7557,43.5341],[2.7569,43.5378],[2.7531,43.5415],[2.7517,43.548],[2.7472,43.5517],[2.7427,43.5494],[2.7349,43.5601],[2.7307,43.5617],[2.7245,43.5617],[2.7252,43.5676],[2.7276,43.5698],[2.7292,43.5685],[2.7335,43.5756],[2.7438,43.5717],[2.7564,43.5721],[2.7554,43.5703],[2.7613,43.5639],[2.765,43.5619],[2.7662,43.5616],[2.7676,43.5646],[2.7792,43.559],[2.7826,43.5613],[2.7834,43.5589],[2.7854,43.5596],[2.7896,43.5562],[2.7896,43.5517],[2.7937,43.5519],[2.7979,43.5546],[2.8079,43.5567],[2.8111,43.5618],[2.8067,43.5645],[2.8038,43.5627],[2.8057,43.5607],[2.8023,43.5612]]],[[[2.6813,43.5326],[2.681,43.5339],[2.6827,43.5341],[2.6824,43.5317],[2.6859,43.5313],[2.6831,43.5348],[2.6894,43.5348],[2.6942,43.5389],[2.6997,43.5369],[2.6976,43.5355],[2.6988,43.5348],[2.698,43.5331],[2.7009,43.5313],[2.701,43.5287],[2.7065,43.531],[2.7095,43.5299],[2.711,43.5317],[2.7065,43.534],[2.7081,43.5362],[2.715,43.5336],[2.7176,43.5369],[2.7251,43.5328],[2.7241,43.5353],[2.7264,43.5382],[2.732,43.5408],[2.7351,43.5387],[2.7391,43.5426],[2.7465,43.5315],[2.7388,43.5283],[2.7403,43.5273],[2.7394,43.5261],[2.7419,43.5263],[2.7422,43.5206],[2.7403,43.52],[2.7381,43.5213],[2.7366,43.5206],[2.7374,43.5199],[2.7337,43.5202],[2.731,43.5222],[2.732,43.5175],[2.7264,43.518],[2.7236,43.5164],[2.7238,43.5137],[2.7225,43.5132],[2.7236,43.5127],[2.7203,43.5133],[2.7215,43.5149],[2.7171,43.5152],[2.7162,43.5141],[2.7181,43.5094],[2.712,43.5137],[2.7114,43.5124],[2.7134,43.5103],[2.7105,43.5126],[2.7061,43.5115],[2.7037,43.5089],[2.7025,43.5097],[2.7026,43.5054],[2.6988,43.5051],[2.6997,43.5056],[2.6973,43.5065],[2.6964,43.5047],[2.6942,43.5047],[2.6939,43.5017],[2.6891,43.5027],[2.6877,43.5019],[2.6882,43.5002],[2.6867,43.5017],[2.6844,43.5006],[2.6843,43.5025],[2.6779,43.5033],[2.6734,43.5002],[2.6622,43.5008],[2.6608,43.5034],[2.664,43.5027],[2.6636,43.5042],[2.6673,43.51],[2.6703,43.5091],[2.6725,43.5134],[2.6754,43.5144],[2.67,43.5201],[2.6712,43.5256],[2.6695,43.5281],[2.6729,43.5292],[2.6796,43.5286],[2.6803,43.5307],[2.6822,43.5306],[2.6813,43.5326]]],[[[2.6817,43.64],[2.6798,43.6398],[2.6818,43.6367],[2.6778,43.6367],[2.6798,43.6356],[2.679,43.6342],[2.6781,43.6332],[2.6756,43.6341],[2.6748,43.6328],[2.6754,43.6339],[2.6657,43.6375],[2.6651,43.6421],[2.6653,43.6394],[2.6641,43.6397],[2.6647,43.6379],[2.6632,43.6366],[2.6682,43.6334],[2.6672,43.6302],[2.6693,43.63],[2.6701,43.6283],[2.667,43.6282],[2.667,43.6268],[2.6658,43.6282],[2.6652,43.6257],[2.6664,43.6306],[2.6642,43.6307],[2.6637,43.6268],[2.6613,43.6276],[2.6612,43.6295],[2.6599,43.6297],[2.6597,43.6283],[2.6597,43.63],[2.6579,43.6295],[2.6565,43.6323],[2.6595,43.6342],[2.6569,43.6366],[2.6544,43.635],[2.6546,43.6371],[2.6504,43.64],[2.6506,43.6429],[2.6527,43.6454],[2.6523,43.649],[2.6551,43.6498],[2.6574,43.6433],[2.6638,43.6422],[2.6652,43.6432],[2.6654,43.647],[2.6743,43.6467],[2.6784,43.6443],[2.6806,43.6453],[2.6829,43.6411],[2.6817,43.64]]],[[[2.6889,43.6279],[2.691,43.6288],[2.6901,43.63],[2.6916,43.6299],[2.6919,43.6316],[2.6945,43.6317],[2.6944,43.6333],[2.6933,43.6331],[2.6944,43.6346],[2.6975,43.6338],[2.6973,43.6374],[2.702,43.6406],[2.7021,43.6423],[2.7077,43.6372],[2.7068,43.636],[2.7083,43.6371],[2.7051,43.633],[2.7057,43.6321],[2.7045,43.6326],[2.7041,43.6315],[2.7033,43.6332],[2.6978,43.6337],[2.7005,43.6301],[2.7029,43.6301],[2.7055,43.6276],[2.7042,43.6269],[2.6999,43.6285],[2.699,43.6265],[2.6973,43.6265],[2.6984,43.6253],[2.6969,43.6241],[2.6911,43.6246],[2.6899,43.623],[2.6871,43.6248],[2.6889,43.6279]]],[[[2.7788,43.6153],[2.7742,43.6197],[2.7716,43.615],[2.7747,43.6123],[2.7713,43.6104],[2.771,43.6143],[2.7686,43.6142],[2.7697,43.6169],[2.7685,43.6201],[2.7712,43.6225],[2.7752,43.6221],[2.7816,43.6262],[2.7892,43.6237],[2.7861,43.6175],[2.7833,43.6151],[2.7806,43.6131],[2.7788,43.6153]]],[[[2.7236,43.6402],[2.725,43.6374],[2.7284,43.6359],[2.7238,43.6311],[2.7244,43.6298],[2.7218,43.6336],[2.7229,43.6352],[2.7215,43.6355],[2.7212,43.6336],[2.7167,43.6308],[2.7181,43.6275],[2.7128,43.6265],[2.7138,43.6276],[2.7119,43.6301],[2.7135,43.6315],[2.7156,43.6305],[2.7136,43.6321],[2.7155,43.6339],[2.7162,43.6379],[2.7152,43.6394],[2.7135,43.639],[2.713,43.6413],[2.7141,43.6403],[2.7152,43.6412],[2.7133,43.642],[2.7126,43.6443],[2.7216,43.6447],[2.7238,43.6431],[2.7236,43.6402]]],[[[2.7073,43.5647],[2.7055,43.5652],[2.7087,43.5659],[2.7074,43.5671],[2.7001,43.5695],[2.7011,43.5709],[2.6998,43.572],[2.7018,43.5744],[2.6969,43.5764],[2.6966,43.5786],[2.7022,43.5788],[2.7143,43.573],[2.7125,43.57],[2.7108,43.5701],[2.7125,43.5689],[2.7113,43.5681],[2.7123,43.5666],[2.7117,43.5677],[2.7089,43.5667],[2.7107,43.5643],[2.7073,43.5647]]],[[[2.774,43.5777],[2.7835,43.5768],[2.784,43.5749],[2.7961,43.5723],[2.7925,43.5701],[2.7873,43.5696],[2.7875,43.5675],[2.7804,43.5675],[2.7789,43.5745],[2.7767,43.5741],[2.774,43.5777]]],[[[2.6439,43.6103],[2.6413,43.6078],[2.6409,43.609],[2.6426,43.6094],[2.6405,43.6101],[2.6401,43.6074],[2.6391,43.6087],[2.6407,43.6111],[2.6382,43.6111],[2.638,43.6092],[2.6353,43.6111],[2.6401,43.6173],[2.6466,43.6169],[2.6444,43.6177],[2.6477,43.6206],[2.6471,43.6213],[2.6583,43.6162],[2.6529,43.6148],[2.6533,43.6163],[2.6511,43.617],[2.6467,43.614],[2.6458,43.6152],[2.6447,43.6147],[2.6476,43.6112],[2.6439,43.6103]]],[[[2.6633,43.556],[2.6646,43.5583],[2.6695,43.5568],[2.6678,43.555],[2.6724,43.5509],[2.6702,43.5498],[2.6714,43.5493],[2.6667,43.5447],[2.662,43.547],[2.6615,43.5496],[2.6589,43.5519],[2.6633,43.556]]],[[[2.7353,43.6227],[2.7322,43.6211],[2.7303,43.6224],[2.7302,43.6246],[2.7346,43.6296],[2.7334,43.6294],[2.7368,43.6298],[2.7362,43.6306],[2.7381,43.6315],[2.7399,43.6286],[2.7437,43.6293],[2.7447,43.6263],[2.7422,43.6242],[2.7423,43.6217],[2.7423,43.6236],[2.7377,43.622],[2.7353,43.6227]]],[[[2.6647,43.5789],[2.6636,43.5774],[2.6614,43.5787],[2.6614,43.5814],[2.6639,43.5826],[2.6619,43.584],[2.6655,43.5826],[2.6652,43.5843],[2.6691,43.5873],[2.6733,43.5867],[2.6716,43.5881],[2.6735,43.5896],[2.6756,43.5904],[2.6787,43.5891],[2.677,43.5848],[2.6719,43.5848],[2.6708,43.5823],[2.6675,43.5817],[2.6683,43.5798],[2.6647,43.5789]]],[[[2.646,43.5856],[2.6511,43.5862],[2.6541,43.588],[2.6608,43.5834],[2.6574,43.5827],[2.6548,43.5844],[2.6549,43.5828],[2.6518,43.5823],[2.6535,43.5814],[2.65,43.5805],[2.6496,43.5792],[2.6458,43.5837],[2.6438,43.5799],[2.6412,43.5801],[2.6389,43.5825],[2.6456,43.5841],[2.646,43.5856]]],[[[2.635,43.6247],[2.6317,43.6281],[2.6384,43.6243],[2.6394,43.6246],[2.6382,43.6267],[2.6442,43.6261],[2.6423,43.626],[2.6432,43.6229],[2.6476,43.6224],[2.6438,43.6208],[2.6448,43.6192],[2.6425,43.6182],[2.6395,43.6188],[2.6408,43.6192],[2.6361,43.6231],[2.6358,43.6198],[2.6386,43.6184],[2.6362,43.6178],[2.632,43.6208],[2.6344,43.6218],[2.635,43.6247]]],[[[2.7452,43.6149],[2.7446,43.6183],[2.7517,43.6157],[2.7507,43.614],[2.7468,43.6147],[2.7341,43.6095],[2.7317,43.6098],[2.7321,43.6122],[2.7333,43.6118],[2.736,43.6159],[2.7338,43.6183],[2.7336,43.6174],[2.7317,43.6181],[2.7323,43.6202],[2.7377,43.6165],[2.7435,43.6159],[2.7424,43.6143],[2.7452,43.6149]]],[[[2.6908,43.6433],[2.688,43.6454],[2.6836,43.6462],[2.6858,43.648],[2.6864,43.651],[2.6995,43.6475],[2.6979,43.6483],[2.6948,43.6442],[2.6908,43.6433]]],[[[2.82,43.5884],[2.8301,43.5882],[2.8317,43.5864],[2.8151,43.5836],[2.8135,43.5872],[2.82,43.5884]]],[[[2.6409,43.6372],[2.6442,43.6385],[2.6485,43.6371],[2.6458,43.6375],[2.6419,43.6355],[2.6443,43.6328],[2.6486,43.6342],[2.648,43.631],[2.6421,43.6321],[2.6428,43.6299],[2.6448,43.6289],[2.6431,43.6285],[2.6387,43.6294],[2.6377,43.6311],[2.6354,43.6306],[2.6409,43.6372]]],[[[2.8327,43.5858],[2.8385,43.5842],[2.8377,43.582],[2.841,43.5795],[2.8397,43.5797],[2.8381,43.5764],[2.8326,43.5803],[2.8308,43.5793],[2.8277,43.5808],[2.8283,43.5833],[2.8321,43.5821],[2.8326,43.5804],[2.8342,43.581],[2.8339,43.5836],[2.8318,43.5842],[2.8327,43.5858]]],[[[2.7293,43.5426],[2.7266,43.545],[2.7302,43.5462],[2.7297,43.5476],[2.7335,43.5502],[2.7326,43.5522],[2.7338,43.5519],[2.7357,43.5493],[2.7366,43.5438],[2.7293,43.5426]]],[[[2.7137,43.5834],[2.7163,43.5838],[2.7174,43.5822],[2.7166,43.5847],[2.7224,43.5828],[2.721,43.5809],[2.7223,43.5793],[2.7096,43.5809],[2.7121,43.5806],[2.7109,43.583],[2.7122,43.584],[2.7132,43.5835],[2.7125,43.5818],[2.7154,43.5819],[2.7137,43.5834]]],[[[2.6691,43.5337],[2.6652,43.5341],[2.6647,43.5353],[2.6702,43.5372],[2.6715,43.5347],[2.6691,43.5337]]],[[[2.7243,43.5809],[2.7268,43.5819],[2.7301,43.5767],[2.726,43.577],[2.7243,43.5809]]],[[[2.6751,43.6307],[2.6738,43.6297],[2.6703,43.631],[2.6731,43.634],[2.6733,43.6321],[2.676,43.6313],[2.6751,43.6307]]]]}},{"type":"Feature","properties":{"id":"F15800R","nom":"Forêt domaniale de La Gardiole","dep":"34","essence":"autre"},"geometry":{"type":"MultiPolygon","coordinates":[[[[3.7821,43.522],[3.781,43.5168],[3.7717,43.5147],[3.7799,43.5081],[3.7783,43.507],[3.7793,43.5061],[3.7584,43.4948],[3.7534,43.4933],[3.749,43.4972],[3.7439,43.5055],[3.7403,43.5079],[3.7523,43.5184],[3.7618,43.5232],[3.7648,43.5203],[3.7649,43.5176],[3.7695,43.5159],[3.7757,43.5201],[3.7772,43.5176],[3.7792,43.5185],[3.7821,43.522]]],[[[3.7246,43.4718],[3.728,43.4708],[3.7313,43.4722],[3.7385,43.4792],[3.7463,43.4841],[3.755,43.4798],[3.7521,43.4788],[3.7481,43.4796],[3.7479,43.4772],[3.7442,43.4765],[3.741,43.4725],[3.7412,43.475],[3.7384,43.476],[3.7391,43.4745],[3.7354,43.4722],[3.7359,43.47],[3.7335,43.4673],[3.7293,43.4679],[3.7285,43.4707],[3.7258,43.4699],[3.724,43.4651],[3.7159,43.4586],[3.7115,43.4509],[3.7092,43.4527],[3.7048,43.4492],[3.706,43.453],[3.7106,43.455],[3.7078,43.4568],[3.7042,43.4631],[3.7073,43.4665],[3.7114,43.4667],[3.7175,43.4732],[3.7246,43.4718]]]]}},{"type":"Feature","properties":{"id":"F49488J","nom":"Forêt domaniale du Pic Saint Loup","dep":"34","essence":"feuillu"},"geometry":{"type":"Polygon","coordinates":[[[3.7743,43.7725],[3.7781,43.7712],[3.7803,43.7666],[3.761,43.7607],[3.7708,43.7511],[3.7705,43.7476],[3.769,43.7462],[3.7639,43.7457],[3.7606,43.748],[3.7616,43.7458],[3.7702,43.742],[3.7695,43.739],[3.7581,43.7395],[3.7546,43.737],[3.7509,43.739],[3.746,43.7385],[3.73,43.7332],[3.7287,43.7306],[3.7264,43.7298],[3.7222,43.7293],[3.7191,43.7305],[3.7157,43.7359],[3.7213,43.736],[3.7201,43.7398],[3.7157,43.7399],[3.715,43.743],[3.7196,43.7431],[3.7271,43.7465],[3.7254,43.7478],[3.73,43.7475],[3.7303,43.7491],[3.7333,43.7492],[3.7339,43.7517],[3.7309,43.752],[3.7473,43.7567],[3.7436,43.7587],[3.739,43.7571],[3.7323,43.7582],[3.7285,43.7618],[3.7272,43.7663],[3.7409,43.7669],[3.7552,43.7731],[3.7572,43.7749],[3.7558,43.7758],[3.7609,43.7771],[3.7726,43.7776],[3.7734,43.7743],[3.7721,43.7735],[3.7743,43.7725]]]}},{"type":"Feature","properties":{"id":"F16038V","nom":"Forêt domaniale de Mende","dep":"48","essence":"conifere"},"geometry":{"type":"MultiPolygon","coordinates":[[[[3.4713,44.4733],[3.4699,44.4742],[3.4703,44.4773],[3.4672,44.4776],[3.4636,44.4815],[3.4653,44.4838],[3.463,44.4849],[3.4671,44.4901],[3.4648,44.492],[3.466,44.4937],[3.4643,44.5029],[3.4627,44.5057],[3.461,44.506],[3.4676,44.51],[3.4693,44.5106],[3.4699,44.5095],[3.483,44.5139],[3.4861,44.5124],[3.4898,44.5128],[3.4898,44.5113],[3.4873,44.5099],[3.4944,44.5106],[3.5033,44.5055],[3.5067,44.5063],[3.5099,44.4993],[3.5088,44.4978],[3.5102,44.4948],[3.5057,44.4946],[3.506,44.4932],[3.5155,44.4913],[3.5198,44.495],[3.5223,44.4935],[3.5237,44.4956],[3.5285,44.4962],[3.5304,44.496],[3.5281,44.4944],[3.5294,44.4925],[3.5369,44.4931],[3.5368,44.4962],[3.5402,44.4966],[3.5422,44.4999],[3.5383,44.5023],[3.539,44.5052],[3.5348,44.5095],[3.538,44.5086],[3.5394,44.5097],[3.5393,44.5078],[3.5454,44.5057],[3.5487,44.5016],[3.5526,44.5038],[3.5515,44.5012],[3.554,44.4984],[3.5523,44.4963],[3.5477,44.4959],[3.5451,44.5005],[3.5425,44.4951],[3.5389,44.4944],[3.5404,44.493],[3.5389,44.4905],[3.5288,44.4905],[3.5267,44.4928],[3.5211,44.4918],[3.518,44.4894],[3.5185,44.4871],[3.5164,44.4863],[3.5163,44.4845],[3.5155,44.4886],[3.514,44.4879],[3.5131,44.489],[3.5036,44.485],[3.4989,44.4848],[3.4984,44.4824],[3.4919,44.48],[3.4877,44.4804],[3.4851,44.4827],[3.4865,44.4846],[3.4761,44.4824],[3.4713,44.4831],[3.4704,44.4812],[3.4739,44.4768],[3.4713,44.4733]]],[[[3.4736,44.4681],[3.4744,44.4667],[3.4767,44.4676],[3.4748,44.469],[3.4756,44.471],[3.4913,44.4744],[3.4897,44.4729],[3.4957,44.472],[3.5031,44.4669],[3.5104,44.4652],[3.5157,44.4596],[3.5176,44.4613],[3.5212,44.4584],[3.5197,44.4573],[3.5212,44.4558],[3.5211,44.4529],[3.5241,44.454],[3.5301,44.4507],[3.5337,44.4506],[3.5336,44.4495],[3.5508,44.4471],[3.5531,44.4451],[3.554,44.4413],[3.555,44.4415],[3.5554,44.4365],[3.5502,44.4313],[3.5497,44.4259],[3.5465,44.4263],[3.54,44.4196],[3.5365,44.4181],[3.5355,44.4186],[3.539,44.4202],[3.5408,44.4239],[3.5453,44.427],[3.5431,44.4286],[3.5475,44.4285],[3.5498,44.432],[3.5509,44.435],[3.5504,44.4439],[3.5409,44.4452],[3.5387,44.4427],[3.5408,44.436],[3.5264,44.4368],[3.5243,44.4399],[3.5183,44.4361],[3.5173,44.4377],[3.5143,44.4374],[3.5134,44.4367],[3.5157,44.4361],[3.5136,44.4353],[3.5115,44.4385],[3.5119,44.4408],[3.5152,44.4442],[3.5133,44.4511],[3.5087,44.4519],[3.5056,44.45],[3.5054,44.4475],[3.5002,44.4476],[3.4988,44.4502],[3.5006,44.451],[3.4975,44.4505],[3.4964,44.4519],[3.4963,44.4613],[3.4979,44.4624],[3.4938,44.4596],[3.4876,44.4633],[3.4866,44.4656],[3.4855,44.4615],[3.4796,44.4615],[3.4786,44.4598],[3.4771,44.4601],[3.4783,44.4587],[3.4677,44.4609],[3.468,44.4595],[3.4725,44.4589],[3.4742,44.457],[3.4715,44.4556],[3.4722,44.4542],[3.4682,44.4566],[3.4659,44.4556],[3.468,44.4575],[3.4606,44.4636],[3.4574,44.4704],[3.4499,44.4771],[3.4476,44.4732],[3.4437,44.4735],[3.4392,44.4718],[3.4346,44.4746],[3.4328,44.4739],[3.4314,44.4779],[3.4406,44.476],[3.4447,44.4768],[3.447,44.4791],[3.4474,44.4777],[3.4506,44.4773],[3.4552,44.4796],[3.4593,44.4791],[3.4589,44.4781],[3.4622,44.4753],[3.4671,44.4752],[3.4701,44.4689],[3.4736,44.4681]]],[[[3.5992,44.5021],[3.5876,44.5012],[3.5851,44.5026],[3.585,44.5041],[3.583,44.5018],[3.5801,44.501],[3.5758,44.5025],[3.5739,44.5049],[3.5698,44.5033],[3.5648,44.5039],[3.5652,44.5061],[3.5688,44.5085],[3.5624,44.5112],[3.5636,44.5063],[3.5616,44.5045],[3.5573,44.5054],[3.5583,44.5035],[3.557,44.501],[3.5556,44.5059],[3.56,44.5076],[3.5596,44.5101],[3.5535,44.5154],[3.5465,44.5131],[3.5321,44.5165],[3.5203,44.5154],[3.5156,44.5138],[3.5155,44.512],[3.5097,44.5125],[3.5159,44.5181],[3.5195,44.5185],[3.5189,44.5202],[3.5228,44.5202],[3.5244,44.5215],[3.5255,44.5185],[3.532,44.5188],[3.5352,44.521],[3.5351,44.524],[3.5415,44.5207],[3.5433,44.5226],[3.5469,44.5221],[3.5502,44.5255],[3.5553,44.5245],[3.5602,44.527],[3.5621,44.5248],[3.5624,44.5265],[3.5652,44.5259],[3.5655,44.5245],[3.5705,44.5237],[3.5746,44.5211],[3.576,44.5225],[3.578,44.521],[3.5808,44.5216],[3.5817,44.5172],[3.5754,44.5182],[3.5664,44.5224],[3.5659,44.5194],[3.5555,44.5169],[3.5555,44.5145],[3.5589,44.5128],[3.566,44.5131],[3.5673,44.511],[3.5749,44.5084],[3.5787,44.5096],[3.5783,44.5053],[3.5889,44.5108],[3.5869,44.5073],[3.5928,44.5047],[3.5927,44.5035],[3.6065,44.5065],[3.6079,44.5059],[3.6064,44.5041],[3.6189,44.502],[3.6181,44.5009],[3.5992,44.5021]]],[[[3.4415,44.4845],[3.4377,44.4812],[3.4394,44.4794],[3.4279,44.4809],[3.4251,44.4853],[3.4215,44.4869],[3.4211,44.4892],[3.4187,44.4891],[3.4196,44.4915],[3.4123,44.4944],[3.4145,44.4966],[3.4138,44.4985],[3.4192,44.4996],[3.4231,44.4968],[3.4247,44.4932],[3.4234,44.493],[3.4271,44.4902],[3.4262,44.4884],[3.4314,44.4837],[3.4359,44.4863],[3.4376,44.4851],[3.4437,44.489],[3.4533,44.4864],[3.4528,44.4892],[3.4544,44.4903],[3.4527,44.4917],[3.4532,44.4947],[3.4577,44.4952],[3.457,44.4929],[3.459,44.4876],[3.4573,44.4832],[3.4509,44.4821],[3.4487,44.4839],[3.4446,44.4843],[3.4478,44.4857],[3.4453,44.4867],[3.4415,44.4845]]],[[[3.3777,44.4822],[3.37,44.4773],[3.3722,44.4757],[3.3708,44.4741],[3.3729,44.4717],[3.3645,44.4733],[3.3584,44.4676],[3.3602,44.4642],[3.358,44.4622],[3.3646,44.4615],[3.3637,44.4579],[3.3619,44.4574],[3.3649,44.4543],[3.3587,44.456],[3.3562,44.4529],[3.3538,44.4557],[3.347,44.4552],[3.348,44.4577],[3.3435,44.4592],[3.3347,44.453],[3.334,44.4556],[3.3429,44.4612],[3.3512,44.4589],[3.3515,44.4575],[3.3529,44.4583],[3.3523,44.4591],[3.3562,44.4566],[3.3567,44.4577],[3.3603,44.4576],[3.3614,44.4599],[3.3556,44.4602],[3.3555,44.4627],[3.3583,44.4644],[3.3554,44.4675],[3.3614,44.4751],[3.3644,44.4761],[3.3673,44.4748],[3.365,44.4776],[3.3655,44.4791],[3.3764,44.4855],[3.3859,44.4856],[3.389,44.4835],[3.3858,44.4796],[3.3842,44.4804],[3.3837,44.4833],[3.3777,44.4822]]],[[[3.4643,44.5151],[3.4643,44.512],[3.4565,44.5072],[3.4626,44.5023],[3.4627,44.4956],[3.4581,44.4961],[3.457,44.5012],[3.4533,44.5018],[3.4556,44.5026],[3.4514,44.5094],[3.4537,44.5121],[3.4574,44.5113],[3.457,44.5128],[3.4589,44.5125],[3.4595,44.5139],[3.4552,44.5227],[3.4492,44.5201],[3.4362,44.5178],[3.432,44.514],[3.4294,44.5145],[3.4331,44.5181],[3.4317,44.5187],[3.4335,44.5203],[3.4369,44.5193],[3.4478,44.5214],[3.4537,44.5244],[3.4516,44.5244],[3.4518,44.5253],[3.4546,44.5253],[3.4563,44.5272],[3.459,44.5238],[3.4636,44.5226],[3.4641,44.5182],[3.4626,44.518],[3.4643,44.5151]]],[[[3.5222,44.4745],[3.5283,44.4761],[3.5356,44.4746],[3.5345,44.4728],[3.5365,44.4728],[3.5361,44.4704],[3.54,44.4702],[3.5375,44.468],[3.5403,44.4636],[3.538,44.4579],[3.5354,44.4604],[3.5307,44.4603],[3.5249,44.466],[3.5188,44.467],[3.5217,44.4675],[3.5197,44.4716],[3.5174,44.472],[3.5175,44.4704],[3.516,44.4701],[3.5153,44.4736],[3.5186,44.4754],[3.5222,44.4745]]],[[[3.4068,44.4984],[3.408,44.4976],[3.4085,44.4994],[3.4079,44.496],[3.4096,44.4929],[3.4159,44.4909],[3.4178,44.4818],[3.4211,44.4804],[3.4201,44.4772],[3.4188,44.4773],[3.419,44.4749],[3.421,44.4747],[3.4217,44.4723],[3.4263,44.4751],[3.4278,44.472],[3.4194,44.4709],[3.4155,44.4729],[3.4167,44.4735],[3.4153,44.4768],[3.4162,44.4794],[3.413,44.4821],[3.4121,44.4855],[3.4032,44.492],[3.4043,44.494],[3.4024,44.499],[3.4068,44.4984]]],[[[3.6646,44.5255],[3.6599,44.5209],[3.6604,44.5233],[3.6552,44.5225],[3.6542,44.5195],[3.6509,44.52],[3.6474,44.5244],[3.6494,44.5305],[3.6586,44.5329],[3.6637,44.5294],[3.6646,44.5255]]],[[[3.6203,44.556],[3.6199,44.5573],[3.6189,44.5565],[3.613,44.5583],[3.6144,44.5598],[3.6135,44.5614],[3.6145,44.5633],[3.6126,44.5638],[3.6172,44.5668],[3.6204,44.5633],[3.6189,44.5616],[3.6206,44.5576],[3.6232,44.5565],[3.6234,44.5518],[3.6181,44.5469],[3.6152,44.547],[3.6158,44.5493],[3.6132,44.5503],[3.6115,44.5494],[3.6122,44.5477],[3.608,44.5476],[3.6125,44.5451],[3.6123,44.5426],[3.6042,44.5481],[3.6054,44.5523],[3.6196,44.5517],[3.6203,44.556]]],[[[3.4874,44.5414],[3.4918,44.5402],[3.4909,44.5386],[3.4945,44.538],[3.4987,44.5398],[3.4998,44.5465],[3.5012,44.5472],[3.5028,44.5458],[3.5041,44.5479],[3.5057,44.5477],[3.5022,44.5374],[3.4866,44.5285],[3.4852,44.5294],[3.4853,44.5344],[3.4875,44.5353],[3.4874,44.5414]]],[[[3.342,44.4845],[3.3396,44.4844],[3.339,44.4872],[3.3413,44.4893],[3.3378,44.488],[3.3364,44.4831],[3.3338,44.4841],[3.337,44.4875],[3.3324,44.4901],[3.3325,44.4924],[3.3357,44.4907],[3.3343,44.4942],[3.3402,44.4934],[3.3409,44.498],[3.3438,44.4988],[3.3497,44.4954],[3.3437,44.484],[3.342,44.4845]]],[[[3.5138,44.5385],[3.5144,44.5395],[3.5163,44.5387],[3.5173,44.5313],[3.5185,44.5359],[3.5226,44.5371],[3.5245,44.5347],[3.5242,44.5299],[3.5224,44.5283],[3.5179,44.5301],[3.5213,44.5273],[3.52,44.5261],[3.5158,44.5296],[3.5074,44.5254],[3.5073,44.5315],[3.5108,44.5319],[3.5087,44.5336],[3.5104,44.5348],[3.5139,44.533],[3.5123,44.5372],[3.5138,44.5385]]],[[[3.6321,44.5652],[3.6261,44.5633],[3.6223,44.5658],[3.6259,44.5685],[3.6351,44.5705],[3.6355,44.5732],[3.641,44.573],[3.6426,44.5707],[3.6433,44.5724],[3.6434,44.5697],[3.6321,44.5652]]],[[[3.6338,44.5036],[3.6415,44.4984],[3.6426,44.496],[3.6291,44.4949],[3.6334,44.4974],[3.631,44.4973],[3.6335,44.4986],[3.6333,44.5007],[3.6299,44.503],[3.6209,44.5036],[3.6213,44.5057],[3.6254,44.5063],[3.6323,44.5051],[3.6338,44.5036]]],[[[3.6012,44.4948],[3.5962,44.4957],[3.5912,44.4931],[3.5857,44.4922],[3.5846,44.4931],[3.5897,44.4937],[3.5803,44.4967],[3.5796,44.4997],[3.5858,44.4985],[3.5926,44.4999],[3.5924,44.4963],[3.5968,44.4971],[3.5982,44.496],[3.6091,44.4955],[3.6082,44.4935],[3.6012,44.4948]]],[[[3.4751,44.4507],[3.4771,44.4449],[3.4551,44.4442],[3.4551,44.446],[3.4583,44.4456],[3.4751,44.4507]]],[[[3.5807,44.5283],[3.5773,44.5251],[3.5744,44.5289],[3.5685,44.5263],[3.5653,44.5296],[3.5609,44.5297],[3.5627,44.5331],[3.5642,44.5334],[3.5696,44.5297],[3.5719,44.5299],[3.572,44.5322],[3.5735,44.5324],[3.5782,44.5295],[3.5821,44.5301],[3.5868,44.5274],[3.5918,44.5274],[3.5915,44.5261],[3.5892,44.5257],[3.5809,44.5292],[3.5807,44.5283]]],[[[3.4727,44.5426],[3.4714,44.5437],[3.4657,44.5399],[3.4671,44.5428],[3.465,44.5437],[3.4655,44.5453],[3.4676,44.545],[3.4666,44.5466],[3.4729,44.5448],[3.4758,44.5465],[3.4733,44.5479],[3.4786,44.5464],[3.4731,44.5423],[3.4724,44.5385],[3.4737,44.5351],[3.4726,44.535],[3.4756,44.5309],[3.4746,44.53],[3.4711,44.5315],[3.4714,44.5335],[3.4673,44.5346],[3.4685,44.5375],[3.4669,44.5382],[3.4692,44.5405],[3.4703,44.539],[3.4727,44.5426]]],[[[3.6236,44.5312],[3.6205,44.527],[3.6206,44.5353],[3.6255,44.5372],[3.6258,44.5337],[3.6301,44.5305],[3.6258,44.5254],[3.6309,44.5294],[3.6271,44.5258],[3.6262,44.5211],[3.624,44.526],[3.6258,44.5321],[3.6236,44.5312]]],[[[3.3811,44.5007],[3.3835,44.5017],[3.3812,44.508],[3.3848,44.5068],[3.3857,44.5056],[3.3846,44.5051],[3.3865,44.5045],[3.3847,44.4987],[3.3817,44.4989],[3.3776,44.4969],[3.373,44.5003],[3.368,44.501],[3.3681,44.502],[3.3736,44.502],[3.3787,44.4986],[3.3811,44.5007]]],[[[3.3242,44.4708],[3.3259,44.4683],[3.3352,44.4651],[3.3321,44.4632],[3.3322,44.4649],[3.3293,44.4672],[3.3262,44.4659],[3.3258,44.4679],[3.3086,44.4726],[3.3077,44.4743],[3.3242,44.4708]]],[[[3.5792,44.534],[3.5773,44.5353],[3.5776,44.5381],[3.5752,44.5407],[3.5785,44.5399],[3.5843,44.535],[3.5866,44.5352],[3.5866,44.5323],[3.581,44.5322],[3.5792,44.534]]],[[[3.5576,44.542],[3.5594,44.5476],[3.5632,44.5437],[3.5683,44.5449],[3.5705,44.5437],[3.5691,44.5421],[3.5664,44.5439],[3.5658,44.5425],[3.5613,44.5411],[3.562,44.5395],[3.5577,44.5402],[3.5576,44.542]]],[[[3.6302,44.5742],[3.6285,44.5721],[3.6252,44.5742],[3.6273,44.5709],[3.6203,44.5681],[3.6266,44.5711],[3.6245,44.5745],[3.6269,44.5774],[3.6306,44.5771],[3.6302,44.5742]]],[[[3.6112,44.4945],[3.6191,44.4964],[3.6238,44.4943],[3.616,44.4938],[3.6119,44.4921],[3.6107,44.4925],[3.6112,44.4945]]],[[[3.6535,44.4995],[3.6544,44.5008],[3.6573,44.4995],[3.6547,44.4965],[3.6477,44.4956],[3.649,44.4978],[3.6535,44.4995]]],[[[3.436,44.5259],[3.4343,44.5261],[3.4357,44.5283],[3.4397,44.5288],[3.4437,44.5268],[3.4401,44.5268],[3.4396,44.5248],[3.4371,44.5256],[3.4368,44.5239],[3.436,44.5259]]],[[[3.6051,44.5113],[3.6064,44.5126],[3.6072,44.5093],[3.6019,44.5097],[3.6028,44.5116],[3.6008,44.5122],[3.5987,44.5101],[3.6018,44.5147],[3.603,44.5116],[3.6051,44.5113]]],[[[3.5297,44.5451],[3.5313,44.5441],[3.5245,44.5417],[3.5218,44.5434],[3.5236,44.545],[3.5297,44.5451]]],[[[3.5833,44.5146],[3.5819,44.5153],[3.5838,44.5193],[3.5889,44.5195],[3.5833,44.5146]]],[[[3.4356,44.5307],[3.439,44.5302],[3.4403,44.5322],[3.4417,44.531],[3.445,44.5326],[3.4415,44.5286],[3.4415,44.5309],[3.4394,44.529],[3.4346,44.5306],[3.4305,44.5302],[3.4335,44.5319],[3.4356,44.5307]]],[[[3.5652,44.4674],[3.5688,44.4691],[3.5745,44.4668],[3.5728,44.4654],[3.5705,44.4672],[3.5699,44.4659],[3.5652,44.4674]]],[[[3.277,44.5325],[3.274,44.5297],[3.2717,44.5301],[3.272,44.5318],[3.2748,44.5334],[3.277,44.5325]]],[[[3.4768,44.477],[3.4791,44.4784],[3.4743,44.4723],[3.4719,44.4719],[3.4737,44.4755],[3.4768,44.477]]],[[[3.592,44.517],[3.5879,44.5123],[3.5861,44.5127],[3.592,44.517]]],[[[3.5925,44.512],[3.5896,44.5139],[3.5927,44.5145],[3.5927,44.5125],[3.5943,44.5131],[3.5925,44.512]]],[[[3.595,44.5129],[3.5977,44.5147],[3.5968,44.5126],[3.5937,44.5112],[3.595,44.5129]]],[[[3.3794,44.5107],[3.3784,44.5103],[3.3778,44.5118],[3.3795,44.5129],[3.3813,44.5116],[3.3792,44.5121],[3.3794,44.5107]]],[[[3.5891,44.5174],[3.5884,44.5168],[3.5879,44.5164],[3.5877,44.5163],[3.5869,44.5157],[3.5868,44.5156],[3.5859,44.5149],[3.5859,44.5148],[3.5844,44.5137],[3.584,44.514],[3.5853,44.515],[3.5855,44.5152],[3.5862,44.5157],[3.5866,44.516],[3.5871,44.5166],[3.5873,44.5168],[3.5876,44.5172],[3.5882,44.5178],[3.5882,44.5178],[3.5891,44.5174]]]]}},{"type":"Feature","properties":{"id":"F15882V","nom":"Forêt domaniale du Mont-Lozère-Finiels","dep":"48","essence":"conifere"},"geometry":{"type":"Polygon","coordinates":[[[3.7426,44.4072],[3.7378,44.4038],[3.7343,44.4036],[3.7342,44.4024],[3.7321,44.4039],[3.7288,44.403],[3.7295,44.4054],[3.7268,44.4047],[3.7239,44.4078],[3.725,44.4093],[3.7267,44.4108],[3.7361,44.4128],[3.7261,44.4123],[3.7252,44.4106],[3.719,44.4158],[3.7127,44.4162],[3.7138,44.4182],[3.71,44.4175],[3.7073,44.4198],[3.709,44.4211],[3.7014,44.4208],[3.7015,44.4182],[3.7061,44.4185],[3.7015,44.4178],[3.701,44.4151],[3.6972,44.4141],[3.7004,44.4125],[3.6998,44.4097],[3.6949,44.4112],[3.695,44.4091],[3.6937,44.4094],[3.6863,44.4114],[3.684,44.4136],[3.68,44.4101],[3.6815,44.4072],[3.6798,44.4063],[3.679,44.4022],[3.6753,44.4067],[3.6768,44.4086],[3.675,44.4173],[3.6773,44.4189],[3.6586,44.4215],[3.6466,44.4145],[3.6389,44.4176],[3.6582,44.4247],[3.6605,44.4289],[3.6649,44.4309],[3.6726,44.438],[3.6805,44.4347],[3.6867,44.4356],[3.7121,44.4308],[3.7273,44.4299],[3.7391,44.426],[3.7457,44.4269],[3.7554,44.4246],[3.7592,44.4211],[3.7743,44.4264],[3.7919,44.4173],[3.7973,44.4088],[3.7992,44.4031],[3.7879,44.3997],[3.789,44.3948],[3.7872,44.3936],[3.7799,44.3966],[3.7743,44.4012],[3.7749,44.4115],[3.7612,44.4075],[3.7501,44.4169],[3.7505,44.4082],[3.7444,44.4103],[3.7422,44.4093],[3.7426,44.4072]]]}},{"type":"Feature","properties":{"id":"F15932T","nom":"Forêt domaniale du Goulet","dep":"48","essence":"conifere"},"geometry":{"type":"MultiPolygon","coordinates":[[[[3.8176,44.5082],[3.8176,44.505],[3.8132,44.5031],[3.8037,44.5058],[3.7936,44.511],[3.798,44.514],[3.801,44.5119],[3.8042,44.5123],[3.8034,44.5135],[3.7958,44.5175],[3.7976,44.5152],[3.7928,44.5113],[3.7873,44.5139],[3.778,44.5209],[3.7762,44.5242],[3.7768,44.5276],[3.7784,44.5287],[3.7819,44.5278],[3.785,44.5302],[3.7935,44.5287],[3.8033,44.5293],[3.802,44.5269],[3.803,44.5219],[3.7995,44.5249],[3.7981,44.5219],[3.8018,44.5191],[3.8083,44.5172],[3.8159,44.5183],[3.8178,44.511],[3.8144,44.5091],[3.8113,44.5096],[3.8104,44.5075],[3.8118,44.5087],[3.8146,44.5075],[3.8176,44.5082]]],[[[3.8612,44.509],[3.8627,44.5086],[3.8602,44.5073],[3.8616,44.5053],[3.8571,44.5053],[3.8543,44.5067],[3.8544,44.5091],[3.8478,44.5101],[3.8469,44.514],[3.8545,44.5157],[3.8546,44.518],[3.8511,44.5216],[3.8482,44.5227],[3.849,44.5198],[3.8462,44.5198],[3.8451,44.5227],[3.84,44.5224],[3.8402,44.5211],[3.8347,44.5204],[3.8347,44.5189],[3.8293,44.5182],[3.8263,44.5266],[3.8276,44.5277],[3.8318,44.527],[3.8354,44.5258],[3.8331,44.5248],[3.8435,44.5232],[3.8501,44.5253],[3.8573,44.5234],[3.8616,44.5242],[3.8678,44.5207],[3.8698,44.5228],[3.8718,44.52],[3.876,44.519],[3.8745,44.5171],[3.8707,44.5168],[3.8644,44.5208],[3.8572,44.5216],[3.8575,44.5195],[3.8549,44.5167],[3.8588,44.5171],[3.861,44.5159],[3.8588,44.5094],[3.8612,44.509]]],[[[3.7379,44.5197],[3.7384,44.5215],[3.7434,44.5235],[3.7421,44.5244],[3.742,44.5229],[3.7396,44.526],[3.7384,44.5234],[3.7375,44.524],[3.7361,44.5256],[3.7369,44.5272],[3.7331,44.5289],[3.7327,44.5317],[3.7295,44.5318],[3.7308,44.5335],[3.7426,44.5375],[3.7524,44.5358],[3.7481,44.5334],[3.7516,44.5282],[3.7453,44.5208],[3.7422,44.5107],[3.7351,44.5115],[3.7379,44.5197]]],[[[3.8696,44.5436],[3.8705,44.543],[3.8691,44.5437],[3.8687,44.5409],[3.8707,44.5383],[3.8696,44.5372],[3.8709,44.5355],[3.8728,44.5356],[3.871,44.5335],[3.8662,44.5372],[3.8617,44.5379],[3.8621,44.5408],[3.859,44.5402],[3.8558,44.5476],[3.8598,44.5482],[3.8622,44.5459],[3.8696,44.5436]]],[[[3.8053,44.5296],[3.8128,44.5304],[3.8116,44.5292],[3.8136,44.5248],[3.813,44.523],[3.8118,44.5244],[3.8112,44.5203],[3.8063,44.5221],[3.8053,44.5296]]],[[[3.8975,44.5571],[3.9046,44.5543],[3.9027,44.5508],[3.9048,44.5473],[3.8985,44.5505],[3.8966,44.5505],[3.8971,44.5484],[3.8925,44.5507],[3.8966,44.553],[3.8961,44.5566],[3.8975,44.5571]]],[[[3.8697,44.5023],[3.8689,44.5029],[3.8734,44.5036],[3.869,44.5033],[3.8717,44.5077],[3.8761,44.5069],[3.8746,44.5035],[3.8703,44.5013],[3.8697,44.5023]]],[[[3.8906,44.4878],[3.886,44.4887],[3.8919,44.4924],[3.8929,44.4891],[3.8906,44.4878]]],[[[3.8903,44.5467],[3.8975,44.5468],[3.8946,44.5445],[3.8881,44.5443],[3.8903,44.5467]]],[[[3.8458,44.5291],[3.8442,44.5258],[3.8405,44.5267],[3.8418,44.5302],[3.8458,44.5291]]],[[[3.8885,44.5314],[3.8881,44.5338],[3.8928,44.5325],[3.8935,44.5309],[3.8919,44.5299],[3.8885,44.5314]]],[[[3.9022,44.4861],[3.9017,44.4875],[3.9006,44.4858],[3.8995,44.4865],[3.902,44.4897],[3.9037,44.4876],[3.9026,44.4842],[3.9022,44.4861]]],[[[3.8517,44.5512],[3.8522,44.5532],[3.8512,44.5533],[3.8468,44.5497],[3.8531,44.5551],[3.8535,44.5531],[3.8517,44.5512]]],[[[3.8984,44.4917],[3.8975,44.488],[3.896,44.489],[3.8964,44.4917],[3.8984,44.4917]]]]}},{"type":"Feature","properties":{"id":"F15838D","nom":"Forêt domaniale du Mont-Lozère","dep":"48","essence":"conifere"},"geometry":{"type":"MultiPolygon","coordinates":[[[[3.8914,44.3922],[3.8892,44.3932],[3.8858,44.3878],[3.9015,44.3762],[3.9065,44.3754],[3.905,44.3752],[3.9055,44.3732],[3.8946,44.3703],[3.8946,44.373],[3.8913,44.3719],[3.8883,44.3843],[3.8861,44.3837],[3.8867,44.3778],[3.8804,44.3817],[3.8801,44.3801],[3.8748,44.3784],[3.8728,44.3798],[3.8735,44.3805],[3.871,44.3808],[3.8714,44.3858],[3.8684,44.3853],[3.8674,44.3881],[3.8663,44.388],[3.8671,44.3824],[3.863,44.38],[3.8666,44.3756],[3.8673,44.3697],[3.8558,44.3661],[3.8557,44.3679],[3.8443,44.3728],[3.8413,44.3719],[3.8418,44.3679],[3.8405,44.367],[3.8357,44.3655],[3.8356,44.364],[3.8292,44.3632],[3.8222,44.373],[3.8243,44.3769],[3.8284,44.3746],[3.8303,44.3757],[3.8333,44.3742],[3.8333,44.3758],[3.8342,44.3752],[3.8389,44.3792],[3.8419,44.38],[3.8573,44.3785],[3.8594,44.3825],[3.8544,44.3827],[3.8526,44.3811],[3.8572,44.3809],[3.8567,44.3797],[3.8514,44.38],[3.8519,44.3848],[3.8535,44.3832],[3.8603,44.3836],[3.8558,44.3854],[3.8619,44.3845],[3.8623,44.3865],[3.8556,44.3874],[3.8523,44.3854],[3.8536,44.3889],[3.8486,44.3892],[3.8471,44.3872],[3.8422,44.3889],[3.8402,44.3902],[3.8411,44.3935],[3.8354,44.3939],[3.8279,44.3914],[3.8277,44.3994],[3.8249,44.4031],[3.8258,44.4058],[3.8239,44.4074],[3.8227,44.4127],[3.8246,44.4147],[3.8142,44.4173],[3.8071,44.4173],[3.8074,44.4185],[3.8029,44.4195],[3.7972,44.4196],[3.7919,44.4173],[3.7889,44.4184],[3.7907,44.4284],[3.7897,44.4298],[3.794,44.4311],[3.7918,44.4345],[3.7966,44.4426],[3.795,44.4464],[3.7997,44.4463],[3.8012,44.448],[3.8011,44.4429],[3.8031,44.4371],[3.8025,44.4294],[3.8108,44.4284],[3.8101,44.4263],[3.8166,44.4238],[3.8312,44.4207],[3.8381,44.4155],[3.8422,44.4158],[3.8414,44.4175],[3.8434,44.4189],[3.8444,44.4238],[3.8404,44.4373],[3.8473,44.4344],[3.8511,44.4291],[3.8549,44.4275],[3.8573,44.4299],[3.8615,44.4272],[3.8635,44.4277],[3.8636,44.4296],[3.8617,44.43],[3.8662,44.4309],[3.8661,44.4295],[3.8757,44.4247],[3.8762,44.4196],[3.8589,44.4189],[3.855,44.4137],[3.8647,44.4137],[3.8695,44.4122],[3.868,44.409],[3.8625,44.4066],[3.8683,44.4034],[3.8635,44.4013],[3.864,44.3994],[3.8746,44.3997],[3.8752,44.4028],[3.8774,44.4026],[3.8774,44.4008],[3.8815,44.3981],[3.8841,44.3983],[3.8916,44.3948],[3.8914,44.3922]]],[[[3.7607,44.4219],[3.7592,44.4211],[3.7554,44.4246],[3.7457,44.4269],[3.7391,44.426],[3.7273,44.4299],[3.6937,44.4338],[3.6991,44.4397],[3.6965,44.443],[3.6998,44.4428],[3.6994,44.4448],[3.7033,44.4446],[3.7027,44.4485],[3.7057,44.447],[3.7059,44.448],[3.7251,44.4459],[3.7304,44.4426],[3.735,44.4355],[3.7401,44.435],[3.7411,44.4367],[3.7394,44.4407],[3.7398,44.4437],[3.7412,44.4461],[3.7445,44.4462],[3.7473,44.4499],[3.7471,44.4473],[3.7514,44.442],[3.7533,44.4355],[3.7561,44.4334],[3.7642,44.4318],[3.7653,44.4304],[3.7644,44.4277],[3.7653,44.425],[3.7684,44.4241],[3.7607,44.4219]]]]}},{"type":"Feature","properties":{"id":"F15901O","nom":"Forêt domaniale des Laubies","dep":"48","essence":"conifere"},"geometry":{"type":"MultiPolygon","coordinates":[[[[3.6502,44.4345],[3.6439,44.4358],[3.6397,44.4335],[3.6354,44.4357],[3.641,44.4401],[3.6364,44.4402],[3.6352,44.4419],[3.6329,44.441],[3.6404,44.4519],[3.661,44.4454],[3.6649,44.4423],[3.659,44.4355],[3.6502,44.4345]]],[[[3.6256,44.4554],[3.6334,44.4541],[3.6219,44.4413],[3.62,44.4371],[3.6107,44.4361],[3.6215,44.4505],[3.6191,44.4574],[3.6256,44.4554]]]]}},{"type":"Feature","properties":{"id":"F15913A","nom":"Forêt domaniale du Bramont","dep":"48","essence":"conifere"},"geometry":{"type":"MultiPolygon","coordinates":[[[[3.5698,44.4507],[3.5724,44.4506],[3.5675,44.4522],[3.5696,44.4518],[3.571,44.4532],[3.5736,44.4511],[3.5738,44.4524],[3.5734,44.4553],[3.5698,44.4555],[3.5706,44.4563],[3.5786,44.4555],[3.5813,44.4576],[3.5772,44.4565],[3.5782,44.4575],[3.5873,44.4605],[3.5847,44.4583],[3.5883,44.4563],[3.5953,44.4596],[3.5834,44.4511],[3.579,44.4512],[3.5744,44.4465],[3.5714,44.4461],[3.5746,44.446],[3.5772,44.4421],[3.5784,44.4419],[3.5782,44.4434],[3.5806,44.4427],[3.5798,44.4398],[3.5754,44.4408],[3.5778,44.4398],[3.5814,44.4344],[3.5864,44.4324],[3.5859,44.4301],[3.5818,44.4329],[3.579,44.4311],[3.5665,44.4399],[3.5637,44.4403],[3.5603,44.4386],[3.5608,44.435],[3.557,44.4314],[3.5611,44.4295],[3.5575,44.4273],[3.5597,44.4218],[3.5513,44.4193],[3.5438,44.4189],[3.547,44.4218],[3.5562,44.4227],[3.5521,44.4268],[3.5536,44.4282],[3.5528,44.4303],[3.5563,44.4374],[3.5566,44.4412],[3.5578,44.4411],[3.5593,44.4441],[3.5573,44.4447],[3.5576,44.446],[3.5604,44.444],[3.564,44.4461],[3.5639,44.4477],[3.5691,44.4432],[3.565,44.4486],[3.5694,44.4484],[3.5698,44.4507]]],[[[3.5935,44.4702],[3.5933,44.4678],[3.5957,44.4657],[3.5944,44.4644],[3.5963,44.4638],[3.589,44.4632],[3.5865,44.4662],[3.587,44.4685],[3.5892,44.4687],[3.5888,44.4704],[3.5897,44.4693],[3.5935,44.4702]]],[[[3.582,44.4703],[3.5831,44.4704],[3.5845,44.4665],[3.5819,44.4671],[3.5798,44.4701],[3.582,44.4703]]]]}},{"type":"Feature","properties":{"id":"F15949K","nom":"Forêt domaniale de la Croix-De-Bor","dep":"48","essence":"conifere"},"geometry":{"type":"MultiPolygon","coordinates":[[[[3.4999,44.7816],[3.5023,44.7852],[3.5341,44.7826],[3.5465,44.7837],[3.5477,44.7802],[3.5412,44.7764],[3.5471,44.7715],[3.5482,44.7732],[3.548,44.7703],[3.5454,44.768],[3.541,44.7687],[3.5401,44.7656],[3.5385,44.7649],[3.5318,44.7643],[3.5314,44.7634],[3.5371,44.7605],[3.5313,44.7528],[3.5385,44.7465],[3.5431,44.7395],[3.5439,44.7416],[3.5486,44.7436],[3.5567,44.745],[3.5581,44.7418],[3.5674,44.7411],[3.5668,44.7387],[3.5741,44.7367],[3.5712,44.7347],[3.5734,44.7328],[3.5733,44.7286],[3.5711,44.7302],[3.5678,44.7288],[3.572,44.7258],[3.5717,44.7223],[3.5649,44.7204],[3.5587,44.7119],[3.5589,44.7051],[3.5637,44.6993],[3.5358,44.6872],[3.5389,44.6889],[3.5412,44.6939],[3.5367,44.7069],[3.546,44.7047],[3.5482,44.7057],[3.5448,44.7073],[3.5411,44.707],[3.5393,44.7097],[3.5364,44.7083],[3.5359,44.7126],[3.5386,44.7175],[3.5437,44.7192],[3.542,44.724],[3.5407,44.7251],[3.5379,44.7236],[3.5369,44.726],[3.5415,44.7287],[3.5508,44.7227],[3.559,44.7234],[3.5594,44.7244],[3.552,44.7238],[3.5455,44.7269],[3.542,44.731],[3.5426,44.7351],[3.5295,44.7437],[3.5168,44.7336],[3.5092,44.7227],[3.5073,44.7303],[3.512,44.7381],[3.5175,44.7367],[3.5174,44.7409],[3.5157,44.7422],[3.5187,44.7442],[3.5164,44.7463],[3.5178,44.7481],[3.5171,44.7497],[3.5143,44.751],[3.5181,44.7529],[3.5196,44.7527],[3.519,44.7515],[3.5216,44.7524],[3.5273,44.7671],[3.5239,44.7694],[3.5171,44.7695],[3.5099,44.7676],[3.4951,44.7676],[3.5082,44.7689],[3.5024,44.7746],[3.498,44.7767],[3.4999,44.7816]]],[[[3.4951,44.7535],[3.4938,44.7551],[3.5064,44.7558],[3.4951,44.7535]]]]}},{"type":"Feature","properties":{"id":"F15950L","nom":"Forêt domaniale de la Gardille","dep":"48","essence":"conifere"},"geometry":{"type":"MultiPolygon","coordinates":[[[[3.789,44.6046],[3.7866,44.6002],[3.7749,44.5976],[3.7742,44.5937],[3.763,44.5941],[3.7626,44.598],[3.7775,44.6062],[3.7765,44.6126],[3.7788,44.6161],[3.7845,44.6139],[3.784,44.6115],[3.7878,44.6086],[3.7869,44.6053],[3.7913,44.6053],[3.789,44.6046]]],[[[3.8594,44.6486],[3.8663,44.6488],[3.8688,44.647],[3.867,44.6466],[3.8668,44.643],[3.85,44.6386],[3.8441,44.6429],[3.8458,44.6469],[3.857,44.6462],[3.8592,44.6468],[3.8594,44.6486]]],[[[3.8227,44.5768],[3.8255,44.5788],[3.8248,44.5814],[3.8208,44.5799],[3.8202,44.5816],[3.8283,44.5859],[3.8275,44.5871],[3.8296,44.5879],[3.8318,44.5878],[3.8355,44.5843],[3.8405,44.5823],[3.8353,44.5818],[3.8347,44.5831],[3.8298,44.5833],[3.8322,44.5798],[3.8319,44.5777],[3.8264,44.5754],[3.8295,44.5758],[3.8266,44.5747],[3.8305,44.5718],[3.829,44.5719],[3.8293,44.5686],[3.8281,44.5692],[3.8284,44.5719],[3.8201,44.5716],[3.8208,44.575],[3.8243,44.5763],[3.8227,44.5768]]],[[[3.8134,44.6352],[3.8128,44.6319],[3.8047,44.6227],[3.798,44.6259],[3.8015,44.6318],[3.8007,44.6357],[3.8108,44.6377],[3.8134,44.6352]]],[[[3.8645,44.5839],[3.865,44.5884],[3.8672,44.5878],[3.8675,44.5889],[3.8689,44.5874],[3.872,44.5899],[3.8751,44.5891],[3.8788,44.5861],[3.8829,44.5782],[3.8807,44.5779],[3.8796,44.5759],[3.8808,44.5759],[3.8804,44.5727],[3.8779,44.5737],[3.8782,44.5752],[3.8771,44.5744],[3.8743,44.5798],[3.8742,44.583],[3.8715,44.5862],[3.8645,44.5839]]],[[[3.8419,44.5745],[3.8476,44.579],[3.8464,44.5808],[3.8508,44.5801],[3.8523,44.5819],[3.8535,44.5818],[3.8567,44.5761],[3.851,44.576],[3.8553,44.5752],[3.8512,44.5742],[3.8504,44.576],[3.8441,44.5755],[3.8423,44.5725],[3.8419,44.5745]]],[[[3.8518,44.5835],[3.8517,44.582],[3.8458,44.5818],[3.8428,44.584],[3.8442,44.5858],[3.8423,44.5842],[3.8385,44.5869],[3.8418,44.5882],[3.8435,44.5865],[3.8478,44.587],[3.8518,44.5835]]],[[[3.8336,44.5711],[3.833,44.5734],[3.8341,44.5742],[3.8352,44.5705],[3.8336,44.5711]]]]}},{"type":"Feature","properties":{"id":"F15966B","nom":"Forêt domaniale de Charpal","dep":"48","essence":"conifere"},"geometry":{"type":"MultiPolygon","coordinates":[[[[3.6107,44.6199],[3.601,44.6255],[3.596,44.6224],[3.5948,44.6232],[3.5835,44.6203],[3.5826,44.6174],[3.5793,44.6178],[3.5799,44.619],[3.5785,44.6201],[3.5648,44.6216],[3.563,44.6201],[3.5589,44.6221],[3.5608,44.6304],[3.564,44.6315],[3.5674,44.6355],[3.5704,44.6361],[3.5611,44.6412],[3.5628,44.6417],[3.5635,44.6448],[3.563,44.6511],[3.5651,44.6584],[3.563,44.6623],[3.5505,44.6596],[3.5461,44.6614],[3.5478,44.6676],[3.5657,44.6665],[3.5664,44.6604],[3.569,44.6594],[3.5684,44.6513],[3.5694,44.6509],[3.5898,44.661],[3.5932,44.6609],[3.5936,44.6583],[3.595,44.6576],[3.5933,44.6522],[3.5897,44.6479],[3.5981,44.6468],[3.5907,44.6446],[3.579,44.6355],[3.5952,44.6383],[3.6069,44.6457],[3.6181,44.6503],[3.6191,44.6495],[3.6168,44.6464],[3.6189,44.6398],[3.6158,44.6348],[3.6141,44.6347],[3.6197,44.6271],[3.6107,44.6199]]],[[[3.5512,44.6129],[3.558,44.6113],[3.5738,44.6109],[3.5903,44.6148],[3.5905,44.6128],[3.5951,44.6097],[3.6053,44.6096],[3.595,44.6095],[3.5896,44.6137],[3.5861,44.6123],[3.584,44.6074],[3.5776,44.6044],[3.5707,44.6031],[3.5642,44.6046],[3.5568,44.5997],[3.5518,44.5981],[3.5495,44.5991],[3.5519,44.6032],[3.5529,44.6093],[3.5461,44.6133],[3.5512,44.6129]]],[[[3.626,44.6046],[3.631,44.6008],[3.6242,44.6052],[3.6198,44.6035],[3.6125,44.6042],[3.62,44.6037],[3.6235,44.6054],[3.626,44.6046]]]]}},{"type":"Feature","properties":{"id":"F15967C","nom":"Forêt domaniale de Fontmort","dep":"48","essence":"conifere"},"geometry":{"type":"MultiPolygon","coordinates":[[[[3.7597,44.2622],[3.7627,44.2618],[3.7623,44.2672],[3.7721,44.2695],[3.7735,44.2691],[3.7744,44.2651],[3.7785,44.2628],[3.7809,44.2647],[3.7798,44.2659],[3.7834,44.271],[3.7786,44.2711],[3.7811,44.2748],[3.7845,44.2773],[3.7893,44.2742],[3.7865,44.2707],[3.7842,44.2708],[3.7841,44.2684],[3.7853,44.2695],[3.7882,44.266],[3.7854,44.2588],[3.7818,44.2582],[3.778,44.2533],[3.7731,44.2552],[3.7727,44.2534],[3.7749,44.2507],[3.7719,44.2489],[3.7725,44.2479],[3.7781,44.2487],[3.7796,44.2472],[3.775,44.247],[3.773,44.2447],[3.7773,44.2447],[3.7748,44.2406],[3.7787,44.2376],[3.7786,44.2345],[3.7797,44.2344],[3.776,44.2346],[3.7781,44.2317],[3.7752,44.23],[3.7719,44.2289],[3.7725,44.2374],[3.7663,44.2435],[3.7713,44.2364],[3.7664,44.2414],[3.763,44.2403],[3.7623,44.2384],[3.7645,44.2348],[3.7634,44.2343],[3.7616,44.2374],[3.7606,44.2328],[3.7585,44.2321],[3.7562,44.2341],[3.7522,44.2326],[3.7519,44.236],[3.7533,44.2366],[3.7507,44.2365],[3.7489,44.2394],[3.7471,44.2397],[3.7467,44.2373],[3.7463,44.2384],[3.7401,44.2382],[3.7376,44.2411],[3.7327,44.2413],[3.7291,44.2441],[3.7267,44.2439],[3.7296,44.2432],[3.7295,44.2382],[3.7223,44.2417],[3.7201,44.2414],[3.7177,44.238],[3.721,44.2454],[3.7174,44.2497],[3.7197,44.2541],[3.7187,44.2567],[3.7211,44.2584],[3.7198,44.2596],[3.7228,44.2601],[3.7244,44.2662],[3.7268,44.2672],[3.7296,44.2664],[3.7315,44.2703],[3.7341,44.2702],[3.7376,44.2663],[3.7368,44.2652],[3.7392,44.2591],[3.7365,44.2544],[3.7382,44.2557],[3.7426,44.2514],[3.7462,44.2514],[3.7477,44.2559],[3.752,44.2596],[3.7527,44.258],[3.7599,44.2591],[3.7546,44.2617],[3.7544,44.263],[3.7597,44.2622]]],[[[3.6855,44.2167],[3.6888,44.2183],[3.6858,44.2192],[3.6882,44.2196],[3.6869,44.2199],[3.6867,44.2217],[3.685,44.2202],[3.6829,44.2244],[3.6783,44.2228],[3.6721,44.226],[3.6709,44.2311],[3.6714,44.2322],[3.6776,44.2325],[3.6819,44.2376],[3.685,44.2392],[3.6892,44.2389],[3.6923,44.2419],[3.6941,44.2372],[3.6968,44.2367],[3.6941,44.236],[3.689,44.2299],[3.6912,44.2283],[3.6952,44.2301],[3.6954,44.2285],[3.6978,44.2277],[3.6961,44.2271],[3.6972,44.2248],[3.6926,44.2226],[3.6975,44.2235],[3.7006,44.2155],[3.6978,44.2123],[3.6962,44.2181],[3.6928,44.2193],[3.6926,44.217],[3.6905,44.2156],[3.6928,44.2145],[3.6904,44.2119],[3.6855,44.2167]]],[[[3.8011,44.2674],[3.802,44.2664],[3.7953,44.2609],[3.7886,44.2634],[3.7909,44.2684],[3.7946,44.2663],[3.7961,44.267],[3.7935,44.269],[3.7958,44.2703],[3.8011,44.2674]]],[[[3.74,44.2132],[3.7415,44.2128],[3.7395,44.2109],[3.7308,44.2153],[3.728,44.2244],[3.7298,44.225],[3.7338,44.219],[3.7351,44.2189],[3.7318,44.2174],[3.7328,44.2158],[3.74,44.2132]]],[[[3.7911,44.2587],[3.7959,44.259],[3.7957,44.2549],[3.7871,44.2523],[3.7893,44.2562],[3.7921,44.2579],[3.7911,44.2587]]],[[[3.7824,44.2304],[3.7819,44.2293],[3.7729,44.2276],[3.7797,44.2283],[3.7721,44.2264],[3.779,44.2274],[3.7757,44.2216],[3.7743,44.2222],[3.7757,44.2242],[3.7745,44.2242],[3.7745,44.2259],[3.7708,44.226],[3.7728,44.2273],[3.7711,44.2274],[3.7717,44.2282],[3.7803,44.2299],[3.7796,44.2313],[3.7824,44.2304]]],[[[3.7924,44.2258],[3.7912,44.2224],[3.786,44.225],[3.7823,44.229],[3.7839,44.2298],[3.7865,44.2266],[3.7891,44.2288],[3.79,44.2275],[3.7888,44.2266],[3.7924,44.2258]]],[[[3.792,44.2219],[3.7945,44.2267],[3.7964,44.2271],[3.7963,44.2245],[3.792,44.2219]]]]}},{"type":"Feature","properties":{"id":"F16056N","nom":"Forêt domaniale du Roujanel","dep":"48","essence":"conifere"},"geometry":{"type":"MultiPolygon","coordinates":[[[[3.93,44.5325],[3.9345,44.531],[3.9373,44.5363],[3.9368,44.538],[3.9379,44.5366],[3.9391,44.5384],[3.9439,44.5374],[3.9494,44.5327],[3.9508,44.5345],[3.9522,44.5275],[3.9539,44.5279],[3.9561,44.5175],[3.9544,44.5175],[3.9541,44.5157],[3.9515,44.5177],[3.9532,44.5159],[3.9505,44.514],[3.9445,44.515],[3.9456,44.5121],[3.9506,44.5113],[3.9529,44.5132],[3.9527,44.5155],[3.9553,44.5138],[3.9542,44.5123],[3.9578,44.5127],[3.9589,44.5098],[3.9606,44.5095],[3.9602,44.5124],[3.9623,44.5111],[3.9649,44.5119],[3.9645,44.5109],[3.9656,44.5126],[3.9697,44.5135],[3.9712,44.5096],[3.967,44.5082],[3.9662,44.5122],[3.9659,44.5083],[3.9622,44.5089],[3.9604,44.505],[3.9578,44.5042],[3.9542,44.5088],[3.9518,44.5098],[3.9472,44.5084],[3.9423,44.5094],[3.9409,44.511],[3.9449,44.5072],[3.9512,44.5082],[3.951,44.507],[3.9454,44.5057],[3.9405,44.5092],[3.9294,44.5093],[3.9299,44.5186],[3.9319,44.5215],[3.9276,44.5207],[3.9268,44.5186],[3.9202,44.5226],[3.9262,44.5219],[3.9267,44.5238],[3.9253,44.5261],[3.9278,44.527],[3.9249,44.5298],[3.93,44.5325]]],[[[3.9426,44.5475],[3.9424,44.545],[3.9376,44.5464],[3.9364,44.5455],[3.9386,44.5385],[3.9365,44.5397],[3.9313,44.5378],[3.9357,44.5391],[3.9343,44.54],[3.9359,44.5414],[3.9334,44.5459],[3.9278,44.5478],[3.9266,44.5514],[3.9213,44.5535],[3.9289,44.5545],[3.9349,44.5502],[3.9359,44.5507],[3.935,44.5524],[3.9394,44.5507],[3.9424,44.5485],[3.9408,44.5476],[3.9426,44.5475]]],[[[3.9632,44.5148],[3.959,44.5195],[3.9613,44.5209],[3.9652,44.5189],[3.9632,44.5148]]],[[[3.9224,44.518],[3.9221,44.5209],[3.9197,44.5214],[3.92,44.5224],[3.9239,44.5209],[3.9242,44.5176],[3.9224,44.518]]],[[[3.9212,44.5374],[3.9243,44.5371],[3.9193,44.5358],[3.9196,44.5376],[3.9212,44.5374]]]]}},{"type":"Feature","properties":{"id":"F16009S","nom":"Forêt domaniale de Bayard","dep":"48","essence":"mixte"},"geometry":{"type":"MultiPolygon","coordinates":[[[[3.972,44.4293],[3.9731,44.4267],[3.9717,44.4264],[3.9681,44.4288],[3.9626,44.4295],[3.9613,44.4329],[3.9626,44.4346],[3.9618,44.4379],[3.9599,44.4385],[3.9626,44.4388],[3.9643,44.438],[3.9623,44.4372],[3.9641,44.4366],[3.9683,44.4377],[3.9668,44.4363],[3.969,44.436],[3.9666,44.4337],[3.9721,44.4346],[3.9699,44.43],[3.972,44.4293]]],[[[3.9385,44.4341],[3.9434,44.4336],[3.9426,44.4355],[3.9444,44.4353],[3.9444,44.4336],[3.9475,44.4326],[3.9409,44.4301],[3.9366,44.4319],[3.9367,44.4337],[3.9385,44.4341]]],[[[3.9734,44.4523],[3.9795,44.4496],[3.976,44.4483],[3.9751,44.4497],[3.9725,44.4461],[3.9698,44.4496],[3.9734,44.4523]]],[[[3.903,44.4645],[3.9101,44.465],[3.9112,44.464],[3.9097,44.4621],[3.9074,44.4636],[3.9037,44.4616],[3.9032,44.4629],[3.9073,44.464],[3.9029,44.4635],[3.903,44.4645]]],[[[3.9076,44.4589],[3.904,44.4593],[3.9035,44.4558],[3.9001,44.4551],[3.9041,44.4604],[3.9098,44.4615],[3.9081,44.461],[3.9101,44.4601],[3.9098,44.459],[3.9076,44.4589]]],[[[3.9556,44.4338],[3.9582,44.4335],[3.9555,44.4312],[3.9522,44.4337],[3.9537,44.4361],[3.9566,44.4354],[3.9556,44.4338]]],[[[3.9778,44.4552],[3.9769,44.4556],[3.9798,44.4561],[3.9843,44.4525],[3.9818,44.4522],[3.9778,44.4552]]],[[[3.909,44.4574],[3.9104,44.457],[3.9071,44.4558],[3.9067,44.4574],[3.909,44.4574]]]]}},{"type":"Feature","properties":{"id":"F16035S","nom":"Forêt domaniale des Gardons","dep":"48","essence":"mixte"},"geometry":{"type":"MultiPolygon","coordinates":[[[[3.9315,44.1839],[3.934,44.1872],[3.9369,44.1824],[3.932,44.1817],[3.9296,44.1786],[3.9271,44.1785],[3.9275,44.175],[3.9306,44.1741],[3.9264,44.1736],[3.9283,44.1701],[3.9253,44.171],[3.925,44.1687],[3.9214,44.1691],[3.9213,44.1663],[3.9151,44.1673],[3.9162,44.1665],[3.9139,44.1643],[3.9171,44.1627],[3.9166,44.1615],[3.9187,44.159],[3.9067,44.1614],[3.905,44.1606],[3.9043,44.1633],[3.9011,44.1632],[3.9007,44.1678],[3.9072,44.1715],[3.906,44.1749],[3.8986,44.1741],[3.8947,44.1713],[3.8931,44.173],[3.895,44.1746],[3.8915,44.1746],[3.8944,44.1766],[3.8861,44.1782],[3.8895,44.1842],[3.8966,44.1828],[3.8897,44.1844],[3.8921,44.1884],[3.8899,44.1894],[3.8894,44.1926],[3.8961,44.1954],[3.8959,44.192],[3.8968,44.192],[3.8969,44.1959],[3.8994,44.1947],[3.8978,44.1967],[3.8981,44.2],[3.9,44.2017],[3.902,44.2015],[3.9039,44.199],[3.9029,44.1987],[3.9054,44.1965],[3.9032,44.1963],[3.9065,44.1938],[3.906,44.1921],[3.9109,44.1911],[3.9077,44.1933],[3.9166,44.1923],[3.9166,44.1887],[3.9114,44.187],[3.915,44.1853],[3.9163,44.1831],[3.9235,44.1869],[3.9254,44.1851],[3.9217,44.1813],[3.9238,44.1825],[3.9314,44.1818],[3.9315,44.1839]]],[[[3.8273,44.1366],[3.8229,44.1365],[3.8202,44.1325],[3.8168,44.1318],[3.8127,44.1288],[3.8068,44.129],[3.8076,44.1304],[3.8046,44.1327],[3.8053,44.1335],[3.804,44.1355],[3.8077,44.1392],[3.812,44.1396],[3.8089,44.1399],[3.8119,44.1431],[3.8168,44.1412],[3.812,44.1433],[3.815,44.1464],[3.8142,44.1471],[3.8103,44.1454],[3.8092,44.1484],[3.8073,44.1477],[3.804,44.1504],[3.7989,44.1478],[3.8015,44.1452],[3.7981,44.1416],[3.7931,44.1428],[3.7974,44.1502],[3.7952,44.1489],[3.7957,44.1474],[3.7926,44.147],[3.7899,44.1495],[3.7886,44.1547],[3.7908,44.1561],[3.7919,44.1541],[3.7925,44.1552],[3.7952,44.1546],[3.7945,44.1571],[3.7974,44.1564],[3.7965,44.1578],[3.7974,44.1588],[3.7996,44.1599],[3.8018,44.1582],[3.8012,44.1591],[3.803,44.16],[3.8043,44.1511],[3.8158,44.1528],[3.8146,44.1511],[3.8166,44.1484],[3.8197,44.1499],[3.8196,44.1523],[3.8249,44.1532],[3.8268,44.1498],[3.825,44.1468],[3.8264,44.1443],[3.8276,44.1463],[3.83,44.1434],[3.8331,44.1425],[3.841,44.1509],[3.8451,44.1496],[3.8486,44.1514],[3.8501,44.1498],[3.8519,44.1509],[3.8512,44.1524],[3.8532,44.1519],[3.8524,44.1461],[3.8447,44.1442],[3.842,44.1411],[3.8434,44.1362],[3.8382,44.1344],[3.8325,44.1373],[3.8273,44.1366]]],[[[3.7677,44.1878],[3.7718,44.1907],[3.7882,44.1873],[3.7887,44.1863],[3.785,44.1855],[3.7811,44.1808],[3.7828,44.1817],[3.7842,44.1811],[3.7834,44.1799],[3.7865,44.1791],[3.7868,44.173],[3.7816,44.1697],[3.7773,44.1763],[3.7777,44.175],[3.7758,44.1752],[3.7732,44.1726],[3.7708,44.1741],[3.767,44.1803],[3.7736,44.1876],[3.7677,44.1878]]],[[[3.8949,44.1556],[3.8973,44.1569],[3.897,44.1554],[3.8991,44.1543],[3.8985,44.1554],[3.8997,44.1559],[3.911,44.1545],[3.9115,44.1495],[3.909,44.1471],[3.9054,44.1479],[3.9073,44.1509],[3.9044,44.1492],[3.8957,44.1517],[3.8975,44.1485],[3.8953,44.1483],[3.8927,44.1512],[3.8944,44.1527],[3.893,44.1554],[3.8949,44.1556]]],[[[3.8729,44.1632],[3.8706,44.1599],[3.8593,44.1583],[3.8575,44.1598],[3.8609,44.1642],[3.8633,44.1632],[3.8675,44.1674],[3.8718,44.1689],[3.8756,44.1668],[3.8729,44.1632]]],[[[3.8093,44.1793],[3.8078,44.1765],[3.8107,44.1751],[3.8108,44.1762],[3.8139,44.1768],[3.8149,44.1724],[3.8118,44.1709],[3.8085,44.1713],[3.8057,44.1736],[3.8072,44.1765],[3.8019,44.176],[3.7996,44.1808],[3.797,44.1806],[3.7965,44.1831],[3.8055,44.1819],[3.8093,44.1793]]],[[[3.7408,44.1555],[3.7367,44.156],[3.7378,44.1582],[3.7362,44.1563],[3.7342,44.1579],[3.7383,44.1603],[3.7373,44.161],[3.7383,44.1616],[3.7418,44.1626],[3.7465,44.1612],[3.7466,44.159],[3.7442,44.1595],[3.7426,44.1556],[3.7408,44.1555]]],[[[3.9281,44.2075],[3.9271,44.2058],[3.9253,44.2086],[3.9226,44.2093],[3.9263,44.2121],[3.9288,44.2115],[3.9274,44.2125],[3.9321,44.2165],[3.9374,44.2164],[3.9304,44.2112],[3.9293,44.2077],[3.9281,44.2075]]],[[[3.8969,44.2073],[3.8958,44.2051],[3.8939,44.2054],[3.8945,44.2045],[3.8906,44.2049],[3.8907,44.2061],[3.8926,44.2058],[3.891,44.2075],[3.8897,44.2058],[3.8864,44.2055],[3.8839,44.207],[3.8847,44.2086],[3.8927,44.21],[3.8931,44.2109],[3.8897,44.2102],[3.8919,44.2117],[3.8936,44.2114],[3.8937,44.2096],[3.8915,44.2078],[3.8956,44.2092],[3.8968,44.2088],[3.8956,44.2075],[3.8969,44.2073]]],[[[3.8417,44.2375],[3.8437,44.2379],[3.846,44.2349],[3.8415,44.2339],[3.8461,44.2346],[3.8468,44.231],[3.8411,44.2313],[3.8398,44.2338],[3.841,44.2346],[3.8384,44.2349],[3.8417,44.2375]]],[[[3.8338,44.1551],[3.8354,44.1534],[3.8325,44.1548],[3.8324,44.1513],[3.831,44.1513],[3.8299,44.1537],[3.828,44.154],[3.8293,44.1555],[3.8274,44.1571],[3.8269,44.1611],[3.8338,44.1551]]],[[[3.8603,44.168],[3.8548,44.1658],[3.8513,44.1676],[3.8557,44.1681],[3.8545,44.1689],[3.855,44.1713],[3.8563,44.171],[3.8562,44.1693],[3.8594,44.1697],[3.8603,44.168]]],[[[3.8576,44.2194],[3.8607,44.218],[3.8595,44.2156],[3.8546,44.2154],[3.855,44.2193],[3.8576,44.2194]]],[[[3.7961,44.1321],[3.7936,44.1341],[3.7933,44.1356],[3.7956,44.1363],[3.7938,44.1391],[3.7989,44.1374],[3.8003,44.1356],[3.7971,44.1358],[3.7961,44.1321]]],[[[3.8505,44.1818],[3.8487,44.1824],[3.8487,44.184],[3.8515,44.1846],[3.8536,44.1833],[3.8531,44.1818],[3.8571,44.18],[3.851,44.1801],[3.8505,44.1818]]],[[[3.8882,44.1985],[3.8928,44.1994],[3.8941,44.1968],[3.8888,44.1945],[3.8882,44.1985]]],[[[3.743,44.1956],[3.7432,44.1939],[3.7471,44.1945],[3.7469,44.1932],[3.7412,44.1923],[3.739,44.196],[3.7416,44.1973],[3.743,44.1956]]],[[[3.9482,44.1736],[3.9528,44.1739],[3.9542,44.1729],[3.9537,44.1715],[3.957,44.1721],[3.9566,44.1707],[3.9516,44.1712],[3.9472,44.1737],[3.9482,44.1736]]],[[[3.8875,44.2032],[3.8911,44.2037],[3.8905,44.2016],[3.8889,44.2028],[3.8883,44.2008],[3.8936,44.2012],[3.8876,44.1993],[3.8875,44.2032]]],[[[3.8103,44.1684],[3.8102,44.1644],[3.8067,44.165],[3.8063,44.1671],[3.8103,44.1684]]],[[[3.7861,44.1348],[3.7858,44.1333],[3.7811,44.1359],[3.7823,44.137],[3.7861,44.1348]]],[[[3.7342,44.1993],[3.7319,44.2007],[3.7331,44.2021],[3.7369,44.2009],[3.7359,44.1986],[3.7342,44.1993]]],[[[3.734,44.1634],[3.7317,44.1624],[3.7326,44.1663],[3.7352,44.165],[3.734,44.1634]]],[[[3.9057,44.1997],[3.9069,44.1983],[3.906,44.1968],[3.903,44.2017],[3.9057,44.1997]]],[[[3.8007,44.1436],[3.8015,44.1446],[3.8046,44.1435],[3.8022,44.1421],[3.8001,44.1423],[3.8007,44.1436]]],[[[3.8152,44.1634],[3.817,44.162],[3.812,44.1631],[3.8131,44.1641],[3.8152,44.1634]]],[[[3.7355,44.1612],[3.7332,44.1605],[3.7332,44.1592],[3.7321,44.1605],[3.7344,44.1623],[3.7355,44.1612]]],[[[3.824,44.1605],[3.8184,44.1613],[3.8219,44.1621],[3.8256,44.1609],[3.824,44.1605]]],[[[3.86,44.2208],[3.859,44.2232],[3.8616,44.2231],[3.86,44.2208]]],[[[3.9187,44.1894],[3.9195,44.1914],[3.9216,44.1908],[3.9197,44.1888],[3.9187,44.1894]]]]}},{"type":"Feature","properties":{"id":"F16063U","nom":"Forêt domaniale de la Loubière","dep":"48","essence":"conifere"},"geometry":{"type":"MultiPolygon","coordinates":[[[[3.6009,44.4944],[3.601,44.4909],[3.6058,44.4903],[3.6064,44.4925],[3.6087,44.4903],[3.6129,44.4903],[3.6136,44.4923],[3.6108,44.4918],[3.6148,44.4934],[3.6272,44.4924],[3.6247,44.4922],[3.6283,44.4896],[3.6251,44.486],[3.6285,44.481],[3.6252,44.4791],[3.6209,44.4808],[3.6194,44.483],[3.6227,44.4853],[3.6181,44.4883],[3.612,44.487],[3.6045,44.49],[3.5996,44.4883],[3.5979,44.4894],[3.594,44.4886],[3.5853,44.4917],[3.5962,44.4957],[3.6009,44.4944]]],[[[3.6309,44.495],[3.6426,44.496],[3.6487,44.4946],[3.6482,44.4919],[3.6423,44.4909],[3.6351,44.4862],[3.6305,44.489],[3.629,44.4949],[3.6309,44.495]]]]}},{"type":"Feature","properties":{"id":"F16069A","nom":"Forêt domaniale de Ramponenche","dep":"48","essence":"conifere"},"geometry":{"type":"MultiPolygon","coordinates":[[[[3.6327,44.3358],[3.6349,44.3372],[3.6309,44.3388],[3.6331,44.3395],[3.6275,44.3441],[3.6289,44.3445],[3.6295,44.3479],[3.6322,44.3492],[3.6366,44.347],[3.6414,44.3413],[3.6471,44.3391],[3.6492,44.335],[3.6508,44.3365],[3.6586,44.3364],[3.6636,44.3391],[3.6701,44.3378],[3.67,44.3392],[3.6723,44.3393],[3.6758,44.338],[3.6859,44.338],[3.6878,44.336],[3.6909,44.3358],[3.6931,44.333],[3.6999,44.3307],[3.6955,44.3271],[3.6858,44.3288],[3.6828,44.3313],[3.6806,44.327],[3.6748,44.3282],[3.6674,44.3244],[3.6626,44.325],[3.6576,44.3227],[3.6527,44.3246],[3.6492,44.3234],[3.6459,44.3264],[3.6415,44.3262],[3.6398,44.3283],[3.6353,44.3274],[3.6278,44.3289],[3.6182,44.3237],[3.6148,44.3287],[3.6136,44.3283],[3.615,44.3267],[3.6128,44.3261],[3.6111,44.3282],[3.6098,44.3276],[3.608,44.3292],[3.6105,44.3319],[3.6052,44.3327],[3.6036,44.3361],[3.6055,44.334],[3.6097,44.3333],[3.6094,44.3355],[3.6118,44.334],[3.6118,44.3356],[3.6194,44.3374],[3.6204,44.3337],[3.6189,44.3305],[3.6205,44.3293],[3.6208,44.3305],[3.6223,44.33],[3.6236,44.3351],[3.6292,44.336],[3.6279,44.3344],[3.6294,44.3323],[3.6321,44.333],[3.6321,44.3313],[3.6361,44.3324],[3.6367,44.3305],[3.6368,44.3326],[3.6383,44.3302],[3.637,44.3331],[3.6386,44.3335],[3.6327,44.3358]]],[[[3.6184,44.3003],[3.6112,44.3078],[3.6126,44.3083],[3.6168,44.3034],[3.6159,44.3044],[3.6173,44.3059],[3.6189,44.305],[3.6189,44.3063],[3.6235,44.3042],[3.622,44.3007],[3.6184,44.3003]]],[[[3.6239,44.3359],[3.6201,44.3386],[3.6226,44.3386],[3.6221,44.3405],[3.6243,44.3406],[3.6248,44.3381],[3.6295,44.3391],[3.625,44.3377],[3.6239,44.3359]]],[[[3.6189,44.3452],[3.6236,44.3435],[3.6212,44.3436],[3.6245,44.3422],[3.6244,44.3409],[3.6221,44.3408],[3.6189,44.3452]]],[[[3.5986,44.3347],[3.6005,44.3362],[3.6018,44.3349],[3.6004,44.3339],[3.5986,44.3347]]]]}},{"type":"Feature","properties":{"id":"F16122B","nom":"Forêt domaniale de l'Aigoual","dep":"48","essence":"feuillu"},"geometry":{"type":"MultiPolygon","coordinates":[[[[3.5567,44.1183],[3.5462,44.1145],[3.5437,44.1096],[3.5434,44.1134],[3.5403,44.1189],[3.5354,44.1211],[3.5236,44.1206],[3.5081,44.1263],[3.5034,44.1258],[3.5003,44.1271],[3.4961,44.1317],[3.4932,44.1307],[3.4838,44.1316],[3.4791,44.1281],[3.4774,44.1297],[3.4769,44.1364],[3.4751,44.137],[3.4743,44.1398],[3.4702,44.1407],[3.4763,44.1409],[3.4763,44.1445],[3.4776,44.1421],[3.4826,44.1434],[3.4863,44.1398],[3.4857,44.1384],[3.4875,44.1391],[3.487,44.14],[3.4909,44.1387],[3.4929,44.1486],[3.4955,44.1492],[3.503,44.1466],[3.5007,44.1556],[3.5028,44.1571],[3.5006,44.1582],[3.5194,44.1601],[3.5223,44.156],[3.5172,44.1521],[3.5201,44.1522],[3.518,44.1469],[3.5212,44.1503],[3.5232,44.1499],[3.5259,44.1464],[3.5249,44.1447],[3.5345,44.1393],[3.5351,44.1407],[3.544,44.1394],[3.5511,44.143],[3.5555,44.1385],[3.5599,44.1381],[3.5628,44.1347],[3.5688,44.1329],[3.5709,44.1288],[3.5702,44.123],[3.564,44.1235],[3.5567,44.1183]]],[[[3.6342,44.1241],[3.6329,44.1211],[3.6299,44.1208],[3.6272,44.1184],[3.6245,44.1178],[3.6197,44.1198],[3.6123,44.1165],[3.6041,44.1153],[3.5979,44.119],[3.5918,44.1201],[3.5905,44.1186],[3.5881,44.1192],[3.5917,44.1203],[3.5917,44.1258],[3.5902,44.1281],[3.5925,44.1355],[3.5914,44.1395],[3.5936,44.1412],[3.5929,44.1452],[3.5904,44.1469],[3.5974,44.1506],[3.5963,44.1537],[3.5971,44.1568],[3.5992,44.159],[3.607,44.1592],[3.6022,44.1564],[3.6008,44.1509],[3.6037,44.1471],[3.6035,44.1437],[3.6104,44.149],[3.6122,44.1485],[3.6135,44.1507],[3.6194,44.152],[3.624,44.1549],[3.6264,44.1534],[3.6151,44.1497],[3.6128,44.1474],[3.6205,44.1479],[3.6231,44.1414],[3.6285,44.141],[3.631,44.1453],[3.6269,44.1464],[3.6314,44.1522],[3.6395,44.1517],[3.6437,44.148],[3.6532,44.1461],[3.6496,44.1432],[3.6455,44.1432],[3.6432,44.1415],[3.6382,44.142],[3.6357,44.1405],[3.6358,44.1376],[3.6336,44.136],[3.6356,44.1326],[3.6328,44.1283],[3.634,44.1263],[3.6319,44.1254],[3.6342,44.1241]]],[[[3.5251,44.196],[3.5313,44.1987],[3.539,44.1926],[3.541,44.1926],[3.5414,44.194],[3.5443,44.193],[3.5474,44.1962],[3.549,44.1951],[3.5499,44.1939],[3.5478,44.1879],[3.5489,44.1811],[3.5437,44.1787],[3.5456,44.172],[3.5431,44.175],[3.5432,44.1787],[3.5349,44.18],[3.5324,44.1786],[3.5195,44.1862],[3.5094,44.1847],[3.5046,44.186],[3.5019,44.1839],[3.5063,44.1821],[3.5056,44.1798],[3.5107,44.1776],[3.5061,44.1707],[3.5007,44.1754],[3.497,44.1765],[3.4949,44.1861],[3.498,44.1883],[3.4975,44.192],[3.5005,44.1906],[3.5029,44.1942],[3.5059,44.193],[3.5088,44.1953],[3.5094,44.1937],[3.5139,44.1948],[3.5152,44.1963],[3.5128,44.1972],[3.5149,44.1986],[3.5195,44.1958],[3.5194,44.1937],[3.5175,44.1938],[3.5167,44.1911],[3.5216,44.1904],[3.521,44.1928],[3.5262,44.1898],[3.5239,44.1941],[3.5251,44.196]]],[[[3.6101,44.1693],[3.6071,44.1661],[3.6019,44.1698],[3.5986,44.1694],[3.5947,44.1746],[3.5907,44.1728],[3.5878,44.1685],[3.5838,44.1661],[3.584,44.1675],[3.5784,44.1737],[3.5798,44.1737],[3.5842,44.1678],[3.5849,44.1686],[3.5817,44.1738],[3.5729,44.1806],[3.5737,44.1818],[3.5756,44.1807],[3.5766,44.1816],[3.5802,44.1798],[3.5816,44.1771],[3.5806,44.1804],[3.5836,44.1782],[3.5839,44.18],[3.582,44.1812],[3.5834,44.1816],[3.5789,44.1843],[3.5815,44.1842],[3.58,44.1856],[3.583,44.1874],[3.5773,44.1884],[3.5805,44.1901],[3.5864,44.1883],[3.5861,44.1911],[3.588,44.1929],[3.5872,44.1951],[3.5895,44.195],[3.5908,44.1966],[3.5924,44.1947],[3.5891,44.1943],[3.5927,44.1931],[3.5913,44.1938],[3.5953,44.1942],[3.593,44.1973],[3.597,44.1939],[3.5993,44.1938],[3.6,44.1921],[3.6062,44.1907],[3.6096,44.182],[3.6036,44.1749],[3.6095,44.1724],[3.6101,44.1693]]],[[[3.4361,44.1505],[3.4336,44.1495],[3.4411,44.1488],[3.4422,44.1469],[3.4317,44.1459],[3.4312,44.1475],[3.4255,44.1496],[3.4238,44.1519],[3.4248,44.1553],[3.4283,44.1562],[3.4256,44.1573],[3.4259,44.1597],[3.4284,44.1621],[3.4309,44.1623],[3.4312,44.1656],[3.4346,44.1654],[3.4327,44.1689],[3.438,44.1647],[3.4415,44.166],[3.4466,44.163],[3.4478,44.1637],[3.4578,44.1556],[3.4467,44.1528],[3.4456,44.1542],[3.4492,44.155],[3.4481,44.1573],[3.445,44.155],[3.4428,44.1573],[3.4441,44.1535],[3.4361,44.1505]]],[[[3.5342,44.1707],[3.5378,44.1677],[3.5361,44.165],[3.5429,44.1637],[3.5408,44.1626],[3.5413,44.1581],[3.5421,44.1552],[3.5452,44.1541],[3.5402,44.1524],[3.5364,44.1559],[3.5363,44.1598],[3.5262,44.1641],[3.5255,44.1718],[3.5323,44.1694],[3.5342,44.1707]]],[[[3.5206,44.1756],[3.5226,44.1747],[3.5215,44.1713],[3.5197,44.1678],[3.517,44.1683],[3.5176,44.1734],[3.5208,44.1729],[3.5206,44.1756]]],[[[3.5577,44.2126],[3.5567,44.2164],[3.5553,44.2131],[3.554,44.2152],[3.5562,44.2175],[3.5616,44.215],[3.5611,44.2134],[3.5577,44.2126]]],[[[3.5576,44.1964],[3.5618,44.196],[3.5581,44.191],[3.5576,44.1964]]],[[[3.5341,44.2208],[3.5369,44.2197],[3.5352,44.2184],[3.531,44.2217],[3.5315,44.2229],[3.5326,44.2236],[3.5339,44.2223],[3.533,44.2208],[3.5341,44.2208]]],[[[3.5361,44.2229],[3.5344,44.2225],[3.5334,44.224],[3.5376,44.2247],[3.5379,44.2234],[3.5361,44.2229]]],[[[3.5305,44.2101],[3.5294,44.2092],[3.5281,44.2104],[3.5284,44.213],[3.5303,44.2126],[3.5305,44.2101]]],[[[3.5522,44.1978],[3.5514,44.1973],[3.5505,44.2005],[3.5516,44.2034],[3.5522,44.1978]]]]}},{"type":"Feature","properties":{"id":"F16143W","nom":"Forêt domaniale du Bougès","dep":"48","essence":"conifere"},"geometry":{"type":"MultiPolygon","coordinates":[[[[3.7284,44.3091],[3.7338,44.3156],[3.7412,44.3154],[3.7447,44.3187],[3.7454,44.3216],[3.7436,44.3245],[3.7434,44.3305],[3.7464,44.3314],[3.7472,44.3343],[3.7442,44.3395],[3.7508,44.3395],[3.7542,44.3421],[3.7505,44.3455],[3.7494,44.3487],[3.7503,44.3521],[3.7536,44.3519],[3.7599,44.3485],[3.7683,44.3399],[3.7749,44.3429],[3.7791,44.3409],[3.7764,44.3388],[3.7742,44.3402],[3.7705,44.3387],[3.7785,44.336],[3.7763,44.3317],[3.7814,44.3332],[3.782,44.3319],[3.7828,44.3325],[3.7847,44.3355],[3.7831,44.3356],[3.7824,44.338],[3.7866,44.3364],[3.7899,44.3393],[3.7929,44.3365],[3.7978,44.341],[3.8038,44.3415],[3.81,44.3347],[3.8068,44.3334],[3.809,44.3298],[3.815,44.3272],[3.8146,44.3246],[3.8175,44.3235],[3.8154,44.3133],[3.8167,44.3172],[3.8191,44.3155],[3.8143,44.3121],[3.8161,44.3045],[3.8134,44.3009],[3.8096,44.3002],[3.8049,44.2965],[3.8036,44.2929],[3.798,44.2924],[3.8035,44.2926],[3.8023,44.2889],[3.7964,44.2896],[3.7979,44.2919],[3.7973,44.2935],[3.7993,44.2936],[3.7986,44.2959],[3.8056,44.3001],[3.8065,44.303],[3.8015,44.3044],[3.7978,44.3018],[3.7969,44.3025],[3.7975,44.3084],[3.8032,44.3104],[3.7991,44.3145],[3.7944,44.3161],[3.7958,44.3142],[3.7918,44.3125],[3.7896,44.313],[3.7892,44.3111],[3.7931,44.3075],[3.7921,44.3049],[3.7889,44.3027],[3.7888,44.301],[3.7973,44.2989],[3.7978,44.2977],[3.7925,44.2974],[3.7856,44.3008],[3.7854,44.2959],[3.7773,44.295],[3.7767,44.2985],[3.7792,44.2996],[3.7816,44.3032],[3.7837,44.3034],[3.7808,44.3041],[3.7836,44.3041],[3.7819,44.3065],[3.7786,44.305],[3.776,44.3082],[3.7697,44.3091],[3.7661,44.3143],[3.7644,44.313],[3.7656,44.3115],[3.7612,44.3119],[3.7657,44.3112],[3.7661,44.3076],[3.764,44.3062],[3.7663,44.3056],[3.7609,44.3049],[3.7592,44.3024],[3.7545,44.3037],[3.7518,44.3028],[3.7457,44.3052],[3.7464,44.3014],[3.7436,44.3018],[3.7451,44.2981],[3.7419,44.2967],[3.7414,44.2951],[3.7428,44.2942],[3.7403,44.2935],[3.7416,44.2882],[3.7453,44.2854],[3.7441,44.2836],[3.7375,44.2916],[3.7336,44.293],[3.735,44.296],[3.7336,44.2988],[3.7322,44.2971],[3.731,44.2977],[3.732,44.2992],[3.7301,44.2989],[3.731,44.2961],[3.7297,44.2958],[3.7283,44.3015],[3.7254,44.3048],[3.7287,44.3077],[3.7326,44.3054],[3.7293,44.3084],[3.7308,44.3087],[3.7284,44.3091]]],[[[3.8455,44.3306],[3.8448,44.3327],[3.8442,44.3317],[3.8362,44.3375],[3.8432,44.3302],[3.8425,44.3289],[3.8384,44.3329],[3.8421,44.3287],[3.8383,44.3295],[3.8378,44.3312],[3.8327,44.335],[3.8308,44.3298],[3.8297,44.3305],[3.8259,44.3288],[3.819,44.33],[3.8207,44.3347],[3.8137,44.3386],[3.8219,44.3395],[3.8211,44.341],[3.8317,44.3419],[3.8328,44.3458],[3.8419,44.3458],[3.8406,44.3489],[3.8415,44.3488],[3.8471,44.3471],[3.8462,44.3414],[3.861,44.339],[3.8627,44.3363],[3.8653,44.338],[3.8689,44.3368],[3.8703,44.3353],[3.868,44.3336],[3.871,44.3302],[3.8613,44.3332],[3.8629,44.3303],[3.8622,44.3285],[3.8609,44.3297],[3.8607,44.3284],[3.8593,44.3284],[3.8596,44.3299],[3.8538,44.3312],[3.8541,44.3299],[3.8507,44.3277],[3.8489,44.3328],[3.8455,44.3306]]],[[[3.7209,44.3331],[3.7156,44.3322],[3.7072,44.3333],[3.7073,44.3342],[3.7016,44.3333],[3.6967,44.3377],[3.6992,44.3387],[3.703,44.3369],[3.7079,44.339],[3.7113,44.3382],[3.7143,44.3395],[3.7181,44.3366],[3.7203,44.3379],[3.7225,44.3368],[3.7236,44.3333],[3.7209,44.3331]]],[[[3.7346,44.2808],[3.7368,44.2837],[3.74,44.2835],[3.7419,44.2831],[3.7437,44.28],[3.7366,44.2786],[3.7342,44.279],[3.7346,44.2808]]],[[[3.7534,44.2764],[3.7525,44.2781],[3.746,44.28],[3.7447,44.2826],[3.7465,44.2843],[3.7478,44.2835],[3.7465,44.2822],[3.7473,44.2814],[3.7495,44.2808],[3.7507,44.2825],[3.7559,44.2812],[3.755,44.2783],[3.753,44.2781],[3.7534,44.2764]]],[[[3.7419,44.3502],[3.7412,44.3538],[3.7442,44.3541],[3.7452,44.3483],[3.7443,44.3466],[3.7421,44.3482],[3.7419,44.3502]]],[[[3.7406,44.358],[3.7409,44.3558],[3.7425,44.355],[3.741,44.3548],[3.7384,44.3581],[3.7407,44.3594],[3.7405,44.3619],[3.7438,44.3612],[3.7406,44.358]]],[[[3.8652,44.3413],[3.8613,44.3435],[3.8635,44.346],[3.8652,44.3413]]],[[[3.792,44.286],[3.7921,44.288],[3.7951,44.2851],[3.7922,44.284],[3.792,44.286]]],[[[3.7568,44.2997],[3.7533,44.3002],[3.7584,44.3013],[3.7568,44.2997]]],[[[3.7938,44.2884],[3.7947,44.2891],[3.7974,44.2867],[3.7961,44.2862],[3.7938,44.2884]]],[[[3.8695,44.3482],[3.8663,44.3487],[3.8658,44.3518],[3.8696,44.3498],[3.8695,44.3482]]]]}},{"type":"Feature","properties":{"id":"F16177E","nom":"Forêt domaniale des Gorges-Du-Tarn","dep":"48","essence":"conifere"},"geometry":{"type":"MultiPolygon","coordinates":[[[[3.4274,44.3598],[3.4265,44.3585],[3.4289,44.3559],[3.4307,44.3557],[3.4319,44.3572],[3.4341,44.3555],[3.4325,44.3546],[3.4361,44.3532],[3.4358,44.351],[3.4268,44.354],[3.4259,44.3568],[3.4213,44.3578],[3.4154,44.3533],[3.4203,44.3543],[3.4208,44.3505],[3.4125,44.3475],[3.4124,44.3357],[3.4091,44.3362],[3.4071,44.3396],[3.402,44.3422],[3.4052,44.3477],[3.4081,44.3486],[3.4083,44.3503],[3.4122,44.3531],[3.4088,44.3535],[3.4109,44.3577],[3.4134,44.3574],[3.4142,44.3596],[3.4186,44.3604],[3.4184,44.3618],[3.4268,44.3615],[3.4274,44.3598]]],[[[3.4418,44.3424],[3.4422,44.3459],[3.4401,44.3481],[3.442,44.3489],[3.445,44.3456],[3.4481,44.3456],[3.4509,44.3489],[3.4552,44.3469],[3.4525,44.345],[3.4525,44.3421],[3.4566,44.3437],[3.457,44.3446],[3.4543,44.3445],[3.4546,44.3461],[3.459,44.3463],[3.4638,44.3417],[3.4622,44.3399],[3.4596,44.3409],[3.4621,44.3423],[3.458,44.3424],[3.4582,44.3407],[3.4595,44.3408],[3.4587,44.3398],[3.4629,44.3397],[3.4641,44.3374],[3.469,44.3369],[3.4669,44.3366],[3.4653,44.3323],[3.4598,44.331],[3.4527,44.3374],[3.4539,44.3404],[3.4566,44.3399],[3.4561,44.3418],[3.4516,44.3394],[3.4523,44.3409],[3.4475,44.3435],[3.4456,44.3418],[3.4419,44.3412],[3.4418,44.3424]]],[[[3.531,44.3949],[3.5319,44.3868],[3.5367,44.383],[3.5355,44.3806],[3.5316,44.3809],[3.5264,44.3843],[3.5263,44.3886],[3.5243,44.3895],[3.5232,44.3926],[3.524,44.396],[3.5225,44.4004],[3.5299,44.4013],[3.535,44.3989],[3.53,44.3964],[3.531,44.3949]]],[[[3.4035,44.3635],[3.4064,44.3633],[3.3978,44.3546],[3.3976,44.3564],[3.3927,44.3579],[3.3945,44.3585],[3.394,44.3621],[3.392,44.3609],[3.3907,44.3631],[3.3899,44.3618],[3.3876,44.3633],[3.3883,44.3669],[3.3939,44.3695],[3.3984,44.3684],[3.3985,44.367],[3.4013,44.367],[3.4021,44.3654],[3.4008,44.3637],[3.4035,44.3635]]],[[[3.5456,44.4184],[3.5577,44.419],[3.5568,44.4132],[3.5461,44.4159],[3.5481,44.4137],[3.5468,44.4113],[3.5451,44.4119],[3.548,44.4095],[3.542,44.407],[3.5353,44.4156],[3.5403,44.4158],[3.5399,44.4174],[3.5413,44.4186],[3.5456,44.4184]]],[[[3.415,44.3812],[3.4224,44.38],[3.4228,44.3856],[3.4248,44.3845],[3.4259,44.3806],[3.4284,44.3797],[3.4222,44.3763],[3.4225,44.3714],[3.4337,44.3736],[3.4381,44.3716],[3.4356,44.37],[3.4147,44.3706],[3.415,44.3694],[3.4137,44.3696],[3.4181,44.3762],[3.4141,44.3773],[3.4136,44.3786],[3.4153,44.3785],[3.415,44.3812]]],[[[3.5408,44.349],[3.5316,44.3492],[3.5313,44.3519],[3.5241,44.3546],[3.5296,44.3556],[3.5367,44.3531],[3.5386,44.3569],[3.5349,44.3576],[3.5344,44.3613],[3.5387,44.3608],[3.5398,44.3619],[3.5377,44.3637],[3.5401,44.362],[3.5447,44.3622],[3.5425,44.3591],[3.5388,44.357],[3.5429,44.355],[3.5409,44.3522],[3.5419,44.3508],[3.5408,44.349]]],[[[3.5853,44.3915],[3.5799,44.3899],[3.5787,44.3914],[3.5801,44.3925],[3.5844,44.392],[3.5827,44.3926],[3.5923,44.3979],[3.5897,44.3922],[3.5913,44.3875],[3.5886,44.3873],[3.5866,44.3854],[3.584,44.3878],[3.5865,44.3894],[3.5853,44.3915]]],[[[3.3997,44.3405],[3.4018,44.34],[3.3942,44.3357],[3.3939,44.333],[3.3967,44.3314],[3.3907,44.3294],[3.3882,44.3302],[3.3879,44.3329],[3.39,44.3341],[3.3899,44.3362],[3.3919,44.3372],[3.3928,44.3399],[3.3997,44.3405]]],[[[3.5738,44.3774],[3.5772,44.379],[3.5806,44.3784],[3.5814,44.3736],[3.5718,44.3762],[3.5738,44.3774]]],[[[3.5121,44.3696],[3.512,44.3718],[3.515,44.3731],[3.5166,44.366],[3.5115,44.3654],[3.5121,44.3696]]],[[[3.4399,44.3616],[3.4389,44.3659],[3.4417,44.368],[3.4437,44.3656],[3.4399,44.3616]]],[[[3.5506,44.3898],[3.5469,44.3919],[3.5513,44.3906],[3.5535,44.3882],[3.548,44.3891],[3.552,44.3894],[3.5506,44.3898]]],[[[3.5811,44.3941],[3.5801,44.3952],[3.5779,44.3941],[3.5774,44.3963],[3.5799,44.3964],[3.582,44.3949],[3.5811,44.3941]]],[[[3.5434,44.4064],[3.5481,44.4069],[3.5488,44.405],[3.5434,44.4064]]],[[[3.415,44.345],[3.4153,44.3465],[3.4167,44.3465],[3.4179,44.3449],[3.415,44.345]]]]}},{"type":"Feature","properties":{"id":"F17764F","nom":"Forêt domaniale de La-Montagne-Noire","dep":"81","essence":"feuillu"},"geometry":{"type":"MultiPolygon","coordinates":[[[[2.2591,43.4622],[2.2572,43.4575],[2.2562,43.4616],[2.2541,43.4621],[2.2516,43.4658],[2.2467,43.4671],[2.2439,43.4643],[2.2407,43.4656],[2.2406,43.4604],[2.2383,43.4597],[2.237,43.4538],[2.2402,43.4506],[2.2397,43.4455],[2.2413,43.4412],[2.2286,43.4317],[2.2227,43.4317],[2.2207,43.4265],[2.2237,43.4252],[2.2224,43.4231],[2.2221,43.4177],[2.2244,43.4141],[2.2292,43.4109],[2.2288,43.4064],[2.2271,43.4061],[2.2239,43.4122],[2.2251,43.4089],[2.2243,43.4031],[2.2268,43.4012],[2.2247,43.3977],[2.227,43.3959],[2.2188,43.3898],[2.2192,43.3873],[2.215,43.3829],[2.211,43.3852],[2.2055,43.3856],[2.1859,43.3951],[2.1804,43.4008],[2.1746,43.4115],[2.1717,43.4135],[2.1706,43.418],[2.1749,43.4196],[2.1903,43.4313],[2.205,43.4323],[2.2077,43.4416],[2.2109,43.4428],[2.2144,43.4466],[2.2199,43.4457],[2.2214,43.4491],[2.2248,43.4506],[2.2251,43.452],[2.2173,43.4515],[2.2072,43.4458],[2.2044,43.4465],[2.2042,43.4486],[2.202,43.4496],[2.2033,43.4538],[2.2007,43.4556],[2.1996,43.4592],[2.2017,43.461],[2.2023,43.4669],[2.2047,43.4684],[2.2003,43.4737],[2.1952,43.4745],[2.1928,43.4723],[2.1904,43.4752],[2.1932,43.4779],[2.1969,43.4769],[2.1996,43.4794],[2.2001,43.4868],[2.2022,43.4904],[2.2054,43.4918],[2.2078,43.4863],[2.2146,43.4843],[2.2212,43.4795],[2.2223,43.4749],[2.2294,43.475],[2.2294,43.4763],[2.2271,43.4756],[2.2267,43.4795],[2.2293,43.4788],[2.2274,43.4799],[2.225,43.4849],[2.225,43.4883],[2.228,43.4898],[2.2277,43.4874],[2.2296,43.4852],[2.2306,43.4869],[2.2293,43.4891],[2.2306,43.4882],[2.2329,43.4933],[2.2344,43.4938],[2.2336,43.4951],[2.2373,43.4979],[2.2362,43.4991],[2.2387,43.5001],[2.2422,43.4987],[2.2426,43.4978],[2.2391,43.497],[2.2378,43.495],[2.2425,43.4934],[2.2436,43.4938],[2.2426,43.4976],[2.246,43.4947],[2.2465,43.4962],[2.2562,43.5012],[2.2568,43.5032],[2.26,43.5029],[2.2581,43.5035],[2.2586,43.5056],[2.2595,43.5037],[2.2635,43.5027],[2.2657,43.4994],[2.2652,43.5025],[2.2671,43.5029],[2.2658,43.5041],[2.2678,43.5044],[2.2694,43.5034],[2.2668,43.5024],[2.2709,43.5013],[2.274,43.4986],[2.2731,43.4977],[2.2747,43.4974],[2.2765,43.4931],[2.2682,43.4944],[2.2632,43.4934],[2.2585,43.4904],[2.2484,43.49],[2.2519,43.4859],[2.253,43.4775],[2.2567,43.4689],[2.2602,43.4654],[2.2591,43.4622]]],[[[2.1792,43.4557],[2.1804,43.4604],[2.1833,43.4602],[2.1833,43.4615],[2.1796,43.4628],[2.1784,43.4668],[2.1747,43.4659],[2.1702,43.4691],[2.1707,43.4701],[2.1771,43.4695],[2.1813,43.4715],[2.1916,43.4666],[2.1904,43.4698],[2.1943,43.4678],[2.193,43.4693],[2.1949,43.469],[2.1955,43.4711],[2.1992,43.4693],[2.1972,43.4665],[2.1987,43.4671],[2.1985,43.4629],[2.195,43.46],[2.1936,43.4562],[2.1901,43.4563],[2.1837,43.4525],[2.1819,43.4539],[2.1787,43.4533],[2.1792,43.4557]]],[[[2.254,43.4578],[2.2543,43.4592],[2.2548,43.457],[2.2569,43.4564],[2.2565,43.4525],[2.2506,43.4491],[2.2468,43.4492],[2.2492,43.4517],[2.2514,43.4506],[2.2532,43.452],[2.2494,43.4538],[2.2483,43.4558],[2.2496,43.458],[2.2522,43.4552],[2.254,43.4578]]]]}},{"type":"Feature","properties":{"id":"F17718L","nom":"Forêt domaniale de La-Grésigne","dep":"81","essence":"mixte"},"geometry":{"type":"Polygon","coordinates":[[[1.7648,44.0538],[1.7715,44.0557],[1.7814,44.0531],[1.7811,44.0518],[1.7856,44.0485],[1.785,44.0455],[1.7942,44.0393],[1.8054,44.0204],[1.8032,44.0212],[1.7981,44.0118],[1.7932,44.0137],[1.7893,44.0108],[1.7838,44.0107],[1.7831,44.0092],[1.7856,44.006],[1.785,44.0049],[1.7807,44.005],[1.7697,44.0016],[1.7616,44.0013],[1.7609,43.9995],[1.7549,44.0005],[1.749,44.0046],[1.741,44.0036],[1.7405,44.0056],[1.7363,44.0076],[1.7354,44.0066],[1.7349,44.0088],[1.7371,44.0098],[1.7364,44.0107],[1.738,44.0125],[1.7294,44.0106],[1.7302,44.0119],[1.727,44.0115],[1.725,44.0074],[1.7221,44.0079],[1.7191,44.0054],[1.7207,44.0041],[1.7189,44.0041],[1.715,44.0076],[1.712,44.0053],[1.7091,44.0064],[1.7112,44.0108],[1.7051,44.0118],[1.6996,44.0152],[1.701,44.0206],[1.6994,44.0208],[1.6995,44.0244],[1.6964,44.0263],[1.6984,44.029],[1.7086,44.0363],[1.7196,44.0371],[1.733,44.0516],[1.7424,44.0548],[1.748,44.0524],[1.7558,44.0522],[1.7586,44.0549],[1.7648,44.0538]]]}},{"type":"Feature","properties":{"id":"F17752T","nom":"Forêt domaniale de Nore","dep":"81","essence":"feuillu"},"geometry":{"type":"MultiPolygon","coordinates":[[[[2.4688,43.4352],[2.4629,43.4356],[2.4594,43.4329],[2.4522,43.4319],[2.4348,43.4353],[2.4329,43.4342],[2.4351,43.439],[2.4309,43.44],[2.4246,43.4376],[2.4237,43.4397],[2.4196,43.438],[2.417,43.4412],[2.4203,43.4445],[2.417,43.4477],[2.4156,43.4478],[2.4148,43.4455],[2.4092,43.4457],[2.4062,43.4469],[2.4064,43.4482],[2.4083,43.4511],[2.4151,43.4535],[2.4244,43.4496],[2.4335,43.4499],[2.4371,43.4517],[2.4356,43.4531],[2.4377,43.4549],[2.4346,43.4545],[2.4356,43.4559],[2.4334,43.4569],[2.4397,43.4624],[2.4446,43.4627],[2.4495,43.4587],[2.4503,43.4565],[2.4522,43.4563],[2.4625,43.4627],[2.4582,43.4667],[2.4375,43.4697],[2.4379,43.473],[2.4631,43.4686],[2.4656,43.4646],[2.4642,43.4618],[2.4879,43.4504],[2.5035,43.4459],[2.5044,43.4469],[2.5036,43.4501],[2.5104,43.4587],[2.5107,43.4565],[2.5139,43.4538],[2.5126,43.452],[2.5135,43.4498],[2.5086,43.4444],[2.5114,43.4408],[2.5039,43.4338],[2.4906,43.4384],[2.4866,43.4368],[2.4742,43.4368],[2.4688,43.4352]]],[[[2.6065,43.4482],[2.6013,43.4484],[2.6013,43.4519],[2.5993,43.4514],[2.598,43.453],[2.5995,43.4545],[2.5976,43.4537],[2.5994,43.4556],[2.5936,43.4567],[2.594,43.4584],[2.6002,43.4572],[2.5999,43.4559],[2.6043,43.4529],[2.6029,43.4562],[2.6045,43.4544],[2.6062,43.4558],[2.6056,43.4569],[2.609,43.4573],[2.613,43.4555],[2.6157,43.4566],[2.6188,43.4584],[2.6191,43.4609],[2.6146,43.47],[2.6234,43.4686],[2.6257,43.466],[2.6234,43.4643],[2.6257,43.4622],[2.6244,43.4601],[2.6317,43.4631],[2.6366,43.4627],[2.6381,43.4643],[2.6387,43.4622],[2.6391,43.4639],[2.6447,43.4596],[2.6426,43.4583],[2.6421,43.456],[2.6404,43.4562],[2.6291,43.4486],[2.6155,43.4373],[2.6106,43.4387],[2.6083,43.4409],[2.6079,43.4434],[2.6099,43.4451],[2.6065,43.4482]]]]}},{"type":"Feature","properties":{"id":"F17765G","nom":"Forêt domaniale de Saint-Amancet-Sorèze","dep":"81","essence":"conifere"},"geometry":{"type":"Polygon","coordinates":[[[2.0993,43.4498],[2.102,43.4535],[2.1073,43.4545],[2.11,43.4523],[2.1148,43.4521],[2.1188,43.4482],[2.1243,43.4471],[2.1249,43.4447],[2.1268,43.4423],[2.1289,43.4426],[2.1293,43.441],[2.1082,43.439],[2.0996,43.441],[2.1009,43.4441],[2.0992,43.445],[2.1016,43.4457],[2.1007,43.4465],[2.1034,43.4461],[2.0993,43.4498]]]}},{"type":"Feature","properties":{"id":"F17836Z","nom":"Forêt domaniale du Haut-Agout","dep":"81","essence":"conifere"},"geometry":{"type":"MultiPolygon","coordinates":[[[[2.6287,43.5138],[2.6236,43.5212],[2.6263,43.5186],[2.6299,43.5199],[2.6294,43.5217],[2.6318,43.5207],[2.6353,43.5224],[2.6362,43.5208],[2.635,43.5193],[2.6389,43.516],[2.6513,43.5194],[2.6501,43.522],[2.6531,43.525],[2.6558,43.525],[2.6565,43.5235],[2.66,43.5249],[2.6617,43.5236],[2.6613,43.521],[2.6657,43.5213],[2.6665,43.5225],[2.6696,43.5202],[2.6686,43.5177],[2.6657,43.5171],[2.666,43.5157],[2.6639,43.5177],[2.6571,43.5187],[2.6519,43.5163],[2.649,43.5099],[2.6465,43.5102],[2.6463,43.5089],[2.6488,43.5093],[2.6484,43.5074],[2.6515,43.5065],[2.6518,43.5092],[2.6554,43.5095],[2.6567,43.5051],[2.6594,43.5026],[2.6571,43.4992],[2.6538,43.5],[2.652,43.4972],[2.6465,43.4966],[2.6444,43.4977],[2.6435,43.4934],[2.6453,43.4892],[2.6428,43.4874],[2.6378,43.4888],[2.6367,43.4992],[2.6351,43.4949],[2.6318,43.4953],[2.6317,43.5015],[2.626,43.5019],[2.6228,43.5043],[2.6248,43.5071],[2.6264,43.5049],[2.6295,43.5064],[2.6242,43.5077],[2.6314,43.5097],[2.6318,43.5107],[2.628,43.5113],[2.6296,43.5131],[2.6287,43.5138]]],[[[2.6112,43.5772],[2.6105,43.5805],[2.6088,43.5815],[2.608,43.5801],[2.6068,43.5804],[2.6076,43.5826],[2.6018,43.5849],[2.6097,43.5865],[2.6128,43.5892],[2.62,43.5865],[2.6289,43.5854],[2.63,43.5819],[2.6286,43.5808],[2.6298,43.5806],[2.6275,43.5795],[2.6268,43.5771],[2.6229,43.5758],[2.6215,43.5729],[2.6188,43.5735],[2.6186,43.5756],[2.6115,43.5761],[2.6112,43.5772]]],[[[2.6185,43.5296],[2.6255,43.5249],[2.6228,43.5247],[2.6201,43.5274],[2.6158,43.5247],[2.6071,43.5251],[2.6089,43.5271],[2.6185,43.5296]]]]}},{"type":"Feature","properties":{"id":"F17837A","nom":"Forêt domaniale de Lacaune","dep":"81","essence":"conifere"},"geometry":{"type":"Polygon","coordinates":[[[2.6148,43.6893],[2.6154,43.6914],[2.6202,43.6939],[2.6255,43.6932],[2.6269,43.6908],[2.6301,43.6896],[2.6329,43.6852],[2.6301,43.6859],[2.6327,43.6844],[2.6348,43.6873],[2.6399,43.688],[2.6433,43.6865],[2.6441,43.6783],[2.6463,43.6796],[2.6547,43.6792],[2.6597,43.6835],[2.6586,43.6869],[2.6655,43.6948],[2.6667,43.6927],[2.6739,43.6918],[2.6767,43.6943],[2.6762,43.6935],[2.6821,43.6956],[2.6855,43.6915],[2.6886,43.6929],[2.6862,43.6882],[2.6889,43.688],[2.6874,43.6866],[2.6997,43.6818],[2.6958,43.6774],[2.6958,43.6705],[2.6912,43.6672],[2.6944,43.6628],[2.6826,43.6624],[2.6822,43.666],[2.6789,43.6686],[2.6733,43.6662],[2.6736,43.6651],[2.6667,43.6666],[2.6678,43.6682],[2.6708,43.6686],[2.6719,43.6707],[2.6642,43.6713],[2.6628,43.6747],[2.665,43.6748],[2.6612,43.6778],[2.6537,43.6768],[2.6508,43.6728],[2.6518,43.6749],[2.6498,43.6764],[2.6508,43.6768],[2.6492,43.6769],[2.6492,43.6786],[2.6464,43.6767],[2.6483,43.6752],[2.647,43.6739],[2.6516,43.672],[2.6522,43.6671],[2.6508,43.6672],[2.6504,43.6658],[2.6472,43.6664],[2.6396,43.6625],[2.6418,43.668],[2.6414,43.6728],[2.6351,43.665],[2.6289,43.6657],[2.6284,43.6641],[2.6219,43.6676],[2.6237,43.6704],[2.6216,43.6727],[2.6236,43.6735],[2.624,43.6776],[2.6147,43.6825],[2.6161,43.6852],[2.6148,43.6893]]]}},{"type":"Feature","properties":{"id":"F17845I","nom":"Forêt domaniale de La-Salesse","dep":"81","essence":"conifere"},"geometry":{"type":"Polygon","coordinates":[[[2.857,43.6445],[2.8549,43.6532],[2.8532,43.655],[2.8596,43.6538],[2.8654,43.6611],[2.8707,43.6608],[2.879,43.6573],[2.8735,43.6451],[2.8567,43.6434],[2.857,43.6445]]]}}]}